{
"type": "FeatureCollection",
"name": "batasAdministrasiKecMusuk",
"crs": { "type": "name", "properties": { "name": "urn:ogc:def:crs:OGC:1.3:CRS84" } },
"features": [
{ "type": "Feature", "properties": { "NAMOBJ": "Cluntang", "FCODE": "BA03070040", "REMARK": "Wilayah Administrasi Kelurahan/Desa", "METADATA": "TASWIL1000020221227_DATA_BATAS_DESAKELURAHAN", "SRS_ID": "SRGI 2013", "KDBBPS": null, "KDCBPS": null, "KDCPUM": "33.09.04", "KDEBPS": null, "KDEPUM": "33.09.04.2014", "KDPBPS": null, "KDPKAB": "33.09", "KDPPUM": "33", "LUASWH": 0.0, "TIPADM": 1, "WADMKC": "Musuk", "WADMKD": "Cluntang", "WADMKK": "Boyolali", "WADMPR": "Jawa Tengah", "WIADKC": null, "WIADKK": null, "WIADPR": null, "WIADKD": null, "UUPP": "Hasil Delineasi Batas Desa 2017", "luas": 6.0074658268840739, "SHAPE_Leng": 0.20779545762906901, "SHAPE_Area": 0.00049219778446599996 }, "geometry": { "type": "MultiPolygon", "coordinates": [ [ [ [ 110.474888, -7.534217, 0.0 ], [ 110.47491, -7.534224, 0.0 ], [ 110.475072, -7.534309, 0.0 ], [ 110.475190999000063, -7.534376, 0.0 ], [ 110.475283, -7.534436, 0.0 ], [ 110.475389, -7.534517, 0.0 ], [ 110.475401, -7.534527000999958, 0.0 ], [ 110.475519, -7.53463, 0.0 ], [ 110.475560999000038, -7.534687, 0.0 ], [ 110.47567, -7.534786, 0.0 ], [ 110.475928, -7.535039, 0.0 ], [ 110.475968, -7.535039, 0.0 ], [ 110.476242, -7.53501, 0.0 ], [ 110.476416, -7.534957000999952, 0.0 ], [ 110.476515, -7.534952, 0.0 ], [ 110.476613999000051, -7.534987, 0.0 ], [ 110.47683, -7.535074000999941, 0.0 ], [ 110.476984999000081, -7.535084, 0.0 ], [ 110.477209, -7.535078, 0.0 ], [ 110.477265, -7.53505200099994, 0.0 ], [ 110.477367, -7.534961, 0.0 ], [ 110.477529, -7.534837000999971, 0.0 ], [ 110.47768, -7.534799000999953, 0.0 ], [ 110.478008, -7.534736, 0.0 ], [ 110.478168, -7.534764, 0.0 ], [ 110.478462, -7.534873, 0.0 ], [ 110.478831, -7.53502, 0.0 ], [ 110.478908, -7.535015000999977, 0.0 ], [ 110.479035, -7.535006, 0.0 ], [ 110.479197, -7.535031, 0.0 ], [ 110.479369, -7.535094000999948, 0.0 ], [ 110.479448, -7.535089, 0.0 ], [ 110.479806, -7.535039, 0.0 ], [ 110.479846, -7.535031, 0.0 ], [ 110.480013, -7.535002, 0.0 ], [ 110.48015, -7.534994000999973, 0.0 ], [ 110.480417999000053, -7.535007, 0.0 ], [ 110.480549, -7.534982, 0.0 ], [ 110.480681, -7.534933, 0.0 ], [ 110.480712, -7.534904, 0.0 ], [ 110.480785, -7.534788, 0.0 ], [ 110.480862, -7.534716, 0.0 ], [ 110.480998, -7.53467, 0.0 ], [ 110.481126, -7.534672, 0.0 ], [ 110.481189, -7.534706, 0.0 ], [ 110.48121, -7.53473, 0.0 ], [ 110.481218, -7.534743000999981, 0.0 ], [ 110.48122, -7.534744, 0.0 ], [ 110.481229, -7.53475, 0.0 ], [ 110.481242, -7.534757, 0.0 ], [ 110.481282, -7.534761000999936, 0.0 ], [ 110.481395, -7.534789, 0.0 ], [ 110.481717, -7.534814, 0.0 ], [ 110.481704999000044, -7.534812, 0.0 ], [ 110.481957999000088, -7.534851, 0.0 ], [ 110.482253, -7.534897000999933, 0.0 ], [ 110.48255, -7.534939, 0.0 ], [ 110.482857, -7.53501, 0.0 ], [ 110.48302, -7.535003, 0.0 ], [ 110.483298, -7.534907, 0.0 ], [ 110.483483, -7.534849, 0.0 ], [ 110.483585, -7.534854, 0.0 ], [ 110.483724, -7.534914, 0.0 ], [ 110.48387, -7.534955000999958, 0.0 ], [ 110.48407, -7.534977000999959, 0.0 ], [ 110.484378, -7.535022, 0.0 ], [ 110.484612, -7.535082, 0.0 ], [ 110.484633, -7.535086, 0.0 ], [ 110.484823999000071, -7.535042, 0.0 ], [ 110.484976, -7.534999, 0.0 ], [ 110.485105, -7.53501, 0.0 ], [ 110.485317, -7.535089, 0.0 ], [ 110.485519, -7.535107, 0.0 ], [ 110.48572, -7.535063, 0.0 ], [ 110.485972, -7.534964, 0.0 ], [ 110.486312, -7.534974000999966, 0.0 ], [ 110.486992, -7.535079, 0.0 ], [ 110.487242, -7.535128, 0.0 ], [ 110.487374, -7.535187, 0.0 ], [ 110.487443, -7.535271, 0.0 ], [ 110.487491, -7.535403000999963, 0.0 ], [ 110.487776, -7.535543000999951, 0.0 ], [ 110.487927, -7.535644, 0.0 ], [ 110.487951, -7.535667, 0.0 ], [ 110.488186, -7.535997, 0.0 ], [ 110.488259, -7.536206000999925, 0.0 ], [ 110.488294, -7.536380000999941, 0.0 ], [ 110.488592, -7.536739, 0.0 ], [ 110.488732, -7.53688, 0.0 ], [ 110.489014, -7.536794, 0.0 ], [ 110.489182, -7.536753, 0.0 ], [ 110.48943, -7.536953, 0.0 ], [ 110.489504, -7.53702, 0.0 ], [ 110.489608, -7.537043000999972, 0.0 ], [ 110.489715, -7.537019, 0.0 ], [ 110.489823, -7.536914, 0.0 ], [ 110.489886, -7.536749000999976, 0.0 ], [ 110.489911, -7.536615000999973, 0.0 ], [ 110.489961, -7.53656, 0.0 ], [ 110.490046, -7.536557000999949, 0.0 ], [ 110.490298, -7.53671000099996, 0.0 ], [ 110.490572, -7.536914, 0.0 ], [ 110.490685, -7.536999, 0.0 ], [ 110.490726, -7.537118, 0.0 ], [ 110.490775, -7.537224, 0.0 ], [ 110.490878, -7.537304, 0.0 ], [ 110.491415999000083, -7.537333000999979, 0.0 ], [ 110.491619, -7.537493000999973, 0.0 ], [ 110.491699, -7.537553, 0.0 ], [ 110.491766, -7.537556, 0.0 ], [ 110.491822, -7.537384, 0.0 ], [ 110.491852, -7.537214, 0.0 ], [ 110.491912, -7.537146, 0.0 ], [ 110.49207, -7.537100000999942, 0.0 ], [ 110.49221, -7.537115, 0.0 ], [ 110.492295, -7.537178000999972, 0.0 ], [ 110.492381, -7.537486, 0.0 ], [ 110.492406, -7.537579, 0.0 ], [ 110.49249, -7.537654, 0.0 ], [ 110.49257, -7.537662, 0.0 ], [ 110.492716, -7.537559, 0.0 ], [ 110.492847, -7.537445, 0.0 ], [ 110.492964, -7.537408, 0.0 ], [ 110.493124, -7.537469, 0.0 ], [ 110.493373, -7.537685000999943, 0.0 ], [ 110.493494, -7.537793, 0.0 ], [ 110.493633, -7.537828, 0.0 ], [ 110.493732, -7.537842000999945, 0.0 ], [ 110.494207, -7.538014, 0.0 ], [ 110.494443, -7.53807, 0.0 ], [ 110.494559, -7.538157, 0.0 ], [ 110.494664, -7.538404, 0.0 ], [ 110.494721, -7.53849, 0.0 ], [ 110.494867, -7.538551, 0.0 ], [ 110.495049, -7.53855, 0.0 ], [ 110.49532, -7.538725, 0.0 ], [ 110.495446, -7.538861, 0.0 ], [ 110.495514, -7.538938, 0.0 ], [ 110.495812, -7.538734, 0.0 ], [ 110.495968, -7.538653, 0.0 ], [ 110.496411, -7.538247, 0.0 ], [ 110.496521, -7.538159, 0.0 ], [ 110.496627, -7.538124, 0.0 ], [ 110.496752, -7.538175000999956, 0.0 ], [ 110.496888, -7.538302, 0.0 ], [ 110.496923, -7.538343, 0.0 ], [ 110.497429, -7.538707, 0.0 ], [ 110.497714, -7.538855000999945, 0.0 ], [ 110.498139, -7.538998, 0.0 ], [ 110.498349, -7.539041, 0.0 ], [ 110.498641, -7.539045, 0.0 ], [ 110.498783, -7.539022, 0.0 ], [ 110.498812, -7.53881, 0.0 ], [ 110.498845, -7.538691, 0.0 ], [ 110.4989, -7.538647, 0.0 ], [ 110.499233, -7.538786, 0.0 ], [ 110.499527, -7.539015, 0.0 ], [ 110.499858, -7.539123, 0.0 ], [ 110.499949, -7.539121, 0.0 ], [ 110.5, -7.539105, 0.0 ], [ 110.500129, -7.539062, 0.0 ], [ 110.500338, -7.539054, 0.0 ], [ 110.500413, -7.539073, 0.0 ], [ 110.500532, -7.539130000999933, 0.0 ], [ 110.500565, -7.539223, 0.0 ], [ 110.500574, -7.539318, 0.0 ], [ 110.500585, -7.53937, 0.0 ], [ 110.500678, -7.539386, 0.0 ], [ 110.500932, -7.539501000999962, 0.0 ], [ 110.501033, -7.539561, 0.0 ], [ 110.501071, -7.539652, 0.0 ], [ 110.501133, -7.539941, 0.0 ], [ 110.501175, -7.540006000999938, 0.0 ], [ 110.501453, -7.540029, 0.0 ], [ 110.501684, -7.540047000999948, 0.0 ], [ 110.501858, -7.540078, 0.0 ], [ 110.502115, -7.540137, 0.0 ], [ 110.502234, -7.540154, 0.0 ], [ 110.502333, -7.540168, 0.0 ], [ 110.502675, -7.540087, 0.0 ], [ 110.502907, -7.540043, 0.0 ], [ 110.503007, -7.540022, 0.0 ], [ 110.503141, -7.539992, 0.0 ], [ 110.503169, -7.539984, 0.0 ], [ 110.503344, -7.540128, 0.0 ], [ 110.503384, -7.540196, 0.0 ], [ 110.503346, -7.540277, 0.0 ], [ 110.503316, -7.540341, 0.0 ], [ 110.503287, -7.540399000999969, 0.0 ], [ 110.503324, -7.540456000999939, 0.0 ], [ 110.50344, -7.540452, 0.0 ], [ 110.503645, -7.540444, 0.0 ], [ 110.503798999000082, -7.54043700099993, 0.0 ], [ 110.503894, -7.540433, 0.0 ], [ 110.504158, -7.54051500099996, 0.0 ], [ 110.504589, -7.540622, 0.0 ], [ 110.504708, -7.540649000999963, 0.0 ], [ 110.504803, -7.540672000999962, 0.0 ], [ 110.504948, -7.540744, 0.0 ], [ 110.504981, -7.541013, 0.0 ], [ 110.505119, -7.541238, 0.0 ], [ 110.505155, -7.541296000999978, 0.0 ], [ 110.505372, -7.541533, 0.0 ], [ 110.505721, -7.541562, 0.0 ], [ 110.505946, -7.541574, 0.0 ], [ 110.506178, -7.54158500099993, 0.0 ], [ 110.506221, -7.541579, 0.0 ], [ 110.506319, -7.541489000999945, 0.0 ], [ 110.506416, -7.541225, 0.0 ], [ 110.506470999000044, -7.541125, 0.0 ], [ 110.506646, -7.541031, 0.0 ], [ 110.50676, -7.541028, 0.0 ], [ 110.506898, -7.541126, 0.0 ], [ 110.507008, -7.541226, 0.0 ], [ 110.507167, -7.541103, 0.0 ], [ 110.507258, -7.541033, 0.0 ], [ 110.507682, -7.541011, 0.0 ], [ 110.508253, -7.541299, 0.0 ], [ 110.508573, -7.541458, 0.0 ], [ 110.509104999000044, -7.541586000999928, 0.0 ], [ 110.509442, -7.541711, 0.0 ], [ 110.509722, -7.54191, 0.0 ], [ 110.510175, -7.542242, 0.0 ], [ 110.51048, -7.542411, 0.0 ], [ 110.510786, -7.542509, 0.0 ], [ 110.511265, -7.542562000999965, 0.0 ], [ 110.511643, -7.542573, 0.0 ], [ 110.511842, -7.542563000999962, 0.0 ], [ 110.512535999000079, -7.543023, 0.0 ], [ 110.512704, -7.543128000999957, 0.0 ], [ 110.512852, -7.543139, 0.0 ], [ 110.513071, -7.543115, 0.0 ], [ 110.513208, -7.543158, 0.0 ], [ 110.513522, -7.543484, 0.0 ], [ 110.513767, -7.543656, 0.0 ], [ 110.514261, -7.543785, 0.0 ], [ 110.514414, -7.543801, 0.0 ], [ 110.514539, -7.543547, 0.0 ], [ 110.514593, -7.543455, 0.0 ], [ 110.514693, -7.543431, 0.0 ], [ 110.514836999000067, -7.543517000999941, 0.0 ], [ 110.515105, -7.543859, 0.0 ], [ 110.51539, -7.544196, 0.0 ], [ 110.516021, -7.544551000999945, 0.0 ], [ 110.516312, -7.544711, 0.0 ], [ 110.516522, -7.544891, 0.0 ], [ 110.516602, -7.545004, 0.0 ], [ 110.5166, -7.545149, 0.0 ], [ 110.516529, -7.545357, 0.0 ], [ 110.516553999000052, -7.545448000999954, 0.0 ], [ 110.516726, -7.545595, 0.0 ], [ 110.516862, -7.545749, 0.0 ], [ 110.517028, -7.54585, 0.0 ], [ 110.517182, -7.545889, 0.0 ], [ 110.517486, -7.545676, 0.0 ], [ 110.517888, -7.545509, 0.0 ], [ 110.518026, -7.545452, 0.0 ], [ 110.518147, -7.545383, 0.0 ], [ 110.518248, -7.54519400099997, 0.0 ], [ 110.51826, -7.544975, 0.0 ], [ 110.518252098000062, -7.544870972999945, 0.0 ], [ 110.518248, -7.544817, 0.0 ], [ 110.518296, -7.544698, 0.0 ], [ 110.518503999000075, -7.544534, 0.0 ], [ 110.518778, -7.544382, 0.0 ], [ 110.518973, -7.544269, 0.0 ], [ 110.519122, -7.544244, 0.0 ], [ 110.519261, -7.544301, 0.0 ], [ 110.519394, -7.544458, 0.0 ], [ 110.519464, -7.544632, 0.0 ], [ 110.519464, -7.544824000999938, 0.0 ], [ 110.51943, -7.545024, 0.0 ], [ 110.519542, -7.545239, 0.0 ], [ 110.51966, -7.545591, 0.0 ], [ 110.519711, -7.545709, 0.0 ], [ 110.519794, -7.54576100099996, 0.0 ], [ 110.520373, -7.545482, 0.0 ], [ 110.520546, -7.545413, 0.0 ], [ 110.520832, -7.545424, 0.0 ], [ 110.521797, -7.545393, 0.0 ], [ 110.521896999000035, -7.545409000999939, 0.0 ], [ 110.521979, -7.545528, 0.0 ], [ 110.521966, -7.545712, 0.0 ], [ 110.521936999000047, -7.545866, 0.0 ], [ 110.522325999000088, -7.546091000999979, 0.0 ], [ 110.522520999000051, -7.546293, 0.0 ], [ 110.52288, -7.546467, 0.0 ], [ 110.52322, -7.547119, 0.0 ], [ 110.52326, -7.547396000999981, 0.0 ], [ 110.523269, -7.547592000999941, 0.0 ], [ 110.523323, -7.547689000999981, 0.0 ], [ 110.523487, -7.54778, 0.0 ], [ 110.523827, -7.547799, 0.0 ], [ 110.524005, -7.547804, 0.0 ], [ 110.524246, -7.547887000999935, 0.0 ], [ 110.524342, -7.54797, 0.0 ], [ 110.524345176000054, -7.54809905999997, 0.0 ], [ 110.524349, -7.548267, 0.0 ], [ 110.524332, -7.548537, 0.0 ], [ 110.524373999000034, -7.548779, 0.0 ], [ 110.524498, -7.548988, 0.0 ], [ 110.524681, -7.549137, 0.0 ], [ 110.524958999000035, -7.549253, 0.0 ], [ 110.525358, -7.54938, 0.0 ], [ 110.525828, -7.549657, 0.0 ], [ 110.525982, -7.549748, 0.0 ], [ 110.526147999000045, -7.549739000999978, 0.0 ], [ 110.526289, -7.549711, 0.0 ], [ 110.52639, -7.549745, 0.0 ], [ 110.526468, -7.550135, 0.0 ], [ 110.526499999000066, -7.550367, 0.0 ], [ 110.526555, -7.550467, 0.0 ], [ 110.526689, -7.550548, 0.0 ], [ 110.526859, -7.550596000999974, 0.0 ], [ 110.526837, -7.550736, 0.0 ], [ 110.526811475000045, -7.550874651999948, 0.0 ], [ 110.52678482500005, -7.550908916999958, 0.0 ], [ 110.526712489000033, -7.550908916999958, 0.0 ], [ 110.52653545700008, -7.550834676999955, 0.0 ], [ 110.526457411000081, -7.550792798999964, 0.0 ], [ 110.526362233000043, -7.550750920999974, 0.0 ], [ 110.526276572000086, -7.550756630999956, 0.0 ], [ 110.526124286000083, -7.550861327999939, 0.0 ], [ 110.526017687000035, -7.550950794999949, 0.0 ], [ 110.525874918000056, -7.551044069999932, 0.0 ], [ 110.525779741000065, -7.551097369999979, 0.0 ], [ 110.525703756000041, -7.551125843999955, 0.0 ], [ 110.525524821000033, -7.551089675999947, 0.0 ], [ 110.525393475000044, -7.550998304999951, 0.0 ], [ 110.525248803000068, -7.550901222999926, 0.0 ], [ 110.525149818000045, -7.550830790999953, 0.0 ], [ 110.525083193000057, -7.550792719999947, 0.0 ], [ 110.525016568000069, -7.550781297999947, 0.0 ], [ 110.524923293000086, -7.550826983999968, 0.0 ], [ 110.524843343000043, -7.55091454899997, 0.0 ], [ 110.524786236000068, -7.551101098999936, 0.0 ], [ 110.524694833000069, -7.551381254999967, 0.0 ], [ 110.524605603000055, -7.551502607999964, 0.0 ], [ 110.524509235000039, -7.551584698999932, 0.0 ], [ 110.524434282000072, -7.551591837999979, 0.0 ], [ 110.524295084000073, -7.55141337799995, 0.0 ], [ 110.52422013100005, -7.551159965999943, 0.0 ], [ 110.524152316000084, -7.550902983999947, 0.0 ], [ 110.524080932000061, -7.55078519999995, 0.0 ], [ 110.523995272000036, -7.550699539999925, 0.0 ], [ 110.523859642000048, -7.550670985999943, 0.0 ], [ 110.523659768000073, -7.550706677999926, 0.0 ], [ 110.523534999000049, -7.550729, 0.0 ], [ 110.523370148000083, -7.550840324999967, 0.0 ], [ 110.523274969000056, -7.550938476999931, 0.0 ], [ 110.523132201000067, -7.551131808999969, 0.0 ], [ 110.523126253000044, -7.551206166999975, 0.0 ], [ 110.523138150000079, -7.551387600999931, 0.0 ], [ 110.523079, -7.55164900099993, 0.0 ], [ 110.522962, -7.551843000999952, 0.0 ], [ 110.522807, -7.551966, 0.0 ], [ 110.522650361000046, -7.551985440999943, 0.0 ], [ 110.522537336000084, -7.551970568999934, 0.0 ], [ 110.522433235000051, -7.55194677399993, 0.0 ], [ 110.522305338000081, -7.551899185999957, 0.0 ], [ 110.522177443000089, -7.551884313999949, 0.0 ], [ 110.522067393000043, -7.551931901999978, 0.0 ], [ 110.52193354800005, -7.55204492699994, 0.0 ], [ 110.521692033000079, -7.552218032999974, 0.0 ], [ 110.521561162000069, -7.55239946599994, 0.0 ], [ 110.521480856000039, -7.552506541999946, 0.0 ], [ 110.521375773000045, -7.552651030999925, 0.0 ], [ 110.521271, -7.552713, 0.0 ], [ 110.521159, -7.552720000999955, 0.0 ], [ 110.521074, -7.552651, 0.0 ], [ 110.521057, -7.552549, 0.0 ], [ 110.521122, -7.552430000999948, 0.0 ], [ 110.521127045000071, -7.55242104499996, 0.0 ], [ 110.52119403100005, -7.552368711999975, 0.0 ], [ 110.521286235000048, -7.552327070999979, 0.0 ], [ 110.521333825000056, -7.552273533999937, 0.0 ], [ 110.521351671000048, -7.552217020999933, 0.0 ], [ 110.521295158000044, -7.552172405999954, 0.0 ], [ 110.521137519000035, -7.552154559999963, 0.0 ], [ 110.52098880300008, -7.552166457999931, 0.0 ], [ 110.520860907000042, -7.552142663999973, 0.0 ], [ 110.520783574000063, -7.552071278999961, 0.0 ], [ 110.520753831000036, -7.551931486999933, 0.0 ], [ 110.520724087000076, -7.551738154999953, 0.0 ], [ 110.520712191000086, -7.551616206999938, 0.0 ], [ 110.520611062000057, -7.551512106999951, 0.0 ], [ 110.520462347000034, -7.551455593999947, 0.0 ], [ 110.520191683000064, -7.551485336999974, 0.0 ], [ 110.519935891000046, -7.55155969499998, 0.0 ], [ 110.519760406000046, -7.551660821999974, 0.0 ], [ 110.51965332900005, -7.551797640999951, 0.0 ], [ 110.51954625500008, -7.551980562999972, 0.0 ], [ 110.519525434000059, -7.552105483999981, 0.0 ], [ 110.519483794000053, -7.552260148999949, 0.0 ], [ 110.519454050000036, -7.552352352999947, 0.0 ], [ 110.519403487000034, -7.55241184099998, 0.0 ], [ 110.519329129000084, -7.55242373699997, 0.0 ], [ 110.519284514000049, -7.552391019999959, 0.0 ], [ 110.519242873000053, -7.55228096899998, 0.0 ], [ 110.519198258000074, -7.552197688999968, 0.0 ], [ 110.519114977000072, -7.552156047999972, 0.0 ], [ 110.519016825000051, -7.55220363799998, 0.0 ], [ 110.518963287000076, -7.552263122999932, 0.0 ], [ 110.518948415000068, -7.552393993999942, 0.0 ], [ 110.518951389000051, -7.552539735999972, 0.0 ], [ 110.518915697000068, -7.552753886999938, 0.0 ], [ 110.51882349300007, -7.55282527199995, 0.0 ], [ 110.518689649000066, -7.552816347999965, 0.0 ], [ 110.518523086000073, -7.552637887999936, 0.0 ], [ 110.518469549000088, -7.552507018999961, 0.0 ], [ 110.518421959000079, -7.552420763999976, 0.0 ], [ 110.518332729000065, -7.552391019999959, 0.0 ], [ 110.51824647400008, -7.552414814999963, 0.0 ], [ 110.518157244000065, -7.552521890999969, 0.0 ], [ 110.518073963000063, -7.552715221999961, 0.0 ], [ 110.517999605000057, -7.552721170999973, 0.0 ], [ 110.517937144000086, -7.552679528999931, 0.0 ], [ 110.517841966000049, -7.552593273999946, 0.0 ], [ 110.517705682000042, -7.552518559999953, 0.0 ], [ 110.517573622000043, -7.552465020999932, 0.0 ], [ 110.517405870000061, -7.552518559999953, 0.0 ], [ 110.51728341900008, -7.552639065999927, 0.0 ], [ 110.517104, -7.552735, 0.0 ], [ 110.516985, -7.552693, 0.0 ], [ 110.516772, -7.552538, 0.0 ], [ 110.51631, -7.552205, 0.0 ], [ 110.516026, -7.552084, 0.0 ], [ 110.515870999000072, -7.552103, 0.0 ], [ 110.515772, -7.552182, 0.0 ], [ 110.51581199900005, -7.552281, 0.0 ], [ 110.515977, -7.552503, 0.0 ], [ 110.516024, -7.552644000999976, 0.0 ], [ 110.51598, -7.552762000999962, 0.0 ], [ 110.515895, -7.552808, 0.0 ], [ 110.515728, -7.552823, 0.0 ], [ 110.51535853200005, -7.55283333899996, 0.0 ], [ 110.515263, -7.552835, 0.0 ], [ 110.515245, -7.552931, 0.0 ], [ 110.515234, -7.553144, 0.0 ], [ 110.515166, -7.553121, 0.0 ], [ 110.515065, -7.553011, 0.0 ], [ 110.514778, -7.552669, 0.0 ], [ 110.514602999000033, -7.552541, 0.0 ], [ 110.514411, -7.552482, 0.0 ], [ 110.514219, -7.552531, 0.0 ], [ 110.514052, -7.552549, 0.0 ], [ 110.513672, -7.552576, 0.0 ], [ 110.513424, -7.552674, 0.0 ], [ 110.513174, -7.552731, 0.0 ], [ 110.512935, -7.552702000999943, 0.0 ], [ 110.512652999000068, -7.552672, 0.0 ], [ 110.512224999000068, -7.552664000999926, 0.0 ], [ 110.511998, -7.552565000999948, 0.0 ], [ 110.511834999000087, -7.552402, 0.0 ], [ 110.511696, -7.552175000999966, 0.0 ], [ 110.51159, -7.552062, 0.0 ], [ 110.511501, -7.552063, 0.0 ], [ 110.511339196000051, -7.552132589999928, 0.0 ], [ 110.511255915000049, -7.552085000999966, 0.0 ], [ 110.511232120000045, -7.551823259999935, 0.0 ], [ 110.511166684000045, -7.551680492999935, 0.0 ], [ 110.511029866000058, -7.551609108999969, 0.0 ], [ 110.510976328000083, -7.551555570999938, 0.0 ], [ 110.510875201000033, -7.551591262999978, 0.0 ], [ 110.510690793000038, -7.551799465999977, 0.0 ], [ 110.510411206000072, -7.551918438999962, 0.0 ], [ 110.510226798000076, -7.551930335999941, 0.0 ], [ 110.509971006000058, -7.551888694999946, 0.0 ], [ 110.509733060000087, -7.551734030999967, 0.0 ], [ 110.509501063000073, -7.551406854999925, 0.0 ], [ 110.50949511400006, -7.550954756999943, 0.0 ], [ 110.509417781000082, -7.550681119999979, 0.0 ], [ 110.509355677000087, -7.550519645999941, 0.0 ], [ 110.509328552000056, -7.550449121999975, 0.0 ], [ 110.509197681000046, -7.550276610999958, 0.0 ], [ 110.509048965000034, -7.55019927799998, 0.0 ], [ 110.508924043000036, -7.550169534999952, 0.0 ], [ 110.508763430000045, -7.55019927799998, 0.0 ], [ 110.508590919000085, -7.550276610999958, 0.0 ], [ 110.508364870000037, -7.550371788999939, 0.0 ], [ 110.508192358000088, -7.550466967999967, 0.0 ], [ 110.507686, -7.550607, 0.0 ], [ 110.507512, -7.550658, 0.0 ], [ 110.50737, -7.550736, 0.0 ], [ 110.507226, -7.550816, 0.0 ], [ 110.507087, -7.550850000999958, 0.0 ], [ 110.506977999000071, -7.550811000999943, 0.0 ], [ 110.506911, -7.550724, 0.0 ], [ 110.506714, -7.550431, 0.0 ], [ 110.506557, -7.550236, 0.0 ], [ 110.506367, -7.550002, 0.0 ], [ 110.506027, -7.549772, 0.0 ], [ 110.505922, -7.54970100099996, 0.0 ], [ 110.505796, -7.549657, 0.0 ], [ 110.505705, -7.54969, 0.0 ], [ 110.505505, -7.549763, 0.0 ], [ 110.505293, -7.549825, 0.0 ], [ 110.505177, -7.549806, 0.0 ], [ 110.505076, -7.549692, 0.0 ], [ 110.505064, -7.549489, 0.0 ], [ 110.505075, -7.549342, 0.0 ], [ 110.504985, -7.549212000999944, 0.0 ], [ 110.504786, -7.549184, 0.0 ], [ 110.504641, -7.549166, 0.0 ], [ 110.50450199900007, -7.549158, 0.0 ], [ 110.504458, -7.549153000999979, 0.0 ], [ 110.504222, -7.548977000999969, 0.0 ], [ 110.504114, -7.548948, 0.0 ], [ 110.503907, -7.548907, 0.0 ], [ 110.503815, -7.548882000999981, 0.0 ], [ 110.503745, -7.548872, 0.0 ], [ 110.503682999000034, -7.548886, 0.0 ], [ 110.503626, -7.54891, 0.0 ], [ 110.503422, -7.54906, 0.0 ], [ 110.503282, -7.54916, 0.0 ], [ 110.503171, -7.549243, 0.0 ], [ 110.503099, -7.549270000999968, 0.0 ], [ 110.503027, -7.549256, 0.0 ], [ 110.503003, -7.549244, 0.0 ], [ 110.50293, -7.549188, 0.0 ], [ 110.502813, -7.549023, 0.0 ], [ 110.502588, -7.548883, 0.0 ], [ 110.502406, -7.548679, 0.0 ], [ 110.502261, -7.548516, 0.0 ], [ 110.502202, -7.548415, 0.0 ], [ 110.502152, -7.548296000999926, 0.0 ], [ 110.502174, -7.548224, 0.0 ], [ 110.502223, -7.548065, 0.0 ], [ 110.502234, -7.548001000999932, 0.0 ], [ 110.502184, -7.547905000999947, 0.0 ], [ 110.501996, -7.547786000999963, 0.0 ], [ 110.501803, -7.54765200099996, 0.0 ], [ 110.501746, -7.547610000999953, 0.0 ], [ 110.501702, -7.547544, 0.0 ], [ 110.501712999000063, -7.547359000999961, 0.0 ], [ 110.501716, -7.547206, 0.0 ], [ 110.501678, -7.54711, 0.0 ], [ 110.501634999000089, -7.547065000999964, 0.0 ], [ 110.501555, -7.546978, 0.0 ], [ 110.501445, -7.546861, 0.0 ], [ 110.50131, -7.546718, 0.0 ], [ 110.501228, -7.546652, 0.0 ], [ 110.501064, -7.54649, 0.0 ], [ 110.500943, -7.546385000999976, 0.0 ], [ 110.500657, -7.546306000999948, 0.0 ], [ 110.500463, -7.54633, 0.0 ], [ 110.50037, -7.546345000999963, 0.0 ], [ 110.500284, -7.54636, 0.0 ], [ 110.5, -7.546106, 0.0 ], [ 110.499768, -7.545898000999955, 0.0 ], [ 110.499606, -7.545789, 0.0 ], [ 110.499343, -7.545816000999935, 0.0 ], [ 110.499245, -7.545827, 0.0 ], [ 110.498822, -7.545785, 0.0 ], [ 110.498661, -7.545676, 0.0 ], [ 110.498533999000074, -7.545575, 0.0 ], [ 110.498459, -7.545461, 0.0 ], [ 110.498372, -7.545057000999975, 0.0 ], [ 110.498356, -7.544978000999947, 0.0 ], [ 110.498171, -7.544864000999951, 0.0 ], [ 110.498037, -7.544811, 0.0 ], [ 110.497948, -7.544817, 0.0 ], [ 110.497864, -7.544876, 0.0 ], [ 110.497806, -7.545017000999962, 0.0 ], [ 110.49786, -7.54524, 0.0 ], [ 110.497870999000043, -7.545348000999979, 0.0 ], [ 110.497785, -7.545598, 0.0 ], [ 110.497725, -7.545837000999938, 0.0 ], [ 110.497736, -7.545978, 0.0 ], [ 110.49784, -7.546165, 0.0 ], [ 110.497912, -7.546284000999947, 0.0 ], [ 110.497922, -7.546439, 0.0 ], [ 110.497885, -7.546533, 0.0 ], [ 110.49776, -7.546621, 0.0 ], [ 110.497632, -7.546645, 0.0 ], [ 110.497527, -7.546618000999956, 0.0 ], [ 110.497373, -7.546521000999974, 0.0 ], [ 110.497303, -7.546248000999981, 0.0 ], [ 110.49727, -7.546090000999925, 0.0 ], [ 110.497086, -7.54585900099994, 0.0 ], [ 110.496971, -7.545772, 0.0 ], [ 110.496792, -7.545712, 0.0 ], [ 110.496514, -7.545696, 0.0 ], [ 110.496161, -7.545915000999969, 0.0 ], [ 110.496018999000057, -7.54599400099994, 0.0 ], [ 110.49579, -7.546045, 0.0 ], [ 110.495711, -7.546032000999958, 0.0 ], [ 110.49558999900006, -7.545999, 0.0 ], [ 110.495528, -7.545983, 0.0 ], [ 110.495474, -7.545884, 0.0 ], [ 110.495471999000074, -7.545846, 0.0 ], [ 110.495584, -7.545167, 0.0 ], [ 110.495601, -7.544943, 0.0 ], [ 110.495558, -7.544637, 0.0 ], [ 110.495517, -7.544504, 0.0 ], [ 110.49535, -7.544367, 0.0 ], [ 110.495162, -7.544291, 0.0 ], [ 110.49488, -7.544262, 0.0 ], [ 110.49474, -7.544240000999935, 0.0 ], [ 110.49458, -7.544139000999962, 0.0 ], [ 110.4945, -7.544038, 0.0 ], [ 110.494471, -7.543903, 0.0 ], [ 110.494549, -7.543681, 0.0 ], [ 110.494622, -7.543551, 0.0 ], [ 110.494756, -7.543456, 0.0 ], [ 110.494812, -7.543416, 0.0 ], [ 110.494893, -7.54336000099994, 0.0 ], [ 110.494959, -7.543178, 0.0 ], [ 110.494958, -7.543024, 0.0 ], [ 110.4949, -7.542817000999946, 0.0 ], [ 110.494547, -7.542512, 0.0 ], [ 110.494405, -7.542352, 0.0 ], [ 110.494338, -7.542283, 0.0 ], [ 110.493987, -7.542224, 0.0 ], [ 110.493858, -7.542264, 0.0 ], [ 110.493799, -7.542329000999928, 0.0 ], [ 110.49379, -7.542462000999933, 0.0 ], [ 110.493799, -7.542568, 0.0 ], [ 110.493727, -7.542703, 0.0 ], [ 110.493580999000073, -7.542843, 0.0 ], [ 110.493497, -7.54287500099997, 0.0 ], [ 110.493199, -7.542627, 0.0 ], [ 110.493037, -7.542516, 0.0 ], [ 110.492881, -7.542475, 0.0 ], [ 110.492611, -7.542487, 0.0 ], [ 110.492409999000074, -7.542551, 0.0 ], [ 110.49233, -7.542573, 0.0 ], [ 110.492229, -7.542499, 0.0 ], [ 110.492179, -7.542415, 0.0 ], [ 110.492071, -7.542235, 0.0 ], [ 110.49197, -7.542075000999944, 0.0 ], [ 110.491824999000073, -7.54195, 0.0 ], [ 110.491647, -7.541895, 0.0 ], [ 110.491409, -7.541446, 0.0 ], [ 110.491366, -7.541321, 0.0 ], [ 110.491345, -7.54125400099997, 0.0 ], [ 110.491263, -7.541212, 0.0 ], [ 110.490665, -7.541313000999935, 0.0 ], [ 110.490451, -7.541368, 0.0 ], [ 110.490356, -7.541391000999965, 0.0 ], [ 110.490155, -7.541313000999935, 0.0 ], [ 110.489991, -7.541164, 0.0 ], [ 110.489852, -7.540902000999949, 0.0 ], [ 110.489801, -7.540801, 0.0 ], [ 110.48966099900008, -7.540697, 0.0 ], [ 110.489335, -7.540455000999941, 0.0 ], [ 110.489141, -7.540426, 0.0 ], [ 110.488967, -7.540334, 0.0 ], [ 110.488523, -7.540289, 0.0 ], [ 110.488312, -7.540191, 0.0 ], [ 110.488187, -7.540133, 0.0 ], [ 110.48797, -7.540139, 0.0 ], [ 110.487774, -7.540114, 0.0 ], [ 110.487512, -7.53999, 0.0 ], [ 110.487349, -7.53990700099996, 0.0 ], [ 110.487151, -7.539925, 0.0 ], [ 110.487053, -7.539929000999962, 0.0 ], [ 110.48689, -7.539899, 0.0 ], [ 110.486686, -7.539938, 0.0 ], [ 110.486457, -7.539988000999926, 0.0 ], [ 110.486251, -7.540034, 0.0 ], [ 110.486056, -7.540174, 0.0 ], [ 110.48589, -7.540296, 0.0 ], [ 110.485628, -7.540403, 0.0 ], [ 110.485464, -7.540438000999927, 0.0 ], [ 110.484841, -7.540498, 0.0 ], [ 110.48468, -7.540539, 0.0 ], [ 110.484453999000038, -7.540656, 0.0 ], [ 110.484203, -7.540708000999928, 0.0 ], [ 110.483996, -7.540690000999973, 0.0 ], [ 110.483813, -7.540676, 0.0 ], [ 110.483688, -7.54068, 0.0 ], [ 110.483609, -7.540636, 0.0 ], [ 110.483549, -7.540525, 0.0 ], [ 110.483419999000034, -7.540375000999973, 0.0 ], [ 110.48332, -7.540308, 0.0 ], [ 110.483234, -7.540309, 0.0 ], [ 110.483028, -7.540233, 0.0 ], [ 110.4829, -7.540188, 0.0 ], [ 110.482782, -7.54021, 0.0 ], [ 110.482613, -7.540412, 0.0 ], [ 110.48256, -7.540467, 0.0 ], [ 110.482284, -7.540488, 0.0 ], [ 110.481664, -7.540432, 0.0 ], [ 110.481464, -7.540335, 0.0 ], [ 110.481336, -7.540265, 0.0 ], [ 110.481184, -7.540292, 0.0 ], [ 110.480987, -7.540353, 0.0 ], [ 110.480789, -7.54038, 0.0 ], [ 110.480471, -7.540459, 0.0 ], [ 110.480104, -7.540451, 0.0 ], [ 110.479884, -7.540403, 0.0 ], [ 110.479844, -7.540389, 0.0 ], [ 110.479577, -7.540238, 0.0 ], [ 110.479424, -7.540174, 0.0 ], [ 110.479389, -7.540166, 0.0 ], [ 110.479226999000048, -7.540223000999958, 0.0 ], [ 110.479075, -7.540272, 0.0 ], [ 110.478612, -7.540357000999961, 0.0 ], [ 110.478181, -7.540345, 0.0 ], [ 110.478022, -7.540392, 0.0 ], [ 110.477888, -7.540312, 0.0 ], [ 110.477696, -7.540336000999957, 0.0 ], [ 110.477348, -7.540189, 0.0 ], [ 110.477156, -7.540158, 0.0 ], [ 110.476793, -7.540162000999942, 0.0 ], [ 110.476616, -7.540105000999972, 0.0 ], [ 110.47645, -7.540051, 0.0 ], [ 110.47615, -7.540053, 0.0 ], [ 110.476009999000041, -7.540064000999962, 0.0 ], [ 110.475711, -7.540094, 0.0 ], [ 110.475613, -7.540074, 0.0 ], [ 110.475427, -7.540045000999953, 0.0 ], [ 110.475145, -7.540075, 0.0 ], [ 110.474812, -7.540116, 0.0 ], [ 110.474616, -7.540162000999942, 0.0 ], [ 110.474324, -7.540178, 0.0 ], [ 110.47411, -7.540178, 0.0 ], [ 110.473964, -7.540238, 0.0 ], [ 110.473836, -7.540320000999941, 0.0 ], [ 110.473718, -7.54035, 0.0 ], [ 110.473683, -7.540364, 0.0 ], [ 110.473591999000064, -7.540445, 0.0 ], [ 110.473526, -7.540486, 0.0 ], [ 110.473036, -7.540487, 0.0 ], [ 110.472996, -7.540479, 0.0 ], [ 110.472835, -7.540678, 0.0 ], [ 110.472699, -7.54077, 0.0 ], [ 110.47254, -7.540815, 0.0 ], [ 110.472446, -7.54083, 0.0 ], [ 110.472363999000038, -7.540856, 0.0 ], [ 110.472265999000058, -7.540899, 0.0 ], [ 110.472155, -7.540965, 0.0 ], [ 110.472039, -7.541061000999946, 0.0 ], [ 110.472028, -7.541074, 0.0 ], [ 110.471917, -7.541162, 0.0 ], [ 110.471786, -7.541247, 0.0 ], [ 110.471762, -7.541291, 0.0 ], [ 110.471733, -7.541492, 0.0 ], [ 110.471703, -7.541676, 0.0 ], [ 110.471699999000066, -7.54168600099996, 0.0 ], [ 110.471664, -7.541778, 0.0 ], [ 110.471581, -7.541844, 0.0 ], [ 110.471566, -7.541851, 0.0 ], [ 110.471547, -7.541871, 0.0 ], [ 110.471543, -7.54189, 0.0 ], [ 110.47154, -7.541913, 0.0 ], [ 110.47154, -7.541925, 0.0 ], [ 110.471539, -7.541929, 0.0 ], [ 110.471539, -7.541962, 0.0 ], [ 110.471537, -7.542007, 0.0 ], [ 110.471524999000053, -7.542072000999951, 0.0 ], [ 110.471513, -7.54209500099995, 0.0 ], [ 110.471504, -7.542131000999973, 0.0 ], [ 110.471517, -7.54216, 0.0 ], [ 110.471524999000053, -7.54218900099994, 0.0 ], [ 110.471528, -7.542251000999954, 0.0 ], [ 110.471532, -7.542351, 0.0 ], [ 110.471535, -7.542391, 0.0 ], [ 110.471526, -7.542495, 0.0 ], [ 110.471493, -7.542584, 0.0 ], [ 110.471473, -7.542644, 0.0 ], [ 110.471453, -7.542703, 0.0 ], [ 110.471448, -7.542719000999966, 0.0 ], [ 110.47141, -7.542807, 0.0 ], [ 110.471346, -7.542896, 0.0 ], [ 110.471338, -7.542906, 0.0 ], [ 110.471289999000078, -7.542992000999959, 0.0 ], [ 110.471266, -7.543068000999938, 0.0 ], [ 110.471257, -7.543103, 0.0 ], [ 110.471238, -7.543171, 0.0 ], [ 110.471202, -7.54323, 0.0 ], [ 110.471171, -7.543274, 0.0 ], [ 110.471148, -7.543309, 0.0 ], [ 110.471094999000059, -7.543388, 0.0 ], [ 110.471058, -7.543463, 0.0 ], [ 110.471027, -7.543521, 0.0 ], [ 110.47099, -7.543593000999977, 0.0 ], [ 110.470963, -7.543649, 0.0 ], [ 110.470939999000052, -7.5437, 0.0 ], [ 110.470918, -7.543755, 0.0 ], [ 110.470893, -7.54381000099994, 0.0 ], [ 110.470883, -7.543831000999944, 0.0 ], [ 110.470848, -7.54389, 0.0 ], [ 110.470815, -7.54394500099994, 0.0 ], [ 110.47081, -7.543961, 0.0 ], [ 110.470802999000057, -7.543988, 0.0 ], [ 110.470801, -7.543999, 0.0 ], [ 110.470321767000087, -7.544371883999929, 0.0 ], [ 110.470161818000065, -7.544496337999931, 0.0 ], [ 110.468975656000055, -7.545419272999936, 0.0 ], [ 110.468246352000051, -7.54598673199996, 0.0 ], [ 110.468004944000086, -7.546174567999969, 0.0 ], [ 110.46795843700005, -7.546210754999947, 0.0 ], [ 110.467658458000074, -7.546444163999979, 0.0 ], [ 110.467649107000057, -7.546451439999942, 0.0 ], [ 110.467543, -7.546534, 0.0 ], [ 110.467528898000069, -7.546697673999972, 0.0 ], [ 110.46744164200004, -7.546613118999971, 0.0 ], [ 110.46723707700005, -7.54641488599998, 0.0 ], [ 110.467157267000061, -7.546337545999961, 0.0 ], [ 110.467096095000045, -7.546305224999969, 0.0 ], [ 110.466987943000049, -7.54622762799994, 0.0 ], [ 110.466972632000079, -7.546214077999934, 0.0 ], [ 110.466882854000062, -7.546121488999972, 0.0 ], [ 110.466748212000084, -7.545995946999938, 0.0 ], [ 110.466709428000058, -7.545964185999935, 0.0 ], [ 110.466566920000048, -7.545859935999943, 0.0 ], [ 110.466459900000075, -7.545812941999941, 0.0 ], [ 110.466360103000056, -7.545797170999947, 0.0 ], [ 110.466325483000048, -7.545792443999972, 0.0 ], [ 110.466265703000033, -7.545770987999958, 0.0 ], [ 110.466150501000072, -7.545714475999944, 0.0 ], [ 110.466034297000078, -7.54566178999994, 0.0 ], [ 110.465990445000045, -7.545638072999964, 0.0 ], [ 110.465905427000052, -7.545567541999958, 0.0 ], [ 110.465829764000034, -7.545466240999929, 0.0 ], [ 110.465761561000079, -7.545373035999944, 0.0 ], [ 110.465693763000047, -7.545288975999938, 0.0 ], [ 110.465608124000084, -7.545177549999948, 0.0 ], [ 110.465557087000036, -7.545114757999954, 0.0 ], [ 110.465539380000052, -7.545095858999957, 0.0 ], [ 110.465447881000046, -7.54502518399994, 0.0 ], [ 110.465340825000055, -7.544971350999958, 0.0 ], [ 110.465086117000055, -7.544890643999963, 0.0 ], [ 110.465072862000056, -7.544885299999976, 0.0 ], [ 110.464967867000041, -7.544836606999979, 0.0 ], [ 110.464836278000064, -7.544749718999981, 0.0 ], [ 110.464731230000041, -7.544684906999976, 0.0 ], [ 110.464639088000069, -7.544658885999979, 0.0 ], [ 110.464623239000048, -7.544654409999964, 0.0 ], [ 110.464508166000087, -7.544633472999976, 0.0 ], [ 110.464459262000048, -7.544619691999969, 0.0 ], [ 110.464360760000034, -7.544583434999936, 0.0 ], [ 110.464312543000062, -7.544571951999956, 0.0 ], [ 110.464276565000034, -7.544565982999927, 0.0 ], [ 110.46423513600007, -7.54455502299993, 0.0 ], [ 110.464160758000048, -7.544529722999926, 0.0 ], [ 110.464117958000088, -7.544513786999971, 0.0 ], [ 110.464000826000074, -7.544486560999928, 0.0 ], [ 110.463986569000042, -7.54448542199998, 0.0 ], [ 110.463892929000053, -7.544482873999925, 0.0 ], [ 110.463822310000069, -7.544467771999962, 0.0 ], [ 110.463763155000038, -7.544431590999977, 0.0 ], [ 110.46366564200008, -7.544386858999928, 0.0 ], [ 110.463548381000066, -7.544324329999938, 0.0 ], [ 110.463480119000053, -7.544301677999954, 0.0 ], [ 110.463403760000062, -7.544294826999931, 0.0 ], [ 110.46338680000008, -7.544295366999961, 0.0 ], [ 110.463314204000085, -7.544295576999957, 0.0 ], [ 110.46328227500004, -7.544284311999945, 0.0 ], [ 110.46317214700008, -7.544222767999941, 0.0 ], [ 110.463143577000039, -7.544200426999964, 0.0 ], [ 110.463064111000051, -7.544119011999953, 0.0 ], [ 110.463048667000066, -7.544096044999947, 0.0 ], [ 110.462974288000055, -7.544042196999953, 0.0 ], [ 110.462925366000036, -7.54402171199996, 0.0 ], [ 110.462858150000045, -7.544009888999938, 0.0 ], [ 110.462840511000081, -7.544009947999939, 0.0 ], [ 110.462759042000073, -7.543994425999927, 0.0 ], [ 110.462748842000053, -7.543989374999967, 0.0 ], [ 110.462663169000052, -7.543935612999974, 0.0 ], [ 110.462550935000081, -7.543854744999976, 0.0 ], [ 110.462499962000038, -7.543829020999965, 0.0 ], [ 110.46248296300007, -7.543816824999965, 0.0 ], [ 110.462411557000053, -7.543770722999966, 0.0 ], [ 110.462296349000042, -7.543712681999978, 0.0 ], [ 110.462228423000056, -7.543689831999927, 0.0 ], [ 110.462170049000065, -7.54368190799994, 0.0 ], [ 110.462139857000068, -7.54368132899998, 0.0 ], [ 110.461797975000081, -7.543532542999969, 0.0 ], [ 110.461045598000055, -7.543198940999957, 0.0 ], [ 110.460295765000069, -7.542868246999944, 0.0 ], [ 110.459640427000068, -7.54251155299994, 0.0 ], [ 110.459278452000035, -7.542252813999937, 0.0 ], [ 110.459278868000069, -7.54222434899998, 0.0 ], [ 110.459234182000046, -7.542188576999934, 0.0 ], [ 110.459200114000055, -7.542161304999979, 0.0 ], [ 110.459180715000059, -7.542148131999966, 0.0 ], [ 110.459167474000083, -7.542139139999961, 0.0 ], [ 110.459051166000052, -7.542026154999974, 0.0 ], [ 110.459046152000042, -7.54202007899994, 0.0 ], [ 110.459017084000038, -7.541902371999981, 0.0 ], [ 110.459017695000057, -7.541724296999973, 0.0 ], [ 110.459012268000038, -7.541686055999946, 0.0 ], [ 110.458912535000081, -7.541589716999965, 0.0 ], [ 110.458903469000063, -7.541576544999941, 0.0 ], [ 110.458816154000033, -7.541430588999958, 0.0 ], [ 110.458777488000067, -7.54136301799997, 0.0 ], [ 110.45863425500005, -7.541253309999945, 0.0 ], [ 110.458502371000066, -7.541179689999979, 0.0 ], [ 110.458474495000075, -7.541161265999961, 0.0 ], [ 110.458401099000071, -7.541127091999954, 0.0 ], [ 110.458364130000064, -7.541130429999953, 0.0 ], [ 110.458260392000057, -7.541151068999966, 0.0 ], [ 110.458121989000063, -7.541152046999969, 0.0 ], [ 110.457933479000076, -7.541086984999936, 0.0 ], [ 110.457874360000062, -7.541060001999938, 0.0 ], [ 110.457775211000069, -7.541034171999968, 0.0 ], [ 110.457707439000046, -7.541055190999941, 0.0 ], [ 110.457596800000033, -7.541142775999958, 0.0 ], [ 110.457531671000083, -7.541144856999949, 0.0 ], [ 110.457454522000035, -7.541052904999958, 0.0 ], [ 110.457448166000063, -7.541039717999979, 0.0 ], [ 110.457424130000049, -7.540906757999949, 0.0 ], [ 110.457398135000062, -7.540833720999956, 0.0 ], [ 110.457275756000058, -7.540683153999964, 0.0 ], [ 110.457189800000037, -7.540566651999939, 0.0 ], [ 110.457115467000051, -7.540447739999934, 0.0 ], [ 110.457013536000034, -7.540312673999949, 0.0 ], [ 110.456880948000048, -7.540150290999975, 0.0 ], [ 110.456742489000078, -7.540007355999933, 0.0 ], [ 110.456629810000038, -7.539863520999972, 0.0 ], [ 110.456530595000061, -7.539818360999959, 0.0 ], [ 110.456515659000047, -7.539816551999934, 0.0 ], [ 110.456412360000058, -7.539768184999957, 0.0 ], [ 110.456386507000047, -7.539747899999952, 0.0 ], [ 110.456287893000081, -7.539679547999981, 0.0 ], [ 110.456223990000069, -7.539643305999959, 0.0 ], [ 110.456196139000042, -7.539632931999961, 0.0 ], [ 110.456055671000058, -7.539625801999932, 0.0 ], [ 110.455932183000073, -7.539624327999945, 0.0 ], [ 110.455782121000084, -7.53959094399994, 0.0 ], [ 110.455750232000071, -7.539592007999943, 0.0 ], [ 110.455694205000043, -7.539556245999961, 0.0 ], [ 110.455587272000059, -7.539456839999957, 0.0 ], [ 110.455519300000049, -7.53942023899998, 0.0 ], [ 110.455514537000056, -7.539416460999973, 0.0 ], [ 110.455441169000039, -7.539389324999945, 0.0 ], [ 110.455404538000039, -7.539391793999926, 0.0 ], [ 110.455288450000069, -7.539372173999936, 0.0 ], [ 110.455208234000054, -7.539326847999973, 0.0 ], [ 110.455170735000081, -7.53927620099995, 0.0 ], [ 110.455045931000086, -7.53919618499998, 0.0 ], [ 110.455018928000072, -7.539180401999943, 0.0 ], [ 110.454991912000082, -7.539164611999979, 0.0 ], [ 110.454898795000076, -7.539114357999949, 0.0 ], [ 110.454865506000033, -7.539103434999959, 0.0 ], [ 110.45477591000008, -7.539093752999975, 0.0 ], [ 110.454749423000067, -7.539094787999943, 0.0 ], [ 110.454628602000071, -7.539069779999977, 0.0 ], [ 110.454497538000055, -7.539046424999981, 0.0 ], [ 110.454462256000056, -7.539035309999974, 0.0 ], [ 110.45435698600005, -7.539005337999981, 0.0 ], [ 110.454267988000083, -7.538981021999973, 0.0 ], [ 110.454165463000038, -7.538959437999949, 0.0 ], [ 110.454156665000085, -7.538956351999957, 0.0 ], [ 110.454013993000046, -7.538899558999958, 0.0 ], [ 110.453957541000079, -7.53887134799993, 0.0 ], [ 110.453886973000067, -7.538859437999974, 0.0 ], [ 110.453846513000087, -7.538843223999947, 0.0 ], [ 110.453423626000074, -7.538835438999968, 0.0 ], [ 110.452933937000068, -7.53893261099995, 0.0 ], [ 110.452411020000056, -7.539145658999928, 0.0 ], [ 110.45183568200008, -7.539285133999954, 0.0 ], [ 110.451485891000061, -7.539424683999925, 0.0 ], [ 110.451333718000058, -7.53948539299995, 0.0 ], [ 110.451053092000052, -7.539557771999966, 0.0 ], [ 110.450968319000083, -7.539579637999964, 0.0 ], [ 110.450791483000046, -7.539625247999936, 0.0 ], [ 110.450246985000035, -7.539765685999953, 0.0 ], [ 110.449805010000034, -7.539879680999945, 0.0 ], [ 110.449512850000076, -7.539955035999981, 0.0 ], [ 110.449409666000065, -7.539981649999959, 0.0 ], [ 110.449073707000082, -7.540068300999963, 0.0 ], [ 110.448742380000056, -7.540153755999938, 0.0 ], [ 110.448394305000079, -7.540216835999956, 0.0 ], [ 110.448108770000033, -7.540281080999932, 0.0 ], [ 110.447816096000054, -7.540352463999966, 0.0 ], [ 110.447416346000068, -7.540459539999972, 0.0 ], [ 110.446902384000055, -7.540573753999979, 0.0 ], [ 110.446543155000086, -7.540650466999978, 0.0 ], [ 110.446593, -7.540517, 0.0 ], [ 110.447219, -7.539572, 0.0 ], [ 110.44796, -7.538719000999947, 0.0 ], [ 110.448992735000047, -7.537805637999952, 0.0 ], [ 110.449773198000059, -7.537082281999972, 0.0 ], [ 110.450268126000083, -7.53664446199997, 0.0 ], [ 110.450782090000075, -7.536320854999929, 0.0 ], [ 110.451354620000075, -7.536495013999968, 0.0 ], [ 110.451533078000068, -7.536616367999954, 0.0 ], [ 110.451804338000045, -7.53685907199997, 0.0 ], [ 110.452032766000059, -7.537094637999928, 0.0 ], [ 110.452118427000073, -7.537394449999965, 0.0 ], [ 110.45243819500007, -7.537539139999978, 0.0 ], [ 110.453351908000059, -7.537367816999961, 0.0 ], [ 110.453770692000035, -7.537367816999961, 0.0 ], [ 110.455198369000072, -7.537215531999948, 0.0 ], [ 110.45576944000004, -7.537196495999979, 0.0 ], [ 110.456492796000077, -7.536968067999965, 0.0 ], [ 110.457178081000052, -7.536739639999951, 0.0 ], [ 110.457977580000033, -7.53639699699994, 0.0 ], [ 110.458359158000064, -7.536300492999942, 0.0 ], [ 110.458870741000055, -7.536193417999925, 0.0 ], [ 110.459239559000082, -7.536193417999925, 0.0 ], [ 110.459578632000046, -7.536217212999929, 0.0 ], [ 110.459870116000047, -7.536437312999965, 0.0 ], [ 110.460066421000079, -7.53669905299995, 0.0 ], [ 110.460244881000051, -7.536853718999964, 0.0 ], [ 110.46038764900004, -7.536984587999939, 0.0 ], [ 110.460667235000074, -7.537008382999943, 0.0 ], [ 110.462527109000064, -7.536872888999937, 0.0 ], [ 110.463426890000051, -7.536786562999964, 0.0 ], [ 110.464126107000084, -7.536663497999939, 0.0 ], [ 110.464500631000078, -7.536504160999925, 0.0 ], [ 110.464584565000052, -7.536445676999961, 0.0 ], [ 110.464642119000075, -7.536411863999945, 0.0 ], [ 110.464646862000052, -7.536409679999963, 0.0 ], [ 110.464692938000042, -7.53639306599996, 0.0 ], [ 110.464764779000063, -7.536371082999949, 0.0 ], [ 110.464857619000043, -7.536337827999944, 0.0 ], [ 110.464968333000058, -7.536275187999934, 0.0 ], [ 110.46505367900005, -7.536232715999972, 0.0 ], [ 110.465134341000066, -7.536210327999981, 0.0 ], [ 110.465159435000089, -7.536206758999981, 0.0 ], [ 110.465227947000074, -7.536202428999957, 0.0 ], [ 110.465274526000087, -7.536194243999944, 0.0 ], [ 110.465307955000071, -7.536188369999934, 0.0 ], [ 110.465394020000076, -7.536158588999967, 0.0 ], [ 110.465435685000045, -7.536138739999956, 0.0 ], [ 110.465546109000059, -7.536090526999942, 0.0 ], [ 110.46562063500005, -7.53605990899996, 0.0 ], [ 110.465739859000053, -7.536005637999949, 0.0 ], [ 110.465862460000039, -7.535947154999974, 0.0 ], [ 110.466045294000082, -7.535842424999942, 0.0 ], [ 110.466216117000045, -7.535797586999934, 0.0 ], [ 110.466323998000064, -7.535798433999958, 0.0 ], [ 110.466369374000067, -7.535775395999963, 0.0 ], [ 110.466478985000037, -7.535687202999952, 0.0 ], [ 110.466579811000088, -7.535624648999942, 0.0 ], [ 110.466681496000035, -7.535583218999932, 0.0 ], [ 110.466779091000035, -7.535553288999949, 0.0 ], [ 110.466854390000037, -7.535550459999968, 0.0 ], [ 110.46695886100008, -7.535544752999954, 0.0 ], [ 110.467045625000083, -7.535520316999964, 0.0 ], [ 110.467173609000042, -7.535448038999959, 0.0 ], [ 110.467363308000074, -7.535369383999978, 0.0 ], [ 110.467422261000081, -7.535347176999949, 0.0 ], [ 110.467697487000066, -7.53527818799995, 0.0 ], [ 110.467738846000088, -7.53527035999997, 0.0 ], [ 110.467879907000054, -7.535252467999953, 0.0 ], [ 110.468034589000069, -7.535249398999952, 0.0 ], [ 110.468067179000059, -7.535254295999948, 0.0 ], [ 110.468189448000089, -7.535295790999953, 0.0 ], [ 110.468293925000069, -7.535293095999975, 0.0 ], [ 110.468369157000041, -7.535271234999925, 0.0 ], [ 110.468374579000056, -7.53526996599993, 0.0 ], [ 110.468462689000035, -7.53524179599998, 0.0 ], [ 110.468546674000038, -7.535199728999942, 0.0 ], [ 110.468633951000072, -7.535127055999965, 0.0 ], [ 110.468715344000088, -7.53512122099994, 0.0 ], [ 110.468726888000049, -7.53512372199998, 0.0 ], [ 110.46878857300004, -7.535106918999929, 0.0 ], [ 110.468803950000051, -7.535050466999962, 0.0 ], [ 110.468722931000059, -7.534920747999934, 0.0 ], [ 110.468630060000066, -7.534757213999967, 0.0 ], [ 110.468639566000036, -7.534650369999952, 0.0 ], [ 110.469084, -7.534541, 0.0 ], [ 110.469098, -7.534537, 0.0 ], [ 110.469181, -7.534511, 0.0 ], [ 110.469277, -7.534490000999938, 0.0 ], [ 110.469387, -7.534461, 0.0 ], [ 110.469461, -7.534434, 0.0 ], [ 110.469515999000066, -7.534410000999969, 0.0 ], [ 110.469599, -7.534395, 0.0 ], [ 110.469612, -7.534393, 0.0 ], [ 110.469738, -7.534374, 0.0 ], [ 110.469891, -7.534357, 0.0 ], [ 110.47007, -7.534343, 0.0 ], [ 110.470232, -7.534295, 0.0 ], [ 110.47026, -7.53427, 0.0 ], [ 110.470329, -7.534185, 0.0 ], [ 110.470428, -7.534107, 0.0 ], [ 110.470562, -7.534043, 0.0 ], [ 110.470728, -7.533976, 0.0 ], [ 110.470824, -7.533961000999966, 0.0 ], [ 110.470992, -7.533973, 0.0 ], [ 110.471043, -7.53398200099997, 0.0 ], [ 110.471199, -7.533989, 0.0 ], [ 110.471276, -7.533985, 0.0 ], [ 110.471459, -7.533969, 0.0 ], [ 110.471660999000051, -7.533946, 0.0 ], [ 110.471783, -7.533928, 0.0 ], [ 110.471816999000055, -7.533923000999948, 0.0 ], [ 110.47196, -7.533904000999939, 0.0 ], [ 110.472104, -7.533885000999931, 0.0 ], [ 110.472221, -7.53388, 0.0 ], [ 110.472291, -7.533896, 0.0 ], [ 110.472294, -7.533897, 0.0 ], [ 110.472377, -7.533934, 0.0 ], [ 110.472465, -7.533967, 0.0 ], [ 110.4726, -7.533994, 0.0 ], [ 110.472728, -7.53403900099994, 0.0 ], [ 110.472807, -7.534067, 0.0 ], [ 110.472870999000065, -7.534086, 0.0 ], [ 110.472915, -7.534092, 0.0 ], [ 110.47298, -7.534095, 0.0 ], [ 110.473099, -7.53413, 0.0 ], [ 110.473297, -7.534219, 0.0 ], [ 110.473426, -7.534247, 0.0 ], [ 110.473493999000084, -7.534249, 0.0 ], [ 110.473537, -7.534247, 0.0 ], [ 110.473685, -7.53421500099995, 0.0 ], [ 110.473747999000068, -7.5342, 0.0 ], [ 110.47383, -7.534184, 0.0 ], [ 110.473882, -7.534169, 0.0 ], [ 110.473927, -7.53415, 0.0 ], [ 110.474012, -7.534132, 0.0 ], [ 110.474152, -7.534141, 0.0 ], [ 110.474172, -7.534144, 0.0 ], [ 110.474305, -7.534176000999935, 0.0 ], [ 110.474396, -7.5342, 0.0 ], [ 110.474507999000082, -7.534203, 0.0 ], [ 110.474544, -7.534201, 0.0 ], [ 110.47469, -7.534193000999949, 0.0 ], [ 110.474888, -7.534217, 0.0 ] ] ] ] } },
{ "type": "Feature", "properties": { "NAMOBJ": "Dragan", "FCODE": "BA03070040", "REMARK": "Wilayah Administrasi Kelurahan/Desa", "METADATA": "TASWIL1000020221227_DATA_BATAS_DESAKELURAHAN", "SRS_ID": "SRGI 2013", "KDBBPS": null, "KDCBPS": null, "KDCPUM": "33.09.21", "KDEBPS": null, "KDEPUM": "33.09.21.2002", "KDPBPS": null, "KDPKAB": "33.09", "KDPPUM": "33", "LUASWH": 0.0, "TIPADM": 1, "WADMKC": "Tamansari", "WADMKD": "Dragan", "WADMKK": "Boyolali", "WADMPR": "Jawa Tengah", "WIADKC": null, "WIADKK": null, "WIADPR": null, "WIADKD": null, "UUPP": "Hasil Delineasi Batas Desa 2017", "luas": 2.628849963644988, "SHAPE_Leng": 0.13282182086371999, "SHAPE_Area": 0.000215415582066 }, "geometry": { "type": "MultiPolygon", "coordinates": [ [ [ [ 110.530649, -7.60265, 0.0 ], [ 110.530842, -7.603270000999942, 0.0 ], [ 110.530894, -7.603418, 0.0 ], [ 110.531372, -7.603804, 0.0 ], [ 110.531503, -7.603924, 0.0 ], [ 110.531567, -7.604094, 0.0 ], [ 110.531546, -7.604565, 0.0 ], [ 110.531543, -7.604733000999943, 0.0 ], [ 110.531612, -7.604868000999943, 0.0 ], [ 110.531807, -7.604963, 0.0 ], [ 110.532544999000038, -7.604985000999932, 0.0 ], [ 110.533288, -7.605007000999933, 0.0 ], [ 110.533337, -7.605008, 0.0 ], [ 110.53346, -7.605043000999956, 0.0 ], [ 110.533777, -7.605221000999961, 0.0 ], [ 110.534089, -7.605521, 0.0 ], [ 110.53501, -7.606356, 0.0 ], [ 110.535535, -7.606852, 0.0 ], [ 110.535748, -7.607047, 0.0 ], [ 110.536484999000038, -7.607291, 0.0 ], [ 110.536679999000057, -7.60738, 0.0 ], [ 110.5368, -7.607486, 0.0 ], [ 110.536876, -7.607824, 0.0 ], [ 110.536877, -7.608027000999925, 0.0 ], [ 110.536806, -7.608169, 0.0 ], [ 110.536666, -7.608272, 0.0 ], [ 110.536491, -7.608360000999937, 0.0 ], [ 110.536398, -7.608459000999972, 0.0 ], [ 110.536397, -7.608558, 0.0 ], [ 110.537183, -7.609276000999955, 0.0 ], [ 110.537348, -7.609438, 0.0 ], [ 110.53751, -7.609819, 0.0 ], [ 110.537649, -7.610128, 0.0 ], [ 110.538079, -7.61099300099994, 0.0 ], [ 110.538188, -7.61125, 0.0 ], [ 110.538253, -7.611479000999964, 0.0 ], [ 110.538472, -7.61176, 0.0 ], [ 110.538706999000055, -7.612038, 0.0 ], [ 110.53886, -7.612305, 0.0 ], [ 110.538978, -7.61264, 0.0 ], [ 110.539013, -7.613679, 0.0 ], [ 110.539039999000067, -7.614109, 0.0 ], [ 110.53911, -7.614417, 0.0 ], [ 110.539163, -7.614515, 0.0 ], [ 110.539795, -7.614758000999927, 0.0 ], [ 110.540126, -7.614911000999939, 0.0 ], [ 110.540399, -7.615103, 0.0 ], [ 110.540536, -7.615271, 0.0 ], [ 110.540604, -7.61551, 0.0 ], [ 110.54063, -7.615837, 0.0 ], [ 110.540758, -7.616126, 0.0 ], [ 110.540881, -7.616341, 0.0 ], [ 110.540901, -7.616479, 0.0 ], [ 110.540838, -7.616674, 0.0 ], [ 110.540844, -7.616756, 0.0 ], [ 110.540942, -7.616817, 0.0 ], [ 110.541134, -7.616831, 0.0 ], [ 110.541358, -7.616759, 0.0 ], [ 110.541563, -7.616654, 0.0 ], [ 110.541774, -7.616628000999981, 0.0 ], [ 110.541903, -7.616663, 0.0 ], [ 110.542117, -7.616854, 0.0 ], [ 110.542131012000084, -7.61687029999996, 0.0 ], [ 110.542185147000055, -7.616970842999933, 0.0 ], [ 110.542203931000074, -7.61699167699993, 0.0 ], [ 110.542216016000054, -7.617004257999952, 0.0 ], [ 110.542243560000088, -7.617032933999951, 0.0 ], [ 110.542365317000076, -7.617159690999927, 0.0 ], [ 110.542394118000061, -7.617183474999933, 0.0 ], [ 110.54240390700005, -7.617189114999974, 0.0 ], [ 110.542426496000076, -7.617202128999963, 0.0 ], [ 110.542461539000044, -7.617215129999977, 0.0 ], [ 110.542498266000052, -7.617222112999968, 0.0 ], [ 110.542530848000069, -7.617222224999978, 0.0 ], [ 110.542563046000055, -7.61722718599998, 0.0 ], [ 110.542594144000077, -7.617236884999954, 0.0 ], [ 110.542623444000071, -7.617251103999934, 0.0 ], [ 110.542650288000061, -7.617269523999937, 0.0 ], [ 110.542662986000039, -7.617286219999926, 0.0 ], [ 110.542672993000053, -7.61730464599998, 0.0 ], [ 110.542680081000071, -7.617324374999953, 0.0 ], [ 110.542681974000061, -7.617334179999943, 0.0 ], [ 110.542684235000081, -7.61734589699995, 0.0 ], [ 110.542684999000073, -7.617367800999943, 0.0 ], [ 110.542682355000068, -7.617389557999957, 0.0 ], [ 110.542681913000081, -7.617391116999954, 0.0 ], [ 110.542676369000048, -7.61741064499995, 0.0 ], [ 110.542674382000087, -7.617448975999935, 0.0 ], [ 110.542678708000039, -7.61748711599995, 0.0 ], [ 110.542681800000082, -7.617497967999952, 0.0 ], [ 110.542687758000056, -7.617518876999952, 0.0 ], [ 110.542689228000086, -7.617524035999963, 0.0 ], [ 110.542705660000081, -7.617558739999936, 0.0 ], [ 110.542726257000083, -7.617585120999934, 0.0 ], [ 110.542749986000047, -7.617608436999944, 0.0 ], [ 110.542750136000052, -7.617608583999981, 0.0 ], [ 110.542776888000049, -7.617628728999932, 0.0 ], [ 110.54280605200006, -7.617645206999953, 0.0 ], [ 110.542818103000059, -7.617651946999956, 0.0 ], [ 110.542828954000072, -7.617660479999927, 0.0 ], [ 110.542838338000081, -7.617670595999925, 0.0 ], [ 110.542842481000037, -7.617676766999978, 0.0 ], [ 110.542846026000063, -7.617682049999928, 0.0 ], [ 110.542851830000075, -7.617694559999961, 0.0 ], [ 110.542855609000071, -7.617707817999928, 0.0 ], [ 110.542857268000034, -7.617721502999927, 0.0 ], [ 110.542856769000082, -7.61773527899993, 0.0 ], [ 110.542856191000055, -7.617744101999961, 0.0 ], [ 110.54285576400008, -7.617748481999968, 0.0 ], [ 110.542855214000042, -7.617752823999979, 0.0 ], [ 110.542854502000068, -7.617757114999961, 0.0 ], [ 110.54285357100008, -7.617761329999951, 0.0 ], [ 110.54285234300005, -7.617765444999975, 0.0 ], [ 110.542850816000055, -7.617769295999949, 0.0 ], [ 110.542830449000064, -7.617805330999943, 0.0 ], [ 110.542814305000036, -7.617843433999951, 0.0 ], [ 110.542802588000086, -7.617883117999952, 0.0 ], [ 110.542796553000073, -7.61795701799997, 0.0 ], [ 110.542795682000076, -7.618031157999951, 0.0 ], [ 110.542799977000072, -7.61810517899994, 0.0 ], [ 110.542818598000053, -7.618238770999938, 0.0 ], [ 110.542818946000068, -7.618241266999974, 0.0 ], [ 110.542828262000057, -7.618265264999934, 0.0 ], [ 110.542841605000035, -7.618287289999955, 0.0 ], [ 110.542844114000047, -7.618290156999933, 0.0 ], [ 110.542858570000078, -7.618306675999975, 0.0 ], [ 110.542878645000087, -7.618322835999948, 0.0 ], [ 110.542901223000058, -7.618335281999975, 0.0 ], [ 110.542905147000056, -7.61833745399997, 0.0 ], [ 110.542908887000067, -7.618339723999952, 0.0 ], [ 110.542912538000053, -7.618342134999978, 0.0 ], [ 110.542916102000049, -7.618344670999932, 0.0 ], [ 110.542919569000048, -7.618347323999956, 0.0 ], [ 110.54292292000008, -7.61835009999993, 0.0 ], [ 110.542926125000065, -7.618353015999958, 0.0 ], [ 110.542929142000048, -7.618356104999975, 0.0 ], [ 110.542931890000034, -7.618359341999962, 0.0 ], [ 110.542934436000053, -7.618362741999931, 0.0 ], [ 110.542936803000089, -7.618366272999936, 0.0 ], [ 110.542938998000068, -7.618369911999935, 0.0 ], [ 110.542941007000081, -7.618373646999942, 0.0 ], [ 110.542942803000074, -7.618377478999946, 0.0 ], [ 110.542944336000062, -7.618381415999977, 0.0 ], [ 110.542945607000036, -7.618385621999948, 0.0 ], [ 110.542946612000037, -7.618389923999928, 0.0 ], [ 110.542947423000044, -7.618394294999973, 0.0 ], [ 110.542948090000039, -7.618398713999966, 0.0 ], [ 110.54294864600007, -7.618403164999961, 0.0 ], [ 110.542949504000035, -7.618412131999946, 0.0 ], [ 110.542950035000047, -7.618421146999935, 0.0 ], [ 110.542950184000063, -7.618429815999946, 0.0 ], [ 110.542950039000061, -7.618438490999949, 0.0 ], [ 110.542953478000072, -7.618463457999951, 0.0 ], [ 110.542956378000042, -7.618472496999971, 0.0 ], [ 110.542961179000088, -7.618487458999937, 0.0 ], [ 110.542972911000049, -7.618509775999939, 0.0 ], [ 110.542988323000088, -7.618529741999964, 0.0 ], [ 110.543006953000088, -7.618546757999979, 0.0 ], [ 110.543010097000035, -7.618548856999951, 0.0 ], [ 110.543013366000082, -7.618550729999981, 0.0 ], [ 110.543016776000059, -7.618552345999944, 0.0 ], [ 110.543020296000066, -7.618553762999966, 0.0 ], [ 110.543023890000086, -7.618555051999977, 0.0 ], [ 110.54303479400005, -7.618558797999981, 0.0 ], [ 110.54303884400008, -7.618560394999975, 0.0 ], [ 110.543042815000035, -7.618562136999969, 0.0 ], [ 110.54304668900005, -7.618564014999947, 0.0 ], [ 110.543050439000069, -7.618566038999973, 0.0 ], [ 110.543054020000056, -7.618568225999979, 0.0 ], [ 110.543057376000036, -7.618570610999939, 0.0 ], [ 110.543060430000082, -7.618573248999951, 0.0 ], [ 110.543063079000035, -7.618576213999972, 0.0 ], [ 110.543065011000067, -7.618579150999949, 0.0 ], [ 110.543066632000034, -7.618582339999932, 0.0 ], [ 110.543068035000033, -7.61858571199997, 0.0 ], [ 110.543069297000045, -7.618589214999929, 0.0 ], [ 110.543073070000048, -7.61860057399997, 0.0 ], [ 110.543074549000039, -7.618604693999941, 0.0 ], [ 110.543076122000059, -7.61860876399993, 0.0 ], [ 110.543077811000046, -7.618612746999929, 0.0 ], [ 110.543079649000049, -7.618616598999949, 0.0 ], [ 110.54308168600005, -7.618620262999968, 0.0 ], [ 110.543083986000056, -7.618623662999937, 0.0 ], [ 110.54308664000007, -7.618626698999947, 0.0 ], [ 110.543089467000073, -7.618629103999979, 0.0 ], [ 110.543092601000069, -7.618631176999941, 0.0 ], [ 110.543095971000071, -7.618632979999973, 0.0 ], [ 110.543099520000055, -7.618634554999971, 0.0 ], [ 110.543103213000052, -7.618635925999968, 0.0 ], [ 110.543107019000047, -7.618637100999933, 0.0 ], [ 110.543111164000038, -7.618638144999977, 0.0 ], [ 110.543115381000064, -7.61863902999994, 0.0 ], [ 110.54314082500008, -7.618647864999957, 0.0 ], [ 110.543148138000049, -7.618650403999936, 0.0 ], [ 110.543213517000083, -7.618676744999959, 0.0 ], [ 110.543237499000043, -7.618689237999945, 0.0 ], [ 110.543276021000054, -7.618709304999925, 0.0 ], [ 110.543320990000041, -7.618738608999934, 0.0 ], [ 110.543335056000046, -7.618747774999974, 0.0 ], [ 110.543390062000071, -7.618791788999943, 0.0 ], [ 110.54339222200008, -7.618793892999975, 0.0 ], [ 110.543440517000079, -7.618840929999976, 0.0 ], [ 110.543467070000077, -7.618875877999926, 0.0 ], [ 110.543487973000083, -7.61891445599997, 0.0 ], [ 110.54350273700004, -7.618955760999938, 0.0 ], [ 110.543503768000051, -7.618961124999942, 0.0 ], [ 110.54351101900005, -7.618998829999953, 0.0 ], [ 110.543512811000085, -7.619034375999945, 0.0 ], [ 110.543509849000088, -7.619069842999977, 0.0 ], [ 110.543502185000079, -7.619104601999936, 0.0 ], [ 110.543489955000041, -7.619138035999981, 0.0 ], [ 110.543473376000065, -7.619169548999935, 0.0 ], [ 110.543376717000058, -7.619288322999978, 0.0 ], [ 110.54333717600008, -7.619336910999948, 0.0 ], [ 110.543291156000066, -7.619388369999967, 0.0 ], [ 110.543267443000047, -7.619412097999941, 0.0 ], [ 110.54324235100006, -7.619437206999976, 0.0 ], [ 110.543206371000053, -7.619469429999981, 0.0 ], [ 110.543190911000067, -7.619483275999926, 0.0 ], [ 110.543176363000043, -7.61950427499994, 0.0 ], [ 110.543164854000054, -7.61952707599994, 0.0 ], [ 110.543157865000069, -7.619558148999943, 0.0 ], [ 110.543156125000053, -7.619589948999931, 0.0 ], [ 110.543159685000035, -7.619621597999981, 0.0 ], [ 110.543168444000059, -7.619652220999967, 0.0 ], [ 110.543182164000086, -7.619680976999973, 0.0 ], [ 110.543208379000077, -7.619730887999935, 0.0 ], [ 110.543220604000055, -7.619750032999946, 0.0 ], [ 110.543238726000084, -7.61977841199996, 0.0 ], [ 110.54327298700008, -7.619823210999925, 0.0 ], [ 110.543337367000049, -7.619875671999978, 0.0 ], [ 110.543406032000064, -7.619922410999948, 0.0 ], [ 110.543478472000061, -7.619963082999959, 0.0 ], [ 110.54355415200007, -7.619997386999955, 0.0 ], [ 110.54363655700007, -7.620029844999976, 0.0 ], [ 110.543819347000067, -7.620101844999965, 0.0 ], [ 110.543878457000062, -7.620125128999973, 0.0 ], [ 110.543890322000038, -7.620130899999936, 0.0 ], [ 110.543930746000058, -7.620152075999954, 0.0 ], [ 110.543968122000081, -7.620178236999948, 0.0 ], [ 110.544001837000053, -7.620208952999974, 0.0 ], [ 110.544031338000082, -7.620243720999952, 0.0 ], [ 110.544056137000041, -7.620281968999961, 0.0 ], [ 110.544076115000053, -7.620332545999929, 0.0 ], [ 110.544090600000061, -7.620384951999938, 0.0 ], [ 110.544099430000074, -7.620438595999929, 0.0 ], [ 110.54410250400008, -7.620492871999943, 0.0 ], [ 110.54409978800004, -7.620547167999973, 0.0 ], [ 110.544091312000035, -7.620600868999929, 0.0 ], [ 110.544077172000073, -7.620653368999967, 0.0 ], [ 110.544072176000043, -7.620662630999959, 0.0 ], [ 110.54405139000005, -7.620701165999947, 0.0 ], [ 110.544033299000034, -7.620728514999939, 0.0 ], [ 110.544021423000061, -7.620746467999936, 0.0 ], [ 110.543987508000043, -7.620788909999931, 0.0 ], [ 110.543982005000089, -7.62079465599993, 0.0 ], [ 110.543976145000045, -7.620800773999974, 0.0 ], [ 110.543949921000035, -7.620828150999955, 0.0 ], [ 110.543908964000082, -7.620863876999977, 0.0 ], [ 110.543902484000057, -7.620868897999969, 0.0 ], [ 110.543899082000053, -7.620871352999927, 0.0 ], [ 110.54389562700004, -7.620873735999965, 0.0 ], [ 110.543888595000055, -7.62087831599996, 0.0 ], [ 110.543881419000058, -7.620882657999971, 0.0 ], [ 110.543877770000051, -7.620884718999946, 0.0 ], [ 110.543874071000062, -7.620886682999981, 0.0 ], [ 110.543870315000049, -7.620888531999981, 0.0 ], [ 110.543866509000054, -7.620890277999933, 0.0 ], [ 110.543862663000084, -7.620891935999964, 0.0 ], [ 110.543854874000033, -7.620895007999934, 0.0 ], [ 110.543841597000039, -7.620898274999945, 0.0 ], [ 110.543837673000041, -7.620899239999972, 0.0 ], [ 110.543817647000083, -7.620904167999981, 0.0 ], [ 110.543781955000043, -7.620918143999972, 0.0 ], [ 110.543748418000064, -7.620936687999972, 0.0 ], [ 110.543717623000077, -7.620959480999943, 0.0 ], [ 110.543690107000089, -7.620986121999977, 0.0 ], [ 110.543666348000045, -7.621016147999967, 0.0 ], [ 110.543663983000044, -7.621019419999925, 0.0 ], [ 110.543659460000072, -7.621026103999952, 0.0 ], [ 110.543657310000071, -7.621029512999939, 0.0 ], [ 110.543655252000065, -7.621032973999945, 0.0 ], [ 110.543653305000078, -7.621036494999942, 0.0 ], [ 110.543651615000044, -7.621039826999947, 0.0 ], [ 110.543650030000038, -7.621043209999925, 0.0 ], [ 110.543648540000049, -7.621046639999975, 0.0 ], [ 110.543647142000054, -7.621050107999963, 0.0 ], [ 110.543645840000067, -7.621053615999926, 0.0 ], [ 110.54364546100004, -7.621054730999958, 0.0 ], [ 110.543644635000078, -7.621057160999953, 0.0 ], [ 110.543643522000082, -7.621060735999947, 0.0 ], [ 110.543641538000088, -7.621067964999952, 0.0 ], [ 110.543640670000059, -7.621071613999959, 0.0 ], [ 110.543639892000044, -7.621075281999936, 0.0 ], [ 110.54363856100008, -7.62108266599995, 0.0 ], [ 110.543637494000052, -7.621090088999949, 0.0 ], [ 110.543637061000084, -7.621093822999967, 0.0 ], [ 110.543636445000061, -7.621101296999939, 0.0 ], [ 110.543636290000052, -7.62110503599996, 0.0 ], [ 110.543636268000057, -7.621108773999936, 0.0 ], [ 110.543636443000082, -7.621113245999936, 0.0 ], [ 110.543636799000069, -7.621117713999979, 0.0 ], [ 110.54363728800007, -7.621122175999972, 0.0 ], [ 110.543637882000041, -7.621126631999971, 0.0 ], [ 110.543639323000036, -7.621135512999956, 0.0 ], [ 110.543640165000056, -7.621139930999959, 0.0 ], [ 110.543641102000038, -7.621144322999953, 0.0 ], [ 110.543642161000037, -7.621148679999976, 0.0 ], [ 110.543677757000069, -7.621216835999974, 0.0 ], [ 110.543717146000063, -7.621282881999946, 0.0 ], [ 110.543760203000033, -7.621346607999953, 0.0 ], [ 110.543794318000039, -7.621391426999935, 0.0 ], [ 110.543806789000087, -7.621407810999926, 0.0 ], [ 110.54383312300007, -7.621428957999967, 0.0 ], [ 110.54386237500006, -7.621445858999948, 0.0 ], [ 110.543893865000086, -7.621458122999968, 0.0 ], [ 110.543926858000077, -7.621465459999968, 0.0 ], [ 110.543960586000082, -7.62146770399994, 0.0 ], [ 110.543975462000049, -7.62146642099998, 0.0 ], [ 110.543994264000048, -7.621464798999966, 0.0 ], [ 110.544106793000083, -7.621450624999966, 0.0 ], [ 110.544233339000073, -7.62143468599993, 0.0 ], [ 110.544247501000086, -7.621432669999933, 0.0 ], [ 110.544260487000088, -7.621432912999978, 0.0 ], [ 110.544261805000076, -7.621432936999952, 0.0 ], [ 110.544275882000079, -7.621435480999935, 0.0 ], [ 110.544289372000037, -7.621440235999955, 0.0 ], [ 110.54430192600006, -7.621447079999939, 0.0 ], [ 110.544313224000064, -7.621455836999928, 0.0 ], [ 110.54432272400004, -7.621468704999927, 0.0 ], [ 110.544333818000041, -7.621483732999934, 0.0 ], [ 110.544350916000042, -7.621513888999971, 0.0 ], [ 110.544354066000039, -7.62152937999997, 0.0 ], [ 110.544364605000055, -7.621581189999972, 0.0 ], [ 110.544372932000044, -7.621649357999956, 0.0 ], [ 110.544375850000051, -7.621717968999974, 0.0 ], [ 110.544373337000081, -7.621786595999936, 0.0 ], [ 110.544335385000068, -7.622175668999944, 0.0 ], [ 110.544332154000074, -7.622187708999945, 0.0 ], [ 110.544326944000034, -7.622199037999962, 0.0 ], [ 110.544319902000041, -7.622209333999933, 0.0 ], [ 110.544311229000073, -7.622218304999933, 0.0 ], [ 110.544260224000084, -7.622237267999935, 0.0 ], [ 110.544242371000053, -7.622241623999969, 0.0 ], [ 110.544207351000068, -7.622250166999947, 0.0 ], [ 110.544153331000075, -7.622256827999934, 0.0 ], [ 110.544098901000041, -7.622257155999932, 0.0 ], [ 110.544044804000066, -7.622251149999954, 0.0 ], [ 110.543991777000087, -7.622238891999928, 0.0 ], [ 110.543983724000043, -7.622236863999944, 0.0 ], [ 110.543979731000036, -7.622235733999958, 0.0 ], [ 110.543975498000066, -7.62223441499998, 0.0 ], [ 110.543967106000082, -7.622231520999946, 0.0 ], [ 110.543954620000079, -7.622226840999929, 0.0 ], [ 110.543921449000038, -7.62221393699997, 0.0 ], [ 110.543904951000059, -7.622207689999925, 0.0 ], [ 110.543888804000062, -7.622201820999976, 0.0 ], [ 110.543863758000043, -7.622192870999982, 0.0 ], [ 110.543856441000059, -7.622190256999943, 0.0 ], [ 110.543844281000077, -7.622185982999952, 0.0 ], [ 110.543832651000059, -7.622182013999975, 0.0 ], [ 110.543817079000064, -7.622176930999956, 0.0 ], [ 110.543809242000066, -7.62217457099996, 0.0 ], [ 110.543805300000088, -7.622173476999933, 0.0 ], [ 110.543801146000078, -7.622172409999962, 0.0 ], [ 110.543792788000076, -7.62217045999995, 0.0 ], [ 110.543784388000063, -7.622168666999926, 0.0 ], [ 110.543775967000045, -7.622166977999939, 0.0 ], [ 110.543763307000063, -7.622164666999936, 0.0 ], [ 110.543754848000049, -7.622163407999949, 0.0 ], [ 110.543750610000075, -7.622162930999934, 0.0 ], [ 110.543746362000036, -7.62216260799994, 0.0 ], [ 110.543742161000068, -7.622162470999967, 0.0 ], [ 110.543737950000036, -7.622162481999965, 0.0 ], [ 110.543733734000057, -7.62216260699995, 0.0 ], [ 110.543725291000044, -7.622163076999925, 0.0 ], [ 110.543712625000069, -7.622164118999933, 0.0 ], [ 110.543704206000086, -7.622164992999956, 0.0 ], [ 110.543695839000065, -7.622166081999978, 0.0 ], [ 110.54369169000006, -7.622166757999935, 0.0 ], [ 110.543687575000035, -7.622167562999948, 0.0 ], [ 110.543683509000061, -7.62216854299993, 0.0 ], [ 110.543679405000034, -7.622169764999967, 0.0 ], [ 110.543675351000047, -7.622171167999966, 0.0 ], [ 110.543671332000088, -7.622172703999979, 0.0 ], [ 110.54366734000007, -7.622174336999933, 0.0 ], [ 110.543659404000039, -7.622177783999973, 0.0 ], [ 110.543643618000033, -7.622184996999977, 0.0 ], [ 110.54360316900005, -7.622204758999942, 0.0 ], [ 110.543566382000051, -7.622230681999952, 0.0 ], [ 110.543534190000059, -7.622262107999973, 0.0 ], [ 110.543507412000054, -7.622298237999928, 0.0 ], [ 110.543486729000051, -7.622338154999966, 0.0 ], [ 110.543472432000044, -7.622397702999933, 0.0 ], [ 110.543465298000058, -7.622452211999928, 0.0 ], [ 110.543464486000062, -7.62245841899994, 0.0 ], [ 110.543462979000083, -7.622519631999978, 0.0 ], [ 110.543467927000052, -7.62258066499993, 0.0 ], [ 110.543479274000049, -7.622640840999964, 0.0 ], [ 110.543491026000083, -7.622692620999942, 0.0 ], [ 110.54350788000005, -7.622742977999962, 0.0 ], [ 110.543529669000065, -7.622791412999959, 0.0 ], [ 110.543555315000049, -7.622835949999967, 0.0 ], [ 110.543556177000085, -7.622837446999938, 0.0 ], [ 110.543565655000066, -7.622850661999962, 0.0 ], [ 110.543581200000062, -7.622869074999926, 0.0 ], [ 110.54359945300007, -7.622884821999946, 0.0 ], [ 110.543619959000068, -7.622897511999952, 0.0 ], [ 110.543641910000076, -7.622908809999956, 0.0 ], [ 110.543670949000045, -7.622920962999956, 0.0 ], [ 110.543701544000044, -7.622928398999932, 0.0 ], [ 110.543732933000058, -7.622930931999974, 0.0 ], [ 110.543764329000055, -7.622928500999933, 0.0 ], [ 110.543794948000084, -7.622921163999933, 0.0 ], [ 110.543824027000085, -7.622909105999952, 0.0 ], [ 110.54384542300005, -7.622898180999925, 0.0 ], [ 110.543852667000067, -7.622893187999978, 0.0 ], [ 110.543859638000072, -7.622888160999935, 0.0 ], [ 110.543876365000074, -7.622875523999937, 0.0 ], [ 110.543883082000036, -7.622870573999933, 0.0 ], [ 110.543886477000058, -7.622868189999963, 0.0 ], [ 110.543889912000054, -7.622865909999973, 0.0 ], [ 110.543893405000063, -7.62286377099997, 0.0 ], [ 110.543896976000042, -7.622861829999977, 0.0 ], [ 110.543900652000048, -7.622860155999945, 0.0 ], [ 110.543904602000055, -7.622858760999975, 0.0 ], [ 110.543908662000035, -7.622857660999955, 0.0 ], [ 110.543912804000058, -7.622856790999947, 0.0 ], [ 110.543917003000047, -7.622856107999951, 0.0 ], [ 110.543921241000078, -7.622855584999968, 0.0 ], [ 110.543925504000072, -7.622855211999934, 0.0 ], [ 110.54392942700008, -7.62285501599996, 0.0 ], [ 110.543929778000063, -7.622854998999969, 0.0 ], [ 110.543934057000058, -7.622854967999956, 0.0 ], [ 110.543938329000071, -7.622855160999961, 0.0 ], [ 110.543942522000066, -7.622855603999938, 0.0 ], [ 110.543946703000074, -7.622856249999927, 0.0 ], [ 110.543950875000064, -7.622857041999964, 0.0 ], [ 110.543959204000089, -7.622858901999962, 0.0 ], [ 110.544014828000059, -7.622872708999978, 0.0 ], [ 110.544023401000061, -7.622874980999939, 0.0 ], [ 110.544031903000075, -7.622877478999953, 0.0 ], [ 110.544039947000044, -7.622880194999937, 0.0 ], [ 110.544051895000052, -7.62288463799996, 0.0 ], [ 110.544083664000084, -7.622896995999952, 0.0 ], [ 110.544115886000043, -7.622909327999935, 0.0 ], [ 110.54412787800004, -7.622914130999959, 0.0 ], [ 110.544135753000035, -7.622917577999942, 0.0 ], [ 110.544139622000046, -7.622919435999961, 0.0 ], [ 110.544143449000046, -7.62292142299998, 0.0 ], [ 110.544147225000074, -7.622923508999975, 0.0 ], [ 110.544150967000064, -7.622925667999937, 0.0 ], [ 110.54415838400007, -7.622930124999925, 0.0 ], [ 110.544182195000076, -7.622943599999928, 0.0 ], [ 110.544203621000065, -7.622960602999967, 0.0 ], [ 110.544222138000066, -7.622980718999941, 0.0 ], [ 110.544237299000088, -7.623003460999939, 0.0 ], [ 110.544248733000074, -7.623028277999936, 0.0 ], [ 110.544256166000082, -7.623054563999972, 0.0 ], [ 110.544270407000056, -7.623177642999963, 0.0 ], [ 110.544275913000035, -7.623262207999971, 0.0 ], [ 110.544278457000075, -7.623301279999964, 0.0 ], [ 110.544280295000078, -7.623425161999933, 0.0 ], [ 110.544278075000079, -7.623470107999935, 0.0 ], [ 110.544281595000086, -7.623514972999942, 0.0 ], [ 110.544282649000081, -7.623520022999969, 0.0 ], [ 110.544283316000076, -7.623523216999956, 0.0 ], [ 110.544290796000041, -7.623559026999942, 0.0 ], [ 110.544305532000067, -7.62360155999994, 0.0 ], [ 110.544325561000051, -7.62364187999998, 0.0 ], [ 110.544354337000073, -7.623674834999974, 0.0 ], [ 110.544387305000043, -7.623703617999979, 0.0 ], [ 110.544423860000052, -7.623727703999975, 0.0 ], [ 110.544463337000082, -7.623746652999955, 0.0 ], [ 110.54447037400007, -7.623748926999951, 0.0 ], [ 110.544505013000048, -7.62376011799995, 0.0 ], [ 110.544548129000077, -7.623767852999947, 0.0 ], [ 110.544571465000047, -7.623772302999953, 0.0 ], [ 110.544593814000052, -7.62378033899995, 0.0 ], [ 110.544614630000069, -7.623791763999975, 0.0 ], [ 110.544633398000087, -7.623806296999931, 0.0 ], [ 110.544649656000047, -7.623823580999954, 0.0 ], [ 110.544663003000039, -7.623843188999956, 0.0 ], [ 110.544673114000034, -7.623864638999976, 0.0 ], [ 110.544679736000035, -7.623887402999969, 0.0 ], [ 110.54466986500006, -7.623929351999948, 0.0 ], [ 110.544654866000087, -7.623969759999966, 0.0 ], [ 110.54463497200004, -7.624008004999951, 0.0 ], [ 110.544610487000057, -7.624043499999971, 0.0 ], [ 110.544573427000046, -7.624078956999938, 0.0 ], [ 110.54455841500004, -7.624093315999971, 0.0 ], [ 110.544503148000047, -7.624139599999978, 0.0 ], [ 110.544444927000086, -7.624182112999961, 0.0 ], [ 110.544384009000055, -7.624220682999976, 0.0 ], [ 110.544351285000062, -7.624237764999975, 0.0 ], [ 110.544314539000084, -7.624256946999935, 0.0 ], [ 110.544258529000047, -7.624288192999927, 0.0 ], [ 110.544205964000071, -7.624324919999935, 0.0 ], [ 110.544157383000083, -7.624366751999958, 0.0 ], [ 110.544114816000047, -7.62441182799995, 0.0 ], [ 110.544113733000074, -7.624413202999961, 0.0 ], [ 110.544076481000047, -7.624460538999926, 0.0 ], [ 110.544042691000072, -7.624512489999972, 0.0 ], [ 110.544017770000039, -7.624559596999973, 0.0 ], [ 110.544013716000052, -7.624567260999981, 0.0 ], [ 110.543989793000037, -7.624624409999967, 0.0 ], [ 110.543971115000033, -7.624683471999958, 0.0 ], [ 110.543957834000082, -7.624743968999951, 0.0 ], [ 110.543948259000047, -7.624786427999936, 0.0 ], [ 110.54394452400004, -7.624829787999943, 0.0 ], [ 110.543946412000082, -7.624867570999982, 0.0 ], [ 110.543946696000035, -7.624873254999954, 0.0 ], [ 110.543954736000046, -7.624916028999962, 0.0 ], [ 110.543968497000037, -7.624957326999947, 0.0 ], [ 110.54396872500007, -7.624957862999963, 0.0 ], [ 110.543988622000086, -7.625004510999929, 0.0 ], [ 110.543962905000058, -7.625013291999949, 0.0 ], [ 110.543934669000066, -7.625033834999954, 0.0 ], [ 110.543910874000062, -7.625061435999953, 0.0 ], [ 110.543892791000076, -7.625070001999973, 0.0 ], [ 110.543876610000041, -7.625066194999931, 0.0 ], [ 110.543855671000074, -7.625066194999931, 0.0 ], [ 110.543829973000072, -7.625080471999979, 0.0 ], [ 110.543813792000037, -7.625109025999961, 0.0 ], [ 110.543807130000062, -7.625146144999974, 0.0 ], [ 110.543818552000062, -7.625188974999958, 0.0 ], [ 110.543848225000033, -7.625258793999933, 0.0 ], [ 110.543809, -7.625218, 0.0 ], [ 110.543789348000075, -7.625193122999974, 0.0 ], [ 110.543646267000042, -7.625011996999945, 0.0 ], [ 110.54363679000005, -7.625, 0.0 ], [ 110.543636, -7.624999, 0.0 ], [ 110.543628, -7.624989, 0.0 ], [ 110.543458538000039, -7.624816160999956, 0.0 ], [ 110.543327, -7.62468200099994, 0.0 ], [ 110.543182, -7.624388000999943, 0.0 ], [ 110.543075, -7.624163, 0.0 ], [ 110.542874, -7.623922000999926, 0.0 ], [ 110.542704, -7.623748000999967, 0.0 ], [ 110.542637, -7.623569000999964, 0.0 ], [ 110.542568999000082, -7.62333, 0.0 ], [ 110.541858, -7.62272, 0.0 ], [ 110.541687, -7.62257, 0.0 ], [ 110.541640824000069, -7.622373081999967, 0.0 ], [ 110.541532, -7.621909, 0.0 ], [ 110.541432, -7.621516, 0.0 ], [ 110.541356, -7.621356, 0.0 ], [ 110.540772, -7.620955, 0.0 ], [ 110.540637, -7.620857, 0.0 ], [ 110.540667, -7.620493, 0.0 ], [ 110.540671, -7.620408, 0.0 ], [ 110.540577, -7.620321, 0.0 ], [ 110.5401, -7.620295000999931, 0.0 ], [ 110.539884, -7.620289, 0.0 ], [ 110.539587, -7.62008100099996, 0.0 ], [ 110.539559, -7.620054, 0.0 ], [ 110.539553, -7.620015, 0.0 ], [ 110.539474, -7.61994, 0.0 ], [ 110.539226, -7.61984, 0.0 ], [ 110.539089, -7.619743, 0.0 ], [ 110.539027, -7.619613000999948, 0.0 ], [ 110.539032, -7.619446, 0.0 ], [ 110.539055, -7.619127000999981, 0.0 ], [ 110.538955, -7.619067000999962, 0.0 ], [ 110.538744, -7.619038, 0.0 ], [ 110.538507, -7.618969000999925, 0.0 ], [ 110.538401, -7.618864, 0.0 ], [ 110.538027, -7.618433, 0.0 ], [ 110.537879, -7.618406, 0.0 ], [ 110.537407, -7.618358, 0.0 ], [ 110.536803, -7.618056, 0.0 ], [ 110.53677, -7.617922, 0.0 ], [ 110.536697, -7.617477, 0.0 ], [ 110.536601999000084, -7.617295, 0.0 ], [ 110.536455, -7.61714, 0.0 ], [ 110.536423, -7.617106, 0.0 ], [ 110.536243, -7.617016, 0.0 ], [ 110.536142, -7.617051, 0.0 ], [ 110.53612, -7.617132, 0.0 ], [ 110.536118, -7.61714, 0.0 ], [ 110.536062, -7.617329000999973, 0.0 ], [ 110.535987, -7.61734900099998, 0.0 ], [ 110.53589899900004, -7.617276, 0.0 ], [ 110.535756, -7.617139, 0.0 ], [ 110.535581, -7.616971, 0.0 ], [ 110.535396, -7.61683, 0.0 ], [ 110.535235999000065, -7.616635, 0.0 ], [ 110.535122, -7.616384, 0.0 ], [ 110.534902, -7.615796, 0.0 ], [ 110.534731, -7.615377, 0.0 ], [ 110.534514999000066, -7.615194, 0.0 ], [ 110.534059, -7.614893000999928, 0.0 ], [ 110.533652, -7.614569, 0.0 ], [ 110.533608740000034, -7.614526220999949, 0.0 ], [ 110.533562, -7.61448, 0.0 ], [ 110.533264, -7.614179, 0.0 ], [ 110.532601, -7.613189, 0.0 ], [ 110.532443, -7.612899, 0.0 ], [ 110.532184, -7.612255, 0.0 ], [ 110.531945, -7.611694000999933, 0.0 ], [ 110.531731, -7.611365000999967, 0.0 ], [ 110.531436, -7.611034, 0.0 ], [ 110.531081, -7.610752, 0.0 ], [ 110.530745, -7.610566, 0.0 ], [ 110.530413, -7.610367000999929, 0.0 ], [ 110.530323440000075, -7.610278163999965, 0.0 ], [ 110.530165, -7.610121, 0.0 ], [ 110.530053, -7.609942, 0.0 ], [ 110.529958, -7.609645000999933, 0.0 ], [ 110.52985, -7.609501, 0.0 ], [ 110.529674, -7.609385, 0.0 ], [ 110.529376, -7.609266, 0.0 ], [ 110.529185, -7.609195, 0.0 ], [ 110.529101, -7.609081000999936, 0.0 ], [ 110.529036, -7.608827000999952, 0.0 ], [ 110.528931, -7.608671000999948, 0.0 ], [ 110.528712, -7.608515000999944, 0.0 ], [ 110.528379, -7.608391, 0.0 ], [ 110.528165, -7.60826, 0.0 ], [ 110.528095201000042, -7.608180923999953, 0.0 ], [ 110.528007, -7.608081, 0.0 ], [ 110.527796, -7.60782, 0.0 ], [ 110.527595, -7.607703, 0.0 ], [ 110.527171, -7.607499, 0.0 ], [ 110.52706, -7.607436, 0.0 ], [ 110.52702, -7.607414, 0.0 ], [ 110.527, -7.607314, 0.0 ], [ 110.526849999000035, -7.606928, 0.0 ], [ 110.52675399900005, -7.606842, 0.0 ], [ 110.52665, -7.606862, 0.0 ], [ 110.526557, -7.606867, 0.0 ], [ 110.526334, -7.606775, 0.0 ], [ 110.526206, -7.606584000999931, 0.0 ], [ 110.526079, -7.606461, 0.0 ], [ 110.525913999000068, -7.606414, 0.0 ], [ 110.525687, -7.606423, 0.0 ], [ 110.525032, -7.606521, 0.0 ], [ 110.524376, -7.606243, 0.0 ], [ 110.524169175000054, -7.606141948999948, 0.0 ], [ 110.524157, -7.606136000999925, 0.0 ], [ 110.52385, -7.606154000999936, 0.0 ], [ 110.523713410000084, -7.606131795999943, 0.0 ], [ 110.523647, -7.606121, 0.0 ], [ 110.523374601000057, -7.606045961999939, 0.0 ], [ 110.523117, -7.605975, 0.0 ], [ 110.523116414000071, -7.60597489099996, 0.0 ], [ 110.523116561000052, -7.605976471999952, 0.0 ], [ 110.523116582000057, -7.605976701999964, 0.0 ], [ 110.523084861000086, -7.605970724999963, 0.0 ], [ 110.522676267000065, -7.605783481999936, 0.0 ], [ 110.522752410000066, -7.605762066999944, 0.0 ], [ 110.522814276000076, -7.605721614999936, 0.0 ], [ 110.522835691000068, -7.605645472999981, 0.0 ], [ 110.522826174000045, -7.605605021999963, 0.0 ], [ 110.522734, -7.605524, 0.0 ], [ 110.522509705000061, -7.605319486999974, 0.0 ], [ 110.522397871000067, -7.60524096499995, 0.0 ], [ 110.522205134000046, -7.605076781999969, 0.0 ], [ 110.522100438000052, -7.605003017999934, 0.0 ], [ 110.522036192000087, -7.604964946999928, 0.0 ], [ 110.521950532000062, -7.604888804999973, 0.0 ], [ 110.521907701000089, -7.604819799999973, 0.0 ], [ 110.521891045000075, -7.604734138999959, 0.0 ], [ 110.521902942000054, -7.604643719999956, 0.0 ], [ 110.521917219000045, -7.604581853999946, 0.0 ], [ 110.522019536000073, -7.604393875999961, 0.0 ], [ 110.522099, -7.604268, 0.0 ], [ 110.52216, -7.60411, 0.0 ], [ 110.522171821000086, -7.60403219899996, 0.0 ], [ 110.522155165000072, -7.603967952999938, 0.0 ], [ 110.522114715000043, -7.603896568999971, 0.0 ], [ 110.522095679000074, -7.603834702999961, 0.0 ], [ 110.522126612000079, -7.603725247999932, 0.0 ], [ 110.522145648000048, -7.603665761999935, 0.0 ], [ 110.522217031000082, -7.603518234999967, 0.0 ], [ 110.522323960000051, -7.603342721999979, 0.0 ], [ 110.522324493000042, -7.603341846999967, 0.0 ], [ 110.522355040000036, -7.603227939999954, 0.0 ], [ 110.522343142000068, -7.603166074999933, 0.0 ], [ 110.522305071000062, -7.603099449999945, 0.0 ], [ 110.522212272000047, -7.603013788999931, 0.0 ], [ 110.521924358000035, -7.602842467999949, 0.0 ], [ 110.521695929000089, -7.602716355999974, 0.0 ], [ 110.521610269000064, -7.602692561999959, 0.0 ], [ 110.521479398000054, -7.602656869999976, 0.0 ], [ 110.521279523000032, -7.60251410199993, 0.0 ], [ 110.521220037000035, -7.602442718999953, 0.0 ], [ 110.521212837000064, -7.602436670999964, 0.0 ], [ 110.521160551000037, -7.602392749999979, 0.0 ], [ 110.520974952000074, -7.602297571999941, 0.0 ], [ 110.520886912000037, -7.60226425899998, 0.0 ], [ 110.52075366300005, -7.602131008999947, 0.0 ], [ 110.520641828000066, -7.602059625999971, 0.0 ], [ 110.520515716000034, -7.60199062099997, 0.0 ], [ 110.520418159000087, -7.601935892999961, 0.0 ], [ 110.520296806000033, -7.601878785999929, 0.0 ], [ 110.520158797000079, -7.601835955999945, 0.0 ], [ 110.52004934200005, -7.601795504999927, 0.0 ], [ 110.51996130200007, -7.601800263999962, 0.0 ], [ 110.519875642000045, -7.601800263999962, 0.0 ], [ 110.519797119000089, -7.601812160999941, 0.0 ], [ 110.519704320000073, -7.601802642999928, 0.0 ], [ 110.519654352000089, -7.601766951999934, 0.0 ], [ 110.51927511100007, -7.601641947999951, 0.0 ], [ 110.519259005000038, -7.601638053999977, 0.0 ], [ 110.519242478000081, -7.60163681399996, 0.0 ], [ 110.519225969000047, -7.601638261999938, 0.0 ], [ 110.519088552000085, -7.601661659999934, 0.0 ], [ 110.519067739000036, -7.601663667999958, 0.0 ], [ 110.519046853000077, -7.601662647999945, 0.0 ], [ 110.519026336000081, -7.601658621999945, 0.0 ], [ 110.518978584000081, -7.601645598999937, 0.0 ], [ 110.518939222000085, -7.601628103999928, 0.0 ], [ 110.518892924000056, -7.601607526999942, 0.0 ], [ 110.518795366000063, -7.601564696999958, 0.0 ], [ 110.518581214000051, -7.601538522999931, 0.0 ], [ 110.518375323000043, -7.601540344999933, 0.0 ], [ 110.51833416900007, -7.601537621999967, 0.0 ], [ 110.518293887000084, -7.60152878599996, 0.0 ], [ 110.518255383000053, -7.601514037999948, 0.0 ], [ 110.51808585100008, -7.601434069999925, 0.0 ], [ 110.518059501000039, -7.60142394899998, 0.0 ], [ 110.518031944000086, -7.601417821999974, 0.0 ], [ 110.517964391000078, -7.601407970999958, 0.0 ], [ 110.517946174000087, -7.60140423799993, 0.0 ], [ 110.517928507000079, -7.60139844899993, 0.0 ], [ 110.517777, -7.601339, 0.0 ], [ 110.517736, -7.601332, 0.0 ], [ 110.51753595100007, -7.601316028999975, 0.0 ], [ 110.517491421000045, -7.60131247399994, 0.0 ], [ 110.517446567000036, -7.601306493999971, 0.0 ], [ 110.517417496000064, -7.601304934999973, 0.0 ], [ 110.517388542000049, -7.601307967999958, 0.0 ], [ 110.517360431000043, -7.601315516999932, 0.0 ], [ 110.517333863000033, -7.601327393999952, 0.0 ], [ 110.517309503000035, -7.601343300999929, 0.0 ], [ 110.517287961000079, -7.601362840999968, 0.0 ], [ 110.517253, -7.6014, 0.0 ], [ 110.517163056000072, -7.601488553999957, 0.0 ], [ 110.517056, -7.601591, 0.0 ], [ 110.516919714000039, -7.601766082999973, 0.0 ], [ 110.516919, -7.601767, 0.0 ], [ 110.516792, -7.601941, 0.0 ], [ 110.516333923000047, -7.602436670999964, 0.0 ], [ 110.516292527000076, -7.602481462999947, 0.0 ], [ 110.516062, -7.602746, 0.0 ], [ 110.515847214000075, -7.602923369999928, 0.0 ], [ 110.515715, -7.603064, 0.0 ], [ 110.515614027000083, -7.603156556999977, 0.0 ], [ 110.515355637000084, -7.602908362999926, 0.0 ], [ 110.514876088000051, -7.602436670999964, 0.0 ], [ 110.514624868000055, -7.602189564999946, 0.0 ], [ 110.514572987000065, -7.60212122799993, 0.0 ], [ 110.51440967700006, -7.601906114999963, 0.0 ], [ 110.514133880000088, -7.601542833999929, 0.0 ], [ 110.513234877000059, -7.600722026999961, 0.0 ], [ 110.51297334700007, -7.600491537999972, 0.0 ], [ 110.512934984000083, -7.600437179999972, 0.0 ], [ 110.512916963000066, -7.60041558599994, 0.0 ], [ 110.512895694000065, -7.600397166999926, 0.0 ], [ 110.512871733000054, -7.60038240199998, 0.0 ], [ 110.512845703000039, -7.600371674999963, 0.0 ], [ 110.512833888000046, -7.600367887999937, 0.0 ], [ 110.512780657000064, -7.600352032999979, 0.0 ], [ 110.512685728000065, -7.600303103999977, 0.0 ], [ 110.512652307000053, -7.60028005199996, 0.0 ], [ 110.512647155000082, -7.600275927999974, 0.0 ], [ 110.512642640000081, -7.600271117999966, 0.0 ], [ 110.512638854000045, -7.600265716999957, 0.0 ], [ 110.512632801000052, -7.600255624999932, 0.0 ], [ 110.512626265000051, -7.600246500999958, 0.0 ], [ 110.512618337000049, -7.600238550999961, 0.0 ], [ 110.512609224000073, -7.600231985999926, 0.0 ], [ 110.512599167000076, -7.600226976999977, 0.0 ], [ 110.51258843100004, -7.600223656999958, 0.0 ], [ 110.512577297000064, -7.600222113999962, 0.0 ], [ 110.512566061000086, -7.600222385999928, 0.0 ], [ 110.512555017000068, -7.600224468999954, 0.0 ], [ 110.512544455000068, -7.600228305999963, 0.0 ], [ 110.512501218000068, -7.600248114999943, 0.0 ], [ 110.512466672000073, -7.600253101999954, 0.0 ], [ 110.51243501600004, -7.600248040999929, 0.0 ], [ 110.512416580000036, -7.600248019999981, 0.0 ], [ 110.512410333000048, -7.600248546999978, 0.0 ], [ 110.512404267000079, -7.600250124999945, 0.0 ], [ 110.51239855700004, -7.60025270899996, 0.0 ], [ 110.512383912000075, -7.600260906999949, 0.0 ], [ 110.512372506000077, -7.600264053999979, 0.0 ], [ 110.512362870000061, -7.600265847999935, 0.0 ], [ 110.512353069000085, -7.600265978999971, 0.0 ], [ 110.51234338900008, -7.600264445999926, 0.0 ], [ 110.51230548400008, -7.60025507499995, 0.0 ], [ 110.512277425000036, -7.600251453999931, 0.0 ], [ 110.512253675000068, -7.600254298999971, 0.0 ], [ 110.512253519000069, -7.600254335999978, 0.0 ], [ 110.512238284000034, -7.600256639999941, 0.0 ], [ 110.512222879000035, -7.600256297999977, 0.0 ], [ 110.51220776100007, -7.600253318999933, 0.0 ], [ 110.512193382000078, -7.600247793999927, 0.0 ], [ 110.512180168000043, -7.600239884999951, 0.0 ], [ 110.51216519500008, -7.600229069999955, 0.0 ], [ 110.512138481000079, -7.600220086999968, 0.0 ], [ 110.51213226200008, -7.600218541999936, 0.0 ], [ 110.512125874000048, -7.600218016999975, 0.0 ], [ 110.512111755000035, -7.600218000999973, 0.0 ], [ 110.512100051000061, -7.600217069999928, 0.0 ], [ 110.512088637000033, -7.600214326999946, 0.0 ], [ 110.512077792000071, -7.600209839999934, 0.0 ], [ 110.512067783000077, -7.600203715999953, 0.0 ], [ 110.512058854000088, -7.600196108999967, 0.0 ], [ 110.51205122600004, -7.600187203999951, 0.0 ], [ 110.512045086000057, -7.600177218999931, 0.0 ], [ 110.512040584000033, -7.600166399999978, 0.0 ], [ 110.512026915000035, -7.600124568999945, 0.0 ], [ 110.512008983000044, -7.600073092999935, 0.0 ], [ 110.512003159000074, -7.60003857099997, 0.0 ], [ 110.511996109000052, -7.600010003999955, 0.0 ], [ 110.511984874000063, -7.599982802999932, 0.0 ], [ 110.511969707000048, -7.599957573999973, 0.0 ], [ 110.511950945000081, -7.599934876999953, 0.0 ], [ 110.511919229000057, -7.599901872999965, 0.0 ], [ 110.511896106000052, -7.599879574999932, 0.0 ], [ 110.51188514200004, -7.599870248999935, 0.0 ], [ 110.511873101000049, -7.599862356999949, 0.0 ], [ 110.511799392000057, -7.599820367999939, 0.0 ], [ 110.511764645000085, -7.599791608999965, 0.0 ], [ 110.511679555000057, -7.599737664999964, 0.0 ], [ 110.511648280000088, -7.599713149999957, 0.0 ], [ 110.511639236000065, -7.599707244999934, 0.0 ], [ 110.511629307000078, -7.599702984999965, 0.0 ], [ 110.511618791000046, -7.599700494999979, 0.0 ], [ 110.511586057000045, -7.599695677999932, 0.0 ], [ 110.511557333000042, -7.599690996999925, 0.0 ], [ 110.511547143000087, -7.599688705999938, 0.0 ], [ 110.511537298000064, -7.59968521899998, 0.0 ], [ 110.511527940000065, -7.599680586999966, 0.0 ], [ 110.51148555900005, -7.599656358999937, 0.0 ], [ 110.511474219000036, -7.59965101399996, 0.0 ], [ 110.511462179000034, -7.599647512999979, 0.0 ], [ 110.511419189000037, -7.599638611999978, 0.0 ], [ 110.51140964700005, -7.599635838999973, 0.0 ], [ 110.511400658000071, -7.59963160999996, 0.0 ], [ 110.51139244400008, -7.599626025999953, 0.0 ], [ 110.511385209000082, -7.599619227999938, 0.0 ], [ 110.51137508100004, -7.599608085999932, 0.0 ], [ 110.511304400000085, -7.599538601999939, 0.0 ], [ 110.511246715000084, -7.599497690999954, 0.0 ], [ 110.51124076800005, -7.599492788999953, 0.0 ], [ 110.511235592000048, -7.59948708099995, 0.0 ], [ 110.511227517000066, -7.599473776999957, 0.0 ], [ 110.511222441000086, -7.599466600999961, 0.0 ], [ 110.511216407000063, -7.599460204999957, 0.0 ], [ 110.511209536000081, -7.599454712999943, 0.0 ], [ 110.511201962000086, -7.599450234999949, 0.0 ], [ 110.511165403000064, -7.599431944999935, 0.0 ], [ 110.511103067000079, -7.599406744999953, 0.0 ], [ 110.511057528000038, -7.599376777999964, 0.0 ], [ 110.511003597000069, -7.599344408999968, 0.0 ], [ 110.510948490000033, -7.599290497999959, 0.0 ], [ 110.510899377000044, -7.599238986999978, 0.0 ], [ 110.510853863000079, -7.599186283999927, 0.0 ], [ 110.510820354000089, -7.599124020999966, 0.0 ], [ 110.510777236000081, -7.599073713999928, 0.0 ], [ 110.510731263000082, -7.599022949999949, 0.0 ], [ 110.510723182000049, -7.599015029999975, 0.0 ], [ 110.510714214000075, -7.599008124999955, 0.0 ], [ 110.510704487000055, -7.59900233299993, 0.0 ], [ 110.510684982000043, -7.598992238999926, 0.0 ], [ 110.510627445000068, -7.598967044999938, 0.0 ], [ 110.510542317000045, -7.598947801999941, 0.0 ], [ 110.510485987000038, -7.598915429999977, 0.0 ], [ 110.51045354300004, -7.598883815999955, 0.0 ], [ 110.510445478000065, -7.598874658999932, 0.0 ], [ 110.510438902000033, -7.598864385999946, 0.0 ], [ 110.510433966000051, -7.598853234999979, 0.0 ], [ 110.510430788000065, -7.598841464999964, 0.0 ], [ 110.510429439000063, -7.598829348999971, 0.0 ], [ 110.510429952000038, -7.598817168999972, 0.0 ], [ 110.510431942000082, -7.598800445999927, 0.0 ], [ 110.510432522000087, -7.598785509999971, 0.0 ], [ 110.510430724000059, -7.598770668999975, 0.0 ], [ 110.510426593000034, -7.59875630099998, 0.0 ], [ 110.510420234000037, -7.598742766999976, 0.0 ], [ 110.510411806000036, -7.598730407999938, 0.0 ], [ 110.510401523000041, -7.598719536999965, 0.0 ], [ 110.510389644000043, -7.598710428999937, 0.0 ], [ 110.51037647000004, -7.598703311999941, 0.0 ], [ 110.510362333000046, -7.59869836699994, 0.0 ], [ 110.510308753000061, -7.598684279999929, 0.0 ], [ 110.510266800000068, -7.598663889999955, 0.0 ], [ 110.51021144200007, -7.598615094999957, 0.0 ], [ 110.510200767000072, -7.598607032999951, 0.0 ], [ 110.510188998000046, -7.598600663999946, 0.0 ], [ 110.51017640300006, -7.598596135999969, 0.0 ], [ 110.510161344000039, -7.598591972999941, 0.0 ], [ 110.510114591000047, -7.598575166999979, 0.0 ], [ 110.510079832000088, -7.598557177999965, 0.0 ], [ 110.510043879000079, -7.598534401999927, 0.0 ], [ 110.510019929000066, -7.59850206599998, 0.0 ], [ 110.509998258000053, -7.598460584999941, 0.0 ], [ 110.509991601000081, -7.598449978999952, 0.0 ], [ 110.509983353000052, -7.598440550999953, 0.0 ], [ 110.509943289000034, -7.59840146199997, 0.0 ], [ 110.509848619000081, -7.598335539999937, 0.0 ], [ 110.509775541000067, -7.598266052999975, 0.0 ], [ 110.509726517000047, -7.598231821999946, 0.0 ], [ 110.509718062000047, -7.59822481599997, 0.0 ], [ 110.509710873000074, -7.598216519999937, 0.0 ], [ 110.509705146000044, -7.598207158999969, 0.0 ], [ 110.509701036000081, -7.598196987999927, 0.0 ], [ 110.509698655000079, -7.598186280999926, 0.0 ], [ 110.509695307000072, -7.598161854999944, 0.0 ], [ 110.509674966000034, -7.598121145999926, 0.0 ], [ 110.509646218000057, -7.598090001999935, 0.0 ], [ 110.509592301000055, -7.598044468999944, 0.0 ], [ 110.509544379000033, -7.598001335999982, 0.0 ], [ 110.509513840000068, -7.597976030999973, 0.0 ], [ 110.509509070000036, -7.597972681999977, 0.0 ], [ 110.50950382700006, -7.597970132999933, 0.0 ], [ 110.509498244000042, -7.59796844899995, 0.0 ], [ 110.509492463000072, -7.597967671999982, 0.0 ], [ 110.509486633000051, -7.597967823999966, 0.0 ], [ 110.509480901000074, -7.597968898999966, 0.0 ], [ 110.509475413000075, -7.597970869999926, 0.0 ], [ 110.509440056000074, -7.597986858999946, 0.0 ], [ 110.50939601500005, -7.597998462999954, 0.0 ], [ 110.509388717000036, -7.597999871999946, 0.0 ], [ 110.509381296000072, -7.598000290999948, 0.0 ], [ 110.50937388400007, -7.597999713999968, 0.0 ], [ 110.509366618000058, -7.597998151999946, 0.0 ], [ 110.509314135000068, -7.597983125999974, 0.0 ], [ 110.509241010000039, -7.597954324999932, 0.0 ], [ 110.509201813000061, -7.597937899999977, 0.0 ], [ 110.509193488000051, -7.597935040999971, 0.0 ], [ 110.509184858000083, -7.597933300999955, 0.0 ], [ 110.509176074000038, -7.597932710999942, 0.0 ], [ 110.509146291000036, -7.59793267799995, 0.0 ], [ 110.509096072000034, -7.597935126999971, 0.0 ], [ 110.509078985000087, -7.597934629999941, 0.0 ], [ 110.509062183000083, -7.597931494999955, 0.0 ], [ 110.509046072000046, -7.597925793999934, 0.0 ], [ 110.50903104300005, -7.597917666999933, 0.0 ], [ 110.509017460000052, -7.597907312999951, 0.0 ], [ 110.509005653000088, -7.597894978999932, 0.0 ], [ 110.50896984700006, -7.597851211999966, 0.0 ], [ 110.508962352000083, -7.597843326999964, 0.0 ], [ 110.508953770000062, -7.597836633999975, 0.0 ], [ 110.508916164000084, -7.597811556999943, 0.0 ], [ 110.508869429000072, -7.597779195999976, 0.0 ], [ 110.50882508400008, -7.597754015999953, 0.0 ], [ 110.508765156000038, -7.597721639999975, 0.0 ], [ 110.508718404000035, -7.597703636999938, 0.0 ], [ 110.508697101000052, -7.597687247999943, 0.0 ], [ 110.508692588000088, -7.597683233999931, 0.0 ], [ 110.508688692000078, -7.597678621999933, 0.0 ], [ 110.508685491000051, -7.597673504999932, 0.0 ], [ 110.508683050000059, -7.597667985999976, 0.0 ], [ 110.508676491000074, -7.597649740999941, 0.0 ], [ 110.50864989300004, -7.597618154999964, 0.0 ], [ 110.508636578000051, -7.597604842999942, 0.0 ], [ 110.50862118200007, -7.597593992999975, 0.0 ], [ 110.508604157000036, -7.597585921999951, 0.0 ], [ 110.508586003000062, -7.59758086599993, 0.0 ], [ 110.508525977000033, -7.597569565999947, 0.0 ], [ 110.508512487000075, -7.597565961999976, 0.0 ], [ 110.508499688000086, -7.597560384999952, 0.0 ], [ 110.508487870000067, -7.597552959999973, 0.0 ], [ 110.508477299000049, -7.597543852999934, 0.0 ], [ 110.508468212000082, -7.597533271999964, 0.0 ], [ 110.508362572000067, -7.597389715999952, 0.0 ], [ 110.508345021000082, -7.597352637999961, 0.0 ], [ 110.508342825000057, -7.597346945999959, 0.0 ], [ 110.508341490000078, -7.597340992999932, 0.0 ], [ 110.508341047000044, -7.597334909999972, 0.0 ], [ 110.508341088000066, -7.597298747999957, 0.0 ], [ 110.508343498000045, -7.597283632999961, 0.0 ], [ 110.508360719000052, -7.597261514999957, 0.0 ], [ 110.508484584000087, -7.597174540999958, 0.0 ], [ 110.508619018000047, -7.597074174999932, 0.0 ], [ 110.50874576800004, -7.596982416999936, 0.0 ], [ 110.508893666000063, -7.596854304999965, 0.0 ], [ 110.509036786000081, -7.596708955999929, 0.0 ], [ 110.509263487000055, -7.59646605599994, 0.0 ], [ 110.509561289000033, -7.596075492999944, 0.0 ], [ 110.509651639000083, -7.595931998999959, 0.0 ], [ 110.50970015200005, -7.595870290999926, 0.0 ], [ 110.509755406000068, -7.59580000699998, 0.0 ], [ 110.50986221900007, -7.59567255199994, 0.0 ], [ 110.509868796000035, -7.595663255999966, 0.0 ], [ 110.509873768000034, -7.595653013999936, 0.0 ], [ 110.509877001000064, -7.595642101999942, 0.0 ], [ 110.509878411000045, -7.595630809999932, 0.0 ], [ 110.50987796000004, -7.595619438999961, 0.0 ], [ 110.509875657000066, -7.595608293999931, 0.0 ], [ 110.509871568000051, -7.59559767199994, 0.0 ], [ 110.509865799000067, -7.595587854999962, 0.0 ], [ 110.509858505000068, -7.595579106999935, 0.0 ], [ 110.509849881000036, -7.595571661999941, 0.0 ], [ 110.509816457000056, -7.595547266999972, 0.0 ], [ 110.509772109000039, -7.595524480999927, 0.0 ], [ 110.509742829000061, -7.59550891799995, 0.0 ], [ 110.509733479000033, -7.595504934999951, 0.0 ], [ 110.509723583000039, -7.595502605999968, 0.0 ], [ 110.509667805000049, -7.595494446999965, 0.0 ], [ 110.509597055000086, -7.595488384999953, 0.0 ], [ 110.509520286000054, -7.595501460999969, 0.0 ], [ 110.509381337000036, -7.595494140999961, 0.0 ], [ 110.509360990000062, -7.595491540999944, 0.0 ], [ 110.509341257000074, -7.595485950999944, 0.0 ], [ 110.509322575000056, -7.595477495999944, 0.0 ], [ 110.509265680000055, -7.595446445999926, 0.0 ], [ 110.509192817000041, -7.595398498999941, 0.0 ], [ 110.509142986000086, -7.59534674899993, 0.0 ], [ 110.509075898000049, -7.595283489999929, 0.0 ], [ 110.509018424000033, -7.595203011999956, 0.0 ], [ 110.50896481500007, -7.595097646999932, 0.0 ], [ 110.508920799000066, -7.594994207999946, 0.0 ], [ 110.50881167700004, -7.59477198999997, 0.0 ], [ 110.508750409000072, -7.594653213999948, 0.0 ], [ 110.508694873000081, -7.594555505999949, 0.0 ], [ 110.508658506000074, -7.594475050999961, 0.0 ], [ 110.508631882000088, -7.594404489999931, 0.0 ], [ 110.508629513000074, -7.594396687999961, 0.0 ], [ 110.508628189000035, -7.594388642999945, 0.0 ], [ 110.50862793400006, -7.59438049399995, 0.0 ], [ 110.508628755000075, -7.59437238299995, 0.0 ], [ 110.508639507000055, -7.594308457999944, 0.0 ], [ 110.508641032000071, -7.59426287399998, 0.0 ], [ 110.50864047400006, -7.594250785999975, 0.0 ], [ 110.508638003000044, -7.594238939999968, 0.0 ], [ 110.508633684000074, -7.594227632999946, 0.0 ], [ 110.508627625000088, -7.594217151999942, 0.0 ], [ 110.508619980000049, -7.594207758999971, 0.0 ], [ 110.50861094000004, -7.59419969299995, 0.0 ], [ 110.508579694000048, -7.594175985999925, 0.0 ], [ 110.508572199000071, -7.594171069999959, 0.0 ], [ 110.508564100000058, -7.594167224999978, 0.0 ], [ 110.508527181000034, -7.594152704999942, 0.0 ], [ 110.508519147000072, -7.594148815999972, 0.0 ], [ 110.508511799000075, -7.594143752999969, 0.0 ], [ 110.508482136000055, -7.594119792999948, 0.0 ], [ 110.508473006000088, -7.594113487999948, 0.0 ], [ 110.508463034000044, -7.59410861899994, 0.0 ], [ 110.508452442000078, -7.594105293999974, 0.0 ], [ 110.508386467000037, -7.594089905999965, 0.0 ], [ 110.508336601000053, -7.594068788999948, 0.0 ], [ 110.508263743000043, -7.594017011999938, 0.0 ], [ 110.508219649000068, -7.593982498999935, 0.0 ], [ 110.508183250000059, -7.593930762999946, 0.0 ], [ 110.508156419000045, -7.59390201399998, 0.0 ], [ 110.508123868000041, -7.593840708999949, 0.0 ], [ 110.508106110000085, -7.593800719999933, 0.0 ], [ 110.508095814000058, -7.593781934999981, 0.0 ], [ 110.508082533000049, -7.593765116999975, 0.0 ], [ 110.508066640000038, -7.593750731999933, 0.0 ], [ 110.508018531000062, -7.59371398899998, 0.0 ], [ 110.507968629000061, -7.593675876999953, 0.0 ], [ 110.50793219500008, -7.593654773999958, 0.0 ], [ 110.507897677000074, -7.593635588999973, 0.0 ], [ 110.507877496000049, -7.593625088999943, 0.0 ], [ 110.507870291000074, -7.593622101999927, 0.0 ], [ 110.507862675000069, -7.593620404999967, 0.0 ], [ 110.507854881000071, -7.593620047999934, 0.0 ], [ 110.50784714200006, -7.593621041999938, 0.0 ], [ 110.507839692000061, -7.593623356999956, 0.0 ], [ 110.507832756000084, -7.593626922999931, 0.0 ], [ 110.507826543000078, -7.593631632999973, 0.0 ], [ 110.507807477000085, -7.59364888999994, 0.0 ], [ 110.507779624000079, -7.593660431999979, 0.0 ], [ 110.507772578000072, -7.593662665999943, 0.0 ], [ 110.507765254000049, -7.59366366699993, 0.0 ], [ 110.507757867000066, -7.593663405999962, 0.0 ], [ 110.507750633000057, -7.593661887999929, 0.0 ], [ 110.507743765000043, -7.593659158999969, 0.0 ], [ 110.507720927000037, -7.593647731999965, 0.0 ], [ 110.507715655000084, -7.593644565999966, 0.0 ], [ 110.507710933000055, -7.593640627999946, 0.0 ], [ 110.507640624000089, -7.593572114999972, 0.0 ], [ 110.507594647000076, -7.593519565999941, 0.0 ], [ 110.507571023000082, -7.593492564999963, 0.0 ], [ 110.50755943200005, -7.593480916999965, 0.0 ], [ 110.507546443000081, -7.593470844999956, 0.0 ], [ 110.507511850000071, -7.593447405999939, 0.0 ], [ 110.50750150600004, -7.593439015999934, 0.0 ], [ 110.507492751000086, -7.593428984999946, 0.0 ], [ 110.507443222000063, -7.593361284999958, 0.0 ], [ 110.507401356000059, -7.593311936999953, 0.0 ], [ 110.507392963000086, -7.593303476999949, 0.0 ], [ 110.507383357000037, -7.593296416999976, 0.0 ], [ 110.507372771000064, -7.593290928999977, 0.0 ], [ 110.507339701000035, -7.593276923999952, 0.0 ], [ 110.507295439000075, -7.59324407899993, 0.0 ], [ 110.50728139000006, -7.593231740999954, 0.0 ], [ 110.507269559000065, -7.593217272999937, 0.0 ], [ 110.507228381000061, -7.593157484999949, 0.0 ], [ 110.507220369000038, -7.593147027999976, 0.0 ], [ 110.507211339000037, -7.593137433999971, 0.0 ], [ 110.507172963000073, -7.593100589999949, 0.0 ], [ 110.507096296000043, -7.593023918999961, 0.0 ], [ 110.507055464000075, -7.592988715999979, 0.0 ], [ 110.507050184000036, -7.592983352999966, 0.0 ], [ 110.507045848000075, -7.592977203999965, 0.0 ], [ 110.507042573000035, -7.592970432999948, 0.0 ], [ 110.507040445000086, -7.592963219999945, 0.0 ], [ 110.507039521000081, -7.592955758999949, 0.0 ], [ 110.507039827000085, -7.592948246999981, 0.0 ], [ 110.507041353000034, -7.592940883999972, 0.0 ], [ 110.507044059000066, -7.592933867999932, 0.0 ], [ 110.507047872000044, -7.59292738299996, 0.0 ], [ 110.507052693000048, -7.592921603999969, 0.0 ], [ 110.507058391000044, -7.592916685999967, 0.0 ], [ 110.507064815000035, -7.592912756999965, 0.0 ], [ 110.507071794000069, -7.592909922999979, 0.0 ], [ 110.507086837000088, -7.59290520299993, 0.0 ], [ 110.50712339200004, -7.592887015999963, 0.0 ], [ 110.507143213000063, -7.59287489999997, 0.0 ], [ 110.507160626000086, -7.592859534999945, 0.0 ], [ 110.507282757000041, -7.592731193999953, 0.0 ], [ 110.507373019000056, -7.592664284999955, 0.0 ], [ 110.507419134000088, -7.592608813999959, 0.0 ], [ 110.507488315000046, -7.592518904999963, 0.0 ], [ 110.507567092000045, -7.592427092999969, 0.0 ], [ 110.507609954000088, -7.592350609999926, 0.0 ], [ 110.507612978000054, -7.592344056999934, 0.0 ], [ 110.507614941000043, -7.592337112999928, 0.0 ], [ 110.50761579300007, -7.592329947999929, 0.0 ], [ 110.507615515000055, -7.592322739999929, 0.0 ], [ 110.507614112000056, -7.59231566099993, 0.0 ], [ 110.507611621000081, -7.592308887999934, 0.0 ], [ 110.507608100000084, -7.592302586999949, 0.0 ], [ 110.507593320000069, -7.592280410999933, 0.0 ], [ 110.507588319000035, -7.592274056999941, 0.0 ], [ 110.507582380000088, -7.592268565999973, 0.0 ], [ 110.507575650000035, -7.592264072999967, 0.0 ], [ 110.507546958000034, -7.592248032999976, 0.0 ], [ 110.507539376000068, -7.592242995999925, 0.0 ], [ 110.507532653000055, -7.592236863999972, 0.0 ], [ 110.507526947000088, -7.592229779999968, 0.0 ], [ 110.507522391000066, -7.592221909999978, 0.0 ], [ 110.507519092000052, -7.592213438999977, 0.0 ], [ 110.507517128000075, -7.592204563999928, 0.0 ], [ 110.507513646000064, -7.592180047999932, 0.0 ], [ 110.507488779000084, -7.592111092999971, 0.0 ], [ 110.507460064000043, -7.592051706999939, 0.0 ], [ 110.507427499000073, -7.592003804999933, 0.0 ], [ 110.507408375000068, -7.59194634499994, 0.0 ], [ 110.507406502000038, -7.591906135999977, 0.0 ], [ 110.507389052000065, -7.591832631999978, 0.0 ], [ 110.507386911000083, -7.591825897999968, 0.0 ], [ 110.507383792000041, -7.591819555999962, 0.0 ], [ 110.507370868000066, -7.591797576999966, 0.0 ], [ 110.507368555000085, -7.591793001999974, 0.0 ], [ 110.507366841000078, -7.591788172999941, 0.0 ], [ 110.507349142000066, -7.591726097999981, 0.0 ], [ 110.507335785000066, -7.591660984999976, 0.0 ], [ 110.507328598000072, -7.591623885999979, 0.0 ], [ 110.507327407000048, -7.591613853999945, 0.0 ], [ 110.507327690000068, -7.591603755999927, 0.0 ], [ 110.507329440000035, -7.591593805999935, 0.0 ], [ 110.507332623000082, -7.591584214999955, 0.0 ], [ 110.507337168000049, -7.591575187999979, 0.0 ], [ 110.507342980000033, -7.591566915999977, 0.0 ], [ 110.507461917000057, -7.591421475999937, 0.0 ], [ 110.507526705000089, -7.591353980999941, 0.0 ], [ 110.507590495000045, -7.591287524999927, 0.0 ], [ 110.507669745000044, -7.591201457999944, 0.0 ], [ 110.507687140000087, -7.591180532999942, 0.0 ], [ 110.50770596600006, -7.591153874999975, 0.0 ], [ 110.507720373000041, -7.591124602999969, 0.0 ], [ 110.507730005000042, -7.591093439999952, 0.0 ], [ 110.507734627000048, -7.591061155999967, 0.0 ], [ 110.507734122000045, -7.59102854899993, 0.0 ], [ 110.507728503000067, -7.590996422999979, 0.0 ], [ 110.507726527000045, -7.590988743999958, 0.0 ], [ 110.507722975000036, -7.590967445999979, 0.0 ], [ 110.507723153000086, -7.590945855999962, 0.0 ], [ 110.507727054000043, -7.590924617999974, 0.0 ], [ 110.507734561000063, -7.590904368999929, 0.0 ], [ 110.507745452000052, -7.590885711999931, 0.0 ], [ 110.507804804000045, -7.590801688999932, 0.0 ], [ 110.507811237000055, -7.59079083599994, 0.0 ], [ 110.507815859000061, -7.590779100999953, 0.0 ], [ 110.50781855300005, -7.590766780999957, 0.0 ], [ 110.507819249000079, -7.590754190999974, 0.0 ], [ 110.507817930000044, -7.590741649999927, 0.0 ], [ 110.507814630000041, -7.590729478999947, 0.0 ], [ 110.507809433000034, -7.590717985999959, 0.0 ], [ 110.50778308200006, -7.590670279999927, 0.0 ], [ 110.50773539000005, -7.590583527999968, 0.0 ], [ 110.507730951000042, -7.590574271999969, 0.0 ], [ 110.507727561000081, -7.590564584999981, 0.0 ], [ 110.50770414200008, -7.590483515999949, 0.0 ], [ 110.507698257000072, -7.590449522999961, 0.0 ], [ 110.507694873000048, -7.590435920999937, 0.0 ], [ 110.507689563000042, -7.590422947999969, 0.0 ], [ 110.507682437000085, -7.590410872999939, 0.0 ], [ 110.507654871000057, -7.590371044999927, 0.0 ], [ 110.507651845000055, -7.590366012999937, 0.0 ], [ 110.507649491000052, -7.590360634999968, 0.0 ], [ 110.507637443000078, -7.590327457999933, 0.0 ], [ 110.507628873000044, -7.590308611999944, 0.0 ], [ 110.507617461000052, -7.590291329999957, 0.0 ], [ 110.50760348700004, -7.590276036999967, 0.0 ], [ 110.507587292000039, -7.590263106999942, 0.0 ], [ 110.507548518000078, -7.590236832999949, 0.0 ], [ 110.507500589000074, -7.590218257999936, 0.0 ], [ 110.507478138000067, -7.590207655999961, 0.0 ], [ 110.50745743300007, -7.590193964999969, 0.0 ], [ 110.507438897000043, -7.590177466999933, 0.0 ], [ 110.50742290900007, -7.590158498999926, 0.0 ], [ 110.507409797000037, -7.59013744899994, 0.0 ], [ 110.507384721000051, -7.590089908999971, 0.0 ], [ 110.50737752200007, -7.59007321699994, 0.0 ], [ 110.507373016000088, -7.590055609999979, 0.0 ], [ 110.507371310000053, -7.590037517999974, 0.0 ], [ 110.50737244700008, -7.590019380999934, 0.0 ], [ 110.507376400000055, -7.590001641999947, 0.0 ], [ 110.507383071000049, -7.589984732999937, 0.0 ], [ 110.50739229900006, -7.589969065999981, 0.0 ], [ 110.507474601000069, -7.589851432999978, 0.0 ], [ 110.50748238500006, -7.589820513999939, 0.0 ], [ 110.507485624000083, -7.589801554999951, 0.0 ], [ 110.507485902000042, -7.589782323999941, 0.0 ], [ 110.507483212000068, -7.589763278999953, 0.0 ], [ 110.507477616000074, -7.589744873999962, 0.0 ], [ 110.507469249000053, -7.589727547999928, 0.0 ], [ 110.507458310000061, -7.589711711999939, 0.0 ], [ 110.507445060000066, -7.589697742999931, 0.0 ], [ 110.507429813000044, -7.589685975999942, 0.0 ], [ 110.507391768000048, -7.589661043999968, 0.0 ], [ 110.507418, -7.589665, 0.0 ], [ 110.507702, -7.589904, 0.0 ], [ 110.508008, -7.590019, 0.0 ], [ 110.508405, -7.590131, 0.0 ], [ 110.50867, -7.590262000999928, 0.0 ], [ 110.508817, -7.590427, 0.0 ], [ 110.50896, -7.59072, 0.0 ], [ 110.509175, -7.59139, 0.0 ], [ 110.509294, -7.591719, 0.0 ], [ 110.509389, -7.591759, 0.0 ], [ 110.50948, -7.591749, 0.0 ], [ 110.509659, -7.591716, 0.0 ], [ 110.509862, -7.591716, 0.0 ], [ 110.510033, -7.591799, 0.0 ], [ 110.510162, -7.591953, 0.0 ], [ 110.510513, -7.592518, 0.0 ], [ 110.510561, -7.592772, 0.0 ], [ 110.510639, -7.593358, 0.0 ], [ 110.510799, -7.59359600099998, 0.0 ], [ 110.511007, -7.593807, 0.0 ], [ 110.511184, -7.593887, 0.0 ], [ 110.511823, -7.594044000999929, 0.0 ], [ 110.513073, -7.594959, 0.0 ], [ 110.513429, -7.5954, 0.0 ], [ 110.513686999000072, -7.595933, 0.0 ], [ 110.513818, -7.596013, 0.0 ], [ 110.513949, -7.596005, 0.0 ], [ 110.514246, -7.595961, 0.0 ], [ 110.514587, -7.595972, 0.0 ], [ 110.514759999000034, -7.596281, 0.0 ], [ 110.514839, -7.596443000999955, 0.0 ], [ 110.515108, -7.596737000999951, 0.0 ], [ 110.515318, -7.596802, 0.0 ], [ 110.515593, -7.596821, 0.0 ], [ 110.515768, -7.596759, 0.0 ], [ 110.515937, -7.596638000999974, 0.0 ], [ 110.516006999000069, -7.596504000999971, 0.0 ], [ 110.515964, -7.595973, 0.0 ], [ 110.515979, -7.595917000999975, 0.0 ], [ 110.516104999000049, -7.59591900099997, 0.0 ], [ 110.516309, -7.596059, 0.0 ], [ 110.516481, -7.596279, 0.0 ], [ 110.516559, -7.596483000999967, 0.0 ], [ 110.516477, -7.596882, 0.0 ], [ 110.516367, -7.597173, 0.0 ], [ 110.516332, -7.597299, 0.0 ], [ 110.516435, -7.597479000999954, 0.0 ], [ 110.516556, -7.597579, 0.0 ], [ 110.516747, -7.597617, 0.0 ], [ 110.516943999000034, -7.59757, 0.0 ], [ 110.517435, -7.59732300099995, 0.0 ], [ 110.51759, -7.597273, 0.0 ], [ 110.51771, -7.597289, 0.0 ], [ 110.517794, -7.597365, 0.0 ], [ 110.51753, -7.59804, 0.0 ], [ 110.517474, -7.598219000999961, 0.0 ], [ 110.517488, -7.598342, 0.0 ], [ 110.517571, -7.598445, 0.0 ], [ 110.517714, -7.598502, 0.0 ], [ 110.518284, -7.598246, 0.0 ], [ 110.518451, -7.598176, 0.0 ], [ 110.51871, -7.598162000999935, 0.0 ], [ 110.519073, -7.598235, 0.0 ], [ 110.519209, -7.59831, 0.0 ], [ 110.519309, -7.598468, 0.0 ], [ 110.519339, -7.598618, 0.0 ], [ 110.519163, -7.598836, 0.0 ], [ 110.518982, -7.599052, 0.0 ], [ 110.518879, -7.599259, 0.0 ], [ 110.518853, -7.599422, 0.0 ], [ 110.518887, -7.599543000999972, 0.0 ], [ 110.519032, -7.599651, 0.0 ], [ 110.519548, -7.599791, 0.0 ], [ 110.52001, -7.599867, 0.0 ], [ 110.520109, -7.599885, 0.0 ], [ 110.520145, -7.600039, 0.0 ], [ 110.520172, -7.600214, 0.0 ], [ 110.520263, -7.600354, 0.0 ], [ 110.520441, -7.600446, 0.0 ], [ 110.520753, -7.600477, 0.0 ], [ 110.520978, -7.600528, 0.0 ], [ 110.521213, -7.600612, 0.0 ], [ 110.521404, -7.600634, 0.0 ], [ 110.52168, -7.60024600099996, 0.0 ], [ 110.521767, -7.600136, 0.0 ], [ 110.521872, -7.6001, 0.0 ], [ 110.52204, -7.600163, 0.0 ], [ 110.522238, -7.600346000999934, 0.0 ], [ 110.522324, -7.600493, 0.0 ], [ 110.522500999000044, -7.601024, 0.0 ], [ 110.52264, -7.601287, 0.0 ], [ 110.52288, -7.601562, 0.0 ], [ 110.522994, -7.601652000999934, 0.0 ], [ 110.523145999000064, -7.601632000999928, 0.0 ], [ 110.523484, -7.601318000999981, 0.0 ], [ 110.523583, -7.601245, 0.0 ], [ 110.523677, -7.601249, 0.0 ], [ 110.523922, -7.601376000999949, 0.0 ], [ 110.524096, -7.601396000999955, 0.0 ], [ 110.524391, -7.601257, 0.0 ], [ 110.52454, -7.60118, 0.0 ], [ 110.524913, -7.601247, 0.0 ], [ 110.525023, -7.601262000999952, 0.0 ], [ 110.525353, -7.601036, 0.0 ], [ 110.525484999000071, -7.600952, 0.0 ], [ 110.525623, -7.600939, 0.0 ], [ 110.526147, -7.60131, 0.0 ], [ 110.526299, -7.601397000999953, 0.0 ], [ 110.526545, -7.601352, 0.0 ], [ 110.527194, -7.601241000999948, 0.0 ], [ 110.527662, -7.601215, 0.0 ], [ 110.527827, -7.601198, 0.0 ], [ 110.528017, -7.60119, 0.0 ], [ 110.528415, -7.601183000999981, 0.0 ], [ 110.528707, -7.601188, 0.0 ], [ 110.52898, -7.601271, 0.0 ], [ 110.529934, -7.601742, 0.0 ], [ 110.53033, -7.602052, 0.0 ], [ 110.530524, -7.602249, 0.0 ], [ 110.530649, -7.60265, 0.0 ] ] ] ] } },
{ "type": "Feature", "properties": { "NAMOBJ": "Karanganyar", "FCODE": "BA03070040", "REMARK": "Disepakati", "METADATA": "TASWIL1000020221227_DATA_BATAS_DESAKELURAHAN", "SRS_ID": "SRGI 2013", "KDBBPS": "3322", "KDCBPS": "3322060", "KDCPUM": "33.22.06", "KDEBPS": "3322060014", "KDEPUM": "33.22.06.2014", "KDPBPS": "33", "KDPKAB": "33.22", "KDPPUM": "33", "LUASWH": 0.0, "TIPADM": 1, "WADMKC": "Tuntang", "WADMKD": "Karanganyar", "WADMKK": "Semarang", "WADMPR": "Jawa Tengah", "WIADKC": null, "WIADKK": null, "WIADPR": null, "WIADKD": null, "UUPP": "Hasil Delineasi Batas Desa 2017", "luas": 3.1051890500139359, "SHAPE_Leng": 0.072053640758281995, "SHAPE_Area": 0.000207437047802 }, "geometry": { "type": "MultiPolygon", "coordinates": [ [ [ [ 110.503456387000085, -7.255326686999979, 0.0 ], [ 110.503870413000072, -7.255462315999978, 0.0 ], [ 110.504155948000061, -7.255269579999947, 0.0 ], [ 110.504341546000035, -7.254969768999956, 0.0 ], [ 110.504971786000056, -7.255282586999954, 0.0 ], [ 110.505167347000054, -7.255396337999969, 0.0 ], [ 110.505586727000036, -7.255607514999951, 0.0 ], [ 110.505812776000084, -7.255705667999962, 0.0 ], [ 110.506086414000038, -7.255848434999962, 0.0 ], [ 110.506252976000042, -7.255937665999966, 0.0 ], [ 110.50674968800007, -7.256187507999925, 0.0 ], [ 110.507085787000051, -7.256362992999925, 0.0 ], [ 110.507017378000057, -7.25627673799994, 0.0 ], [ 110.506995170000039, -7.255729315999929, 0.0 ], [ 110.507137938000085, -7.255776905999937, 0.0 ], [ 110.507304500000089, -7.255830442999979, 0.0 ], [ 110.507506754000076, -7.255895878999979, 0.0 ], [ 110.507515259000058, -7.255897513999969, 0.0 ], [ 110.507661419000044, -7.25592562099996, 0.0 ], [ 110.508000493000054, -7.255901827999935, 0.0 ], [ 110.508173003000081, -7.25578285499995, 0.0 ], [ 110.50818490100005, -7.255663880999975, 0.0 ], [ 110.508214644000077, -7.255556805999959, 0.0 ], [ 110.508291977000056, -7.255461627999978, 0.0 ], [ 110.508452590000047, -7.255366448999951, 0.0 ], [ 110.508583461000057, -7.255306961999963, 0.0 ], [ 110.508678639000038, -7.255277217999947, 0.0 ], [ 110.508868996000047, -7.255289115999972, 0.0 ], [ 110.508952277000049, -7.255330755999978, 0.0 ], [ 110.509130737000078, -7.25531290999993, 0.0 ], [ 110.50924462100005, -7.25531290999993, 0.0 ], [ 110.509273504000078, -7.25531290999993, 0.0 ], [ 110.509440066000082, -7.255342653999946, 0.0 ], [ 110.50952200100005, -7.255354357999977, 0.0 ], [ 110.509564987000033, -7.255360499999938, 0.0 ], [ 110.509850524000058, -7.25531290999993, 0.0 ], [ 110.509939494000037, -7.255298081999968, 0.0 ], [ 110.509957599000074, -7.255295063999938, 0.0 ], [ 110.510001353000064, -7.255321801999969, 0.0 ], [ 110.510064675000081, -7.255360499999938, 0.0 ], [ 110.510177699000053, -7.255437831999927, 0.0 ], [ 110.510255032000089, -7.255491369999959, 0.0 ], [ 110.51035021000007, -7.255580600999963, 0.0 ], [ 110.510379954000086, -7.255741212999965, 0.0 ], [ 110.510433491000072, -7.255866134999962, 0.0 ], [ 110.51044538900004, -7.255943466999952, 0.0 ], [ 110.510409697000057, -7.256056491999971, 0.0 ], [ 110.510338313000034, -7.256300386999953, 0.0 ], [ 110.510260981000044, -7.256443153999953, 0.0 ], [ 110.510159853000062, -7.256574024999964, 0.0 ], [ 110.510136059000047, -7.256687048999936, 0.0 ], [ 110.510112264000043, -7.256847663999963, 0.0 ], [ 110.510100366000074, -7.256948790999957, 0.0 ], [ 110.51007657200006, -7.257180786999982, 0.0 ], [ 110.511043490000077, -7.257327367999949, 0.0 ], [ 110.512313266000035, -7.257519859999945, 0.0 ], [ 110.511823686000071, -7.258003678999955, 0.0 ], [ 110.511807630000078, -7.258019547999936, 0.0 ], [ 110.512018812000065, -7.258107592999977, 0.0 ], [ 110.513776634000067, -7.258840460999977, 0.0 ], [ 110.513996734000045, -7.258923741999979, 0.0 ], [ 110.514076508000073, -7.258981758999937, 0.0 ], [ 110.514127605000056, -7.259018920999949, 0.0 ], [ 110.514139501000045, -7.259143841999958, 0.0 ], [ 110.514044323000064, -7.259334198999966, 0.0 ], [ 110.514068118000068, -7.25938773799993, 0.0 ], [ 110.51415139900007, -7.25948886499998, 0.0 ], [ 110.514317962000064, -7.259661374999951, 0.0 ], [ 110.51445478100004, -7.259810091999952, 0.0 ], [ 110.514561855000068, -7.25993501399995, 0.0 ], [ 110.514581107000083, -7.259963246999973, 0.0 ], [ 110.514651086000072, -7.260065883999971, 0.0 ], [ 110.514764110000044, -7.260190804999979, 0.0 ], [ 110.51478088600004, -7.260233183999958, 0.0 ], [ 110.514719496000055, -7.260384516999977, 0.0 ], [ 110.514759889000061, -7.260467553999945, 0.0 ], [ 110.514763939000034, -7.260488910999925, 0.0 ], [ 110.514799630000084, -7.260541257999932, 0.0 ], [ 110.514847220000036, -7.260638815999926, 0.0 ], [ 110.514888678000034, -7.260726337999927, 0.0 ], [ 110.514911465000068, -7.260774444999981, 0.0 ], [ 110.514959054000087, -7.260924351999961, 0.0 ], [ 110.514948271000037, -7.260940528999981, 0.0 ], [ 110.514868617000047, -7.261060026999928, 0.0 ], [ 110.514837702000079, -7.261236059999931, 0.0 ], [ 110.514867949000063, -7.261281889999964, 0.0 ], [ 110.514916224000046, -7.261355032999973, 0.0 ], [ 110.514911465000068, -7.261495421999939, 0.0 ], [ 110.514909326000065, -7.261499404999938, 0.0 ], [ 110.514851666000084, -7.261606743999948, 0.0 ], [ 110.514787770000055, -7.261688969999966, 0.0 ], [ 110.51476397600004, -7.261741317999963, 0.0 ], [ 110.514768735000075, -7.261817459999975, 0.0 ], [ 110.514773494000053, -7.261898361999954, 0.0 ], [ 110.514802047000046, -7.261988780999957, 0.0 ], [ 110.514821083000072, -7.262064923999958, 0.0 ], [ 110.514821083000072, -7.262131548999946, 0.0 ], [ 110.514821083000072, -7.26219817499998, 0.0 ], [ 110.514821083000072, -7.262255281999956, 0.0 ], [ 110.514802047000046, -7.26235997699996, 0.0 ], [ 110.514798515000052, -7.262376223999979, 0.0 ], [ 110.514778252000042, -7.262469433999968, 0.0 ], [ 110.514754458000084, -7.262574128999972, 0.0 ], [ 110.514744939000082, -7.262683584999934, 0.0 ], [ 110.514740181000036, -7.26278352099996, 0.0 ], [ 110.514744939000082, -7.262873940999953, 0.0 ], [ 110.514754458000084, -7.262940565999941, 0.0 ], [ 110.514754458000084, -7.262978636999947, 0.0 ], [ 110.51475829900005, -7.263032412999962, 0.0 ], [ 110.514759217000062, -7.263045261999935, 0.0 ], [ 110.514773494000053, -7.263102368999967, 0.0 ], [ 110.514773494000053, -7.263149958999975, 0.0 ], [ 110.514786657000059, -7.263245534999953, 0.0 ], [ 110.514816400000086, -7.26338235399993, 0.0 ], [ 110.514828298000054, -7.263504300999955, 0.0 ], [ 110.514828298000054, -7.263566761999925, 0.0 ], [ 110.514721222000048, -7.263531070999932, 0.0 ], [ 110.514596299000061, -7.263492403999976, 0.0 ], [ 110.514486249000072, -7.263465634999932, 0.0 ], [ 110.514266150000083, -7.263412097999947, 0.0 ], [ 110.514230458000043, -7.263486454999963, 0.0 ], [ 110.514209638000068, -7.263596504999953, 0.0 ], [ 110.514173945000039, -7.263718452999967, 0.0 ], [ 110.514159074000077, -7.263873116999946, 0.0 ], [ 110.514132305000089, -7.263989115999948, 0.0 ], [ 110.514099588000079, -7.264140806999933, 0.0 ], [ 110.514081742000087, -7.26426870399996, 0.0 ], [ 110.514069844000062, -7.264381726999943, 0.0 ], [ 110.514135280000062, -7.26444418799997, 0.0 ], [ 110.514156100000037, -7.264497725999945, 0.0 ], [ 110.514167996000083, -7.264586956999949, 0.0 ], [ 110.514257227000087, -7.264628595999966, 0.0 ], [ 110.514364303000036, -7.264685109999959, 0.0 ], [ 110.51450112200007, -7.264774337999938, 0.0 ], [ 110.51464388900007, -7.264937925999959, 0.0 ], [ 110.514721222000048, -7.265033104999929, 0.0 ], [ 110.514759888000071, -7.265205615999946, 0.0 ], [ 110.514727171000061, -7.265485201999979, 0.0 ], [ 110.514700402000074, -7.265711250999971, 0.0 ], [ 110.514658761000078, -7.265880787999947, 0.0 ], [ 110.514593325000078, -7.266014631999951, 0.0 ], [ 110.514524916000084, -7.266249603999938, 0.0 ], [ 110.514456507000034, -7.266380474999949, 0.0 ], [ 110.514417841000068, -7.266657086999942, 0.0 ], [ 110.51449814700004, -7.266791922999971, 0.0 ], [ 110.514539788000036, -7.267020946999935, 0.0 ], [ 110.514569531000063, -7.267205353999941, 0.0 ], [ 110.514602248000074, -7.267633656999976, 0.0 ], [ 110.514626043000078, -7.26799355199995, 0.0 ], [ 110.514670658000057, -7.26837723899996, 0.0 ], [ 110.514697426000055, -7.268564620999939, 0.0 ], [ 110.514715273000036, -7.268600312999979, 0.0 ], [ 110.514780708000046, -7.268633031999968, 0.0 ], [ 110.514962142000059, -7.26864790299993, 0.0 ], [ 110.515197114000046, -7.268689542999937, 0.0 ], [ 110.515467778000072, -7.268707388999928, 0.0 ], [ 110.515726544000074, -7.268749029999981, 0.0 ], [ 110.515708698000083, -7.268876925999962, 0.0 ], [ 110.515684904000068, -7.269123794999928, 0.0 ], [ 110.515661108000074, -7.269329022999955, 0.0 ], [ 110.515649212000085, -7.269552097999963, 0.0 ], [ 110.515625417000081, -7.269718659999967, 0.0 ], [ 110.515583948000085, -7.270135466999932, 0.0 ], [ 110.515568072000065, -7.270230481999931, 0.0 ], [ 110.515561017000039, -7.270290448999958, 0.0 ], [ 110.515509584000085, -7.270707954999978, 0.0 ], [ 110.515515532000052, -7.270969694999962, 0.0 ], [ 110.515376478000064, -7.270619219999958, 0.0 ], [ 110.515314246000059, -7.270541370999979, 0.0 ], [ 110.515146519000041, -7.270494521999979, 0.0 ], [ 110.515020726000046, -7.270458486999928, 0.0 ], [ 110.514893396000048, -7.270406066999954, 0.0 ], [ 110.514716027000077, -7.27038474099993, 0.0 ], [ 110.514603787000055, -7.270359915999961, 0.0 ], [ 110.514422825000054, -7.270350679999979, 0.0 ], [ 110.514388083000085, -7.270351307999931, 0.0 ], [ 110.514297242000055, -7.270470400999955, 0.0 ], [ 110.514162481000085, -7.270632279999973, 0.0 ], [ 110.514012578000063, -7.270727850999947, 0.0 ], [ 110.513857951000034, -7.270758799999953, 0.0 ], [ 110.513651218000064, -7.27073368799995, 0.0 ], [ 110.513362464000068, -7.270709203999957, 0.0 ], [ 110.513112270000079, -7.270694426999967, 0.0 ], [ 110.512962364000089, -7.27073368799995, 0.0 ], [ 110.512783904000059, -7.270780087999981, 0.0 ], [ 110.512626860000069, -7.270869317999939, 0.0 ], [ 110.512519784000062, -7.270851471999947, 0.0 ], [ 110.512112896000076, -7.270797934999962, 0.0 ], [ 110.512023373000034, -7.27075698799996, 0.0 ], [ 110.512005143000067, -7.270827409999981, 0.0 ], [ 110.511999096000068, -7.27087826199994, 0.0 ], [ 110.512037957000075, -7.270959078999965, 0.0 ], [ 110.512055826000051, -7.271057821999932, 0.0 ], [ 110.512064698000074, -7.271165528999973, 0.0 ], [ 110.512067581000053, -7.271270239999978, 0.0 ], [ 110.512100442000076, -7.27135703099998, 0.0 ], [ 110.512066288000085, -7.271428494999952, 0.0 ], [ 110.512058306000085, -7.271536483999967, 0.0 ], [ 110.512070205000043, -7.271614278999948, 0.0 ], [ 110.512103086000081, -7.271683121999956, 0.0 ], [ 110.512123289000044, -7.271787892999953, 0.0 ], [ 110.512123885000051, -7.271844691999945, 0.0 ], [ 110.512093838000055, -7.271925433999968, 0.0 ], [ 110.512060778000034, -7.272021130999974, 0.0 ], [ 110.512078667000083, -7.272101924999959, 0.0 ], [ 110.512114523000037, -7.272191710999948, 0.0 ], [ 110.512150394000059, -7.272266540999965, 0.0 ], [ 110.511982640000042, -7.272245418999944, 0.0 ], [ 110.511588951000078, -7.272145552999973, 0.0 ], [ 110.511513206000075, -7.272150258999943, 0.0 ], [ 110.511466204000044, -7.27217318299995, 0.0 ], [ 110.51137028800008, -7.272213287999932, 0.0 ], [ 110.511283952000042, -7.27226010399994, 0.0 ], [ 110.511246321000044, -7.27229406899994, 0.0 ], [ 110.511224446000085, -7.272319391999929, 0.0 ], [ 110.511230990000058, -7.272474486999954, 0.0 ], [ 110.511212705000048, -7.272538606999944, 0.0 ], [ 110.511164716000053, -7.272587378999958, 0.0 ], [ 110.511136899000064, -7.272599792999927, 0.0 ], [ 110.510917283000083, -7.272661781999943, 0.0 ], [ 110.510848195000051, -7.27271723299998, 0.0 ], [ 110.510814568000058, -7.272783250999964, 0.0 ], [ 110.510819307000077, -7.272833993999939, 0.0 ], [ 110.510931494000033, -7.272937961999958, 0.0 ], [ 110.511024266000049, -7.27302663699993, 0.0 ], [ 110.511137316000088, -7.273100472999943, 0.0 ], [ 110.511217029000079, -7.273152112999981, 0.0 ], [ 110.511306259000037, -7.273223496999947, 0.0 ], [ 110.511335590000044, -7.273269174999939, 0.0 ], [ 110.511331717000076, -7.273304591999931, 0.0 ], [ 110.511292380000043, -7.273331353999936, 0.0 ], [ 110.511233866000055, -7.273360967999963, 0.0 ], [ 110.511145635000048, -7.273386720999952, 0.0 ], [ 110.510914550000052, -7.27341519099997, 0.0 ], [ 110.51059599000007, -7.273384110999928, 0.0 ], [ 110.510367215000088, -7.273323653999967, 0.0 ], [ 110.510224794000067, -7.273241342999938, 0.0 ], [ 110.510209222000071, -7.273141592999934, 0.0 ], [ 110.510207388000083, -7.273065004999978, 0.0 ], [ 110.510222784000064, -7.273013325999955, 0.0 ], [ 110.510252564000041, -7.272957834999943, 0.0 ], [ 110.510272765000082, -7.272895629999937, 0.0 ], [ 110.510339962000046, -7.272816244999945, 0.0 ], [ 110.51038410700005, -7.272776084999975, 0.0 ], [ 110.51041039200004, -7.272716671999945, 0.0 ], [ 110.510403877000044, -7.27258266299998, 0.0 ], [ 110.510331016000066, -7.272473799999943, 0.0 ], [ 110.510249, -7.272419, 0.0 ], [ 110.510158267000065, -7.272352445999957, 0.0 ], [ 110.510002650000047, -7.272278206999943, 0.0 ], [ 110.509967617000086, -7.272262510999951, 0.0 ], [ 110.509897659000046, -7.272235629999955, 0.0 ], [ 110.509727530000077, -7.272252636999951, 0.0 ], [ 110.509501741000065, -7.272236594999981, 0.0 ], [ 110.509468151000078, -7.272234208999976, 0.0 ], [ 110.509453784000073, -7.272220790999938, 0.0 ], [ 110.509305944000062, -7.272135439999943, 0.0 ], [ 110.509246904000065, -7.272031973999958, 0.0 ], [ 110.509194329000081, -7.271890233999954, 0.0 ], [ 110.509124629000041, -7.271722840999928, 0.0 ], [ 110.509055664000073, -7.271568423999952, 0.0 ], [ 110.508897632000071, -7.271422739999934, 0.0 ], [ 110.508767342000056, -7.271334077999938, 0.0 ], [ 110.508643502000041, -7.271265983999967, 0.0 ], [ 110.508500306000087, -7.271205594999969, 0.0 ], [ 110.508302753000066, -7.271133153999926, 0.0 ], [ 110.508108186000072, -7.271074990999978, 0.0 ], [ 110.507989688000066, -7.270976480999934, 0.0 ], [ 110.507887799000059, -7.270814255999937, 0.0 ], [ 110.507807508000042, -7.270592071999943, 0.0 ], [ 110.507727313000089, -7.270281811999951, 0.0 ], [ 110.507704153000077, -7.270067050999955, 0.0 ], [ 110.507669889000056, -7.26997425299993, 0.0 ], [ 110.507578518000059, -7.269910006999964, 0.0 ], [ 110.507347234000065, -7.269802930999958, 0.0 ], [ 110.507184884000083, -7.269745559999933, 0.0 ], [ 110.507125873000064, -7.269697192999956, 0.0 ], [ 110.507076032000043, -7.269685650999975, 0.0 ], [ 110.507016656000076, -7.269703008999954, 0.0 ], [ 110.506916076000039, -7.269714414999953, 0.0 ], [ 110.506636251000089, -7.269677295999941, 0.0 ], [ 110.506360936000078, -7.269585310999958, 0.0 ], [ 110.506247918000042, -7.269483711999953, 0.0 ], [ 110.506117635000066, -7.269389753999974, 0.0 ], [ 110.506050904000062, -7.269306099999937, 0.0 ], [ 110.506023921000065, -7.269169466999926, 0.0 ], [ 110.505960837000089, -7.268993251999973, 0.0 ], [ 110.505908136000073, -7.268846388999975, 0.0 ], [ 110.505835324000088, -7.268749305999961, 0.0 ], [ 110.505755375000035, -7.268687915999976, 0.0 ], [ 110.505636820000063, -7.268648298999949, 0.0 ], [ 110.505566953000084, -7.268667185999959, 0.0 ], [ 110.505471267000075, -7.268736456999932, 0.0 ], [ 110.505342, -7.268728, 0.0 ], [ 110.505245, -7.268692, 0.0 ], [ 110.505144413000039, -7.268624749999958, 0.0 ], [ 110.50510227400008, -7.268582581999965, 0.0 ], [ 110.505082939000033, -7.268528015999948, 0.0 ], [ 110.505046620000087, -7.268549832999952, 0.0 ], [ 110.504958720000047, -7.268602630999965, 0.0 ], [ 110.504853083000057, -7.268676493999976, 0.0 ], [ 110.504787410000063, -7.268687915999976, 0.0 ], [ 110.504614661000062, -7.268632236999963, 0.0 ], [ 110.50429719300007, -7.268651033999959, 0.0 ], [ 110.504114400000049, -7.268943370999978, 0.0 ], [ 110.503695190000087, -7.268843769999933, 0.0 ], [ 110.503516796000042, -7.268848976999948, 0.0 ], [ 110.503347319000056, -7.268910605999963, 0.0 ], [ 110.50322174300004, -7.269010779999974, 0.0 ], [ 110.503159876000041, -7.269153547999963, 0.0 ], [ 110.503031386000089, -7.269410530999949, 0.0 ], [ 110.502898062000043, -7.269564297999977, 0.0 ], [ 110.502813655000068, -7.269600582999942, 0.0 ], [ 110.502694734000045, -7.269636830999957, 0.0 ], [ 110.502581590000034, -7.269650107999951, 0.0 ], [ 110.502518317000067, -7.269648123999957, 0.0 ], [ 110.502364940000064, -7.269630723999967, 0.0 ], [ 110.502134869000088, -7.269611324999971, 0.0 ], [ 110.502096550000033, -7.269584477999956, 0.0 ], [ 110.502042908000078, -7.269542297999976, 0.0 ], [ 110.501998958000058, -7.269412050999961, 0.0 ], [ 110.501985378000086, -7.269382173999929, 0.0 ], [ 110.501939558000061, -7.269367950999936, 0.0 ], [ 110.501744035000058, -7.269317955999952, 0.0 ], [ 110.501618663000045, -7.269267082999932, 0.0 ], [ 110.501590576000069, -7.269234799999936, 0.0 ], [ 110.501585006000084, -7.269191353999929, 0.0 ], [ 110.50157039700008, -7.269077405999951, 0.0 ], [ 110.501543573000049, -7.268889636999972, 0.0 ], [ 110.501537084000063, -7.268844218999959, 0.0 ], [ 110.501470033000089, -7.269037484999956, 0.0 ], [ 110.501370521000069, -7.269191618999969, 0.0 ], [ 110.501310788000069, -7.26923132099995, 0.0 ], [ 110.501220691000071, -7.269212074999928, 0.0 ], [ 110.501107613000045, -7.269166000999974, 0.0 ], [ 110.500975401000062, -7.269083524999928, 0.0 ], [ 110.500846994000085, -7.269027858999948, 0.0 ], [ 110.500766544000044, -7.268953099999976, 0.0 ], [ 110.500747467000053, -7.268865005999942, 0.0 ], [ 110.500722705000044, -7.268715635999968, 0.0 ], [ 110.50069972600005, -7.268688804999954, 0.0 ], [ 110.500657574000059, -7.26866003899994, 0.0 ], [ 110.500534905000052, -7.268617781999978, 0.0 ], [ 110.500247417000082, -7.268544405999933, 0.0 ], [ 110.500141928000062, -7.268529275999981, 0.0 ], [ 110.500023067000086, -7.26851191399993, 0.0 ], [ 110.5, -7.268508896999947, 0.0 ], [ 110.5, -7.25501000099996, 0.0 ], [ 110.500236975000064, -7.25486269299995, 0.0 ], [ 110.500543927000081, -7.254934075999927, 0.0 ], [ 110.500625291000063, -7.25515341199997, 0.0 ], [ 110.501200657000084, -7.255298133999929, 0.0 ], [ 110.501557577000085, -7.255390931999955, 0.0 ], [ 110.501700345000074, -7.255105396999966, 0.0 ], [ 110.502041953000059, -7.255008911999937, 0.0 ], [ 110.502312, -7.25486, 0.0 ], [ 110.502978114000086, -7.255041151999933, 0.0 ], [ 110.503456387000085, -7.255326686999979, 0.0 ] ] ] ] } },
{ "type": "Feature", "properties": { "NAMOBJ": "Karanganyar", "FCODE": "BA03070040", "REMARK": "Wilayah Administrasi Kelurahan/Desa", "METADATA": "TASWIL1000020221227_DATA_BATAS_DESAKELURAHAN", "SRS_ID": "SRGI 2013", "KDBBPS": null, "KDCBPS": null, "KDCPUM": "33.09.21", "KDEBPS": null, "KDEPUM": "33.09.21.2003", "KDPBPS": null, "KDPKAB": "33.09", "KDPPUM": "33", "LUASWH": 0.0, "TIPADM": 1, "WADMKC": "Tamansari", "WADMKD": "Karanganyar", "WADMKK": "Boyolali", "WADMPR": "Jawa Tengah", "WIADKC": null, "WIADKK": null, "WIADPR": null, "WIADKD": null, "UUPP": "Hasil Delineasi Batas Desa 2017", "luas": 4.5811650319497463, "SHAPE_Leng": 0.108953792766355, "SHAPE_Area": 0.00037538834417599997 }, "geometry": { "type": "MultiPolygon", "coordinates": [ [ [ [ 110.554048809000051, -7.597919073999947, 0.0 ], [ 110.553900254000041, -7.598080248999963, 0.0 ], [ 110.553851704000067, -7.598138394999978, 0.0 ], [ 110.553831271000035, -7.598162866999928, 0.0 ], [ 110.553813279000053, -7.598184414999935, 0.0 ], [ 110.553809464000039, -7.598188984999979, 0.0 ], [ 110.55353554800007, -7.598517042999958, 0.0 ], [ 110.553512562000037, -7.598541667999939, 0.0 ], [ 110.553363671000056, -7.598684463999973, 0.0 ], [ 110.55330955900007, -7.598724057999959, 0.0 ], [ 110.553303077000066, -7.59872807499994, 0.0 ], [ 110.553296054000043, -7.598731049999969, 0.0 ], [ 110.553288656000063, -7.598732912999935, 0.0 ], [ 110.553281058000039, -7.598733617999926, 0.0 ], [ 110.553273442000034, -7.598733148999941, 0.0 ], [ 110.553265989000067, -7.598731516999976, 0.0 ], [ 110.553258876000086, -7.598728761999951, 0.0 ], [ 110.553150471000038, -7.598676849999947, 0.0 ], [ 110.553065051000033, -7.598624478999966, 0.0 ], [ 110.553062450000084, -7.598627728999929, 0.0 ], [ 110.553023285000052, -7.598598871999968, 0.0 ], [ 110.552830671000038, -7.598480781999967, 0.0 ], [ 110.552689805000057, -7.598397618999968, 0.0 ], [ 110.552672244000064, -7.598388453999974, 0.0 ], [ 110.552653820000046, -7.598381170999971, 0.0 ], [ 110.552546465000034, -7.598345094999956, 0.0 ], [ 110.552539249000063, -7.598341569999945, 0.0 ], [ 110.552531572000078, -7.598339198999952, 0.0 ], [ 110.552523621000034, -7.598338041999966, 0.0 ], [ 110.552515587000073, -7.598338122999962, 0.0 ], [ 110.55250766100005, -7.598339440999951, 0.0 ], [ 110.552500035000037, -7.598341965999964, 0.0 ], [ 110.552486227000088, -7.598349989999974, 0.0 ], [ 110.552478312000062, -7.59835546599993, 0.0 ], [ 110.552471354000033, -7.598362112999951, 0.0 ], [ 110.552465528000084, -7.598369766999951, 0.0 ], [ 110.552460975000088, -7.598378236999963, 0.0 ], [ 110.552429934000088, -7.59844878499996, 0.0 ], [ 110.552424506000079, -7.598459724999941, 0.0 ], [ 110.552418092000039, -7.598470118999956, 0.0 ], [ 110.552360447000069, -7.598554555999954, 0.0 ], [ 110.552348851000033, -7.598574209999981, 0.0 ], [ 110.552296, -7.598679, 0.0 ], [ 110.552259, -7.59874, 0.0 ], [ 110.552189, -7.598828, 0.0 ], [ 110.552124, -7.598894, 0.0 ], [ 110.552078342000073, -7.598949737999931, 0.0 ], [ 110.552047, -7.598988, 0.0 ], [ 110.551961, -7.599098, 0.0 ], [ 110.551892, -7.599191, 0.0 ], [ 110.551841707000051, -7.599241292999977, 0.0 ], [ 110.551829, -7.599254, 0.0 ], [ 110.551822910000055, -7.599261956999953, 0.0 ], [ 110.551767, -7.599335, 0.0 ], [ 110.551702091000038, -7.599450299999944, 0.0 ], [ 110.551691, -7.59947, 0.0 ], [ 110.551681432000066, -7.599481225999966, 0.0 ], [ 110.551586264000036, -7.599592882999957, 0.0 ], [ 110.551489, -7.599707, 0.0 ], [ 110.551459329000068, -7.599739213999953, 0.0 ], [ 110.551449399000035, -7.599751381999965, 0.0 ], [ 110.551423, -7.599788, 0.0 ], [ 110.551388, -7.599837, 0.0 ], [ 110.551334693000058, -7.59990215299996, 0.0 ], [ 110.551323344000082, -7.599917938999965, 0.0 ], [ 110.551314047000062, -7.599935007999932, 0.0 ], [ 110.551306946000068, -7.599953096999968, 0.0 ], [ 110.551287, -7.600015, 0.0 ], [ 110.551272, -7.600088, 0.0 ], [ 110.551269168000033, -7.600098386999946, 0.0 ], [ 110.551259316000085, -7.600134509999975, 0.0 ], [ 110.551252613000088, -7.60015421099996, 0.0 ], [ 110.551243533000047, -7.600172940999926, 0.0 ], [ 110.551232215000084, -7.600190414999929, 0.0 ], [ 110.551119408000034, -7.60034303599997, 0.0 ], [ 110.55111510200004, -7.600347985999974, 0.0 ], [ 110.551110061000088, -7.600352188999977, 0.0 ], [ 110.551104412000086, -7.600355533999959, 0.0 ], [ 110.551098300000035, -7.600357939999981, 0.0 ], [ 110.551091883000083, -7.600359340999944, 0.0 ], [ 110.551085323000052, -7.60035970499996, 0.0 ], [ 110.551078789000087, -7.600359018999939, 0.0 ], [ 110.55107244900006, -7.600357302999953, 0.0 ], [ 110.551066464000087, -7.600354600999935, 0.0 ], [ 110.55104, -7.60034, 0.0 ], [ 110.550918, -7.600307, 0.0 ], [ 110.550852827000085, -7.600285692999933, 0.0 ], [ 110.550842843000055, -7.600283345999969, 0.0 ], [ 110.550832605000039, -7.60028271699997, 0.0 ], [ 110.550822409000034, -7.600283825999952, 0.0 ], [ 110.550812547000078, -7.600286639999979, 0.0 ], [ 110.550803305000045, -7.600291076999952, 0.0 ], [ 110.550794947000043, -7.600297011999942, 0.0 ], [ 110.550787717000048, -7.60030427099997, 0.0 ], [ 110.550677, -7.600436, 0.0 ], [ 110.550562, -7.600537, 0.0 ], [ 110.550466, -7.600667, 0.0 ], [ 110.550387, -7.600753, 0.0 ], [ 110.550304, -7.600837, 0.0 ], [ 110.550217, -7.600948, 0.0 ], [ 110.550181, -7.60101, 0.0 ], [ 110.55011855500004, -7.601102799999978, 0.0 ], [ 110.550108399000067, -7.601116508999951, 0.0 ], [ 110.55009704400004, -7.60112924699996, 0.0 ], [ 110.550027, -7.601201, 0.0 ], [ 110.549972997000054, -7.601255796999965, 0.0 ], [ 110.549960200000044, -7.60127087799998, 0.0 ], [ 110.549949784000034, -7.601287683999942, 0.0 ], [ 110.549922, -7.601341, 0.0 ], [ 110.549805216000038, -7.601500759999965, 0.0 ], [ 110.549796257000082, -7.601511258999949, 0.0 ], [ 110.549785823000036, -7.601520302999973, 0.0 ], [ 110.549738156000046, -7.601555712999925, 0.0 ], [ 110.549731201000043, -7.601561638999954, 0.0 ], [ 110.549725097000078, -7.601568432999954, 0.0 ], [ 110.549719954000068, -7.601575976999925, 0.0 ], [ 110.549703382000075, -7.601604149999957, 0.0 ], [ 110.549698665000051, -7.601610882999978, 0.0 ], [ 110.549692939000067, -7.60161678399993, 0.0 ], [ 110.54968634800008, -7.601621706999936, 0.0 ], [ 110.549678936000078, -7.601626373999977, 0.0 ], [ 110.549674835000076, -7.601629419999938, 0.0 ], [ 110.549671251000063, -7.601633059999926, 0.0 ], [ 110.549668268000062, -7.601637203999928, 0.0 ], [ 110.549665958000048, -7.601641755999935, 0.0 ], [ 110.549641, -7.601702, 0.0 ], [ 110.549619, -7.601769, 0.0 ], [ 110.54959, -7.601818, 0.0 ], [ 110.549551953000048, -7.601859284999932, 0.0 ], [ 110.549545675000047, -7.601865306999969, 0.0 ], [ 110.549538702000063, -7.601870512999938, 0.0 ], [ 110.549531141000045, -7.601874821999957, 0.0 ], [ 110.549488, -7.601896, 0.0 ], [ 110.549400190000085, -7.601951739999947, 0.0 ], [ 110.549395098000048, -7.601954403999969, 0.0 ], [ 110.549389632000043, -7.60195618399996, 0.0 ], [ 110.549383945000045, -7.601957029999937, 0.0 ], [ 110.549378197000067, -7.601956917999928, 0.0 ], [ 110.549372547000075, -7.601955852999936, 0.0 ], [ 110.549367155000084, -7.601953862999949, 0.0 ], [ 110.549363406000055, -7.601951712999949, 0.0 ], [ 110.549362170000052, -7.601951003999943, 0.0 ], [ 110.549357732000033, -7.601947355999926, 0.0 ], [ 110.549353966000069, -7.601943020999954, 0.0 ], [ 110.549339954000061, -7.60192389599996, 0.0 ], [ 110.54929392300005, -7.601861070999973, 0.0 ], [ 110.549289531000056, -7.601854056999969, 0.0 ], [ 110.549286202000076, -7.601846481999928, 0.0 ], [ 110.549285921000035, -7.601845456999968, 0.0 ], [ 110.549284008000086, -7.601838505999979, 0.0 ], [ 110.549283679000041, -7.601835840999968, 0.0 ], [ 110.549283566000042, -7.601824022999949, 0.0 ], [ 110.549283511000056, -7.601821337999979, 0.0 ], [ 110.549283381000066, -7.601817767999933, 0.0 ], [ 110.549283235000075, -7.601815101999932, 0.0 ], [ 110.549283112000069, -7.601813325999956, 0.0 ], [ 110.549282877000053, -7.601810675999957, 0.0 ], [ 110.549282685000037, -7.601808912999957, 0.0 ], [ 110.549282457000061, -7.601807159999964, 0.0 ], [ 110.549282197000082, -7.60180541099993, 0.0 ], [ 110.549281902000075, -7.601803699999948, 0.0 ], [ 110.549281575000066, -7.601802026999962, 0.0 ], [ 110.549281217000043, -7.60180036099996, 0.0 ], [ 110.549280825000039, -7.601798697999925, 0.0 ], [ 110.549280407000083, -7.60179704199993, 0.0 ], [ 110.54927996300006, -7.60179538899996, 0.0 ], [ 110.549279253000066, -7.601792917999944, 0.0 ], [ 110.549278757000081, -7.601791274999925, 0.0 ], [ 110.549277981000046, -7.601788816999942, 0.0 ], [ 110.54927744400004, -7.601787180999963, 0.0 ], [ 110.549276060000068, -7.601783097999942, 0.0 ], [ 110.549274627000045, -7.601778989999957, 0.0 ], [ 110.549270494000041, -7.601767543999927, 0.0 ], [ 110.54925492600006, -7.601719103999926, 0.0 ], [ 110.549240804000078, -7.601659918999928, 0.0 ], [ 110.549240053000062, -7.601653837999947, 0.0 ], [ 110.54923494500008, -7.601612460999945, 0.0 ], [ 110.549232604000053, -7.601601164999977, 0.0 ], [ 110.549228457000083, -7.601590396999939, 0.0 ], [ 110.549199044000034, -7.601529377999952, 0.0 ], [ 110.549132009000061, -7.601407666999933, 0.0 ], [ 110.54905229600007, -7.60129373999996, 0.0 ], [ 110.549049484000079, -7.601289721999933, 0.0 ], [ 110.549030240000036, -7.601266262999957, 0.0 ], [ 110.549007622000033, -7.601246022999931, 0.0 ], [ 110.548982164000051, -7.601229477999937, 0.0 ], [ 110.548954466000055, -7.601217018999932, 0.0 ], [ 110.548925183000051, -7.601208940999925, 0.0 ], [ 110.548895004000087, -7.601205431999972, 0.0 ], [ 110.548819729000058, -7.60120251799998, 0.0 ], [ 110.548784127000033, -7.601203958999974, 0.0 ], [ 110.548664406000057, -7.601208807999967, 0.0 ], [ 110.548579588000052, -7.601211811999974, 0.0 ], [ 110.548540013000036, -7.601213213999927, 0.0 ], [ 110.548525700000084, -7.601212693999969, 0.0 ], [ 110.548511609000059, -7.60121012999997, 0.0 ], [ 110.548498032000055, -7.601205576999973, 0.0 ], [ 110.548446840000054, -7.601184214999932, 0.0 ], [ 110.548341955000069, -7.601154641999926, 0.0 ], [ 110.548281302000078, -7.601143874999934, 0.0 ], [ 110.548235179000073, -7.601135685999964, 0.0 ], [ 110.548173549000069, -7.601110457999937, 0.0 ], [ 110.548131497000043, -7.601082131999931, 0.0 ], [ 110.548091806000059, -7.601026906999948, 0.0 ], [ 110.548028675000069, -7.600954949999959, 0.0 ], [ 110.547968405000063, -7.600886254999978, 0.0 ], [ 110.547934869000073, -7.600849473999972, 0.0 ], [ 110.54787791800004, -7.600787009999976, 0.0 ], [ 110.547857837000038, -7.600767535999978, 0.0 ], [ 110.547835514000042, -7.600750667999932, 0.0 ], [ 110.547751933000086, -7.600695230999975, 0.0 ], [ 110.547738884000069, -7.600688084999945, 0.0 ], [ 110.547696349000034, -7.600667327999929, 0.0 ], [ 110.547694491000073, -7.600666419999925, 0.0 ], [ 110.547648252000045, -7.600649024999939, 0.0 ], [ 110.547600575000047, -7.600636054999939, 0.0 ], [ 110.547551885000075, -7.600627621999934, 0.0 ], [ 110.547427843000037, -7.600612116999969, 0.0 ], [ 110.547380649000047, -7.600606217999939, 0.0 ], [ 110.547366928000088, -7.600605336999934, 0.0 ], [ 110.547353200000089, -7.600606113999959, 0.0 ], [ 110.547339667000074, -7.600608535999982, 0.0 ], [ 110.547219346000077, -7.600637645999939, 0.0 ], [ 110.547212372000047, -7.600638998999955, 0.0 ], [ 110.547205303000055, -7.600639706999971, 0.0 ], [ 110.547136746000035, -7.600643412999943, 0.0 ], [ 110.547132045000069, -7.600644005999925, 0.0 ], [ 110.54712747700006, -7.600645263999979, 0.0 ], [ 110.547123136000039, -7.600647158999948, 0.0 ], [ 110.54711911000004, -7.600649654999927, 0.0 ], [ 110.547115483000084, -7.60065269699993, 0.0 ], [ 110.547046, -7.60072, 0.0 ], [ 110.546881951000046, -7.600863430999937, 0.0 ], [ 110.546864310000046, -7.600881140999945, 0.0 ], [ 110.546849273000078, -7.600901101999966, 0.0 ], [ 110.546796, -7.600983, 0.0 ], [ 110.54675, -7.601067, 0.0 ], [ 110.546705731000088, -7.601144679999948, 0.0 ], [ 110.546697, -7.60116, 0.0 ], [ 110.546535946000063, -7.601369008999939, 0.0 ], [ 110.546520396000062, -7.601391838999973, 0.0 ], [ 110.54650762600005, -7.601416325999935, 0.0 ], [ 110.54637, -7.601637, 0.0 ], [ 110.546304469000063, -7.601731255999937, 0.0 ], [ 110.546297608000089, -7.601742334999926, 0.0 ], [ 110.546291960000076, -7.601754074999974, 0.0 ], [ 110.546259682000084, -7.601831405999974, 0.0 ], [ 110.546247192000067, -7.601855891999946, 0.0 ], [ 110.546231121000062, -7.601878201999966, 0.0 ], [ 110.546136, -7.601991, 0.0 ], [ 110.546052337000049, -7.602092725999967, 0.0 ], [ 110.546044143000074, -7.602103633999945, 0.0 ], [ 110.545978551000076, -7.602199441999971, 0.0 ], [ 110.54596441800004, -7.602217180999958, 0.0 ], [ 110.545947864000084, -7.60223269599993, 0.0 ], [ 110.545929237000053, -7.602245663999952, 0.0 ], [ 110.545853347000048, -7.602290704999973, 0.0 ], [ 110.545842621000077, -7.602298332999965, 0.0 ], [ 110.545833297000058, -7.602307614999972, 0.0 ], [ 110.545825627000056, -7.602318299999979, 0.0 ], [ 110.54574606500006, -7.602451004999978, 0.0 ], [ 110.54566815000004, -7.60258096299998, 0.0 ], [ 110.545582138000043, -7.602709370999946, 0.0 ], [ 110.545557537000036, -7.602740809999943, 0.0 ], [ 110.545501, -7.602803, 0.0 ], [ 110.545484852000072, -7.602823120999972, 0.0 ], [ 110.545375, -7.60296, 0.0 ], [ 110.545318, -7.603049, 0.0 ], [ 110.545222, -7.603186, 0.0 ], [ 110.545146547000058, -7.603260640999963, 0.0 ], [ 110.545140396000079, -7.603267732999939, 0.0 ], [ 110.545135391000088, -7.603275671999938, 0.0 ], [ 110.545131648000051, -7.603284275999954, 0.0 ], [ 110.545129254000074, -7.60329334499994, 0.0 ], [ 110.545128263000038, -7.603302671999927, 0.0 ], [ 110.545127881000042, -7.603315498999962, 0.0 ], [ 110.545126293000067, -7.603329608999957, 0.0 ], [ 110.545122411000079, -7.603343269999925, 0.0 ], [ 110.545116343000075, -7.603356112999961, 0.0 ], [ 110.545108249000066, -7.603367791999972, 0.0 ], [ 110.545017724000047, -7.603477826999949, 0.0 ], [ 110.545011461000058, -7.603486305999979, 0.0 ], [ 110.545006117000071, -7.603495389999978, 0.0 ], [ 110.544972, -7.603561, 0.0 ], [ 110.544968881000045, -7.603565426999978, 0.0 ], [ 110.544949131000067, -7.603593462999982, 0.0 ], [ 110.544768616000056, -7.603849704999959, 0.0 ], [ 110.544679342000052, -7.60397173399997, 0.0 ], [ 110.544677224000054, -7.603974628999936, 0.0 ], [ 110.544650895000075, -7.604010617999961, 0.0 ], [ 110.544601366000052, -7.604078319999928, 0.0 ], [ 110.544607059000043, -7.604093820999935, 0.0 ], [ 110.544609859000047, -7.604103187999954, 0.0 ], [ 110.544611486000065, -7.604112826999938, 0.0 ], [ 110.544611916000065, -7.604122592999943, 0.0 ], [ 110.544609116000061, -7.604281022999942, 0.0 ], [ 110.544594587000063, -7.60441024499994, 0.0 ], [ 110.544587583000066, -7.604491545999963, 0.0 ], [ 110.544587169000067, -7.604494315999943, 0.0 ], [ 110.544584366000038, -7.604513097999927, 0.0 ], [ 110.544585539000082, -7.604537031999939, 0.0 ], [ 110.544593920000068, -7.604550203999963, 0.0 ], [ 110.544624849000058, -7.604557531999944, 0.0 ], [ 110.544627065000043, -7.604558056999963, 0.0 ], [ 110.544679796000082, -7.604584085999932, 0.0 ], [ 110.544715758000052, -7.604601355999932, 0.0 ], [ 110.544751709000082, -7.604627239999957, 0.0 ], [ 110.544790538000086, -7.604654564999976, 0.0 ], [ 110.544822159000034, -7.604693368999961, 0.0 ], [ 110.544863842000041, -7.604745106999928, 0.0 ], [ 110.54491844000006, -7.604831322999928, 0.0 ], [ 110.544945732000087, -7.604880174999948, 0.0 ], [ 110.544958498000085, -7.604895775999978, 0.0 ], [ 110.544971604000068, -7.604911792999928, 0.0 ], [ 110.544996052000045, -7.604929049999953, 0.0 ], [ 110.545063671000037, -7.604950660999975, 0.0 ], [ 110.545091004000085, -7.604960740999957, 0.0 ], [ 110.545135586000072, -7.604992378999953, 0.0 ], [ 110.545487937000075, -7.605228245999967, 0.0 ], [ 110.545556954000062, -7.605288629999961, 0.0 ], [ 110.545584254000062, -7.605331737999961, 0.0 ], [ 110.545611522000058, -7.605403564999961, 0.0 ], [ 110.545644934000052, -7.60570959599994, 0.0 ], [ 110.54564573600004, -7.605713768999976, 0.0 ], [ 110.545661490000043, -7.60578701999998, 0.0 ], [ 110.545680132000086, -7.605851657999949, 0.0 ], [ 110.545832294000036, -7.606223732999979, 0.0 ], [ 110.545863904000043, -7.606272588999957, 0.0 ], [ 110.545911368000077, -7.606301357999939, 0.0 ], [ 110.545948769000063, -7.606318628999929, 0.0 ], [ 110.545986180000057, -7.606325847999926, 0.0 ], [ 110.546043747000056, -7.606325908999963, 0.0 ], [ 110.546181948000083, -7.606287280999936, 0.0 ], [ 110.546259666000083, -7.606285926999931, 0.0 ], [ 110.54631721800007, -7.606300346999944, 0.0 ], [ 110.546350290000078, -7.606329100999972, 0.0 ], [ 110.546364657000083, -7.606352090999962, 0.0 ], [ 110.546379010000067, -7.606389440999976, 0.0 ], [ 110.546386759000086, -7.606430923999937, 0.0 ], [ 110.546386837000057, -7.606431338999926, 0.0 ], [ 110.546404369000072, -7.606642867999938, 0.0 ], [ 110.546411523000074, -7.606683081999961, 0.0 ], [ 110.546446030000084, -7.606714709999949, 0.0 ], [ 110.546492046000083, -7.606750657999953, 0.0 ], [ 110.546571171000039, -7.606779458999938, 0.0 ], [ 110.546628738000038, -7.606792764999966, 0.0 ], [ 110.546631693000052, -7.606793482999933, 0.0 ], [ 110.546723350000036, -7.606815765999954, 0.0 ], [ 110.546778882000069, -7.606829264999931, 0.0 ], [ 110.54693476500006, -7.606856950999941, 0.0 ], [ 110.547103844000048, -7.606881059999978, 0.0 ], [ 110.547157808000065, -7.606885902999977, 0.0 ], [ 110.547218958000087, -7.606900325999959, 0.0 ], [ 110.547358031000044, -7.606948336999949, 0.0 ], [ 110.547419170000069, -7.606972333999977, 0.0 ], [ 110.547507868000082, -7.60702148799993, 0.0 ], [ 110.547620520000066, -7.607102977999944, 0.0 ], [ 110.547758312000042, -7.607227571999942, 0.0 ], [ 110.547825414000044, -7.60728508099993, 0.0 ], [ 110.547872157000086, -7.607313847999933, 0.0 ], [ 110.547920109000074, -7.607334241999979, 0.0 ], [ 110.547968066000067, -7.607349847999956, 0.0 ], [ 110.548081985000067, -7.607365522999942, 0.0 ], [ 110.548144350000086, -7.607365587999936, 0.0 ], [ 110.54820311900005, -7.607363255999928, 0.0 ], [ 110.548314662000053, -7.607357388999958, 0.0 ], [ 110.548573729000054, -7.607345691999967, 0.0 ], [ 110.548661279000044, -7.607345782999971, 0.0 ], [ 110.548751228000071, -7.607345876999943, 0.0 ], [ 110.548835171000064, -7.607355537999979, 0.0 ], [ 110.548895123000079, -7.607368761999965, 0.0 ], [ 110.548953859000051, -7.607398739999951, 0.0 ], [ 110.549001794000048, -7.607434687999955, 0.0 ], [ 110.549031731000071, -7.607478994999951, 0.0 ], [ 110.54906404500008, -7.607543646999943, 0.0 ], [ 110.549083187000065, -7.607589139999959, 0.0 ], [ 110.549092724000047, -7.607644194999978, 0.0 ], [ 110.549103481000088, -7.607680105999975, 0.0 ], [ 110.549126225000066, -7.607720814999936, 0.0 ], [ 110.549136459000067, -7.607732274999933, 0.0 ], [ 110.549156174000075, -7.607754351999972, 0.0 ], [ 110.54919258700005, -7.607797212999969, 0.0 ], [ 110.549258702000088, -7.607875020999927, 0.0 ], [ 110.549271167000086, -7.607889691999958, 0.0 ], [ 110.549282110000036, -7.607901337999976, 0.0 ], [ 110.549333404000038, -7.607955935999939, 0.0 ], [ 110.54934544300005, -7.607968746999973, 0.0 ], [ 110.549359419000041, -7.607978357999968, 0.0 ], [ 110.549378961000059, -7.607991793999929, 0.0 ], [ 110.549379229000067, -7.607991974999948, 0.0 ], [ 110.54938379400005, -7.607995111999969, 0.0 ], [ 110.549390691000042, -7.607999393999933, 0.0 ], [ 110.549420534000035, -7.608017918999963, 0.0 ], [ 110.549471762000053, -7.608049717999961, 0.0 ], [ 110.549488068000073, -7.608059839999953, 0.0 ], [ 110.549500202000047, -7.608072159999949, 0.0 ], [ 110.549553328000059, -7.608126108999954, 0.0 ], [ 110.549564744000065, -7.608137701999965, 0.0 ], [ 110.549567012000068, -7.608140875999936, 0.0 ], [ 110.54957382200007, -7.60815041099994, 0.0 ], [ 110.549577427000088, -7.608155456999953, 0.0 ], [ 110.549592774000075, -7.608176941999943, 0.0 ], [ 110.549600671000064, -7.608187996999959, 0.0 ], [ 110.549616092000065, -7.608214344999965, 0.0 ], [ 110.54962940300004, -7.608237088999942, 0.0 ], [ 110.549636845000066, -7.608247748999929, 0.0 ], [ 110.549665111000081, -7.608288236999954, 0.0 ], [ 110.549673713000061, -7.60830055699995, 0.0 ], [ 110.549684212000045, -7.608309606999967, 0.0 ], [ 110.549700646000076, -7.608323772999938, 0.0 ], [ 110.54970846100008, -7.608330509999973, 0.0 ], [ 110.549718433000066, -7.608336617999953, 0.0 ], [ 110.549736543000051, -7.608347721999962, 0.0 ], [ 110.549745617000042, -7.608353283999975, 0.0 ], [ 110.549759120000033, -7.608360037999944, 0.0 ], [ 110.549788770000077, -7.608374868999931, 0.0 ], [ 110.54980024300005, -7.608381323999936, 0.0 ], [ 110.549830763000045, -7.608398493999971, 0.0 ], [ 110.549846304000084, -7.608407237999927, 0.0 ], [ 110.54986068900007, -7.608419224999977, 0.0 ], [ 110.549889442000051, -7.608443181999974, 0.0 ], [ 110.549922805000051, -7.608469034999928, 0.0 ], [ 110.549937377000049, -7.608480326999938, 0.0 ], [ 110.549947192000047, -7.608489864999967, 0.0 ], [ 110.54996927600007, -7.608511310999972, 0.0 ], [ 110.549979311000072, -7.608521056999962, 0.0 ], [ 110.549989758000038, -7.608533700999942, 0.0 ], [ 110.550002070000062, -7.608548602999974, 0.0 ], [ 110.550047685000038, -7.608602584999971, 0.0 ], [ 110.550060765000069, -7.608618067999942, 0.0 ], [ 110.550070422000033, -7.608630882999933, 0.0 ], [ 110.550112480000053, -7.608686686999931, 0.0 ], [ 110.550123043000042, -7.608700701999965, 0.0 ], [ 110.550130163000063, -7.608715250999978, 0.0 ], [ 110.550146728000072, -7.608749074999935, 0.0 ], [ 110.550151765000066, -7.608759366999948, 0.0 ], [ 110.550158357000043, -7.608775634999972, 0.0 ], [ 110.550197359000038, -7.608871978999957, 0.0 ], [ 110.550202263000074, -7.608884247999981, 0.0 ], [ 110.550203896000085, -7.608888374999935, 0.0 ], [ 110.55020576700008, -7.608893255999931, 0.0 ], [ 110.550207601000068, -7.608898152999927, 0.0 ], [ 110.550209730000063, -7.608904098999972, 0.0 ], [ 110.550211503000071, -7.608909192999931, 0.0 ], [ 110.550212533000035, -7.608912276999945, 0.0 ], [ 110.550216247000037, -7.608923401999959, 0.0 ], [ 110.550218467000036, -7.608930116999943, 0.0 ], [ 110.55022002700008, -7.608934950999981, 0.0 ], [ 110.550229013000035, -7.608962801999951, 0.0 ], [ 110.550230413000065, -7.608967098999926, 0.0 ], [ 110.550231817000054, -7.60897126499998, 0.0 ], [ 110.550233257000059, -7.608975418999933, 0.0 ], [ 110.550234454000076, -7.60897869799993, 0.0 ], [ 110.550235073000067, -7.608980320999933, 0.0 ], [ 110.550235711000084, -7.608981928999981, 0.0 ], [ 110.550236368000071, -7.608983529999932, 0.0 ], [ 110.550237046000063, -7.608985100999973, 0.0 ], [ 110.550237751000054, -7.608986659999971, 0.0 ], [ 110.550238484000033, -7.60898819099998, 0.0 ], [ 110.550239248000082, -7.608989693999945, 0.0 ], [ 110.55024005100006, -7.608991174999971, 0.0 ], [ 110.550240805000044, -7.608992461999946, 0.0 ], [ 110.550241196000059, -7.608993096999939, 0.0 ], [ 110.55024159900006, -7.608993723999959, 0.0 ], [ 110.550242396000044, -7.608994889999963, 0.0 ], [ 110.550243181000042, -7.60899595199993, 0.0 ], [ 110.550243949000048, -7.608996912999942, 0.0 ], [ 110.550244748000068, -7.608997839999972, 0.0 ], [ 110.55024564200005, -7.608998801999974, 0.0 ], [ 110.550246636000054, -7.608999788999938, 0.0 ], [ 110.550247251000087, -7.609000364999929, 0.0 ], [ 110.550248518000046, -7.609001474999957, 0.0 ], [ 110.55024910700007, -7.609001961999979, 0.0 ], [ 110.55025031100007, -7.609002905999944, 0.0 ], [ 110.550251540000033, -7.609003816999973, 0.0 ], [ 110.550252171000068, -7.609004260999939, 0.0 ], [ 110.55025345100006, -7.609005125999943, 0.0 ], [ 110.550254753000047, -7.609005957999955, 0.0 ], [ 110.550255417000074, -7.609006362999935, 0.0 ], [ 110.550257439000063, -7.609007532999954, 0.0 ], [ 110.550258813000085, -7.60900827599994, 0.0 ], [ 110.550260914000035, -7.609009329999935, 0.0 ], [ 110.550262377000081, -7.609010009999963, 0.0 ], [ 110.55026390200004, -7.609010670999965, 0.0 ], [ 110.550264669000057, -7.609010987999966, 0.0 ], [ 110.55026620700005, -7.609011585999951, 0.0 ], [ 110.550267751000035, -7.609012139999948, 0.0 ], [ 110.550268526000082, -7.609012401999962, 0.0 ], [ 110.550270079000086, -7.609012891999953, 0.0 ], [ 110.550272361000054, -7.609013543999936, 0.0 ], [ 110.550274741000067, -7.609014148999961, 0.0 ], [ 110.550277361000042, -7.609014748999925, 0.0 ], [ 110.550279119000038, -7.60901512099997, 0.0 ], [ 110.550280887000042, -7.609015470999964, 0.0 ], [ 110.550282658000071, -7.609015805999945, 0.0 ], [ 110.550285330000065, -7.609016278999945, 0.0 ], [ 110.550289559000078, -7.609016969999971, 0.0 ], [ 110.55029526800007, -7.609017841999957, 0.0 ], [ 110.550300494000055, -7.609018596999931, 0.0 ], [ 110.550345488000062, -7.609024954999938, 0.0 ], [ 110.55039533300004, -7.609032250999974, 0.0 ], [ 110.550398271000063, -7.609032680999974, 0.0 ], [ 110.550404531000083, -7.609033608999937, 0.0 ], [ 110.550412566000034, -7.609034854999948, 0.0 ], [ 110.550419695000073, -7.609036031999949, 0.0 ], [ 110.550422304000051, -7.609036487999958, 0.0 ], [ 110.550424791000069, -7.609036941999932, 0.0 ], [ 110.55042810100008, -7.609037566999973, 0.0 ], [ 110.550430581000057, -7.609038052999949, 0.0 ], [ 110.550433941000051, -7.60903875799994, 0.0 ], [ 110.550438974000087, -7.60903985799996, 0.0 ], [ 110.550442296000085, -7.609040616999948, 0.0 ], [ 110.550447258000077, -7.609041784999931, 0.0 ], [ 110.550452479000057, -7.609043052999937, 0.0 ], [ 110.550488488000042, -7.609051904999944, 0.0 ], [ 110.550497120000045, -7.609053963999941, 0.0 ], [ 110.550508325000067, -7.609056606999957, 0.0 ], [ 110.550514479000071, -7.609058003999962, 0.0 ], [ 110.550620897000044, -7.609081943999968, 0.0 ], [ 110.550703838000061, -7.609100487999967, 0.0 ], [ 110.550708203000056, -7.609101497999973, 0.0 ], [ 110.550714295000034, -7.609102931999928, 0.0 ], [ 110.550716904000069, -7.609103556999969, 0.0 ], [ 110.550719443000048, -7.609104186999957, 0.0 ], [ 110.550722777000033, -7.609105043999932, 0.0 ], [ 110.550725273000069, -7.609105707999959, 0.0 ], [ 110.550727831000074, -7.609106419999932, 0.0 ], [ 110.550730379000072, -7.609107163999965, 0.0 ], [ 110.55073382900008, -7.609108231999926, 0.0 ], [ 110.550737261000052, -7.609109348999937, 0.0 ], [ 110.550741517000063, -7.609110803999954, 0.0 ], [ 110.550745759000051, -7.609112296999967, 0.0 ], [ 110.550749987000074, -7.60911383499996, 0.0 ], [ 110.550754206000079, -7.60911540099994, 0.0 ], [ 110.55076093200006, -7.609117966999975, 0.0 ], [ 110.550765968000064, -7.60911991699993, 0.0 ], [ 110.550769307000053, -7.609121251999966, 0.0 ], [ 110.550773469000035, -7.609122948999925, 0.0 ], [ 110.550776776000077, -7.609124349999945, 0.0 ], [ 110.550779244000069, -7.609125438999968, 0.0 ], [ 110.550782519000052, -7.609126945999947, 0.0 ], [ 110.550784882000073, -7.609128083999963, 0.0 ], [ 110.550787807000063, -7.609129566999968, 0.0 ], [ 110.550790013000039, -7.60913073599994, 0.0 ], [ 110.550793767000073, -7.609132813999963, 0.0 ], [ 110.550795260000086, -7.609133661999977, 0.0 ], [ 110.550797594000073, -7.60913501899995, 0.0 ], [ 110.550801461000049, -7.609137327999974, 0.0 ], [ 110.550806846000057, -7.609140611999976, 0.0 ], [ 110.550811442000054, -7.609143470999925, 0.0 ], [ 110.550822899000082, -7.609150640999928, 0.0 ], [ 110.550844650000045, -7.609164392999958, 0.0 ], [ 110.550858943000037, -7.609173554999927, 0.0 ], [ 110.550865673000033, -7.609177947999967, 0.0 ], [ 110.550870148000058, -7.609180896999931, 0.0 ], [ 110.550873845000069, -7.609183395999935, 0.0 ], [ 110.55087751700006, -7.609185929999967, 0.0 ], [ 110.550880976000087, -7.609188408999955, 0.0 ], [ 110.550883717000033, -7.609190432999981, 0.0 ], [ 110.550885111000071, -7.609191495999937, 0.0 ], [ 110.550887190000083, -7.609193105999964, 0.0 ], [ 110.550891318000083, -7.60919636899996, 0.0 ], [ 110.550895251000043, -7.609199581999974, 0.0 ], [ 110.550901119000059, -7.609204441999964, 0.0 ], [ 110.550905838000062, -7.609208426999942, 0.0 ], [ 110.550916598000072, -7.609217566999973, 0.0 ], [ 110.550921101000085, -7.609221466999941, 0.0 ], [ 110.550926190000041, -7.609225927999944, 0.0 ], [ 110.550929323000048, -7.609228753999957, 0.0 ], [ 110.550932420000038, -7.609231613999953, 0.0 ], [ 110.550934852000069, -7.609233940999957, 0.0 ], [ 110.550936640000089, -7.609235718999969, 0.0 ], [ 110.550938390000056, -7.609237532999941, 0.0 ], [ 110.550939456000037, -7.609238680999965, 0.0 ], [ 110.550940503000049, -7.609239843999944, 0.0 ], [ 110.550942065000072, -7.609241656999927, 0.0 ], [ 110.550943088000054, -7.609242881999933, 0.0 ], [ 110.550944094000045, -7.609244120999961, 0.0 ], [ 110.550945544000058, -7.609245976999944, 0.0 ], [ 110.550946542000077, -7.609247298999946, 0.0 ], [ 110.550948086000062, -7.609249407999926, 0.0 ], [ 110.55094960200006, -7.609251542999971, 0.0 ], [ 110.550951092000048, -7.609253696999929, 0.0 ], [ 110.550952073000076, -7.609255144999963, 0.0 ], [ 110.550954018000084, -7.609258055999931, 0.0 ], [ 110.550955944000066, -7.609260979999931, 0.0 ], [ 110.550957845000084, -7.609263927999962, 0.0 ], [ 110.550963035000052, -7.609272061999945, 0.0 ], [ 110.550964915000066, -7.609275022999952, 0.0 ], [ 110.550966781000056, -7.609277994999957, 0.0 ], [ 110.550969092000059, -7.60928172399997, 0.0 ], [ 110.550970921000044, -7.609284715999934, 0.0 ], [ 110.550973179000039, -7.609288470999957, 0.0 ], [ 110.550974959000087, -7.60929148699995, 0.0 ], [ 110.550977122000063, -7.609295270999951, 0.0 ], [ 110.550978766000071, -7.609298260999935, 0.0 ], [ 110.550980306000042, -7.609301194999944, 0.0 ], [ 110.550981399000079, -7.609303368999974, 0.0 ], [ 110.550982138000052, -7.60930488899993, 0.0 ], [ 110.550984010000036, -7.609308867999971, 0.0 ], [ 110.550985449000052, -7.60931205199995, 0.0 ], [ 110.550988566000058, -7.609319206999942, 0.0 ], [ 110.550990604000049, -7.609323995999944, 0.0 ], [ 110.550993582000046, -7.609331213999951, 0.0 ], [ 110.550995210000053, -7.609335233999957, 0.0 ], [ 110.550998053000058, -7.609342499999968, 0.0 ], [ 110.550999598000033, -7.609346549999941, 0.0 ], [ 110.551001014000065, -7.609350472999949, 0.0 ], [ 110.551001838000047, -7.609352835999971, 0.0 ], [ 110.551002372000085, -7.609354416999963, 0.0 ], [ 110.551002877000087, -7.609355968999978, 0.0 ], [ 110.551003609000077, -7.609358305999933, 0.0 ], [ 110.551004316000046, -7.609360649999928, 0.0 ], [ 110.55100477600007, -7.609362242999964, 0.0 ], [ 110.551005666000037, -7.609365434999972, 0.0 ], [ 110.551006536000045, -7.609368667999945, 0.0 ], [ 110.551007398000081, -7.60937200099994, 0.0 ], [ 110.551008451000087, -7.609376175999955, 0.0 ], [ 110.551009520000036, -7.609380557999941, 0.0 ], [ 110.551017146000049, -7.609412120999934, 0.0 ], [ 110.551018439000075, -7.609417303999976, 0.0 ], [ 110.551023459000078, -7.609437012999933, 0.0 ], [ 110.551024536000057, -7.609441300999947, 0.0 ], [ 110.551025371000037, -7.609444727999971, 0.0 ], [ 110.551026599000068, -7.609449873999949, 0.0 ], [ 110.551027196000064, -7.609452450999981, 0.0 ], [ 110.551027570000088, -7.609454140999958, 0.0 ], [ 110.551028426000073, -7.609458297999936, 0.0 ], [ 110.551028747000089, -7.609459963999939, 0.0 ], [ 110.551029050000068, -7.60946162099998, 0.0 ], [ 110.551029469000071, -7.60946408999996, 0.0 ], [ 110.55103, -7.609467389999963, 0.0 ], [ 110.551030382000079, -7.609469865999927, 0.0 ], [ 110.551030754000067, -7.609472454999946, 0.0 ], [ 110.551031691000048, -7.609479514999975, 0.0 ], [ 110.551032365000083, -7.609484813999927, 0.0 ], [ 110.55103581700007, -7.609514014999945, 0.0 ], [ 110.551036688000067, -7.609521087999951, 0.0 ], [ 110.551037473000065, -7.609527274999948, 0.0 ], [ 110.551038206000044, -7.609532601999945, 0.0 ], [ 110.551038992000088, -7.609537928999941, 0.0 ], [ 110.551039722000041, -7.609542382999962, 0.0 ], [ 110.551040498000077, -7.609546830999932, 0.0 ], [ 110.551040990000047, -7.609549454999978, 0.0 ], [ 110.551042003000077, -7.609554698999943, 0.0 ], [ 110.551043535000076, -7.609562560999962, 0.0 ], [ 110.551044237000042, -7.609566074999975, 0.0 ], [ 110.551045707000071, -7.609573226999942, 0.0 ], [ 110.551046738000082, -7.609578243999977, 0.0 ], [ 110.551058213000033, -7.609634091999965, 0.0 ], [ 110.551068614000087, -7.609685637999974, 0.0 ], [ 110.551069683000037, -7.60969087899997, 0.0 ], [ 110.551070605000064, -7.609695229999943, 0.0 ], [ 110.551071362000073, -7.609698707999939, 0.0 ], [ 110.551071948000072, -7.609701307999956, 0.0 ], [ 110.551072559000033, -7.609703899999943, 0.0 ], [ 110.551072958000077, -7.609705504999965, 0.0 ], [ 110.551073199000086, -7.609706476999975, 0.0 ], [ 110.551073873000064, -7.609709044999931, 0.0 ], [ 110.551074589000052, -7.609711593999975, 0.0 ], [ 110.55107509700008, -7.609713294999949, 0.0 ], [ 110.551075917000048, -7.609715845999972, 0.0 ], [ 110.551076502000058, -7.609717529999955, 0.0 ], [ 110.551077323000072, -7.609719705999964, 0.0 ], [ 110.551078164000046, -7.609721754999953, 0.0 ], [ 110.551079114000061, -7.609723890999931, 0.0 ], [ 110.551080270000057, -7.609726302999945, 0.0 ], [ 110.551081307000061, -7.609728329999939, 0.0 ], [ 110.551082385000086, -7.609730337999963, 0.0 ], [ 110.551083880000078, -7.609732988999951, 0.0 ], [ 110.551084691000085, -7.609734354999944, 0.0 ], [ 110.551085176000072, -7.609735175999958, 0.0 ], [ 110.551086944000076, -7.609738069999935, 0.0 ], [ 110.551088307000043, -7.609740217999956, 0.0 ], [ 110.551089184000034, -7.609741546999942, 0.0 ], [ 110.551090177000049, -7.609743052999931, 0.0 ], [ 110.551092096000048, -7.609745854999971, 0.0 ], [ 110.551093603000083, -7.609747955999978, 0.0 ], [ 110.551095150000037, -7.60975002899994, 0.0 ], [ 110.551096808000068, -7.609752154999967, 0.0 ], [ 110.551098505000084, -7.60975425099997, 0.0 ], [ 110.551100480000059, -7.609756593999975, 0.0 ], [ 110.551101690000053, -7.609757981999962, 0.0 ], [ 110.551102087000061, -7.609758436999925, 0.0 ], [ 110.55110488400004, -7.609761567999954, 0.0 ], [ 110.551107147000039, -7.609764051999946, 0.0 ], [ 110.551110012000038, -7.609767128999977, 0.0 ], [ 110.551112900000078, -7.609770186999981, 0.0 ], [ 110.551115811000045, -7.609773221999944, 0.0 ], [ 110.55111873900006, -7.609776239999974, 0.0 ], [ 110.551122281000062, -7.609779832999948, 0.0 ], [ 110.551125261000038, -7.609782795999934, 0.0 ], [ 110.551126579000083, -7.609784081999976, 0.0 ], [ 110.55112766700006, -7.609785140999975, 0.0 ], [ 110.551130095000076, -7.609787461999929, 0.0 ], [ 110.551130847000081, -7.609788156999969, 0.0 ], [ 110.551130656000055, -7.609788356999957, 0.0 ], [ 110.551032151000072, -7.609891207999965, 0.0 ], [ 110.550753754000084, -7.610191019999945, 0.0 ], [ 110.550725494000062, -7.610214489999976, 0.0 ], [ 110.550631500000065, -7.610292552999965, 0.0 ], [ 110.55061336600005, -7.610307613999964, 0.0 ], [ 110.550382558000081, -7.610474175999968, 0.0 ], [ 110.550249959000041, -7.610549434999939, 0.0 ], [ 110.550118438000084, -7.610624081999958, 0.0 ], [ 110.549859077000065, -7.610814438999967, 0.0 ], [ 110.549857327000041, -7.610815747999936, 0.0 ], [ 110.549235658000043, -7.611280812999951, 0.0 ], [ 110.549066715000038, -7.611409303999949, 0.0 ], [ 110.548743109000043, -7.611640111999975, 0.0 ], [ 110.548434, -7.611862, 0.0 ], [ 110.548373, -7.611894, 0.0 ], [ 110.548065, -7.612109, 0.0 ], [ 110.547932, -7.61216, 0.0 ], [ 110.547859, -7.612198, 0.0 ], [ 110.54772, -7.612287, 0.0 ], [ 110.547456, -7.612453, 0.0 ], [ 110.547241, -7.612589, 0.0 ], [ 110.547019, -7.612735, 0.0 ], [ 110.546882371000038, -7.612808426999948, 0.0 ], [ 110.546677737000039, -7.612863154999957, 0.0 ], [ 110.546423135000055, -7.612970229999974, 0.0 ], [ 110.546299, -7.613036, 0.0 ], [ 110.546171, -7.613109, 0.0 ], [ 110.546021006000046, -7.613229591999925, 0.0 ], [ 110.545785, -7.613389, 0.0 ], [ 110.545402, -7.613627, 0.0 ], [ 110.54522, -7.61372, 0.0 ], [ 110.544888382000067, -7.61392439499997, 0.0 ], [ 110.544688507000046, -7.614067161999969, 0.0 ], [ 110.544417249000048, -7.614264657999968, 0.0 ], [ 110.544100781000054, -7.61451687999994, 0.0 ], [ 110.543953, -7.614586, 0.0 ], [ 110.543758138000044, -7.614738169999953, 0.0 ], [ 110.543527331000064, -7.614978495999935, 0.0 ], [ 110.543157, -7.61524, 0.0 ], [ 110.54309, -7.615282, 0.0 ], [ 110.543022, -7.61532, 0.0 ], [ 110.543018084000039, -7.615322165999942, 0.0 ], [ 110.542975, -7.615346, 0.0 ], [ 110.542941, -7.615375, 0.0 ], [ 110.542887, -7.615405, 0.0 ], [ 110.542826, -7.615447, 0.0 ], [ 110.542767, -7.615499, 0.0 ], [ 110.542672, -7.61557, 0.0 ], [ 110.542653, -7.615587, 0.0 ], [ 110.542584, -7.615634, 0.0 ], [ 110.542532581000046, -7.615681989999928, 0.0 ], [ 110.542509, -7.615704, 0.0 ], [ 110.542395, -7.615777, 0.0 ], [ 110.542298, -7.61586, 0.0 ], [ 110.542041, -7.616028, 0.0 ], [ 110.541737375000082, -7.616359480999961, 0.0 ], [ 110.541714869000089, -7.616387902999975, 0.0 ], [ 110.541696671000068, -7.616419244999975, 0.0 ], [ 110.541683154000054, -7.61645286299995, 0.0 ], [ 110.541674595000075, -7.616488063999952, 0.0 ], [ 110.541665235000039, -7.616543734999937, 0.0 ], [ 110.541792046000069, -7.616550011999948, 0.0 ], [ 110.541819610000061, -7.616553633999956, 0.0 ], [ 110.541846221000071, -7.61656166299997, 0.0 ], [ 110.541871177000075, -7.616573886999959, 0.0 ], [ 110.541893817000073, -7.616589983999972, 0.0 ], [ 110.541953768000042, -7.61664041399996, 0.0 ], [ 110.542026637000049, -7.616701711999951, 0.0 ], [ 110.542042105000064, -7.616716478999933, 0.0 ], [ 110.542055593000043, -7.616733064999949, 0.0 ], [ 110.542066889000068, -7.616751208999972, 0.0 ], [ 110.542131012000084, -7.61687029999996, 0.0 ], [ 110.542117, -7.616854, 0.0 ], [ 110.541903, -7.616663, 0.0 ], [ 110.541774, -7.616628000999981, 0.0 ], [ 110.541563, -7.616654, 0.0 ], [ 110.541358, -7.616759, 0.0 ], [ 110.541134, -7.616831, 0.0 ], [ 110.540942, -7.616817, 0.0 ], [ 110.540844, -7.616756, 0.0 ], [ 110.540838, -7.616674, 0.0 ], [ 110.540901, -7.616479, 0.0 ], [ 110.540881, -7.616341, 0.0 ], [ 110.540758, -7.616126, 0.0 ], [ 110.54063, -7.615837, 0.0 ], [ 110.540604, -7.61551, 0.0 ], [ 110.540536, -7.615271, 0.0 ], [ 110.540399, -7.615103, 0.0 ], [ 110.540126, -7.614911000999939, 0.0 ], [ 110.539795, -7.614758000999927, 0.0 ], [ 110.539163, -7.614515, 0.0 ], [ 110.53911, -7.614417, 0.0 ], [ 110.539039999000067, -7.614109, 0.0 ], [ 110.539013, -7.613679, 0.0 ], [ 110.538978, -7.61264, 0.0 ], [ 110.53886, -7.612305, 0.0 ], [ 110.538706999000055, -7.612038, 0.0 ], [ 110.538472, -7.61176, 0.0 ], [ 110.538253, -7.611479000999964, 0.0 ], [ 110.538188, -7.61125, 0.0 ], [ 110.538079, -7.61099300099994, 0.0 ], [ 110.537649, -7.610128, 0.0 ], [ 110.53751, -7.609819, 0.0 ], [ 110.537348, -7.609438, 0.0 ], [ 110.537183, -7.609276000999955, 0.0 ], [ 110.536397, -7.608558, 0.0 ], [ 110.536398, -7.608459000999972, 0.0 ], [ 110.536491, -7.608360000999937, 0.0 ], [ 110.536666, -7.608272, 0.0 ], [ 110.536806, -7.608169, 0.0 ], [ 110.536877, -7.608027000999925, 0.0 ], [ 110.536876, -7.607824, 0.0 ], [ 110.5368, -7.607486, 0.0 ], [ 110.536679999000057, -7.60738, 0.0 ], [ 110.536484999000038, -7.607291, 0.0 ], [ 110.535748, -7.607047, 0.0 ], [ 110.535535, -7.606852, 0.0 ], [ 110.53501, -7.606356, 0.0 ], [ 110.534089, -7.605521, 0.0 ], [ 110.533777, -7.605221000999961, 0.0 ], [ 110.53346, -7.605043000999956, 0.0 ], [ 110.533337, -7.605008, 0.0 ], [ 110.533288, -7.605007000999933, 0.0 ], [ 110.532544999000038, -7.604985000999932, 0.0 ], [ 110.531807, -7.604963, 0.0 ], [ 110.531612, -7.604868000999943, 0.0 ], [ 110.531543, -7.604733000999943, 0.0 ], [ 110.531546, -7.604565, 0.0 ], [ 110.531567, -7.604094, 0.0 ], [ 110.531503, -7.603924, 0.0 ], [ 110.531372, -7.603804, 0.0 ], [ 110.530894, -7.603418, 0.0 ], [ 110.530842, -7.603270000999942, 0.0 ], [ 110.530649, -7.60265, 0.0 ], [ 110.531072, -7.602382, 0.0 ], [ 110.53144, -7.602167, 0.0 ], [ 110.532173, -7.601583, 0.0 ], [ 110.533004, -7.601692000999947, 0.0 ], [ 110.534009, -7.60096, 0.0 ], [ 110.534609, -7.601621, 0.0 ], [ 110.534761, -7.601774, 0.0 ], [ 110.534901, -7.601544, 0.0 ], [ 110.534979, -7.60135700099994, 0.0 ], [ 110.535038, -7.601244000999941, 0.0 ], [ 110.535533, -7.601220000999945, 0.0 ], [ 110.535656111000037, -7.601215362999937, 0.0 ], [ 110.535957378000035, -7.601239324999938, 0.0 ], [ 110.535913595000068, -7.601001378999968, 0.0 ], [ 110.535886566000045, -7.600859308999929, 0.0 ], [ 110.535434468000062, -7.599226998999939, 0.0 ], [ 110.535329344000047, -7.59895893199996, 0.0 ], [ 110.535148932000084, -7.59849888399998, 0.0 ], [ 110.535097859000075, -7.59832012399994, 0.0 ], [ 110.535091826000041, -7.598299009999948, 0.0 ], [ 110.535063272000059, -7.598141965999957, 0.0 ], [ 110.535111383000071, -7.598087292999935, 0.0 ], [ 110.535104312000044, -7.598080789999926, 0.0 ], [ 110.53510362600008, -7.598080160999928, 0.0 ], [ 110.535104, -7.59808, 0.0 ], [ 110.535126306000052, -7.598070334999932, 0.0 ], [ 110.535141902000078, -7.598052612999936, 0.0 ], [ 110.535178821000045, -7.598047576999932, 0.0 ], [ 110.535184625000056, -7.598046785999941, 0.0 ], [ 110.535239352000076, -7.598091996999926, 0.0 ], [ 110.535355946000038, -7.598230005999937, 0.0 ], [ 110.535429864000037, -7.59832012399994, 0.0 ], [ 110.535529647000033, -7.598441776999948, 0.0 ], [ 110.535641481000084, -7.59852505799995, 0.0 ], [ 110.53568669100008, -7.59853219799993, 0.0 ], [ 110.535758075000047, -7.598522678999927, 0.0 ], [ 110.535773043000063, -7.598505714999931, 0.0 ], [ 110.535809953000069, -7.59838048599994, 0.0 ], [ 110.535810423000044, -7.598377531999972, 0.0 ], [ 110.535823503000074, -7.59832012399994, 0.0 ], [ 110.535853253000084, -7.59818955399993, 0.0 ], [ 110.535881807000067, -7.597815978999961, 0.0 ], [ 110.535929396000085, -7.597313911999947, 0.0 ], [ 110.535929396000085, -7.597198605999949, 0.0 ], [ 110.535929396000085, -7.597181472999978, 0.0 ], [ 110.535929396000085, -7.597035253999934, 0.0 ], [ 110.535938914000042, -7.59689988599996, 0.0 ], [ 110.535940541000059, -7.596855962999939, 0.0 ], [ 110.535956623000061, -7.596421721999945, 0.0 ], [ 110.535962708000056, -7.596257432999948, 0.0 ], [ 110.535947914000076, -7.596131019999973, 0.0 ], [ 110.535947878000059, -7.596130702999972, 0.0 ], [ 110.535910360000059, -7.595810093999944, 0.0 ], [ 110.535639102000061, -7.594951107999975, 0.0 ], [ 110.53565099900004, -7.594853549999925, 0.0 ], [ 110.535700968000071, -7.594736955999963, 0.0 ], [ 110.535826, -7.594612000999973, 0.0 ], [ 110.536051, -7.5946, 0.0 ], [ 110.535958123000057, -7.594158186999948, 0.0 ], [ 110.535859597000069, -7.593804163999948, 0.0 ], [ 110.535851560000083, -7.593626377999954, 0.0 ], [ 110.535851560000083, -7.593328687999929, 0.0 ], [ 110.535857241000087, -7.592791525999928, 0.0 ], [ 110.535841537000067, -7.592471726999975, 0.0 ], [ 110.535815839000065, -7.592376070999933, 0.0 ], [ 110.535792632000039, -7.592215240999963, 0.0 ], [ 110.535755876000053, -7.592013440999949, 0.0 ], [ 110.535764442000072, -7.591970610999965, 0.0 ], [ 110.535803080000051, -7.591945191999969, 0.0 ], [ 110.53580343200008, -7.591944959999978, 0.0 ], [ 110.535981, -7.591868, 0.0 ], [ 110.536191999000039, -7.591918000999954, 0.0 ], [ 110.536304, -7.591952, 0.0 ], [ 110.536397, -7.591972, 0.0 ], [ 110.537235, -7.591880000999936, 0.0 ], [ 110.537922, -7.591674, 0.0 ], [ 110.538072, -7.591593, 0.0 ], [ 110.538178, -7.591466, 0.0 ], [ 110.538207, -7.591345, 0.0 ], [ 110.538196, -7.591311, 0.0 ], [ 110.538127, -7.591263, 0.0 ], [ 110.537770999000088, -7.591173, 0.0 ], [ 110.53758, -7.591151, 0.0 ], [ 110.537478, -7.591080000999966, 0.0 ], [ 110.537439, -7.590676, 0.0 ], [ 110.537436, -7.59065, 0.0 ], [ 110.537435, -7.590505, 0.0 ], [ 110.537433, -7.590325, 0.0 ], [ 110.537432, -7.590225000999965, 0.0 ], [ 110.537434, -7.590226, 0.0 ], [ 110.537469, -7.590198, 0.0 ], [ 110.537595999000075, -7.590234, 0.0 ], [ 110.538013, -7.590567, 0.0 ], [ 110.538503, -7.590754, 0.0 ], [ 110.538887, -7.590794, 0.0 ], [ 110.539071, -7.590773, 0.0 ], [ 110.539273999000045, -7.590671000999976, 0.0 ], [ 110.539788, -7.590063, 0.0 ], [ 110.539822, -7.590031, 0.0 ], [ 110.540108, -7.589543000999981, 0.0 ], [ 110.540364999000076, -7.589079, 0.0 ], [ 110.540598, -7.588615, 0.0 ], [ 110.540878, -7.588175000999968, 0.0 ], [ 110.541181, -7.587595, 0.0 ], [ 110.541437999000038, -7.587154, 0.0 ], [ 110.541704, -7.586718, 0.0 ], [ 110.541770346000078, -7.586636991999967, 0.0 ], [ 110.54298, -7.58516, 0.0 ], [ 110.543489, -7.584483, 0.0 ], [ 110.543796999000051, -7.584111, 0.0 ], [ 110.54405, -7.583723, 0.0 ], [ 110.54466, -7.583932, 0.0 ], [ 110.54497, -7.584065, 0.0 ], [ 110.545352, -7.584376, 0.0 ], [ 110.545567, -7.584537, 0.0 ], [ 110.54585, -7.584707, 0.0 ], [ 110.546794, -7.585593, 0.0 ], [ 110.546866, -7.585637, 0.0 ], [ 110.547228, -7.58585500099997, 0.0 ], [ 110.547307, -7.586207000999934, 0.0 ], [ 110.54733, -7.5863, 0.0 ], [ 110.54746, -7.586538000999951, 0.0 ], [ 110.547641, -7.586724, 0.0 ], [ 110.548016, -7.587043000999927, 0.0 ], [ 110.548698, -7.58776, 0.0 ], [ 110.54891, -7.588008, 0.0 ], [ 110.548967, -7.588126, 0.0 ], [ 110.549196, -7.58868, 0.0 ], [ 110.549296, -7.588973000999943, 0.0 ], [ 110.54933, -7.589094000999978, 0.0 ], [ 110.54939, -7.589233, 0.0 ], [ 110.549466, -7.589422000999946, 0.0 ], [ 110.550074, -7.590455, 0.0 ], [ 110.550256, -7.591077, 0.0 ], [ 110.551312, -7.592221, 0.0 ], [ 110.551685, -7.592574, 0.0 ], [ 110.552063, -7.592859, 0.0 ], [ 110.552168, -7.592969, 0.0 ], [ 110.552303, -7.593198, 0.0 ], [ 110.552587, -7.593619, 0.0 ], [ 110.553052, -7.594139, 0.0 ], [ 110.553025, -7.594295, 0.0 ], [ 110.552849, -7.595032, 0.0 ], [ 110.552927, -7.595211, 0.0 ], [ 110.55316, -7.595521, 0.0 ], [ 110.554164, -7.596808, 0.0 ], [ 110.554113, -7.597041, 0.0 ], [ 110.553883, -7.597569, 0.0 ], [ 110.553798, -7.597659, 0.0 ], [ 110.554048809000051, -7.597919073999947, 0.0 ] ] ] ] } },
{ "type": "Feature", "properties": { "NAMOBJ": "Karangkendal", "FCODE": "BA03070040", "REMARK": "Wilayah Administrasi Kelurahan/Desa", "METADATA": "TASWIL1000020221227_DATA_BATAS_DESAKELURAHAN", "SRS_ID": "SRGI 2013", "KDBBPS": null, "KDCBPS": null, "KDCPUM": "33.09.21", "KDEBPS": null, "KDEPUM": "33.09.21.2009", "KDPBPS": null, "KDPKAB": "33.09", "KDPPUM": "33", "LUASWH": 0.0, "TIPADM": 1, "WADMKC": "Tamansari", "WADMKD": "Karangkendal", "WADMKK": "Boyolali", "WADMPR": "Jawa Tengah", "WIADKC": null, "WIADKK": null, "WIADPR": null, "WIADKD": null, "UUPP": "Hasil Delineasi Batas Desa 2017", "luas": 2.7685249806478822, "SHAPE_Leng": 0.078032401240707996, "SHAPE_Area": 0.00022684603474700001 }, "geometry": { "type": "MultiPolygon", "coordinates": [ [ [ [ 110.548328, -7.57479, 0.0 ], [ 110.548299, -7.574959, 0.0 ], [ 110.54829, -7.575009, 0.0 ], [ 110.548252, -7.575098, 0.0 ], [ 110.548106, -7.575315, 0.0 ], [ 110.547658, -7.575851000999933, 0.0 ], [ 110.546679, -7.577020000999937, 0.0 ], [ 110.545829, -7.578049, 0.0 ], [ 110.545621, -7.578299, 0.0 ], [ 110.545415999000056, -7.578524000999948, 0.0 ], [ 110.545221999000034, -7.578706, 0.0 ], [ 110.545084999000039, -7.578807, 0.0 ], [ 110.544543, -7.579206000999932, 0.0 ], [ 110.54423, -7.579362000999936, 0.0 ], [ 110.543758782000054, -7.579540976999965, 0.0 ], [ 110.543610716000046, -7.579753708999931, 0.0 ], [ 110.543552597000087, -7.579819747999977, 0.0 ], [ 110.54339656500008, -7.580091591999974, 0.0 ], [ 110.543282351000073, -7.580258154999967, 0.0 ], [ 110.542968262000045, -7.580667421999976, 0.0 ], [ 110.542663290000064, -7.58097498099994, 0.0 ], [ 110.542321761000039, -7.581373645999975, 0.0 ], [ 110.542193271000087, -7.58158779799993, 0.0 ], [ 110.54206627700006, -7.581920172999958, 0.0 ], [ 110.542045, -7.581966, 0.0 ], [ 110.542219, -7.582204, 0.0 ], [ 110.542299, -7.582314, 0.0 ], [ 110.542826, -7.582581000999937, 0.0 ], [ 110.543022, -7.582697000999929, 0.0 ], [ 110.543314, -7.583058, 0.0 ], [ 110.543538, -7.583374, 0.0 ], [ 110.543737, -7.58355, 0.0 ], [ 110.54405, -7.583723, 0.0 ], [ 110.543796999000051, -7.584111, 0.0 ], [ 110.543489, -7.584483, 0.0 ], [ 110.54298, -7.58516, 0.0 ], [ 110.541770346000078, -7.586636991999967, 0.0 ], [ 110.541704, -7.586718, 0.0 ], [ 110.541437999000038, -7.587154, 0.0 ], [ 110.541181, -7.587595, 0.0 ], [ 110.540878, -7.588175000999968, 0.0 ], [ 110.540598, -7.588615, 0.0 ], [ 110.540364999000076, -7.589079, 0.0 ], [ 110.540108, -7.589543000999981, 0.0 ], [ 110.539822, -7.590031, 0.0 ], [ 110.539788, -7.590063, 0.0 ], [ 110.539273999000045, -7.590671000999976, 0.0 ], [ 110.539071, -7.590773, 0.0 ], [ 110.538887, -7.590794, 0.0 ], [ 110.538503, -7.590754, 0.0 ], [ 110.538013, -7.590567, 0.0 ], [ 110.537595999000075, -7.590234, 0.0 ], [ 110.537469, -7.590198, 0.0 ], [ 110.537434, -7.590226, 0.0 ], [ 110.537432, -7.590225000999965, 0.0 ], [ 110.537433, -7.590325, 0.0 ], [ 110.537435, -7.590505, 0.0 ], [ 110.537046, -7.590227, 0.0 ], [ 110.536947528000042, -7.590125545999967, 0.0 ], [ 110.536947, -7.590125000999933, 0.0 ], [ 110.537015175000079, -7.590042422999943, 0.0 ], [ 110.537049677000084, -7.589972029999956, 0.0 ], [ 110.537178168000082, -7.589748360999977, 0.0 ], [ 110.537316177000037, -7.589562762999947, 0.0 ], [ 110.537373284000068, -7.589167771999939, 0.0 ], [ 110.537344730000086, -7.58903214399993, 0.0 ], [ 110.537280485000053, -7.588789437999935, 0.0 ], [ 110.537180547000048, -7.588618116999953, 0.0 ], [ 110.536994949000075, -7.588446795999971, 0.0 ], [ 110.53675938300006, -7.588353996999956, 0.0 ], [ 110.536666584000045, -7.588275475999978, 0.0 ], [ 110.536638030000063, -7.588089876999959, 0.0 ], [ 110.536816490000035, -7.587533082999926, 0.0 ], [ 110.536944981000033, -7.587268962999929, 0.0 ], [ 110.536966396000082, -7.586940596999966, 0.0 ], [ 110.536807409000062, -7.586451157999932, 0.0 ], [ 110.536807, -7.586447, 0.0 ], [ 110.536493, -7.586201, 0.0 ], [ 110.536288, -7.586043, 0.0 ], [ 110.536061, -7.585754, 0.0 ], [ 110.535928, -7.585495, 0.0 ], [ 110.535860999000079, -7.58503400099994, 0.0 ], [ 110.535845, -7.584705000999975, 0.0 ], [ 110.535785, -7.584532, 0.0 ], [ 110.535489, -7.584255000999974, 0.0 ], [ 110.534968, -7.58372, 0.0 ], [ 110.534724, -7.583431, 0.0 ], [ 110.534642, -7.583289, 0.0 ], [ 110.534642, -7.582956, 0.0 ], [ 110.534174, -7.582399, 0.0 ], [ 110.533966, -7.582136, 0.0 ], [ 110.533451, -7.581497, 0.0 ], [ 110.533278, -7.581287, 0.0 ], [ 110.533197, -7.580755, 0.0 ], [ 110.533015, -7.580501, 0.0 ], [ 110.532864, -7.580295000999968, 0.0 ], [ 110.532817999000088, -7.579937, 0.0 ], [ 110.532758999000066, -7.579602, 0.0 ], [ 110.532696, -7.579489, 0.0 ], [ 110.532354, -7.579363000999933, 0.0 ], [ 110.532243, -7.579318, 0.0 ], [ 110.532116999000039, -7.578877, 0.0 ], [ 110.532062, -7.578754, 0.0 ], [ 110.531663, -7.578503000999945, 0.0 ], [ 110.53142, -7.578323, 0.0 ], [ 110.531165, -7.577943, 0.0 ], [ 110.531026, -7.577742000999933, 0.0 ], [ 110.530851, -7.577626000999942, 0.0 ], [ 110.530586, -7.57758, 0.0 ], [ 110.530289, -7.577579, 0.0 ], [ 110.530243999000049, -7.577548000999968, 0.0 ], [ 110.530212, -7.577516, 0.0 ], [ 110.530184999000085, -7.57746900099994, 0.0 ], [ 110.530177, -7.577429000999928, 0.0 ], [ 110.530207, -7.577341, 0.0 ], [ 110.530307, -7.577213, 0.0 ], [ 110.530311, -7.577126, 0.0 ], [ 110.530275, -7.577062000999945, 0.0 ], [ 110.530113, -7.576675, 0.0 ], [ 110.530041, -7.576356000999965, 0.0 ], [ 110.530013, -7.576064000999963, 0.0 ], [ 110.530074, -7.575790000999973, 0.0 ], [ 110.530107999000052, -7.575662, 0.0 ], [ 110.530048, -7.575519000999975, 0.0 ], [ 110.52986, -7.575323000999958, 0.0 ], [ 110.52976, -7.575237, 0.0 ], [ 110.529556992000039, -7.575056093999933, 0.0 ], [ 110.529512, -7.575016, 0.0 ], [ 110.529225, -7.574763, 0.0 ], [ 110.528958, -7.57454, 0.0 ], [ 110.528832, -7.574376, 0.0 ], [ 110.528786, -7.57424, 0.0 ], [ 110.528901, -7.57376, 0.0 ], [ 110.528933, -7.573576, 0.0 ], [ 110.52878, -7.57339400099994, 0.0 ], [ 110.528583, -7.573219000999927, 0.0 ], [ 110.528498, -7.573044000999971, 0.0 ], [ 110.528427, -7.572889, 0.0 ], [ 110.528257, -7.572713000999954, 0.0 ], [ 110.528051, -7.572544, 0.0 ], [ 110.527987, -7.572454, 0.0 ], [ 110.527993, -7.572326, 0.0 ], [ 110.52809, -7.572069000999932, 0.0 ], [ 110.52809, -7.571927, 0.0 ], [ 110.528341, -7.571257, 0.0 ], [ 110.528551, -7.570799000999955, 0.0 ], [ 110.528754, -7.570433, 0.0 ], [ 110.52959, -7.569766000999948, 0.0 ], [ 110.529826, -7.570158000999982, 0.0 ], [ 110.530242, -7.570863, 0.0 ], [ 110.53053, -7.571214, 0.0 ], [ 110.53091, -7.571535, 0.0 ], [ 110.531276999000056, -7.571764, 0.0 ], [ 110.531557, -7.5719, 0.0 ], [ 110.531618, -7.571755000999929, 0.0 ], [ 110.531641, -7.5717, 0.0 ], [ 110.531649, -7.571681, 0.0 ], [ 110.531675, -7.571626, 0.0 ], [ 110.531725999000059, -7.571525, 0.0 ], [ 110.53176, -7.57146, 0.0 ], [ 110.531799, -7.571373, 0.0 ], [ 110.531982, -7.571039, 0.0 ], [ 110.532127, -7.570771, 0.0 ], [ 110.53219, -7.57064, 0.0 ], [ 110.532689, -7.569542, 0.0 ], [ 110.532792, -7.569344, 0.0 ], [ 110.532827, -7.569284, 0.0 ], [ 110.532913, -7.569138, 0.0 ], [ 110.532956, -7.569069, 0.0 ], [ 110.53305768000007, -7.568898382999976, 0.0 ], [ 110.533521284000074, -7.56916208399997, 0.0 ], [ 110.534235123000087, -7.569580870999971, 0.0 ], [ 110.534782398000061, -7.569899716999942, 0.0 ], [ 110.535350816000062, -7.570215010999959, 0.0 ], [ 110.535401, -7.570174000999941, 0.0 ], [ 110.535426, -7.570154000999935, 0.0 ], [ 110.535494, -7.570055, 0.0 ], [ 110.535656, -7.569744, 0.0 ], [ 110.53602, -7.568935, 0.0 ], [ 110.536023790000058, -7.568925840999952, 0.0 ], [ 110.536240700000064, -7.569037820999938, 0.0 ], [ 110.536431925000045, -7.568575695999925, 0.0 ], [ 110.536529483000038, -7.568532864999952, 0.0 ], [ 110.536606637000034, -7.568442980999976, 0.0 ], [ 110.536541381000063, -7.568233052999972, 0.0 ], [ 110.536512827000081, -7.568125976999966, 0.0 ], [ 110.536875397000074, -7.567480280999973, 0.0 ], [ 110.536993419000055, -7.567263725999965, 0.0 ], [ 110.537086425000041, -7.56732636299995, 0.0 ], [ 110.537292907000051, -7.566717381999979, 0.0 ], [ 110.537308, -7.566631, 0.0 ], [ 110.537321, -7.56664, 0.0 ], [ 110.537439240000083, -7.566956847999961, 0.0 ], [ 110.537490114000036, -7.567092312999932, 0.0 ], [ 110.53753, -7.567197, 0.0 ], [ 110.537648, -7.567481, 0.0 ], [ 110.537785, -7.567652, 0.0 ], [ 110.538085, -7.567816000999926, 0.0 ], [ 110.539149, -7.568143, 0.0 ], [ 110.540193, -7.568702, 0.0 ], [ 110.540797, -7.569136, 0.0 ], [ 110.541539, -7.569489, 0.0 ], [ 110.541593999000042, -7.569603, 0.0 ], [ 110.54185, -7.570145, 0.0 ], [ 110.542275, -7.571123, 0.0 ], [ 110.542560999000045, -7.572027000999981, 0.0 ], [ 110.542599999000061, -7.572326, 0.0 ], [ 110.542564, -7.572831, 0.0 ], [ 110.542568, -7.573018, 0.0 ], [ 110.542622, -7.573216000999935, 0.0 ], [ 110.543044, -7.573415000999944, 0.0 ], [ 110.543579, -7.573582, 0.0 ], [ 110.544721, -7.573857, 0.0 ], [ 110.545376999000041, -7.574071, 0.0 ], [ 110.545668, -7.574162, 0.0 ], [ 110.545763, -7.574188, 0.0 ], [ 110.546148999000081, -7.574295, 0.0 ], [ 110.547446, -7.574621000999969, 0.0 ], [ 110.547666999000057, -7.574671, 0.0 ], [ 110.54784, -7.574697, 0.0 ], [ 110.548328, -7.57479, 0.0 ] ] ] ] } },
{ "type": "Feature", "properties": { "NAMOBJ": "Kebongulo", "FCODE": "BA03070040", "REMARK": "Wilayah Administrasi Kelurahan/Desa", "METADATA": "TASWIL1000020221227_DATA_BATAS_DESAKELURAHAN", "SRS_ID": "SRGI 2013", "KDBBPS": null, "KDCBPS": null, "KDCPUM": "33.09.04", "KDEBPS": null, "KDEPUM": "33.09.04.2017", "KDPBPS": null, "KDPKAB": "33.09", "KDPPUM": "33", "LUASWH": 0.0, "TIPADM": 1, "WADMKC": "Musuk", "WADMKD": "Kebongulo", "WADMKK": "Boyolali", "WADMPR": "Jawa Tengah", "WIADKC": null, "WIADKK": null, "WIADPR": null, "WIADKD": null, "UUPP": "Hasil Delineasi Batas Desa 2017", "luas": 1.6875779459712239, "SHAPE_Leng": 0.069770643955534006, "SHAPE_Area": 0.00013826815792899999 }, "geometry": { "type": "MultiPolygon", "coordinates": [ [ [ [ 110.568291428000066, -7.549901129999967, 0.0 ], [ 110.568312739000078, -7.550272290999942, 0.0 ], [ 110.568339508000065, -7.550590543999931, 0.0 ], [ 110.568354379000084, -7.551235972999962, 0.0 ], [ 110.568387096000038, -7.552047963999939, 0.0 ], [ 110.568416840000054, -7.552556572999947, 0.0 ], [ 110.568403157000034, -7.552683875999946, 0.0 ], [ 110.56836389700004, -7.552765966999971, 0.0 ], [ 110.568296083000064, -7.552776673999972, 0.0 ], [ 110.568142607000084, -7.552733842999942, 0.0 ], [ 110.56793083000008, -7.552661933999957, 0.0 ], [ 110.567921014000035, -7.552739675999931, 0.0 ], [ 110.567891651000082, -7.552885429999947, 0.0 ], [ 110.567881786000044, -7.553011764999951, 0.0 ], [ 110.56784272200008, -7.553118633999929, 0.0 ], [ 110.567803667000078, -7.553215783999974, 0.0 ], [ 110.56777436200008, -7.553303224999979, 0.0 ], [ 110.567647711000063, -7.553341974999967, 0.0 ], [ 110.567501620000087, -7.553341830999955, 0.0 ], [ 110.567355528000064, -7.553341686999943, 0.0 ], [ 110.567180248000057, -7.553312355999935, 0.0 ], [ 110.567043915000056, -7.553292782999961, 0.0 ], [ 110.566917360000048, -7.553234343999975, 0.0 ], [ 110.566820053000072, -7.553146777999928, 0.0 ], [ 110.566771434000088, -7.553068978999931, 0.0 ], [ 110.56670338400005, -7.552942566999945, 0.0 ], [ 110.566703509000035, -7.552816221999933, 0.0 ], [ 110.566693875000055, -7.552709302999972, 0.0 ], [ 110.566684234000036, -7.55261210499998, 0.0 ], [ 110.566684360000067, -7.552485759999968, 0.0 ], [ 110.566684476000034, -7.552369134999935, 0.0 ], [ 110.566532902000063, -7.552362646999939, 0.0 ], [ 110.566407980000065, -7.552359077999938, 0.0 ], [ 110.566200967000043, -7.552284124999971, 0.0 ], [ 110.566126014000076, -7.552223448999939, 0.0 ], [ 110.56601536900007, -7.552134218999981, 0.0 ], [ 110.565901155000063, -7.552052127999957, 0.0 ], [ 110.565758387000074, -7.551987881999935, 0.0 ], [ 110.565554943000052, -7.551962897999942, 0.0 ], [ 110.565369345000079, -7.551955759999942, 0.0 ], [ 110.56523728500008, -7.551948620999951, 0.0 ], [ 110.565005288000066, -7.551855821999936, 0.0 ], [ 110.564701907000085, -7.551713053999947, 0.0 ], [ 110.564291450000042, -7.551513179999972, 0.0 ], [ 110.564048744000047, -7.55134899799998, 0.0 ], [ 110.563806040000088, -7.551252628999976, 0.0 ], [ 110.563673980000033, -7.551241921999974, 0.0 ], [ 110.56349552000006, -7.551241921999974, 0.0 ], [ 110.563284938000038, -7.551281181999968, 0.0 ], [ 110.563077925000073, -7.551370411999926, 0.0 ], [ 110.562945864000085, -7.551470348999942, 0.0 ], [ 110.562760266000055, -7.551573855999948, 0.0 ], [ 110.562531838000041, -7.551770162999958, 0.0 ], [ 110.562253440000063, -7.552062834999958, 0.0 ], [ 110.562132089000045, -7.55226984799998, 0.0 ], [ 110.561885815000039, -7.552548244999969, 0.0 ], [ 110.561675232000084, -7.552794519999964, 0.0 ], [ 110.561056572000041, -7.553396523999936, 0.0 ], [ 110.560580680000044, -7.553753441999959, 0.0 ], [ 110.560128583000051, -7.554062771999952, 0.0 ], [ 110.559854945000041, -7.554312615999947, 0.0 ], [ 110.559628896000049, -7.554401844999973, 0.0 ], [ 110.559569409000062, -7.554610047999972, 0.0 ], [ 110.559563461000039, -7.554770662999942, 0.0 ], [ 110.559605101000045, -7.554853942999955, 0.0 ], [ 110.559766852000052, -7.554894807999972, 0.0 ], [ 110.560170223000057, -7.554996711999934, 0.0 ], [ 110.560299756000063, -7.555027767999945, 0.0 ], [ 110.560301823000088, -7.55502826399993, 0.0 ], [ 110.560287711000058, -7.555053961999931, 0.0 ], [ 110.560146486000065, -7.555361059999939, 0.0 ], [ 110.559991184000069, -7.556156018999957, 0.0 ], [ 110.559658060000061, -7.557293399999935, 0.0 ], [ 110.559374710000043, -7.55873721599994, 0.0 ], [ 110.558779, -7.558601, 0.0 ], [ 110.55843, -7.558528, 0.0 ], [ 110.557774, -7.558379000999935, 0.0 ], [ 110.557065999000088, -7.558229, 0.0 ], [ 110.55694, -7.558365, 0.0 ], [ 110.556913999000074, -7.558408, 0.0 ], [ 110.556871999000066, -7.558481, 0.0 ], [ 110.556614, -7.559195000999978, 0.0 ], [ 110.556615, -7.559226, 0.0 ], [ 110.556553, -7.559408, 0.0 ], [ 110.556316999000046, -7.559398, 0.0 ], [ 110.556085, -7.559391000999938, 0.0 ], [ 110.555035, -7.559381, 0.0 ], [ 110.554199999000048, -7.559136000999956, 0.0 ], [ 110.553848, -7.558913, 0.0 ], [ 110.553706, -7.55891, 0.0 ], [ 110.553477999000052, -7.559026, 0.0 ], [ 110.553019, -7.559267, 0.0 ], [ 110.552842, -7.559268, 0.0 ], [ 110.552157, -7.559136000999956, 0.0 ], [ 110.551595, -7.559032, 0.0 ], [ 110.551269, -7.558937, 0.0 ], [ 110.550923999000076, -7.558857, 0.0 ], [ 110.550588, -7.558772, 0.0 ], [ 110.549811999000042, -7.55847, 0.0 ], [ 110.549235, -7.558207, 0.0 ], [ 110.549328909000053, -7.557966430999954, 0.0 ], [ 110.549400293000076, -7.55773800399993, 0.0 ], [ 110.549623121000081, -7.557249213999967, 0.0 ], [ 110.549737335000088, -7.556944642999952, 0.0 ], [ 110.549861067000052, -7.556497303999947, 0.0 ], [ 110.550013352000065, -7.555792983999936, 0.0 ], [ 110.550060942000073, -7.555364680999958, 0.0 ], [ 110.550241780000079, -7.554498556999931, 0.0 ], [ 110.55051835900008, -7.553361419999931, 0.0 ], [ 110.550596183000039, -7.552360764999946, 0.0 ], [ 110.55072705300006, -7.551438723999979, 0.0 ], [ 110.551056608000067, -7.550310858999978, 0.0 ], [ 110.551074765000067, -7.550206694999929, 0.0 ], [ 110.551182263000044, -7.550056697999935, 0.0 ], [ 110.551229852000063, -7.549928207999926, 0.0 ], [ 110.551310754000042, -7.549809233999952, 0.0 ], [ 110.551363102000039, -7.549737850999975, 0.0 ], [ 110.551439244000051, -7.549666467999941, 0.0 ], [ 110.551591530000053, -7.549566529999936, 0.0 ], [ 110.551700985000082, -7.549471351999955, 0.0 ], [ 110.551834235000058, -7.549242922999952, 0.0 ], [ 110.551910378000059, -7.549043048999977, 0.0 ], [ 110.551948449000065, -7.54880510199996, 0.0 ], [ 110.552045, -7.548242, 0.0 ], [ 110.552238, -7.548311, 0.0 ], [ 110.552441, -7.548472000999936, 0.0 ], [ 110.552629, -7.548648000999947, 0.0 ], [ 110.552893, -7.548834, 0.0 ], [ 110.553181, -7.548940000999949, 0.0 ], [ 110.55375, -7.548983, 0.0 ], [ 110.554268, -7.548843000999966, 0.0 ], [ 110.554735, -7.54879, 0.0 ], [ 110.555387, -7.548478, 0.0 ], [ 110.555666, -7.548347, 0.0 ], [ 110.556160999000042, -7.548356, 0.0 ], [ 110.556316, -7.548334000999944, 0.0 ], [ 110.55647299900005, -7.548232, 0.0 ], [ 110.556571999000084, -7.548103, 0.0 ], [ 110.556601, -7.547993, 0.0 ], [ 110.556475, -7.547798, 0.0 ], [ 110.556233, -7.54757400099993, 0.0 ], [ 110.556018, -7.547402, 0.0 ], [ 110.55594, -7.547294, 0.0 ], [ 110.555958, -7.547172, 0.0 ], [ 110.556073, -7.547051, 0.0 ], [ 110.556356999000059, -7.546954, 0.0 ], [ 110.556451, -7.546946, 0.0 ], [ 110.556665989000066, -7.546915720999948, 0.0 ], [ 110.556983846000037, -7.547008983999945, 0.0 ], [ 110.556983886000069, -7.547008995999931, 0.0 ], [ 110.556983927000033, -7.547009000999935, 0.0 ], [ 110.557124750000071, -7.547024223999927, 0.0 ], [ 110.557208507000041, -7.547010898999929, 0.0 ], [ 110.557299879000084, -7.546965213999954, 0.0 ], [ 110.557376021000039, -7.546887167999955, 0.0 ], [ 110.557444550000071, -7.546793893999961, 0.0 ], [ 110.557543535000036, -7.546746302999964, 0.0 ], [ 110.557701532000067, -7.546700618999978, 0.0 ], [ 110.557802420000087, -7.546658738999952, 0.0 ], [ 110.557867142000077, -7.546618763999959, 0.0 ], [ 110.557926153000039, -7.546554043999947, 0.0 ], [ 110.557964224000045, -7.546485513999926, 0.0 ], [ 110.558137305000059, -7.546124966999969, 0.0 ], [ 110.558165860000088, -7.546080709999956, 0.0 ], [ 110.558217256000034, -7.546052154999927, 0.0 ], [ 110.558322904000079, -7.546036450999964, 0.0 ], [ 110.558370017000072, -7.546035022999945, 0.0 ], [ 110.558454250000068, -7.546082135999939, 0.0 ], [ 110.558519923000063, -7.546129250999968, 0.0 ], [ 110.558582741000066, -7.546136387999979, 0.0 ], [ 110.558696955000073, -7.546129250999968, 0.0 ], [ 110.558781188000069, -7.546090701999958, 0.0 ], [ 110.558871132000036, -7.546005041999933, 0.0 ], [ 110.558942516000059, -7.545947935999948, 0.0 ], [ 110.559006761000035, -7.545930802999976, 0.0 ], [ 110.559077883000043, -7.545916132999935, 0.0 ], [ 110.559213512000042, -7.545913753999969, 0.0 ], [ 110.559277758000064, -7.545932788999949, 0.0 ], [ 110.559349142000087, -7.545980378999957, 0.0 ], [ 110.55940386900005, -7.54601607099994, 0.0 ], [ 110.559477633000085, -7.54602320999993, 0.0 ], [ 110.559558534000075, -7.546001793999949, 0.0 ], [ 110.559620400000085, -7.545963721999954, 0.0 ], [ 110.559660851000046, -7.545892338999977, 0.0 ], [ 110.559672748000082, -7.545721017999938, 0.0 ], [ 110.559720992000052, -7.545432270999981, 0.0 ], [ 110.559825093000086, -7.545292475999929, 0.0 ], [ 110.559923246000039, -7.545232990999978, 0.0 ], [ 110.560063040000045, -7.545218118999969, 0.0 ], [ 110.560280165000052, -7.54524786199994, 0.0 ], [ 110.56036047200007, -7.545274630999927, 0.0 ], [ 110.560446728000045, -7.545328168999959, 0.0 ], [ 110.56053595700007, -7.545435244999965, 0.0 ], [ 110.560598418000041, -7.545509601999981, 0.0 ], [ 110.560610316000066, -7.545613703999948, 0.0 ], [ 110.560577598000066, -7.545723753999937, 0.0 ], [ 110.560528819000069, -7.545939094999937, 0.0 ], [ 110.560540716000048, -7.546055689999946, 0.0 ], [ 110.560602582000058, -7.546124693999957, 0.0 ], [ 110.560738212000047, -7.546224629999926, 0.0 ], [ 110.560866702000055, -7.546243665999953, 0.0 ], [ 110.56095236200008, -7.546217491999926, 0.0 ], [ 110.561049921000063, -7.546167522999951, 0.0 ], [ 110.561183171000039, -7.546055689999946, 0.0 ], [ 110.561318800000038, -7.545972406999965, 0.0 ], [ 110.561449670000059, -7.545965268999964, 0.0 ], [ 110.561511536000069, -7.545974787999967, 0.0 ], [ 110.561578161000057, -7.546022375999939, 0.0 ], [ 110.561735206000037, -7.546138969999959, 0.0 ], [ 110.56186845600007, -7.546260321999966, 0.0 ], [ 110.562011222000081, -7.546317428999942, 0.0 ], [ 110.562133052000036, -7.546333133999951, 0.0 ], [ 110.562230610000086, -7.546304580999958, 0.0 ], [ 110.562406690000046, -7.546190366999951, 0.0 ], [ 110.562597047000054, -7.545992870999953, 0.0 ], [ 110.562704122000071, -7.545904830999973, 0.0 ], [ 110.562792162000051, -7.545857242999944, 0.0 ], [ 110.562949207000088, -7.545854861999942, 0.0 ], [ 110.563158599000076, -7.545871517999956, 0.0 ], [ 110.563318023000079, -7.545878656999946, 0.0 ], [ 110.563453653000067, -7.545869139999979, 0.0 ], [ 110.563553589000037, -7.545816790999936, 0.0 ], [ 110.563752037000086, -7.545640234999951, 0.0 ], [ 110.563963809000086, -7.545433221999929, 0.0 ], [ 110.564049470000043, -7.545292832999962, 0.0 ], [ 110.56420587100007, -7.545057157999963, 0.0 ], [ 110.564235465000081, -7.545654585999955, 0.0 ], [ 110.564062924000041, -7.546230564999973, 0.0 ], [ 110.563863050000066, -7.546744527999977, 0.0 ], [ 110.563625103000049, -7.54711572399998, 0.0 ], [ 110.563150401000087, -7.548146823999957, 0.0 ], [ 110.563079017000064, -7.548694099999977, 0.0 ], [ 110.563328861000059, -7.549324656999943, 0.0 ], [ 110.56309884500007, -7.549975042999961, 0.0 ], [ 110.564205295000079, -7.550272476999965, 0.0 ], [ 110.565704356000083, -7.550617497999951, 0.0 ], [ 110.566584756000054, -7.550879237999936, 0.0 ], [ 110.566763216000084, -7.550867340999957, 0.0 ], [ 110.566810805000046, -7.550676984999939, 0.0 ], [ 110.566917881000052, -7.550314115999981, 0.0 ], [ 110.567013059000033, -7.550278425999977, 0.0 ], [ 110.567483003000063, -7.550337910999929, 0.0 ], [ 110.568027186000052, -7.55036789199994, 0.0 ], [ 110.568087861000038, -7.549914604999969, 0.0 ], [ 110.568291428000066, -7.549901129999967, 0.0 ] ] ] ] } },
{ "type": "Feature", "properties": { "NAMOBJ": "Kembangsari", "FCODE": "BA03070040", "REMARK": "Wilayah Administrasi Kelurahan/Desa", "METADATA": "TASWIL1000020221227_DATA_BATAS_DESAKELURAHAN", "SRS_ID": "SRGI 2013", "KDBBPS": null, "KDCBPS": null, "KDCPUM": "33.09.04", "KDEBPS": null, "KDEPUM": "33.09.04.2015", "KDPBPS": null, "KDPKAB": "33.09", "KDPPUM": "33", "LUASWH": 0.0, "TIPADM": 1, "WADMKC": "Musuk", "WADMKD": "Kembangsari", "WADMKK": "Boyolali", "WADMPR": "Jawa Tengah", "WIADKC": null, "WIADKK": null, "WIADPR": null, "WIADKD": null, "UUPP": "Hasil Delineasi Batas Desa 2017", "luas": 3.8199158284115948, "SHAPE_Leng": 0.10525363264276801, "SHAPE_Area": 0.0003129697066 }, "geometry": { "type": "MultiPolygon", "coordinates": [ [ [ [ 110.531201, -7.536475000999928, 0.0 ], [ 110.53156, -7.536623, 0.0 ], [ 110.531968, -7.536873, 0.0 ], [ 110.532525999000086, -7.537219000999926, 0.0 ], [ 110.533003, -7.537428, 0.0 ], [ 110.533361, -7.537542, 0.0 ], [ 110.53392, -7.53769, 0.0 ], [ 110.534240999000076, -7.537769, 0.0 ], [ 110.534298, -7.538046, 0.0 ], [ 110.534298, -7.538293, 0.0 ], [ 110.534209, -7.53869, 0.0 ], [ 110.534023, -7.539184, 0.0 ], [ 110.533830498000043, -7.539812841999947, 0.0 ], [ 110.533597, -7.540463, 0.0 ], [ 110.533419, -7.540913, 0.0 ], [ 110.533295, -7.541301, 0.0 ], [ 110.533076, -7.541783000999942, 0.0 ], [ 110.533163, -7.541753, 0.0 ], [ 110.533324, -7.541942, 0.0 ], [ 110.533494, -7.542302, 0.0 ], [ 110.533617999000057, -7.542504000999941, 0.0 ], [ 110.533795, -7.542661000999942, 0.0 ], [ 110.534002, -7.542758000999982, 0.0 ], [ 110.534135, -7.542757000999927, 0.0 ], [ 110.534318, -7.542682, 0.0 ], [ 110.534414, -7.54269, 0.0 ], [ 110.53458, -7.542827, 0.0 ], [ 110.534757, -7.543082, 0.0 ], [ 110.534968, -7.543371, 0.0 ], [ 110.535219, -7.543607, 0.0 ], [ 110.535339, -7.54368, 0.0 ], [ 110.535476, -7.543687, 0.0 ], [ 110.53558, -7.543632000999935, 0.0 ], [ 110.535598, -7.543593000999977, 0.0 ], [ 110.53567, -7.543542, 0.0 ], [ 110.53611, -7.543445, 0.0 ], [ 110.536303, -7.543444, 0.0 ], [ 110.536508, -7.54351, 0.0 ], [ 110.536636, -7.543617, 0.0 ], [ 110.536721, -7.543829000999949, 0.0 ], [ 110.536767, -7.543965000999947, 0.0 ], [ 110.537197, -7.544149, 0.0 ], [ 110.537639, -7.544171, 0.0 ], [ 110.537876, -7.544225, 0.0 ], [ 110.538091, -7.544298000999959, 0.0 ], [ 110.53896, -7.544087, 0.0 ], [ 110.539258, -7.544027, 0.0 ], [ 110.539745, -7.544085, 0.0 ], [ 110.539944, -7.544115, 0.0 ], [ 110.540018, -7.544113, 0.0 ], [ 110.540560999000036, -7.544284, 0.0 ], [ 110.540937, -7.544417, 0.0 ], [ 110.541352, -7.544471000999977, 0.0 ], [ 110.541776, -7.54447, 0.0 ], [ 110.54256, -7.544545, 0.0 ], [ 110.542662, -7.544553, 0.0 ], [ 110.542717, -7.544555, 0.0 ], [ 110.542981, -7.544572000999949, 0.0 ], [ 110.543112, -7.544713, 0.0 ], [ 110.543374, -7.545584000999952, 0.0 ], [ 110.543432, -7.545776, 0.0 ], [ 110.543731, -7.546070000999975, 0.0 ], [ 110.5442, -7.546552, 0.0 ], [ 110.544428, -7.546803, 0.0 ], [ 110.544964, -7.547125000999927, 0.0 ], [ 110.545354, -7.547436000999937, 0.0 ], [ 110.545464, -7.54749, 0.0 ], [ 110.54578, -7.547562, 0.0 ], [ 110.545886, -7.54758, 0.0 ], [ 110.546214, -7.547774, 0.0 ], [ 110.546261070000071, -7.547821598999974, 0.0 ], [ 110.547441282000079, -7.54781969499993, 0.0 ], [ 110.547424999000043, -7.547932, 0.0 ], [ 110.547409, -7.548128, 0.0 ], [ 110.547259, -7.548143, 0.0 ], [ 110.547132999000041, -7.548157000999936, 0.0 ], [ 110.546737414000063, -7.548277827999925, 0.0 ], [ 110.546627705000049, -7.54825823699997, 0.0 ], [ 110.54649207600005, -7.548204699999928, 0.0 ], [ 110.546381431000043, -7.54821897599993, 0.0 ], [ 110.546310047000077, -7.548276082999962, 0.0 ], [ 110.546231524000063, -7.548436695999953, 0.0 ], [ 110.546138726000038, -7.548608016999935, 0.0 ], [ 110.546063773000071, -7.548672263999947, 0.0 ], [ 110.546035012000061, -7.548668943999928, 0.0 ], [ 110.545968, -7.548678, 0.0 ], [ 110.545766, -7.548613, 0.0 ], [ 110.545681105000085, -7.548567056999957, 0.0 ], [ 110.545464149000054, -7.548422418999962, 0.0 ], [ 110.54523929000004, -7.548193990999948, 0.0 ], [ 110.545092953000051, -7.548090484999932, 0.0 ], [ 110.544953755000051, -7.548101191999933, 0.0 ], [ 110.544803849000061, -7.548151160999964, 0.0 ], [ 110.544489760000033, -7.548290358999964, 0.0 ], [ 110.544429083000068, -7.548372450999977, 0.0 ], [ 110.54444692900006, -7.548468818999936, 0.0 ], [ 110.544521882000083, -7.548615156999972, 0.0 ], [ 110.544671788000073, -7.548790045999965, 0.0 ], [ 110.544788679000078, -7.54909104799998, 0.0 ], [ 110.544777972000077, -7.549265937999962, 0.0 ], [ 110.544695881000052, -7.549412274999952, 0.0 ], [ 110.544635204000087, -7.549483658999975, 0.0 ], [ 110.54448172900004, -7.549551473999941, 0.0 ], [ 110.544371083000044, -7.549540766999939, 0.0 ], [ 110.544285280000054, -7.549513754999964, 0.0 ], [ 110.544263, -7.549514, 0.0 ], [ 110.544063, -7.549442, 0.0 ], [ 110.543636, -7.549281, 0.0 ], [ 110.543463, -7.549304, 0.0 ], [ 110.543226, -7.549419, 0.0 ], [ 110.542783999000051, -7.549655, 0.0 ], [ 110.541983999000081, -7.549935000999938, 0.0 ], [ 110.540895, -7.549884, 0.0 ], [ 110.540266999000039, -7.549708, 0.0 ], [ 110.540032999000061, -7.549803, 0.0 ], [ 110.54003, -7.549804, 0.0 ], [ 110.539991, -7.549813, 0.0 ], [ 110.539869699000064, -7.54988063299993, 0.0 ], [ 110.539781659000084, -7.549887770999931, 0.0 ], [ 110.539734070000065, -7.549825904999977, 0.0 ], [ 110.539693619000047, -7.54973786599993, 0.0 ], [ 110.539669824000043, -7.549637927999981, 0.0 ], [ 110.539637, -7.549169, 0.0 ], [ 110.539573, -7.549101, 0.0 ], [ 110.539486, -7.5491, 0.0 ], [ 110.539417601000082, -7.549238534999972, 0.0 ], [ 110.539417601000082, -7.54936048199994, 0.0 ], [ 110.539387858000055, -7.549476480999942, 0.0 ], [ 110.539322423000044, -7.549586530999932, 0.0 ], [ 110.539117195000074, -7.549625196999955, 0.0 ], [ 110.538801916000068, -7.549619249999978, 0.0 ], [ 110.538587764000056, -7.549607351999953, 0.0 ], [ 110.538163661000056, -7.549513947999969, 0.0 ], [ 110.537796, -7.549503000999948, 0.0 ], [ 110.537394, -7.549591, 0.0 ], [ 110.537113, -7.54969700099997, 0.0 ], [ 110.536853, -7.549832, 0.0 ], [ 110.536457, -7.549962, 0.0 ], [ 110.536278, -7.550005, 0.0 ], [ 110.53622, -7.550019, 0.0 ], [ 110.535644, -7.5501, 0.0 ], [ 110.535382, -7.5502, 0.0 ], [ 110.53525, -7.550143, 0.0 ], [ 110.535127, -7.55001200099997, 0.0 ], [ 110.534909, -7.549796000999947, 0.0 ], [ 110.534813, -7.549788, 0.0 ], [ 110.534702, -7.549874000999978, 0.0 ], [ 110.534575, -7.549926, 0.0 ], [ 110.534431, -7.549876000999973, 0.0 ], [ 110.534057, -7.549735, 0.0 ], [ 110.533585, -7.54979, 0.0 ], [ 110.533318, -7.549808, 0.0 ], [ 110.533166, -7.549713, 0.0 ], [ 110.532845, -7.549531, 0.0 ], [ 110.532748, -7.549544000999958, 0.0 ], [ 110.532661999000084, -7.54965, 0.0 ], [ 110.532567, -7.549872, 0.0 ], [ 110.532463, -7.550045, 0.0 ], [ 110.532325, -7.550141, 0.0 ], [ 110.532066, -7.550212, 0.0 ], [ 110.531550999000046, -7.550227000999939, 0.0 ], [ 110.531383, -7.550165000999925, 0.0 ], [ 110.53112, -7.550078, 0.0 ], [ 110.530977, -7.550127000999964, 0.0 ], [ 110.530931, -7.550211, 0.0 ], [ 110.530943, -7.550363000999937, 0.0 ], [ 110.53091, -7.550547, 0.0 ], [ 110.530801, -7.550796, 0.0 ], [ 110.530686, -7.550875, 0.0 ], [ 110.530566, -7.550852, 0.0 ], [ 110.530392, -7.550724, 0.0 ], [ 110.530189, -7.550491, 0.0 ], [ 110.530054, -7.550416, 0.0 ], [ 110.529872999000077, -7.550419000999966, 0.0 ], [ 110.529746, -7.550485, 0.0 ], [ 110.529609, -7.550643, 0.0 ], [ 110.529422, -7.55082, 0.0 ], [ 110.529305, -7.550837, 0.0 ], [ 110.529011, -7.550772000999928, 0.0 ], [ 110.528769, -7.550648, 0.0 ], [ 110.528577, -7.550461000999974, 0.0 ], [ 110.528542813000058, -7.550423102999957, 0.0 ], [ 110.528354, -7.550099424999928, 0.0 ], [ 110.528178515000036, -7.54981388899995, 0.0 ], [ 110.528110105000053, -7.549674095999933, 0.0 ], [ 110.528032772000074, -7.549629479999965, 0.0 ], [ 110.527949492000062, -7.549614608999946, 0.0 ], [ 110.527837, -7.54961900099994, 0.0 ], [ 110.527753, -7.549642000999938, 0.0 ], [ 110.527678, -7.549744, 0.0 ], [ 110.527675, -7.549853000999974, 0.0 ], [ 110.527758, -7.549997, 0.0 ], [ 110.528037, -7.550439000999972, 0.0 ], [ 110.52807, -7.550678, 0.0 ], [ 110.528004, -7.550704, 0.0 ], [ 110.527797, -7.550701, 0.0 ], [ 110.527544, -7.550633000999937, 0.0 ], [ 110.527239999000074, -7.550568, 0.0 ], [ 110.526859, -7.550596000999974, 0.0 ], [ 110.526689, -7.550548, 0.0 ], [ 110.526555, -7.550467, 0.0 ], [ 110.526499999000066, -7.550367, 0.0 ], [ 110.526468, -7.550135, 0.0 ], [ 110.52639, -7.549745, 0.0 ], [ 110.526289, -7.549711, 0.0 ], [ 110.526147999000045, -7.549739000999978, 0.0 ], [ 110.525982, -7.549748, 0.0 ], [ 110.525828, -7.549657, 0.0 ], [ 110.525358, -7.54938, 0.0 ], [ 110.524958999000035, -7.549253, 0.0 ], [ 110.524681, -7.549137, 0.0 ], [ 110.524498, -7.548988, 0.0 ], [ 110.524373999000034, -7.548779, 0.0 ], [ 110.524332, -7.548537, 0.0 ], [ 110.524349, -7.548267, 0.0 ], [ 110.524345176000054, -7.54809905999997, 0.0 ], [ 110.524342, -7.54797, 0.0 ], [ 110.524246, -7.547887000999935, 0.0 ], [ 110.524005, -7.547804, 0.0 ], [ 110.523827, -7.547799, 0.0 ], [ 110.523487, -7.54778, 0.0 ], [ 110.523323, -7.547689000999981, 0.0 ], [ 110.523269, -7.547592000999941, 0.0 ], [ 110.52326, -7.547396000999981, 0.0 ], [ 110.52322, -7.547119, 0.0 ], [ 110.52288, -7.546467, 0.0 ], [ 110.522520999000051, -7.546293, 0.0 ], [ 110.522325999000088, -7.546091000999979, 0.0 ], [ 110.521936999000047, -7.545866, 0.0 ], [ 110.521966, -7.545712, 0.0 ], [ 110.521979, -7.545528, 0.0 ], [ 110.521896999000035, -7.545409000999939, 0.0 ], [ 110.521797, -7.545393, 0.0 ], [ 110.520832, -7.545424, 0.0 ], [ 110.520546, -7.545413, 0.0 ], [ 110.520373, -7.545482, 0.0 ], [ 110.519794, -7.54576100099996, 0.0 ], [ 110.519711, -7.545709, 0.0 ], [ 110.51966, -7.545591, 0.0 ], [ 110.519542, -7.545239, 0.0 ], [ 110.51943, -7.545024, 0.0 ], [ 110.519464, -7.544824000999938, 0.0 ], [ 110.519464, -7.544632, 0.0 ], [ 110.519394, -7.544458, 0.0 ], [ 110.519261, -7.544301, 0.0 ], [ 110.519122, -7.544244, 0.0 ], [ 110.518973, -7.544269, 0.0 ], [ 110.518778, -7.544382, 0.0 ], [ 110.518503999000075, -7.544534, 0.0 ], [ 110.518296, -7.544698, 0.0 ], [ 110.518248, -7.544817, 0.0 ], [ 110.518252098000062, -7.544870972999945, 0.0 ], [ 110.51826, -7.544975, 0.0 ], [ 110.518248, -7.54519400099997, 0.0 ], [ 110.518147, -7.545383, 0.0 ], [ 110.518026, -7.545452, 0.0 ], [ 110.517888, -7.545509, 0.0 ], [ 110.517486, -7.545676, 0.0 ], [ 110.517182, -7.545889, 0.0 ], [ 110.517028, -7.54585, 0.0 ], [ 110.516862, -7.545749, 0.0 ], [ 110.516726, -7.545595, 0.0 ], [ 110.516553999000052, -7.545448000999954, 0.0 ], [ 110.516529, -7.545357, 0.0 ], [ 110.5166, -7.545149, 0.0 ], [ 110.516602, -7.545004, 0.0 ], [ 110.516522, -7.544891, 0.0 ], [ 110.516312, -7.544711, 0.0 ], [ 110.516021, -7.544551000999945, 0.0 ], [ 110.51539, -7.544196, 0.0 ], [ 110.515105, -7.543859, 0.0 ], [ 110.514836999000067, -7.543517000999941, 0.0 ], [ 110.514693, -7.543431, 0.0 ], [ 110.514593, -7.543455, 0.0 ], [ 110.514539, -7.543547, 0.0 ], [ 110.514414, -7.543801, 0.0 ], [ 110.514261, -7.543785, 0.0 ], [ 110.513767, -7.543656, 0.0 ], [ 110.513522, -7.543484, 0.0 ], [ 110.513208, -7.543158, 0.0 ], [ 110.513071, -7.543115, 0.0 ], [ 110.512852, -7.543139, 0.0 ], [ 110.512902, -7.542777000999934, 0.0 ], [ 110.513155, -7.542190000999938, 0.0 ], [ 110.51333743400005, -7.541676005999932, 0.0 ], [ 110.513458631000049, -7.541312867999977, 0.0 ], [ 110.513527165000085, -7.541029997999942, 0.0 ], [ 110.513759084000071, -7.540364602999944, 0.0 ], [ 110.513861143000042, -7.540077596999936, 0.0 ], [ 110.513861143000042, -7.539994315999934, 0.0 ], [ 110.51378083700007, -7.53990805899997, 0.0 ], [ 110.513691607000055, -7.53982775299994, 0.0 ], [ 110.513528019000034, -7.53972959999993, 0.0 ], [ 110.513498276000064, -7.539664165999966, 0.0 ], [ 110.513477455000043, -7.539595754999937, 0.0 ], [ 110.51350719900006, -7.539563037999926, 0.0 ], [ 110.513551952000057, -7.539560004999942, 0.0 ], [ 110.513621907000072, -7.539537161999931, 0.0 ], [ 110.51373469400005, -7.539511463999929, 0.0 ], [ 110.513891739000087, -7.539472917999944, 0.0 ], [ 110.514042577000055, -7.53942621799996, 0.0 ], [ 110.514102, -7.539371, 0.0 ], [ 110.514125878000073, -7.539241632999961, 0.0 ], [ 110.514286195000068, -7.538768178999931, 0.0 ], [ 110.51440141900008, -7.538347906999945, 0.0 ], [ 110.514521344000059, -7.537881056999936, 0.0 ], [ 110.514619854000046, -7.537535558999934, 0.0 ], [ 110.514686519000065, -7.537200926999958, 0.0 ], [ 110.514836999000067, -7.536528, 0.0 ], [ 110.514911100000063, -7.536415653999939, 0.0 ], [ 110.514975861000039, -7.536315766999962, 0.0 ], [ 110.515025353000055, -7.536266273999956, 0.0 ], [ 110.515095786000074, -7.536222491999979, 0.0 ], [ 110.515177640000047, -7.536117795999928, 0.0 ], [ 110.515214243000059, -7.536028635999969, 0.0 ], [ 110.51528324800006, -7.535833519999926, 0.0 ], [ 110.51540424600006, -7.535379797999951, 0.0 ], [ 110.515485501000057, -7.535076850999928, 0.0 ], [ 110.515585439000063, -7.534731828999952, 0.0 ], [ 110.515673479000043, -7.534396325999978, 0.0 ], [ 110.515713930000061, -7.534227382999973, 0.0 ], [ 110.515690136000046, -7.534170275999941, 0.0 ], [ 110.515630648000069, -7.534110788999953, 0.0 ], [ 110.515518814000075, -7.534029888999953, 0.0 ], [ 110.515373667000063, -7.533939467999971, 0.0 ], [ 110.515245176000064, -7.533875222999939, 0.0 ], [ 110.515161895000062, -7.533806217999938, 0.0 ], [ 110.515121, -7.53372, 0.0 ], [ 110.515159, -7.533381, 0.0 ], [ 110.515164, -7.53333, 0.0 ], [ 110.515225, -7.533181000999946, 0.0 ], [ 110.515259, -7.533029, 0.0 ], [ 110.515259, -7.532995, 0.0 ], [ 110.515256, -7.532882, 0.0 ], [ 110.515155, -7.532521, 0.0 ], [ 110.514961, -7.532192, 0.0 ], [ 110.514851, -7.532001, 0.0 ], [ 110.51485, -7.53196, 0.0 ], [ 110.514865, -7.53178, 0.0 ], [ 110.514875, -7.531660000999977, 0.0 ], [ 110.514933, -7.53176, 0.0 ], [ 110.515031, -7.531897, 0.0 ], [ 110.515237, -7.532030000999953, 0.0 ], [ 110.51546, -7.532221, 0.0 ], [ 110.51557, -7.532444, 0.0 ], [ 110.515693, -7.53259400099995, 0.0 ], [ 110.515835, -7.532648, 0.0 ], [ 110.516297, -7.532807, 0.0 ], [ 110.516639, -7.533042, 0.0 ], [ 110.516875, -7.533182000999943, 0.0 ], [ 110.517085, -7.533196, 0.0 ], [ 110.5175, -7.533232, 0.0 ], [ 110.517777, -7.533213, 0.0 ], [ 110.518112, -7.533207, 0.0 ], [ 110.518522, -7.533185, 0.0 ], [ 110.518897, -7.533114, 0.0 ], [ 110.519146, -7.533185, 0.0 ], [ 110.519419, -7.53323900099997, 0.0 ], [ 110.520093, -7.533277000999931, 0.0 ], [ 110.520515, -7.533417000999975, 0.0 ], [ 110.520961999000065, -7.533561, 0.0 ], [ 110.521308, -7.533587, 0.0 ], [ 110.521962, -7.533609000999945, 0.0 ], [ 110.522013, -7.533624, 0.0 ], [ 110.522192, -7.53372, 0.0 ], [ 110.522357552000074, -7.533821069999931, 0.0 ], [ 110.522554, -7.53394100099996, 0.0 ], [ 110.522868, -7.534139, 0.0 ], [ 110.522879, -7.534141, 0.0 ], [ 110.522956, -7.534106, 0.0 ], [ 110.522995, -7.533993, 0.0 ], [ 110.523066, -7.53384300099998, 0.0 ], [ 110.523164999000073, -7.533832, 0.0 ], [ 110.523332, -7.533904000999939, 0.0 ], [ 110.523759, -7.534074, 0.0 ], [ 110.52419799900008, -7.534153, 0.0 ], [ 110.524422, -7.534231, 0.0 ], [ 110.524691, -7.534407, 0.0 ], [ 110.524802999000087, -7.534566000999973, 0.0 ], [ 110.525151, -7.5352, 0.0 ], [ 110.525307, -7.535323, 0.0 ], [ 110.525501, -7.535398, 0.0 ], [ 110.525803, -7.53546, 0.0 ], [ 110.526079, -7.535543000999951, 0.0 ], [ 110.527136, -7.535924, 0.0 ], [ 110.527169, -7.535936, 0.0 ], [ 110.527438, -7.536081, 0.0 ], [ 110.527828, -7.536378000999946, 0.0 ], [ 110.527997, -7.536441, 0.0 ], [ 110.528148, -7.536400000999947, 0.0 ], [ 110.528429999000082, -7.536353, 0.0 ], [ 110.528789, -7.536367, 0.0 ], [ 110.529346, -7.53649700099993, 0.0 ], [ 110.52993, -7.53668, 0.0 ], [ 110.530175, -7.536719, 0.0 ], [ 110.530316, -7.536659, 0.0 ], [ 110.530455, -7.536502, 0.0 ], [ 110.530584, -7.536429, 0.0 ], [ 110.530789, -7.536413, 0.0 ], [ 110.530899, -7.536419000999956, 0.0 ], [ 110.531201, -7.536475000999928, 0.0 ] ] ] ] } },
{ "type": "Feature", "properties": { "NAMOBJ": "Keposong", "FCODE": "BA03070040", "REMARK": "Wilayah Administrasi Kelurahan/Desa", "METADATA": "TASWIL1000020221227_DATA_BATAS_DESAKELURAHAN", "SRS_ID": "SRGI 2013", "KDBBPS": null, "KDCBPS": null, "KDCPUM": "33.09.21", "KDEBPS": null, "KDEPUM": "33.09.21.2010", "KDPBPS": null, "KDPKAB": "33.09", "KDPPUM": "33", "LUASWH": 0.0, "TIPADM": 1, "WADMKC": "Tamansari", "WADMKD": "Keposong", "WADMKK": "Boyolali", "WADMPR": "Jawa Tengah", "WIADKC": null, "WIADKK": null, "WIADPR": null, "WIADKD": null, "UUPP": "Hasil Delineasi Batas Desa 2017", "luas": 4.0318220507520506, "SHAPE_Leng": 0.090753009535134002, "SHAPE_Area": 0.00033036356891700001 }, "geometry": { "type": "MultiPolygon", "coordinates": [ [ [ [ 110.563532999000074, -7.58159, 0.0 ], [ 110.563590999000041, -7.581666, 0.0 ], [ 110.56384599900008, -7.581658, 0.0 ], [ 110.564015, -7.581636, 0.0 ], [ 110.564596, -7.58194, 0.0 ], [ 110.564877999000089, -7.582118, 0.0 ], [ 110.565076, -7.582178, 0.0 ], [ 110.565506999000036, -7.582150000999945, 0.0 ], [ 110.566103, -7.582136, 0.0 ], [ 110.5668, -7.582294, 0.0 ], [ 110.567388, -7.582648, 0.0 ], [ 110.567550999000048, -7.58272, 0.0 ], [ 110.567975, -7.582664, 0.0 ], [ 110.568061999000065, -7.582657000999973, 0.0 ], [ 110.568131, -7.582651, 0.0 ], [ 110.56864, -7.583017, 0.0 ], [ 110.568883999000036, -7.58327, 0.0 ], [ 110.569214999000053, -7.58366, 0.0 ], [ 110.569357, -7.583781, 0.0 ], [ 110.569573, -7.583857, 0.0 ], [ 110.570099, -7.583854, 0.0 ], [ 110.57061599900004, -7.58385, 0.0 ], [ 110.5717, -7.583966, 0.0 ], [ 110.571722302000069, -7.583967686999927, 0.0 ], [ 110.572242, -7.584007, 0.0 ], [ 110.572286, -7.584006, 0.0 ], [ 110.572484381000038, -7.583980400999963, 0.0 ], [ 110.572489799000039, -7.583998512999926, 0.0 ], [ 110.572491742000068, -7.584005009999942, 0.0 ], [ 110.572492394000051, -7.584007188999976, 0.0 ], [ 110.572566683000048, -7.583980571999973, 0.0 ], [ 110.572730833000037, -7.583921758999963, 0.0 ], [ 110.57296008600008, -7.58386655299995, 0.0 ], [ 110.573101611000084, -7.58385472599997, 0.0 ], [ 110.57324546600006, -7.583861192999962, 0.0 ], [ 110.573455810000041, -7.583902902999966, 0.0 ], [ 110.573442288000081, -7.583967637999933, 0.0 ], [ 110.573395981000033, -7.584189336999941, 0.0 ], [ 110.573376, -7.584285, 0.0 ], [ 110.573324, -7.584438, 0.0 ], [ 110.573308, -7.584486, 0.0 ], [ 110.573264, -7.584621, 0.0 ], [ 110.573185798000054, -7.584930444999941, 0.0 ], [ 110.57317437100005, -7.584968814999968, 0.0 ], [ 110.573159797000073, -7.585006023999938, 0.0 ], [ 110.573159768000039, -7.585006094999926, 0.0 ], [ 110.573152492000077, -7.585020886999928, 0.0 ], [ 110.573142093000058, -7.585042027999975, 0.0 ], [ 110.57304059900008, -7.585228206999943, 0.0 ], [ 110.573039041000072, -7.585230778999971, 0.0 ], [ 110.573021536000056, -7.585259682999947, 0.0 ], [ 110.573004737000076, -7.585282457999938, 0.0 ], [ 110.572999689000085, -7.585289302999968, 0.0 ], [ 110.572975238000083, -7.585316821999982, 0.0 ], [ 110.572962836000045, -7.585329563999949, 0.0 ], [ 110.57288746200004, -7.585406997999939, 0.0 ], [ 110.572859193000056, -7.585439858999962, 0.0 ], [ 110.572841313000083, -7.585466709999935, 0.0 ], [ 110.572835174000033, -7.585475929999973, 0.0 ], [ 110.57274585600004, -7.585629774999973, 0.0 ], [ 110.572728315000063, -7.585656924999967, 0.0 ], [ 110.572708266000063, -7.585682286999941, 0.0 ], [ 110.572658, -7.58574, 0.0 ], [ 110.572578630000066, -7.585830532999978, 0.0 ], [ 110.572567814000081, -7.585844119999933, 0.0 ], [ 110.572558336000043, -7.585858666999968, 0.0 ], [ 110.572506, -7.585948, 0.0 ], [ 110.572316956000066, -7.585832783999933, 0.0 ], [ 110.57216264300007, -7.58573873499995, 0.0 ], [ 110.572140802000035, -7.585723860999963, 0.0 ], [ 110.572120576000088, -7.585706861999938, 0.0 ], [ 110.572042564000071, -7.585634270999947, 0.0 ], [ 110.57204181600008, -7.585633576999953, 0.0 ], [ 110.572027409000043, -7.585656313999948, 0.0 ], [ 110.571962876000043, -7.585771382999951, 0.0 ], [ 110.571884548000071, -7.585911046999968, 0.0 ], [ 110.571722501000067, -7.586161038999933, 0.0 ], [ 110.571614192000084, -7.58632812899998, 0.0 ], [ 110.57147421600007, -7.586555035999936, 0.0 ], [ 110.571416948000035, -7.586663723999948, 0.0 ], [ 110.571330239000076, -7.586828281999942, 0.0 ], [ 110.571263945000055, -7.587009483999964, 0.0 ], [ 110.571259775000044, -7.587018616999956, 0.0 ], [ 110.571254223000039, -7.587026986999945, 0.0 ], [ 110.571251632000042, -7.587029807999954, 0.0 ], [ 110.571242125000083, -7.587038593999978, 0.0 ], [ 110.571239555000034, -7.587040632999958, 0.0 ], [ 110.57123080000008, -7.587045572999955, 0.0 ], [ 110.57122137600004, -7.587049083999943, 0.0 ], [ 110.571211519000087, -7.58705108099997, 0.0 ], [ 110.571201470000062, -7.587051513999938, 0.0 ], [ 110.57119147700007, -7.587050370999975, 0.0 ], [ 110.571184707000043, -7.587048492999941, 0.0 ], [ 110.571181787000057, -7.587047681999934, 0.0 ], [ 110.571097915000053, -7.587017098999979, 0.0 ], [ 110.571074553000074, -7.587009148999925, 0.0 ], [ 110.570735375000083, -7.586852052999973, 0.0 ], [ 110.570695108000052, -7.586833402999957, 0.0 ], [ 110.570680498000058, -7.586826634999966, 0.0 ], [ 110.570656195000083, -7.586814268999944, 0.0 ], [ 110.570559091000064, -7.58676485899997, 0.0 ], [ 110.570550886000035, -7.586760683999955, 0.0 ], [ 110.570532154000034, -7.586751534999962, 0.0 ], [ 110.570528310000043, -7.586749656999928, 0.0 ], [ 110.570504659000051, -7.586741168999936, 0.0 ], [ 110.570297534000076, -7.586679440999944, 0.0 ], [ 110.570118986000068, -7.586626228999933, 0.0 ], [ 110.570058140000071, -7.586607191999974, 0.0 ], [ 110.569975315000079, -7.586577600999931, 0.0 ], [ 110.569810862000054, -7.586513105999927, 0.0 ], [ 110.569743146000064, -7.586486549999961, 0.0 ], [ 110.569716528000072, -7.586476110999968, 0.0 ], [ 110.569656896000083, -7.586452575999942, 0.0 ], [ 110.569529039000088, -7.586402113999952, 0.0 ], [ 110.569452638000087, -7.586371960999941, 0.0 ], [ 110.569420221000087, -7.586356436999949, 0.0 ], [ 110.569328, -7.586303, 0.0 ], [ 110.569254, -7.586262, 0.0 ], [ 110.569153, -7.586200179999935, 0.0 ], [ 110.569063970000059, -7.586145686999942, 0.0 ], [ 110.568818025000041, -7.585945939999931, 0.0 ], [ 110.568798446000073, -7.585931947999939, 0.0 ], [ 110.568777290000071, -7.585920466999937, 0.0 ], [ 110.568496208000056, -7.585789660999978, 0.0 ], [ 110.568491168000037, -7.585787809999943, 0.0 ], [ 110.56848589100008, -7.585786818999964, 0.0 ], [ 110.568485269000064, -7.58578680599993, 0.0 ], [ 110.568480522000073, -7.585786712999948, 0.0 ], [ 110.568475209000042, -7.585787498999935, 0.0 ], [ 110.568470102000049, -7.585789152999951, 0.0 ], [ 110.568465339000056, -7.585791628999971, 0.0 ], [ 110.568461055000057, -7.585794858999975, 0.0 ], [ 110.568457367000065, -7.585798753999939, 0.0 ], [ 110.56845437700008, -7.585803204999934, 0.0 ], [ 110.568405082000083, -7.58589154699996, 0.0 ], [ 110.568397503000085, -7.585907774999953, 0.0 ], [ 110.568392332000087, -7.585924917999932, 0.0 ], [ 110.568375647000039, -7.585999198999957, 0.0 ], [ 110.568342, -7.586149, 0.0 ], [ 110.568317039000078, -7.586228735999953, 0.0 ], [ 110.568308353000077, -7.586251463999929, 0.0 ], [ 110.568296931000077, -7.58627295399998, 0.0 ], [ 110.568282949000036, -7.586292879999974, 0.0 ], [ 110.568209008000053, -7.586385517999929, 0.0 ], [ 110.56810160200007, -7.586483879999946, 0.0 ], [ 110.568083026000068, -7.58649855799996, 0.0 ], [ 110.56806251200004, -7.586510389999944, 0.0 ], [ 110.568059602000062, -7.586511796999957, 0.0 ], [ 110.568005927000058, -7.586537749999934, 0.0 ], [ 110.567992682000067, -7.586542965999968, 0.0 ], [ 110.567978802000084, -7.58654613899995, 0.0 ], [ 110.567945820000034, -7.58655110899997, 0.0 ], [ 110.567927740000073, -7.58655534299993, 0.0 ], [ 110.567910572000073, -7.586562408999953, 0.0 ], [ 110.567894757000033, -7.586572124999975, 0.0 ], [ 110.56788070500005, -7.586584239999979, 0.0 ], [ 110.567868777000058, -7.586598442999957, 0.0 ], [ 110.567788385000085, -7.586711409999964, 0.0 ], [ 110.567754249000075, -7.586765206999928, 0.0 ], [ 110.567746493000072, -7.586777429999927, 0.0 ], [ 110.567729, -7.586805, 0.0 ], [ 110.56757448500008, -7.587005910999949, 0.0 ], [ 110.56756166100007, -7.587024757999927, 0.0 ], [ 110.567554722000068, -7.587038045999975, 0.0 ], [ 110.567551111000057, -7.587044959999957, 0.0 ], [ 110.567516429000079, -7.587121971999977, 0.0 ], [ 110.567479484000046, -7.587204006999968, 0.0 ], [ 110.567437786000085, -7.587331100999961, 0.0 ], [ 110.567371784000045, -7.587532273999955, 0.0 ], [ 110.567370760000074, -7.587536584999953, 0.0 ], [ 110.567370476000065, -7.587541005999981, 0.0 ], [ 110.567370939000057, -7.58754541299993, 0.0 ], [ 110.567372137000064, -7.587549678999949, 0.0 ], [ 110.567374034000068, -7.587553683999943, 0.0 ], [ 110.56737657900004, -7.587557315999959, 0.0 ], [ 110.567377918000034, -7.587558668999975, 0.0 ], [ 110.567379698000082, -7.587560468999925, 0.0 ], [ 110.567383302000053, -7.587563054999976, 0.0 ], [ 110.567387290000056, -7.587565001999963, 0.0 ], [ 110.567531793000057, -7.587620852999976, 0.0 ], [ 110.567644220000034, -7.587664304999976, 0.0 ], [ 110.567650896000089, -7.587667556999975, 0.0 ], [ 110.567656940000063, -7.587671868999962, 0.0 ], [ 110.567662184000085, -7.587677119999967, 0.0 ], [ 110.567662800000051, -7.58767798699995, 0.0 ], [ 110.56766648200005, -7.587683165999977, 0.0 ], [ 110.567669716000069, -7.587689839999939, 0.0 ], [ 110.56767179600007, -7.587696956999935, 0.0 ], [ 110.567672666000078, -7.587704318999954, 0.0 ], [ 110.567672299000037, -7.587711722999927, 0.0 ], [ 110.567670707000048, -7.587718963999976, 0.0 ], [ 110.567667934000042, -7.587725840999951, 0.0 ], [ 110.567486487000053, -7.588086343999976, 0.0 ], [ 110.567483846000073, -7.588090645999955, 0.0 ], [ 110.567480514000067, -7.588094439999963, 0.0 ], [ 110.567476586000055, -7.58809761699996, 0.0 ], [ 110.56747217700007, -7.588100082999972, 0.0 ], [ 110.567467411000052, -7.58810176999998, 0.0 ], [ 110.567462429000045, -7.588102626999955, 0.0 ], [ 110.567457373000082, -7.58810262999998, 0.0 ], [ 110.567452390000085, -7.588101778999942, 0.0 ], [ 110.567447622000088, -7.588100098999973, 0.0 ], [ 110.567103202000055, -7.587944553999932, 0.0 ], [ 110.56686949200008, -7.587839007999946, 0.0 ], [ 110.566858687000035, -7.58786315499998, 0.0 ], [ 110.566706726000064, -7.58809648099998, 0.0 ], [ 110.566428734000056, -7.588467537999975, 0.0 ], [ 110.566291601000046, -7.58866644699998, 0.0 ], [ 110.566261585000063, -7.58870998499998, 0.0 ], [ 110.566218872000036, -7.588771938999969, 0.0 ], [ 110.566174280000041, -7.588836619999938, 0.0 ], [ 110.566001032000088, -7.589085393999937, 0.0 ], [ 110.565973792000079, -7.589123867999945, 0.0 ], [ 110.565870474000064, -7.589269802999979, 0.0 ], [ 110.565868218000048, -7.589273614999968, 0.0 ], [ 110.565826777000041, -7.589334677999943, 0.0 ], [ 110.565821998000047, -7.589341719999936, 0.0 ], [ 110.565819089000058, -7.589345330999947, 0.0 ], [ 110.565791113000046, -7.589386827999931, 0.0 ], [ 110.565741256000081, -7.589453101999936, 0.0 ], [ 110.56554919000007, -7.589708408999968, 0.0 ], [ 110.565492378000044, -7.589783924999949, 0.0 ], [ 110.565278416000069, -7.590044739999939, 0.0 ], [ 110.565196620000052, -7.590153334999968, 0.0 ], [ 110.565170778000038, -7.590187642999979, 0.0 ], [ 110.56510499500007, -7.590274977999968, 0.0 ], [ 110.565046466000069, -7.590352682999935, 0.0 ], [ 110.564694359000043, -7.590820547999954, 0.0 ], [ 110.56469247800004, -7.590823049999926, 0.0 ], [ 110.564584061000062, -7.590967261999936, 0.0 ], [ 110.564537187000042, -7.591029609999964, 0.0 ], [ 110.564354477000052, -7.591272642999968, 0.0 ], [ 110.564222560000076, -7.591448111999966, 0.0 ], [ 110.564180660000034, -7.591503931999966, 0.0 ], [ 110.563963214000069, -7.591793619999976, 0.0 ], [ 110.563880399000084, -7.591903946999935, 0.0 ], [ 110.563832877000038, -7.591967255999975, 0.0 ], [ 110.563703773000043, -7.592139251999981, 0.0 ], [ 110.563385479000033, -7.592550665999966, 0.0 ], [ 110.563232635000077, -7.592748225999969, 0.0 ], [ 110.563116186000059, -7.592898741999932, 0.0 ], [ 110.563067321000062, -7.592961901999956, 0.0 ], [ 110.56305216700008, -7.592981280999936, 0.0 ], [ 110.562887125000088, -7.593192331999944, 0.0 ], [ 110.562830745000042, -7.593264429999977, 0.0 ], [ 110.562594190000084, -7.593566926999927, 0.0 ], [ 110.562577310000052, -7.593588595999961, 0.0 ], [ 110.562471422000044, -7.593724517999931, 0.0 ], [ 110.56240785500006, -7.59380611499995, 0.0 ], [ 110.562373869000055, -7.593849740999929, 0.0 ], [ 110.562221532000081, -7.594045285999925, 0.0 ], [ 110.562210003000075, -7.594061643999964, 0.0 ], [ 110.56219722700007, -7.594079776999934, 0.0 ], [ 110.562187322000057, -7.594097160999979, 0.0 ], [ 110.562176343000033, -7.594116430999975, 0.0 ], [ 110.562171324000076, -7.594126314999926, 0.0 ], [ 110.562168801000041, -7.594130248999932, 0.0 ], [ 110.561923690000071, -7.594579285999941, 0.0 ], [ 110.561918548000051, -7.594588705999968, 0.0 ], [ 110.562028176000069, -7.594652115999963, 0.0 ], [ 110.562156347000041, -7.59472625099994, 0.0 ], [ 110.562173629000085, -7.594736247999947, 0.0 ], [ 110.562189860000046, -7.594747569999981, 0.0 ], [ 110.562203971000088, -7.594761434999953, 0.0 ], [ 110.562215565000088, -7.594777452999949, 0.0 ], [ 110.562224320000041, -7.59479517699998, 0.0 ], [ 110.562229018000039, -7.594810867999968, 0.0 ], [ 110.562229990000048, -7.594814109999959, 0.0 ], [ 110.56223241500004, -7.59483371999994, 0.0 ], [ 110.562231528000041, -7.594853460999957, 0.0 ], [ 110.562227353000083, -7.594872775999931, 0.0 ], [ 110.562220008000054, -7.594891126999926, 0.0 ], [ 110.56220969900005, -7.59490799799994, 0.0 ], [ 110.562178202000041, -7.594950978999975, 0.0 ], [ 110.562171563000049, -7.594960040999979, 0.0 ], [ 110.56196096900004, -7.595247427999936, 0.0 ], [ 110.561920493000059, -7.595302665999952, 0.0 ], [ 110.561748565000073, -7.595537286999956, 0.0 ], [ 110.561600491000036, -7.595435559999942, 0.0 ], [ 110.561580423000066, -7.595421772999941, 0.0 ], [ 110.561548006000066, -7.595398049999972, 0.0 ], [ 110.561468040000079, -7.595339532999958, 0.0 ], [ 110.561366737000071, -7.595265400999949, 0.0 ], [ 110.561148726000056, -7.595105863999947, 0.0 ], [ 110.561143695000055, -7.595102181999948, 0.0 ], [ 110.56102670100006, -7.595016568999938, 0.0 ], [ 110.560595975000069, -7.594701368999949, 0.0 ], [ 110.56056293100005, -7.594677187999935, 0.0 ], [ 110.560398503000044, -7.594556861999934, 0.0 ], [ 110.560391681000056, -7.594552717999932, 0.0 ], [ 110.560384249000037, -7.594549800999971, 0.0 ], [ 110.560376426000062, -7.594548193999969, 0.0 ], [ 110.560368443000073, -7.594547945999977, 0.0 ], [ 110.560360535000086, -7.594549064999967, 0.0 ], [ 110.560352936000072, -7.594551517999946, 0.0 ], [ 110.560345869000059, -7.594555229999969, 0.0 ], [ 110.560339543000055, -7.594560094999963, 0.0 ], [ 110.560334143000034, -7.594565967999927, 0.0 ], [ 110.560329831000047, -7.594572675999927, 0.0 ], [ 110.560228134000056, -7.594765004999942, 0.0 ], [ 110.560204468000052, -7.594809761999954, 0.0 ], [ 110.560174698000083, -7.594866061999937, 0.0 ], [ 110.560173134000081, -7.594869019999976, 0.0 ], [ 110.560059976000048, -7.595083023999962, 0.0 ], [ 110.560043061000044, -7.595100885999955, 0.0 ], [ 110.560038639000084, -7.595104869999943, 0.0 ], [ 110.56003363800005, -7.595108104999952, 0.0 ], [ 110.560028187000057, -7.595110506999958, 0.0 ], [ 110.560022423000078, -7.595112015999973, 0.0 ], [ 110.560016492000045, -7.595112591999964, 0.0 ], [ 110.560010544000079, -7.595112221999955, 0.0 ], [ 110.560004731000049, -7.595110914999964, 0.0 ], [ 110.55999919900006, -7.595108703999927, 0.0 ], [ 110.55981660100008, -7.595018283999934, 0.0 ], [ 110.559549483000069, -7.594886008999936, 0.0 ], [ 110.559522665000088, -7.594872727999928, 0.0 ], [ 110.559423299000059, -7.594823522999945, 0.0 ], [ 110.559303217000036, -7.594764058999942, 0.0 ], [ 110.55929936800004, -7.594762517999925, 0.0 ], [ 110.559295325000051, -7.59476159899998, 0.0 ], [ 110.559291186000053, -7.594761325999968, 0.0 ], [ 110.559287056000073, -7.594761704999939, 0.0 ], [ 110.559283037000057, -7.594762726999932, 0.0 ], [ 110.559279229000083, -7.594764365999936, 0.0 ], [ 110.559275726000067, -7.594766581999977, 0.0 ], [ 110.559272616000044, -7.594769318999965, 0.0 ], [ 110.559269975000063, -7.594772510999974, 0.0 ], [ 110.559076891000075, -7.595046952999951, 0.0 ], [ 110.558782890000089, -7.595464837999941, 0.0 ], [ 110.558687758000076, -7.595600054999977, 0.0 ], [ 110.558683581000082, -7.595605992999936, 0.0 ], [ 110.558652543000051, -7.595650108999962, 0.0 ], [ 110.558629989000053, -7.59568216599996, 0.0 ], [ 110.558533824000051, -7.595818849999944, 0.0 ], [ 110.55850223200008, -7.595863753999936, 0.0 ], [ 110.558317249000083, -7.596126682999966, 0.0 ], [ 110.558241019000036, -7.596235032999971, 0.0 ], [ 110.55823313500008, -7.596233903999973, 0.0 ], [ 110.558181838000053, -7.596294483999941, 0.0 ], [ 110.558170492000045, -7.596306241999969, 0.0 ], [ 110.55815771500005, -7.59631643299997, 0.0 ], [ 110.558143721000079, -7.596324884999945, 0.0 ], [ 110.558046813000033, -7.59637513399997, 0.0 ], [ 110.558024887000045, -7.596388901999944, 0.0 ], [ 110.558005517000083, -7.596406067999965, 0.0 ], [ 110.557989229000043, -7.596426169999972, 0.0 ], [ 110.557963877000077, -7.596463322999966, 0.0 ], [ 110.557790777000037, -7.596717002999981, 0.0 ], [ 110.557609891000084, -7.59700408599997, 0.0 ], [ 110.557513075000088, -7.597137971999928, 0.0 ], [ 110.557498496000051, -7.597155201999954, 0.0 ], [ 110.557481446000054, -7.597170002999974, 0.0 ], [ 110.557462327000053, -7.597182026999974, 0.0 ], [ 110.557441589000064, -7.597190989999945, 0.0 ], [ 110.557419721000088, -7.597196682999936, 0.0 ], [ 110.557397238000078, -7.597198968999976, 0.0 ], [ 110.557374669000069, -7.597197795999932, 0.0 ], [ 110.557352545000072, -7.597193191999963, 0.0 ], [ 110.557273178000059, -7.597170186999961, 0.0 ], [ 110.557265240000049, -7.597167424999952, 0.0 ], [ 110.557257637000077, -7.597163844999955, 0.0 ], [ 110.556742028000087, -7.596887011999968, 0.0 ], [ 110.556413514000042, -7.596722308999972, 0.0 ], [ 110.556397961000073, -7.596715952999944, 0.0 ], [ 110.556383178000033, -7.596709909999959, 0.0 ], [ 110.556351297000049, -7.596702290999929, 0.0 ], [ 110.556318623000038, -7.596699631999968, 0.0 ], [ 110.556285926000044, -7.596701994999933, 0.0 ], [ 110.556270844000039, -7.596705454999949, 0.0 ], [ 110.55625397700004, -7.596709324999949, 0.0 ], [ 110.556223529000079, -7.596721447999926, 0.0 ], [ 110.556213252000077, -7.596727502999954, 0.0 ], [ 110.55619530000007, -7.596738079999966, 0.0 ], [ 110.556169956000076, -7.596758826999974, 0.0 ], [ 110.556102937000048, -7.596822829999951, 0.0 ], [ 110.556036216000052, -7.596886548999976, 0.0 ], [ 110.55580129100008, -7.597069615999942, 0.0 ], [ 110.555789203000074, -7.59708083299995, 0.0 ], [ 110.555772528000034, -7.597096303999933, 0.0 ], [ 110.555748766000079, -7.59712750999995, 0.0 ], [ 110.555657072000088, -7.59727221299994, 0.0 ], [ 110.555655225000066, -7.597274664999929, 0.0 ], [ 110.555642, -7.597296, 0.0 ], [ 110.555620139000041, -7.597313749999955, 0.0 ], [ 110.555558374000043, -7.597363901999927, 0.0 ], [ 110.555542135000053, -7.597379063999938, 0.0 ], [ 110.555528147000075, -7.597396316999948, 0.0 ], [ 110.555276194000044, -7.597755166999946, 0.0 ], [ 110.555254, -7.597792, 0.0 ], [ 110.555242146000069, -7.597803661999933, 0.0 ], [ 110.555113328000061, -7.59793803499997, 0.0 ], [ 110.555078939000055, -7.59798675299993, 0.0 ], [ 110.554911, -7.598165, 0.0 ], [ 110.554854, -7.598254, 0.0 ], [ 110.554841, -7.59827, 0.0 ], [ 110.554637358000036, -7.598474357999976, 0.0 ], [ 110.554634827000086, -7.598476897999944, 0.0 ], [ 110.554628730000047, -7.59846644199996, 0.0 ], [ 110.554626693000046, -7.598462947999963, 0.0 ], [ 110.55462091000004, -7.598453030999963, 0.0 ], [ 110.554619296000055, -7.59844966199995, 0.0 ], [ 110.554618248000054, -7.598446076999949, 0.0 ], [ 110.554617859000075, -7.598442899999952, 0.0 ], [ 110.554617596000071, -7.59843275999998, 0.0 ], [ 110.554616557000088, -7.598397615999943, 0.0 ], [ 110.554616417000034, -7.59839401399995, 0.0 ], [ 110.554616306000071, -7.598392217999958, 0.0 ], [ 110.554616228000043, -7.598391321999941, 0.0 ], [ 110.554616131000046, -7.598390432999963, 0.0 ], [ 110.55461589500004, -7.598388659999955, 0.0 ], [ 110.554615484000067, -7.598386005999942, 0.0 ], [ 110.554605996000078, -7.598329891999981, 0.0 ], [ 110.554603679000081, -7.598320592999926, 0.0 ], [ 110.554599961000065, -7.598311756999976, 0.0 ], [ 110.554594930000064, -7.598303593999958, 0.0 ], [ 110.554588705000072, -7.598296295999944, 0.0 ], [ 110.554581432000077, -7.598290037999959, 0.0 ], [ 110.554573284000071, -7.598284964999948, 0.0 ], [ 110.554549598000051, -7.598272645999941, 0.0 ], [ 110.554531190000034, -7.598263071999952, 0.0 ], [ 110.55452404600004, -7.59825813599997, 0.0 ], [ 110.554499238000062, -7.598240994999969, 0.0 ], [ 110.554477926000061, -7.598224099999925, 0.0 ], [ 110.554459019000035, -7.598204562999967, 0.0 ], [ 110.554447482000057, -7.598188984999979, 0.0 ], [ 110.554442842000071, -7.598182719999954, 0.0 ], [ 110.554429675000051, -7.59815894999997, 0.0 ], [ 110.554393666000067, -7.598082470999941, 0.0 ], [ 110.554335035000065, -7.59795197699998, 0.0 ], [ 110.55428788100005, -7.597858708999979, 0.0 ], [ 110.554275139000083, -7.597837976999926, 0.0 ], [ 110.554222492000065, -7.597766381999975, 0.0 ], [ 110.554068685000061, -7.597897508999949, 0.0 ], [ 110.554048809000051, -7.597919073999947, 0.0 ], [ 110.553798, -7.597659, 0.0 ], [ 110.553883, -7.597569, 0.0 ], [ 110.554113, -7.597041, 0.0 ], [ 110.554164, -7.596808, 0.0 ], [ 110.55316, -7.595521, 0.0 ], [ 110.552927, -7.595211, 0.0 ], [ 110.552849, -7.595032, 0.0 ], [ 110.553025, -7.594295, 0.0 ], [ 110.553052, -7.594139, 0.0 ], [ 110.552587, -7.593619, 0.0 ], [ 110.552303, -7.593198, 0.0 ], [ 110.552168, -7.592969, 0.0 ], [ 110.552063, -7.592859, 0.0 ], [ 110.551685, -7.592574, 0.0 ], [ 110.551312, -7.592221, 0.0 ], [ 110.550256, -7.591077, 0.0 ], [ 110.550074, -7.590455, 0.0 ], [ 110.549466, -7.589422000999946, 0.0 ], [ 110.54939, -7.589233, 0.0 ], [ 110.54933, -7.589094000999978, 0.0 ], [ 110.549296, -7.588973000999943, 0.0 ], [ 110.549196, -7.58868, 0.0 ], [ 110.548967, -7.588126, 0.0 ], [ 110.54891, -7.588008, 0.0 ], [ 110.548698, -7.58776, 0.0 ], [ 110.548016, -7.587043000999927, 0.0 ], [ 110.547641, -7.586724, 0.0 ], [ 110.54746, -7.586538000999951, 0.0 ], [ 110.54733, -7.5863, 0.0 ], [ 110.547307, -7.586207000999934, 0.0 ], [ 110.547228, -7.58585500099997, 0.0 ], [ 110.546866, -7.585637, 0.0 ], [ 110.546794, -7.585593, 0.0 ], [ 110.54585, -7.584707, 0.0 ], [ 110.545567, -7.584537, 0.0 ], [ 110.545352, -7.584376, 0.0 ], [ 110.54497, -7.584065, 0.0 ], [ 110.54466, -7.583932, 0.0 ], [ 110.54405, -7.583723, 0.0 ], [ 110.543737, -7.58355, 0.0 ], [ 110.543538, -7.583374, 0.0 ], [ 110.543314, -7.583058, 0.0 ], [ 110.543022, -7.582697000999929, 0.0 ], [ 110.542826, -7.582581000999937, 0.0 ], [ 110.542299, -7.582314, 0.0 ], [ 110.542219, -7.582204, 0.0 ], [ 110.542045, -7.581966, 0.0 ], [ 110.54206627700006, -7.581920172999958, 0.0 ], [ 110.542193271000087, -7.58158779799993, 0.0 ], [ 110.542321761000039, -7.581373645999975, 0.0 ], [ 110.542663290000064, -7.58097498099994, 0.0 ], [ 110.542968262000045, -7.580667421999976, 0.0 ], [ 110.543282351000073, -7.580258154999967, 0.0 ], [ 110.54339656500008, -7.580091591999974, 0.0 ], [ 110.543552597000087, -7.579819747999977, 0.0 ], [ 110.543610716000046, -7.579753708999931, 0.0 ], [ 110.543758782000054, -7.579540976999965, 0.0 ], [ 110.54423, -7.579362000999936, 0.0 ], [ 110.544543, -7.579206000999932, 0.0 ], [ 110.545084999000039, -7.578807, 0.0 ], [ 110.545221999000034, -7.578706, 0.0 ], [ 110.545415999000056, -7.578524000999948, 0.0 ], [ 110.545621, -7.578299, 0.0 ], [ 110.545829, -7.578049, 0.0 ], [ 110.546679, -7.577020000999937, 0.0 ], [ 110.547658, -7.575851000999933, 0.0 ], [ 110.548106, -7.575315, 0.0 ], [ 110.548252, -7.575098, 0.0 ], [ 110.54829, -7.575009, 0.0 ], [ 110.548299, -7.574959, 0.0 ], [ 110.548328, -7.57479, 0.0 ], [ 110.549271, -7.575014000999943, 0.0 ], [ 110.550135999000076, -7.575215, 0.0 ], [ 110.550486999000043, -7.575372, 0.0 ], [ 110.551078, -7.575771000999964, 0.0 ], [ 110.551569999000037, -7.576135, 0.0 ], [ 110.552277, -7.576497, 0.0 ], [ 110.553026, -7.576697, 0.0 ], [ 110.55327, -7.576776, 0.0 ], [ 110.553575170000045, -7.577017981999973, 0.0 ], [ 110.554242, -7.577547000999971, 0.0 ], [ 110.554486, -7.577714, 0.0 ], [ 110.554697, -7.577786, 0.0 ], [ 110.555277, -7.577793, 0.0 ], [ 110.555533, -7.577800000999957, 0.0 ], [ 110.556326, -7.578170000999933, 0.0 ], [ 110.556651999000053, -7.578321, 0.0 ], [ 110.55726099900005, -7.578549, 0.0 ], [ 110.557528, -7.578691, 0.0 ], [ 110.557777, -7.578859, 0.0 ], [ 110.558211, -7.579004, 0.0 ], [ 110.558433, -7.579084, 0.0 ], [ 110.558646, -7.579287, 0.0 ], [ 110.559271, -7.579822, 0.0 ], [ 110.55985, -7.580091, 0.0 ], [ 110.560155, -7.580275, 0.0 ], [ 110.560515999000074, -7.580495, 0.0 ], [ 110.560793, -7.580704, 0.0 ], [ 110.560973, -7.580848, 0.0 ], [ 110.561039, -7.580896, 0.0 ], [ 110.561426999000048, -7.581009, 0.0 ], [ 110.562433, -7.58124, 0.0 ], [ 110.563219, -7.581336, 0.0 ], [ 110.563362999000049, -7.581369000999928, 0.0 ], [ 110.563532999000074, -7.58159, 0.0 ] ] ] ] } },
{ "type": "Feature", "properties": { "NAMOBJ": "Lampar", "FCODE": "BA03070040", "REMARK": "Wilayah Administrasi Kelurahan/Desa", "METADATA": "TASWIL1000020221227_DATA_BATAS_DESAKELURAHAN", "SRS_ID": "SRGI 2013", "KDBBPS": null, "KDCBPS": null, "KDCPUM": "33.09.21", "KDEBPS": null, "KDEPUM": "33.09.21.2001", "KDPBPS": null, "KDPKAB": "33.09", "KDPPUM": "33", "LUASWH": 0.0, "TIPADM": 1, "WADMKC": "Tamansari", "WADMKD": "Lampar", "WADMKK": "Boyolali", "WADMPR": "Jawa Tengah", "WIADKC": null, "WIADKK": null, "WIADPR": null, "WIADKD": null, "UUPP": "Hasil Delineasi Batas Desa 2017", "luas": 3.8448294870577602, "SHAPE_Leng": 0.089020350746946003, "SHAPE_Area": 0.00031506359160700002 }, "geometry": { "type": "MultiPolygon", "coordinates": [ [ [ [ 110.522676267000065, -7.605783481999936, 0.0 ], [ 110.523084861000086, -7.605970724999963, 0.0 ], [ 110.523116582000057, -7.605976701999964, 0.0 ], [ 110.523116561000052, -7.605976471999952, 0.0 ], [ 110.523116414000071, -7.60597489099996, 0.0 ], [ 110.523117, -7.605975, 0.0 ], [ 110.523374601000057, -7.606045961999939, 0.0 ], [ 110.523647, -7.606121, 0.0 ], [ 110.523713410000084, -7.606131795999943, 0.0 ], [ 110.52385, -7.606154000999936, 0.0 ], [ 110.524157, -7.606136000999925, 0.0 ], [ 110.524169175000054, -7.606141948999948, 0.0 ], [ 110.524376, -7.606243, 0.0 ], [ 110.525032, -7.606521, 0.0 ], [ 110.525687, -7.606423, 0.0 ], [ 110.525913999000068, -7.606414, 0.0 ], [ 110.526079, -7.606461, 0.0 ], [ 110.526206, -7.606584000999931, 0.0 ], [ 110.526334, -7.606775, 0.0 ], [ 110.526557, -7.606867, 0.0 ], [ 110.52665, -7.606862, 0.0 ], [ 110.52675399900005, -7.606842, 0.0 ], [ 110.526849999000035, -7.606928, 0.0 ], [ 110.527, -7.607314, 0.0 ], [ 110.52702, -7.607414, 0.0 ], [ 110.52706, -7.607436, 0.0 ], [ 110.527171, -7.607499, 0.0 ], [ 110.527595, -7.607703, 0.0 ], [ 110.527796, -7.60782, 0.0 ], [ 110.528007, -7.608081, 0.0 ], [ 110.528095201000042, -7.608180923999953, 0.0 ], [ 110.528165, -7.60826, 0.0 ], [ 110.528379, -7.608391, 0.0 ], [ 110.528712, -7.608515000999944, 0.0 ], [ 110.528931, -7.608671000999948, 0.0 ], [ 110.529036, -7.608827000999952, 0.0 ], [ 110.529101, -7.609081000999936, 0.0 ], [ 110.529185, -7.609195, 0.0 ], [ 110.529376, -7.609266, 0.0 ], [ 110.529674, -7.609385, 0.0 ], [ 110.52985, -7.609501, 0.0 ], [ 110.529958, -7.609645000999933, 0.0 ], [ 110.530053, -7.609942, 0.0 ], [ 110.530165, -7.610121, 0.0 ], [ 110.530323440000075, -7.610278163999965, 0.0 ], [ 110.530413, -7.610367000999929, 0.0 ], [ 110.530745, -7.610566, 0.0 ], [ 110.531081, -7.610752, 0.0 ], [ 110.531436, -7.611034, 0.0 ], [ 110.531731, -7.611365000999967, 0.0 ], [ 110.531945, -7.611694000999933, 0.0 ], [ 110.532184, -7.612255, 0.0 ], [ 110.532443, -7.612899, 0.0 ], [ 110.532601, -7.613189, 0.0 ], [ 110.533264, -7.614179, 0.0 ], [ 110.533562, -7.61448, 0.0 ], [ 110.533608740000034, -7.614526220999949, 0.0 ], [ 110.533652, -7.614569, 0.0 ], [ 110.534059, -7.614893000999928, 0.0 ], [ 110.534514999000066, -7.615194, 0.0 ], [ 110.534731, -7.615377, 0.0 ], [ 110.534902, -7.615796, 0.0 ], [ 110.535122, -7.616384, 0.0 ], [ 110.535235999000065, -7.616635, 0.0 ], [ 110.535396, -7.61683, 0.0 ], [ 110.535581, -7.616971, 0.0 ], [ 110.535756, -7.617139, 0.0 ], [ 110.53589899900004, -7.617276, 0.0 ], [ 110.535987, -7.61734900099998, 0.0 ], [ 110.536062, -7.617329000999973, 0.0 ], [ 110.536118, -7.61714, 0.0 ], [ 110.53612, -7.617132, 0.0 ], [ 110.536142, -7.617051, 0.0 ], [ 110.536243, -7.617016, 0.0 ], [ 110.536423, -7.617106, 0.0 ], [ 110.536455, -7.61714, 0.0 ], [ 110.536601999000084, -7.617295, 0.0 ], [ 110.536697, -7.617477, 0.0 ], [ 110.53677, -7.617922, 0.0 ], [ 110.536803, -7.618056, 0.0 ], [ 110.537407, -7.618358, 0.0 ], [ 110.537879, -7.618406, 0.0 ], [ 110.538027, -7.618433, 0.0 ], [ 110.538401, -7.618864, 0.0 ], [ 110.538507, -7.618969000999925, 0.0 ], [ 110.538744, -7.619038, 0.0 ], [ 110.538955, -7.619067000999962, 0.0 ], [ 110.539055, -7.619127000999981, 0.0 ], [ 110.539032, -7.619446, 0.0 ], [ 110.539027, -7.619613000999948, 0.0 ], [ 110.539089, -7.619743, 0.0 ], [ 110.539226, -7.61984, 0.0 ], [ 110.539474, -7.61994, 0.0 ], [ 110.539553, -7.620015, 0.0 ], [ 110.539559, -7.620054, 0.0 ], [ 110.539587, -7.62008100099996, 0.0 ], [ 110.539884, -7.620289, 0.0 ], [ 110.5401, -7.620295000999931, 0.0 ], [ 110.540577, -7.620321, 0.0 ], [ 110.540671, -7.620408, 0.0 ], [ 110.540667, -7.620493, 0.0 ], [ 110.540637, -7.620857, 0.0 ], [ 110.540772, -7.620955, 0.0 ], [ 110.541356, -7.621356, 0.0 ], [ 110.541432, -7.621516, 0.0 ], [ 110.541532, -7.621909, 0.0 ], [ 110.541640824000069, -7.622373081999967, 0.0 ], [ 110.541687, -7.62257, 0.0 ], [ 110.541858, -7.62272, 0.0 ], [ 110.542568999000082, -7.62333, 0.0 ], [ 110.542637, -7.623569000999964, 0.0 ], [ 110.542704, -7.623748000999967, 0.0 ], [ 110.542874, -7.623922000999926, 0.0 ], [ 110.543075, -7.624163, 0.0 ], [ 110.543182, -7.624388000999943, 0.0 ], [ 110.543327, -7.62468200099994, 0.0 ], [ 110.543458538000039, -7.624816160999956, 0.0 ], [ 110.543628, -7.624989, 0.0 ], [ 110.543636, -7.624999, 0.0 ], [ 110.54363679000005, -7.625, 0.0 ], [ 110.543646267000042, -7.625011996999945, 0.0 ], [ 110.543789348000075, -7.625193122999974, 0.0 ], [ 110.543809, -7.625218, 0.0 ], [ 110.543848225000033, -7.625258793999933, 0.0 ], [ 110.543867093000074, -7.625303189999954, 0.0 ], [ 110.543889935000038, -7.625419306999959, 0.0 ], [ 110.543916585000034, -7.625471655999945, 0.0 ], [ 110.543911827000045, -7.625498304999951, 0.0 ], [ 110.543857575000061, -7.625528762999977, 0.0 ], [ 110.543770962000053, -7.625566833999926, 0.0 ], [ 110.543700530000081, -7.625617277999936, 0.0 ], [ 110.543681494000054, -7.625634409999975, 0.0 ], [ 110.543651038000064, -7.625655349999931, 0.0 ], [ 110.543598689000078, -7.625671529999977, 0.0 ], [ 110.543542534000039, -7.625699131999966, 0.0 ], [ 110.543477813000038, -7.62575338399995, 0.0 ], [ 110.54343117500008, -7.625796213999934, 0.0 ], [ 110.543355984000073, -7.625873308999928, 0.0 ], [ 110.543324576000089, -7.625900909999928, 0.0 ], [ 110.543276035000076, -7.625960871999951, 0.0 ], [ 110.543211313000086, -7.626019882999969, 0.0 ], [ 110.543191669000066, -7.626034971999957, 0.0 ], [ 110.543145640000034, -7.626070327999969, 0.0 ], [ 110.543076160000055, -7.626133145999972, 0.0 ], [ 110.543012273000045, -7.626185850999946, 0.0 ], [ 110.543000017000054, -7.62619596299993, 0.0 ], [ 110.542988542000046, -7.626202757999977, 0.0 ], [ 110.542685928000083, -7.626425343999927, 0.0 ], [ 110.542559341000072, -7.626509100999954, 0.0 ], [ 110.542371839000054, -7.626636639999958, 0.0 ], [ 110.542308069000057, -7.626689938999959, 0.0 ], [ 110.542242396000063, -7.62675466099995, 0.0 ], [ 110.542181482000046, -7.626789876999965, 0.0 ], [ 110.542125327000065, -7.626836513999933, 0.0 ], [ 110.542017775000033, -7.62690884999995, 0.0 ], [ 110.54188262200006, -7.627009738999959, 0.0 ], [ 110.541716060000056, -7.627137277999964, 0.0 ], [ 110.541653242000052, -7.62719819199998, 0.0 ], [ 110.541614219000053, -7.627206757999943, 0.0 ], [ 110.541544738000084, -7.627235312999971, 0.0 ], [ 110.541484776000061, -7.627286708999975, 0.0 ], [ 110.541415296000082, -7.627361898999936, 0.0 ], [ 110.541282046000049, -7.627462788999935, 0.0 ], [ 110.541134520000071, -7.627584616999968, 0.0 ], [ 110.541056473000083, -7.627648385999976, 0.0 ], [ 110.540964150000036, -7.627706445999934, 0.0 ], [ 110.540838515000075, -7.627808285999947, 0.0 ], [ 110.540702410000051, -7.627908223999952, 0.0 ], [ 110.540594858000077, -7.627997690999962, 0.0 ], [ 110.540493017000074, -7.628086206999967, 0.0 ], [ 110.540439717000083, -7.628118567999934, 0.0 ], [ 110.540378802000077, -7.628161397999975, 0.0 ], [ 110.54020719600004, -7.628318156999967, 0.0 ], [ 110.539995900000065, -7.628135413999928, 0.0 ], [ 110.539794451000034, -7.627957031999927, 0.0 ], [ 110.539793683000084, -7.627956351999956, 0.0 ], [ 110.539746532000038, -7.627914600999929, 0.0 ], [ 110.539582826000071, -7.627868914999965, 0.0 ], [ 110.539443865000067, -7.62784226499997, 0.0 ], [ 110.539373433000037, -7.62784226499997, 0.0 ], [ 110.539308712000036, -7.627832746999957, 0.0 ], [ 110.539232569000035, -7.627804193999964, 0.0 ], [ 110.539141198000038, -7.62772995399996, 0.0 ], [ 110.539099319000059, -7.62768807599997, 0.0 ], [ 110.539038405000042, -7.627636679999966, 0.0 ], [ 110.538973683000052, -7.627590993999945, 0.0 ], [ 110.538834723000036, -7.627535789999968, 0.0 ], [ 110.538752869000064, -7.627535789999968, 0.0 ], [ 110.538623426000072, -7.627539596999952, 0.0 ], [ 110.538507309000067, -7.627551018999952, 0.0 ], [ 110.538415937000082, -7.627551018999952, 0.0 ], [ 110.53832837300007, -7.627549115999955, 0.0 ], [ 110.538225581000063, -7.627493911999977, 0.0 ], [ 110.538195123000037, -7.62746345499994, 0.0 ], [ 110.538107560000071, -7.62744061199993, 0.0 ], [ 110.538012381000044, -7.627427286999932, 0.0 ], [ 110.537940046000074, -7.627408250999963, 0.0 ], [ 110.537881035000055, -7.627335915999936, 0.0 ], [ 110.537837252000088, -7.627269290999948, 0.0 ], [ 110.537774435000074, -7.627204568999957, 0.0 ], [ 110.53770019600006, -7.627145558999928, 0.0 ], [ 110.537578367000037, -7.627115101999948, 0.0 ], [ 110.537300446000074, -7.627088450999963, 0.0 ], [ 110.537216690000037, -7.627096065999979, 0.0 ], [ 110.537131028000033, -7.627120812999976, 0.0 ], [ 110.537068211000076, -7.627156980999928, 0.0 ], [ 110.536957804000053, -7.627193147999947, 0.0 ], [ 110.536883565000039, -7.627208376999931, 0.0 ], [ 110.536778868000056, -7.627196955999977, 0.0 ], [ 110.53669891900006, -7.627176015999964, 0.0 ], [ 110.536588511000048, -7.627118908999933, 0.0 ], [ 110.536493334000056, -7.627050379999957, 0.0 ], [ 110.536369601000047, -7.626941876999979, 0.0 ], [ 110.536291555000048, -7.626827661999926, 0.0 ], [ 110.536192570000082, -7.626728677999949, 0.0 ], [ 110.53611261900005, -7.626705834999939, 0.0 ], [ 110.536021248000054, -7.626705834999939, 0.0 ], [ 110.535943202000055, -7.626715351999962, 0.0 ], [ 110.535808048000035, -7.626753422999968, 0.0 ], [ 110.535691931000088, -7.626749616999973, 0.0 ], [ 110.535579621000068, -7.626722966999978, 0.0 ], [ 110.535457792000045, -7.626633498999979, 0.0 ], [ 110.535393071000044, -7.626559259999965, 0.0 ], [ 110.535322638000082, -7.626452659999927, 0.0 ], [ 110.535248399000068, -7.626340349999964, 0.0 ], [ 110.535185582000054, -7.626239459999965, 0.0 ], [ 110.535136219000037, -7.626185850999946, 0.0 ], [ 110.535008549000054, -7.62604719899997, 0.0 ], [ 110.53491527400007, -7.625984381999956, 0.0 ], [ 110.534818192000046, -7.625898720999942, 0.0 ], [ 110.534667810000087, -7.625693135999938, 0.0 ], [ 110.534544079000057, -7.625466610999979, 0.0 ], [ 110.534486972000082, -7.625350493999974, 0.0 ], [ 110.534414636000065, -7.625167749999946, 0.0 ], [ 110.534374661000072, -7.62507637899995, 0.0 ], [ 110.534351818000061, -7.624990718999925, 0.0 ], [ 110.534351818000061, -7.624929804999965, 0.0 ], [ 110.534308036000084, -7.624853661999964, 0.0 ], [ 110.534203340000033, -7.62479845799993, 0.0 ], [ 110.534054861000072, -7.62477942299995, 0.0 ], [ 110.53392541900007, -7.624783229999935, 0.0 ], [ 110.533803591000037, -7.624754676999942, 0.0 ], [ 110.533716026000036, -7.624741350999955, 0.0 ], [ 110.53364749800005, -7.624735640999972, 0.0 ], [ 110.53359802600005, -7.62475703399997, 0.0 ], [ 110.533584757000085, -7.624763956999971, 0.0 ], [ 110.533572636000088, -7.624772726999936, 0.0 ], [ 110.533561920000068, -7.624783159999936, 0.0 ], [ 110.533450497000047, -7.624908670999957, 0.0 ], [ 110.533375388000081, -7.624951709999948, 0.0 ], [ 110.533359113000074, -7.624959346999958, 0.0 ], [ 110.533341810000081, -7.62496424099993, 0.0 ], [ 110.53332393900007, -7.62496626199993, 0.0 ], [ 110.533258533000037, -7.624968295999963, 0.0 ], [ 110.533105019000061, -7.624960207999948, 0.0 ], [ 110.533097349000059, -7.624960444999942, 0.0 ], [ 110.533089825000047, -7.624961952999968, 0.0 ], [ 110.533082659000058, -7.624964691999935, 0.0 ], [ 110.533076050000034, -7.62496858399993, 0.0 ], [ 110.533070184000053, -7.62497351899998, 0.0 ], [ 110.53304126200004, -7.625002312999925, 0.0 ], [ 110.533029492000082, -7.62501242299993, 0.0 ], [ 110.533016365000037, -7.625020703999951, 0.0 ], [ 110.533002163000049, -7.625026977999937, 0.0 ], [ 110.532987193000054, -7.625031107999973, 0.0 ], [ 110.532913630000053, -7.625045704999934, 0.0 ], [ 110.532714824000038, -7.62504540599997, 0.0 ], [ 110.532704681000041, -7.625046121999958, 0.0 ], [ 110.532694746000061, -7.625048284999934, 0.0 ], [ 110.532685228000048, -7.625051851999956, 0.0 ], [ 110.532528199000069, -7.625123968999958, 0.0 ], [ 110.532389239000054, -7.625236279999967, 0.0 ], [ 110.53214938900004, -7.625361914999928, 0.0 ], [ 110.531957129000034, -7.625455189999968, 0.0 ], [ 110.531827686000042, -7.625529428999926, 0.0 ], [ 110.531705857000077, -7.625596053999971, 0.0 ], [ 110.531566897000062, -7.625670292999928, 0.0 ], [ 110.531485044000078, -7.625742628999944, 0.0 ], [ 110.531376540000053, -7.625822577999941, 0.0 ], [ 110.531288976000042, -7.625917756999968, 0.0 ], [ 110.531049136000036, -7.626146998999957, 0.0 ], [ 110.531012169000064, -7.626121240999964, 0.0 ], [ 110.530979118000062, -7.626099396999962, 0.0 ], [ 110.530942799000059, -7.626083536999943, 0.0 ], [ 110.53090429100007, -7.626074130999939, 0.0 ], [ 110.530864737000059, -7.626071459999935, 0.0 ], [ 110.530825310000068, -7.626075600999968, 0.0 ], [ 110.530787180000061, -7.626086430999976, 0.0 ], [ 110.53075147900006, -7.626103629999932, 0.0 ], [ 110.530734565000046, -7.62611478499997, 0.0 ], [ 110.530716063000057, -7.626123058999951, 0.0 ], [ 110.530696463000083, -7.626128231999928, 0.0 ], [ 110.530676281000069, -7.626130170999943, 0.0 ], [ 110.530656051000051, -7.626128820999952, 0.0 ], [ 110.530636307000066, -7.626124219999951, 0.0 ], [ 110.53061757200004, -7.62611648799998, 0.0 ], [ 110.530600339000046, -7.626105830999961, 0.0 ], [ 110.530585064000036, -7.626092528999948, 0.0 ], [ 110.530572149000079, -7.626076933999968, 0.0 ], [ 110.530561939000052, -7.626059457999929, 0.0 ], [ 110.530554700000039, -7.626040561999957, 0.0 ], [ 110.530548336000038, -7.625985115999981, 0.0 ], [ 110.530535520000058, -7.625930789999927, 0.0 ], [ 110.530516427000066, -7.625878332999946, 0.0 ], [ 110.530491319000078, -7.625828461999959, 0.0 ], [ 110.530460540000036, -7.62578186099995, 0.0 ], [ 110.53045746500004, -7.625778216999947, 0.0 ], [ 110.530454427000052, -7.62577461799998, 0.0 ], [ 110.530424512000081, -7.625739168999928, 0.0 ], [ 110.530409227000064, -7.625723996999966, 0.0 ], [ 110.530401515000051, -7.625716342999965, 0.0 ], [ 110.530375176000064, -7.625697450999951, 0.0 ], [ 110.530346163000047, -7.625682972999925, 0.0 ], [ 110.530315213000051, -7.625673277999965, 0.0 ], [ 110.530283113000053, -7.625668609999934, 0.0 ], [ 110.530250678000073, -7.625669088999928, 0.0 ], [ 110.530218729000069, -7.625674702999959, 0.0 ], [ 110.530188081000063, -7.625685307999959, 0.0 ], [ 110.530159511000079, -7.625700635999976, 0.0 ], [ 110.530115631000058, -7.625725068999941, 0.0 ], [ 110.530078536000076, -7.625739887999941, 0.0 ], [ 110.530076085000076, -7.625740866999934, 0.0 ], [ 110.530068982000046, -7.625743704999934, 0.0 ], [ 110.530020327000045, -7.625756238999941, 0.0 ], [ 110.529970466000066, -7.625762463999934, 0.0 ], [ 110.52992021700004, -7.625762279999947, 0.0 ], [ 110.529870402000086, -7.62575568699998, 0.0 ], [ 110.529821842000047, -7.62574279599994, 0.0 ], [ 110.529775331000053, -7.625723815999947, 0.0 ], [ 110.529731634000086, -7.625699060999978, 0.0 ], [ 110.529691467000077, -7.625668934999965, 0.0 ], [ 110.529655489000049, -7.62563393399995, 0.0 ], [ 110.529645249000055, -7.625614581999969, 0.0 ], [ 110.529615808000074, -7.62555382499994, 0.0 ], [ 110.529608321000069, -7.625538374999962, 0.0 ], [ 110.529565671000057, -7.625465204999955, 0.0 ], [ 110.529517545000033, -7.625395494999964, 0.0 ], [ 110.529464225000083, -7.625329656999952, 0.0 ], [ 110.529444270000056, -7.625308541999971, 0.0 ], [ 110.529418098000065, -7.625280848999978, 0.0 ], [ 110.529406023000035, -7.625268072999972, 0.0 ], [ 110.529343276000077, -7.625211100999934, 0.0 ], [ 110.529324627000051, -7.625196402999961, 0.0 ], [ 110.529294134000054, -7.625172370999962, 0.0 ], [ 110.52924186000007, -7.62513796199994, 0.0 ], [ 110.529186837000054, -7.625108123999951, 0.0 ], [ 110.52912946400005, -7.625083072999928, 0.0 ], [ 110.52907016000006, -7.625062993999961, 0.0 ], [ 110.528736621000064, -7.62496320899993, 0.0 ], [ 110.528533355000036, -7.624905774999945, 0.0 ], [ 110.528401586000086, -7.624868542999934, 0.0 ], [ 110.528292848000035, -7.624839609999981, 0.0 ], [ 110.528065134000087, -7.624779019999949, 0.0 ], [ 110.528029396000079, -7.624770029999979, 0.0 ], [ 110.528025488000083, -7.624769046999972, 0.0 ], [ 110.527993397000046, -7.624760973999969, 0.0 ], [ 110.527940005000062, -7.624745705999942, 0.0 ], [ 110.527888908000079, -7.624723984999946, 0.0 ], [ 110.527840886000035, -7.624696141999948, 0.0 ], [ 110.527796673000068, -7.624662602999933, 0.0 ], [ 110.527756941000064, -7.624623879999945, 0.0 ], [ 110.527733926000053, -7.624595100999954, 0.0 ], [ 110.527730299000041, -7.624590565999938, 0.0 ], [ 110.52772230000005, -7.624580563999928, 0.0 ], [ 110.527693278000072, -7.62453331699993, 0.0 ], [ 110.527670319000038, -7.624482857999965, 0.0 ], [ 110.527653770000086, -7.624429959999929, 0.0 ], [ 110.527643888000057, -7.62437542999993, 0.0 ], [ 110.52764208900004, -7.624330909999969, 0.0 ], [ 110.527634375000048, -7.624287024999944, 0.0 ], [ 110.527620877000061, -7.624244551999936, 0.0 ], [ 110.527601839000056, -7.624204248999945, 0.0 ], [ 110.52757759900004, -7.624166828999932, 0.0 ], [ 110.527548584000044, -7.624132958999951, 0.0 ], [ 110.527515314000084, -7.624103237999975, 0.0 ], [ 110.527478377000079, -7.62407819799995, 0.0 ], [ 110.527438431000064, -7.624058278999939, 0.0 ], [ 110.527396185000043, -7.624043837999977, 0.0 ], [ 110.52729382800004, -7.624018014999933, 0.0 ], [ 110.527184428000055, -7.62399041499998, 0.0 ], [ 110.526904304000084, -7.623946072999956, 0.0 ], [ 110.526838974000043, -7.62393571299998, 0.0 ], [ 110.526782968000077, -7.623920861999977, 0.0 ], [ 110.526779064000038, -7.623919826999952, 0.0 ], [ 110.526775042000054, -7.62391876099997, 0.0 ], [ 110.526713175000054, -7.623895393999931, 0.0 ], [ 110.526654018000045, -7.623865855999952, 0.0 ], [ 110.526598189000083, -7.623830453999972, 0.0 ], [ 110.526559516000077, -7.623800503999973, 0.0 ], [ 110.526525659000072, -7.623765223999953, 0.0 ], [ 110.526497346000042, -7.623725375999925, 0.0 ], [ 110.526475192000078, -7.623681819999945, 0.0 ], [ 110.526401769000074, -7.623430517999964, 0.0 ], [ 110.526385484000059, -7.623377473999938, 0.0 ], [ 110.526363827000068, -7.623326376999955, 0.0 ], [ 110.526351878000071, -7.623304708999967, 0.0 ], [ 110.526337027000068, -7.623277769999959, 0.0 ], [ 110.526305366000088, -7.623232164999934, 0.0 ], [ 110.526252636000038, -7.623178559999928, 0.0 ], [ 110.526195849000032, -7.623129253999934, 0.0 ], [ 110.526135353000086, -7.623084552999956, 0.0 ], [ 110.526071523000041, -7.623044733999961, 0.0 ], [ 110.526004755000088, -7.62301004099993, 0.0 ], [ 110.525935460000085, -7.622980690999952, 0.0 ], [ 110.525864068000033, -7.622956863999946, 0.0 ], [ 110.525791022000078, -7.622938708999925, 0.0 ], [ 110.525772452000069, -7.622935613999971, 0.0 ], [ 110.525770254000065, -7.622935247999976, 0.0 ], [ 110.525716770000088, -7.622926336999967, 0.0 ], [ 110.525669324000035, -7.622922931999938, 0.0 ], [ 110.525622573000078, -7.622914168999955, 0.0 ], [ 110.525577125000041, -7.622900161999951, 0.0 ], [ 110.525533566000036, -7.622881090999954, 0.0 ], [ 110.525492462000045, -7.622857203999956, 0.0 ], [ 110.52545434600006, -7.622828810999977, 0.0 ], [ 110.525414822000073, -7.622788230999959, 0.0 ], [ 110.525395126000035, -7.622771391999947, 0.0 ], [ 110.525394080000069, -7.622770497999966, 0.0 ], [ 110.525371756000084, -7.622751411999957, 0.0 ], [ 110.525325507000048, -7.622718662999944, 0.0 ], [ 110.525276459000054, -7.622690254999952, 0.0 ], [ 110.52522502100004, -7.622666423999931, 0.0 ], [ 110.525171620000037, -7.622647368999935, 0.0 ], [ 110.525093847000051, -7.622629764999942, 0.0 ], [ 110.525014918000068, -7.622618387999978, 0.0 ], [ 110.524935330000062, -7.622613313999977, 0.0 ], [ 110.524855591000062, -7.622614572999964, 0.0 ], [ 110.52477620500008, -7.622622156999967, 0.0 ], [ 110.524769642000081, -7.622623315999931, 0.0 ], [ 110.524769067000079, -7.622623417999932, 0.0 ], [ 110.524697675000084, -7.62263601899997, 0.0 ], [ 110.524675208000076, -7.622643086999972, 0.0 ], [ 110.524651868000035, -7.622646265999947, 0.0 ], [ 110.524628326000084, -7.62264546199998, 0.0 ], [ 110.524605257000076, -7.622640697999941, 0.0 ], [ 110.524583328000062, -7.622632111999962, 0.0 ], [ 110.524563170000079, -7.62261995199998, 0.0 ], [ 110.524545361000037, -7.62260456599995, 0.0 ], [ 110.524530417000051, -7.622586398999943, 0.0 ], [ 110.524498812000047, -7.622537645999955, 0.0 ], [ 110.524462543000084, -7.622492240999975, 0.0 ], [ 110.524421119000067, -7.622453031999953, 0.0 ], [ 110.524382357000036, -7.622411200999977, 0.0 ], [ 110.524346423000054, -7.622366926999973, 0.0 ], [ 110.524343115000079, -7.622363013999973, 0.0 ], [ 110.524340197000072, -7.622359561999929, 0.0 ], [ 110.524320015000058, -7.622335692999968, 0.0 ], [ 110.524289302000057, -7.622308659999931, 0.0 ], [ 110.524254946000042, -7.622286413999973, 0.0 ], [ 110.524248196000087, -7.622283233999951, 0.0 ], [ 110.524245599000039, -7.622282009999935, 0.0 ], [ 110.524227222000036, -7.622273351999979, 0.0 ], [ 110.524201951000066, -7.622256026999935, 0.0 ], [ 110.524179788000083, -7.622234889999959, 0.0 ], [ 110.524161304000074, -7.622210482999947, 0.0 ], [ 110.524148843000035, -7.622186960999954, 0.0 ], [ 110.524146976000054, -7.622183436999933, 0.0 ], [ 110.524146895000058, -7.622183140999937, 0.0 ], [ 110.524133151000058, -7.622133048999956, 0.0 ], [ 110.524112897000066, -7.622084872999949, 0.0 ], [ 110.524057133000042, -7.621996214999967, 0.0 ], [ 110.523997494000071, -7.621910104999927, 0.0 ], [ 110.523934094000083, -7.621826711999972, 0.0 ], [ 110.523867061000033, -7.621746198999972, 0.0 ], [ 110.523847594000074, -7.621707445999959, 0.0 ], [ 110.523824040000079, -7.621671023999966, 0.0 ], [ 110.523796670000081, -7.621637358999976, 0.0 ], [ 110.523765810000043, -7.621606847999942, 0.0 ], [ 110.523712670000066, -7.621546216999945, 0.0 ], [ 110.523663014000078, -7.621482714999956, 0.0 ], [ 110.523616994000065, -7.621416541999963, 0.0 ], [ 110.523574757000063, -7.621347903999947, 0.0 ], [ 110.523552421000034, -7.621290196999951, 0.0 ], [ 110.523525379000034, -7.621234528999935, 0.0 ], [ 110.523493819000066, -7.621181281999952, 0.0 ], [ 110.523457955000083, -7.621130817999926, 0.0 ], [ 110.523418033000041, -7.621083486999964, 0.0 ], [ 110.523327590000065, -7.621006499999964, 0.0 ], [ 110.523240423000061, -7.620925838999938, 0.0 ], [ 110.523156682000035, -7.620841643999938, 0.0 ], [ 110.523076510000067, -7.620754056999942, 0.0 ], [ 110.523037273000057, -7.620726185999956, 0.0 ], [ 110.522994650000044, -7.620703808999963, 0.0 ], [ 110.522949406000066, -7.620687326999928, 0.0 ], [ 110.522902359000057, -7.620677038999929, 0.0 ], [ 110.52285435400006, -7.620673127999964, 0.0 ], [ 110.52280625700007, -7.620675665999954, 0.0 ], [ 110.522758932000045, -7.620684604999951, 0.0 ], [ 110.522713235000083, -7.620699786999978, 0.0 ], [ 110.522561560000042, -7.620768545999965, 0.0 ], [ 110.522436734000053, -7.62085265199994, 0.0 ], [ 110.522379097000055, -7.620913855999959, 0.0 ], [ 110.522329115000048, -7.620994214999939, 0.0 ], [ 110.522277192000047, -7.621093716999951, 0.0 ], [ 110.52222912600007, -7.621175992999952, 0.0 ], [ 110.522182663000081, -7.621246903999975, 0.0 ], [ 110.522175258000061, -7.621254105999981, 0.0 ], [ 110.522166774000084, -7.621260005999943, 0.0 ], [ 110.522157440000058, -7.621264448999966, 0.0 ], [ 110.522147507000057, -7.621267312999976, 0.0 ], [ 110.522137237000038, -7.621268525999938, 0.0 ], [ 110.522136715000045, -7.621268501999964, 0.0 ], [ 110.522136242000045, -7.621268479999969, 0.0 ], [ 110.522126907000086, -7.621268049999969, 0.0 ], [ 110.522116792000077, -7.621265901999948, 0.0 ], [ 110.522107164000033, -7.621262136999974, 0.0 ], [ 110.522098279000033, -7.621256856999935, 0.0 ], [ 110.522090376000051, -7.621250202999931, 0.0 ], [ 110.522083665000082, -7.621242351999967, 0.0 ], [ 110.522078329000067, -7.621233514999972, 0.0 ], [ 110.522074505000035, -7.621223927999949, 0.0 ], [ 110.52207648600006, -7.621160368999938, 0.0 ], [ 110.522075637000057, -7.621147165999957, 0.0 ], [ 110.522075234000056, -7.621140895999929, 0.0 ], [ 110.522072406000063, -7.62109690799997, 0.0 ], [ 110.522062301000062, -7.621034119999933, 0.0 ], [ 110.522046264000039, -7.620972575999929, 0.0 ], [ 110.522024439000063, -7.620912828999963, 0.0 ], [ 110.52199702300004, -7.620855421999977, 0.0 ], [ 110.521976980000034, -7.620822045999944, 0.0 ], [ 110.521973760000037, -7.620816683999976, 0.0 ], [ 110.521964266000055, -7.620800872999951, 0.0 ], [ 110.521930972000064, -7.620751622999933, 0.0 ], [ 110.521902963000059, -7.620699201999969, 0.0 ], [ 110.521880537000072, -7.620644170999981, 0.0 ], [ 110.521863937000035, -7.620587120999971, 0.0 ], [ 110.521853340000064, -7.620528663999949, 0.0 ], [ 110.521848858000055, -7.620469427999979, 0.0 ], [ 110.521850362000066, -7.620416386999977, 0.0 ], [ 110.521850462000089, -7.620412875999932, 0.0 ], [ 110.521850542000038, -7.620410045999961, 0.0 ], [ 110.521851264000077, -7.620369282999945, 0.0 ], [ 110.521841855000048, -7.620201743999928, 0.0 ], [ 110.521837193000067, -7.620150690999935, 0.0 ], [ 110.521825487000058, -7.620100774999969, 0.0 ], [ 110.521806962000085, -7.620052958999963, 0.0 ], [ 110.521781976000057, -7.620008163999955, 0.0 ], [ 110.521751011000049, -7.61996725399996, 0.0 ], [ 110.521714664000058, -7.619931020999957, 0.0 ], [ 110.521707968000044, -7.619925983999963, 0.0 ], [ 110.521673637000049, -7.619900159999929, 0.0 ], [ 110.521628719000034, -7.619875266999941, 0.0 ], [ 110.521580779000033, -7.619856824999943, 0.0 ], [ 110.521575404000089, -7.619854935999967, 0.0 ], [ 110.521543361000056, -7.619843677999938, 0.0 ], [ 110.521508162000089, -7.619825422999952, 0.0 ], [ 110.521496886000079, -7.619817468999941, 0.0 ], [ 110.52149565700006, -7.619816601999958, 0.0 ], [ 110.521482940000055, -7.619807629999968, 0.0 ], [ 110.521460840000088, -7.619786097999963, 0.0 ], [ 110.521442414000035, -7.619761361999963, 0.0 ], [ 110.521438759000034, -7.619754374999957, 0.0 ], [ 110.521438366000041, -7.619753623999941, 0.0 ], [ 110.521428121000042, -7.619734038999979, 0.0 ], [ 110.521418316000052, -7.619704812999942, 0.0 ], [ 110.521413248000044, -7.619674410999949, 0.0 ], [ 110.521413040000084, -7.619643591999932, 0.0 ], [ 110.52141769800005, -7.619613124999944, 0.0 ], [ 110.521418543000038, -7.619592706999981, 0.0 ], [ 110.521419629000036, -7.619566489999954, 0.0 ], [ 110.52141464400006, -7.619520080999962, 0.0 ], [ 110.521402850000072, -7.619474913999966, 0.0 ], [ 110.521400507000067, -7.619469429999981, 0.0 ], [ 110.52138450700005, -7.619431977999966, 0.0 ], [ 110.521365022000055, -7.61940034099996, 0.0 ], [ 110.521360015000084, -7.61939221199998, 0.0 ], [ 110.521329910000077, -7.619356484999969, 0.0 ], [ 110.521294853000086, -7.619325581999931, 0.0 ], [ 110.521286107000037, -7.619319920999942, 0.0 ], [ 110.521255609000036, -7.619300176999957, 0.0 ], [ 110.521232970000085, -7.619288927999946, 0.0 ], [ 110.521212544000036, -7.61927404599993, 0.0 ], [ 110.521194914000034, -7.619255952999936, 0.0 ], [ 110.521180579000088, -7.619235162999928, 0.0 ], [ 110.521169946000043, -7.619212266999966, 0.0 ], [ 110.521146084000065, -7.619121990999929, 0.0 ], [ 110.521138953000047, -7.619086577999951, 0.0 ], [ 110.521138331000088, -7.61908348999998, 0.0 ], [ 110.521127651000086, -7.619030456999951, 0.0 ], [ 110.521114711000052, -7.618937990999939, 0.0 ], [ 110.521107309000058, -7.618844919999958, 0.0 ], [ 110.52110547400008, -7.618751574999976, 0.0 ], [ 110.521109209000088, -7.61865828699996, 0.0 ], [ 110.521116147000043, -7.618588943999953, 0.0 ], [ 110.521117455000081, -7.618575869999972, 0.0 ], [ 110.521118504000071, -7.618565384999954, 0.0 ], [ 110.521126533000086, -7.618496945999937, 0.0 ], [ 110.521133417000044, -7.618462224999973, 0.0 ], [ 110.521144101000061, -7.618413475999944, 0.0 ], [ 110.52114868600006, -7.618363786999964, 0.0 ], [ 110.521147101000054, -7.618313911999962, 0.0 ], [ 110.521139368000036, -7.618264610999972, 0.0 ], [ 110.521125608000034, -7.618216636999932, 0.0 ], [ 110.521120860000053, -7.618205503999945, 0.0 ], [ 110.521106027000087, -7.618170720999956, 0.0 ], [ 110.521059969000078, -7.618080753999948, 0.0 ], [ 110.521051761000081, -7.618060969999931, 0.0 ], [ 110.521050268000067, -7.618057369999974, 0.0 ], [ 110.52104799600005, -7.618051893999962, 0.0 ], [ 110.521038936000082, -7.618030055999952, 0.0 ], [ 110.521013225000047, -7.617981554999972, 0.0 ], [ 110.520983062000084, -7.617935676999934, 0.0 ], [ 110.520948711000074, -7.617892827999981, 0.0 ], [ 110.520910480000055, -7.617853386999968, 0.0 ], [ 110.520874900000081, -7.617822322999928, 0.0 ], [ 110.520814319000067, -7.617747976999965, 0.0 ], [ 110.520750099000054, -7.617676734999975, 0.0 ], [ 110.520682399000066, -7.617608777999976, 0.0 ], [ 110.520611388000077, -7.617544270999929, 0.0 ], [ 110.520577207000088, -7.617516198999965, 0.0 ], [ 110.520546265000064, -7.617451513999981, 0.0 ], [ 110.520324, -7.616966, 0.0 ], [ 110.520449, -7.616912, 0.0 ], [ 110.520414, -7.616713, 0.0 ], [ 110.520373, -7.616658, 0.0 ], [ 110.520366, -7.616638, 0.0 ], [ 110.520377, -7.616548, 0.0 ], [ 110.520417, -7.616356, 0.0 ], [ 110.520394, -7.616333, 0.0 ], [ 110.520381, -7.616323, 0.0 ], [ 110.52034, -7.616242, 0.0 ], [ 110.520307, -7.616029, 0.0 ], [ 110.520248, -7.615919, 0.0 ], [ 110.520135, -7.615862, 0.0 ], [ 110.520092, -7.615723, 0.0 ], [ 110.520085724000069, -7.615651616999969, 0.0 ], [ 110.520084, -7.615632, 0.0 ], [ 110.520082, -7.61557, 0.0 ], [ 110.520087, -7.615459, 0.0 ], [ 110.520029, -7.615296, 0.0 ], [ 110.519288, -7.61431, 0.0 ], [ 110.519238, -7.614237, 0.0 ], [ 110.519229, -7.614171, 0.0 ], [ 110.519249, -7.61391, 0.0 ], [ 110.519205, -7.613855, 0.0 ], [ 110.519181, -7.613743, 0.0 ], [ 110.51919, -7.613632, 0.0 ], [ 110.519182, -7.613544, 0.0 ], [ 110.519167, -7.613472, 0.0 ], [ 110.51919, -7.613395, 0.0 ], [ 110.519227, -7.61331, 0.0 ], [ 110.519236, -7.613203, 0.0 ], [ 110.519217, -7.613145, 0.0 ], [ 110.519194, -7.613102, 0.0 ], [ 110.51925, -7.612876, 0.0 ], [ 110.519228, -7.612863, 0.0 ], [ 110.519176, -7.612735, 0.0 ], [ 110.519111, -7.612505, 0.0 ], [ 110.519094, -7.61248, 0.0 ], [ 110.518972, -7.612351, 0.0 ], [ 110.518939222000085, -7.612197738999953, 0.0 ], [ 110.518935, -7.612178, 0.0 ], [ 110.518909, -7.612023, 0.0 ], [ 110.518837, -7.611981, 0.0 ], [ 110.518665, -7.611923, 0.0 ], [ 110.518631, -7.611886, 0.0 ], [ 110.51861, -7.611922, 0.0 ], [ 110.518473, -7.611971, 0.0 ], [ 110.518416, -7.612062, 0.0 ], [ 110.518162, -7.612183, 0.0 ], [ 110.518026, -7.612055, 0.0 ], [ 110.517948, -7.611969, 0.0 ], [ 110.517818, -7.611835, 0.0 ], [ 110.517786, -7.611818, 0.0 ], [ 110.517775745000051, -7.611809635999975, 0.0 ], [ 110.517683, -7.611734, 0.0 ], [ 110.517551, -7.611691, 0.0 ], [ 110.517364985000086, -7.611700725999981, 0.0 ], [ 110.517266832000075, -7.611691802999928, 0.0 ], [ 110.517168680000054, -7.611688827999956, 0.0 ], [ 110.517058630000065, -7.611682879999933, 0.0 ], [ 110.516930734000084, -7.611668006999935, 0.0 ], [ 110.516832581000074, -7.611629340999968, 0.0 ], [ 110.516761197000051, -7.611587700999962, 0.0 ], [ 110.516686838000055, -7.611501445999977, 0.0 ], [ 110.516642224000066, -7.611412215999962, 0.0 ], [ 110.516579763000038, -7.611296216999961, 0.0 ], [ 110.516487558000051, -7.611174269999935, 0.0 ], [ 110.516428072000053, -7.611082065999938, 0.0 ], [ 110.516365611000083, -7.610974989999931, 0.0 ], [ 110.516282330000081, -7.61086196499997, 0.0 ], [ 110.516181203000087, -7.610722171999953, 0.0 ], [ 110.515955154000039, -7.61050802099993, 0.0 ], [ 110.515755875000082, -7.610347406999949, 0.0 ], [ 110.515654748000088, -7.610252227999979, 0.0 ], [ 110.515520902000048, -7.610177869999973, 0.0 ], [ 110.515410852000059, -7.610127306999971, 0.0 ], [ 110.515389449000054, -7.610124135999968, 0.0 ], [ 110.515180402000055, -7.610076511999978, 0.0 ], [ 110.515037376000066, -7.61000336099994, 0.0 ], [ 110.514977414000043, -7.609940650999931, 0.0 ], [ 110.514956, -7.609907, 0.0 ], [ 110.514918514000044, -7.609856518999948, 0.0 ], [ 110.514825273000042, -7.609775862999925, 0.0 ], [ 110.514783, -7.609753, 0.0 ], [ 110.514743810000084, -7.609737124999981, 0.0 ], [ 110.514680676000069, -7.609673781999959, 0.0 ], [ 110.514628327000082, -7.609573843999954, 0.0 ], [ 110.514530769000089, -7.609395384999971, 0.0 ], [ 110.514482631000078, -7.609303620999981, 0.0 ], [ 110.514378484000076, -7.609105090999947, 0.0 ], [ 110.514299961000063, -7.608900455999958, 0.0 ], [ 110.51425450000005, -7.608810911999967, 0.0 ], [ 110.514228745000082, -7.608753236999974, 0.0 ], [ 110.51420885400006, -7.608693296999945, 0.0 ], [ 110.514195026000039, -7.608631682999942, 0.0 ], [ 110.514187397000057, -7.608569003999946, 0.0 ], [ 110.514183368000033, -7.60851260499993, 0.0 ], [ 110.514161953000041, -7.608338902999947, 0.0 ], [ 110.514152435000085, -7.608222309999974, 0.0 ], [ 110.514164333000053, -7.60811761399998, 0.0 ], [ 110.514185747000056, -7.608022435999942, 0.0 ], [ 110.514159573000086, -7.607896324999956, 0.0 ], [ 110.514157192000084, -7.607890822999934, 0.0 ], [ 110.514090569000075, -7.607736899999963, 0.0 ], [ 110.514042980000056, -7.607606029999943, 0.0 ], [ 110.514016806000086, -7.60748943599998, 0.0 ], [ 110.513988831000063, -7.607039682999925, 0.0 ], [ 110.51396989300008, -7.606922423999947, 0.0 ], [ 110.513912757000071, -7.606673184999977, 0.0 ], [ 110.513906120000058, -7.606645304999972, 0.0 ], [ 110.513834844000087, -7.606464771999981, 0.0 ], [ 110.513768313000071, -7.606388685999946, 0.0 ], [ 110.513744055000075, -7.606369625999946, 0.0 ], [ 110.513710347000085, -7.606334433999962, 0.0 ], [ 110.513801684000043, -7.606293019999953, 0.0 ], [ 110.514100384000074, -7.60615758199998, 0.0 ], [ 110.514301671000055, -7.606057045999933, 0.0 ], [ 110.515068054000039, -7.605674265999937, 0.0 ], [ 110.51601652800008, -7.605196670999931, 0.0 ], [ 110.516162740000084, -7.605127233999951, 0.0 ], [ 110.516168171000061, -7.605124653999951, 0.0 ], [ 110.516563811000083, -7.60493675999993, 0.0 ], [ 110.516774252000062, -7.604836818999956, 0.0 ], [ 110.516899122000041, -7.604906537999966, 0.0 ], [ 110.516899579000039, -7.604906937999942, 0.0 ], [ 110.516981337000061, -7.60497847299996, 0.0 ], [ 110.517036440000084, -7.605026685999974, 0.0 ], [ 110.517135623000058, -7.605086774999961, 0.0 ], [ 110.517232008000065, -7.605104248999965, 0.0 ], [ 110.517232065000087, -7.605104258999972, 0.0 ], [ 110.517288199000063, -7.605114434999962, 0.0 ], [ 110.517525309000064, -7.605209407999951, 0.0 ], [ 110.517997753000088, -7.605398643999933, 0.0 ], [ 110.51809974300005, -7.605428465999978, 0.0 ], [ 110.51809995800005, -7.605428478999954, 0.0 ], [ 110.51828198700008, -7.605439751999938, 0.0 ], [ 110.518282454000087, -7.605439780999973, 0.0 ], [ 110.518392167000059, -7.605451546999973, 0.0 ], [ 110.518811406000054, -7.605285782999943, 0.0 ], [ 110.518891978000056, -7.605274150999946, 0.0 ], [ 110.518939222000085, -7.60528510599994, 0.0 ], [ 110.51899000700007, -7.605296881999948, 0.0 ], [ 110.519123851000074, -7.605371239999954, 0.0 ], [ 110.519317182000066, -7.605463443999952, 0.0 ], [ 110.519501, -7.605514, 0.0 ], [ 110.519543235000071, -7.605523385999959, 0.0 ], [ 110.519571559000042, -7.605524678999927, 0.0 ], [ 110.519598365000036, -7.605523452999932, 0.0 ], [ 110.519672, -7.605485, 0.0 ], [ 110.519767142000035, -7.605396904999964, 0.0 ], [ 110.519795025000064, -7.60538132399995, 0.0 ], [ 110.519874, -7.605362, 0.0 ], [ 110.520009755000046, -7.605317641999932, 0.0 ], [ 110.520075731000077, -7.60531692099994, 0.0 ], [ 110.520076581000069, -7.605316911999978, 0.0 ], [ 110.520397339000056, -7.605350418999933, 0.0 ], [ 110.520703694000076, -7.605398008999941, 0.0 ], [ 110.52080184600004, -7.605415854999933, 0.0 ], [ 110.520905948000063, -7.605460469999969, 0.0 ], [ 110.521066562000044, -7.605561596999962, 0.0 ], [ 110.521365077000041, -7.605697756999973, 0.0 ], [ 110.521518659000037, -7.60571923599997, 0.0 ], [ 110.521634658000039, -7.605704364999951, 0.0 ], [ 110.521735785000033, -7.605674620999935, 0.0 ], [ 110.521854758000075, -7.605671646999951, 0.0 ], [ 110.522033218000047, -7.605680569999947, 0.0 ], [ 110.522271759000034, -7.605716856999948, 0.0 ], [ 110.522405008000078, -7.605721614999936, 0.0 ], [ 110.522512084000084, -7.605740650999962, 0.0 ], [ 110.522676267000065, -7.605783481999936, 0.0 ] ] ] ] } },
{ "type": "Feature", "properties": { "NAMOBJ": "Lanjaran", "FCODE": "BA03070040", "REMARK": "Wilayah Administrasi Kelurahan/Desa", "METADATA": "TASWIL1000020221227_DATA_BATAS_DESAKELURAHAN", "SRS_ID": "SRGI 2013", "KDBBPS": null, "KDCBPS": null, "KDCPUM": "33.09.21", "KDEBPS": null, "KDEPUM": "33.09.21.2008", "KDPBPS": null, "KDPKAB": "33.09", "KDPPUM": "33", "LUASWH": 0.0, "TIPADM": 1, "WADMKC": "Tamansari", "WADMKD": "Lanjaran", "WADMKK": "Boyolali", "WADMPR": "Jawa Tengah", "WIADKC": null, "WIADKK": null, "WIADPR": null, "WIADKD": null, "UUPP": "Hasil Delineasi Batas Desa 2017", "luas": 3.4006065991535008, "SHAPE_Leng": 0.12086873259504601, "SHAPE_Area": 0.00027863158387700002 }, "geometry": { "type": "MultiPolygon", "coordinates": [ [ [ [ 110.52809, -7.571927, 0.0 ], [ 110.52809, -7.572069000999932, 0.0 ], [ 110.527993, -7.572326, 0.0 ], [ 110.527987, -7.572454, 0.0 ], [ 110.528051, -7.572544, 0.0 ], [ 110.528257, -7.572713000999954, 0.0 ], [ 110.528427, -7.572889, 0.0 ], [ 110.528498, -7.573044000999971, 0.0 ], [ 110.528583, -7.573219000999927, 0.0 ], [ 110.52878, -7.57339400099994, 0.0 ], [ 110.528933, -7.573576, 0.0 ], [ 110.528901, -7.57376, 0.0 ], [ 110.528786, -7.57424, 0.0 ], [ 110.528832, -7.574376, 0.0 ], [ 110.528958, -7.57454, 0.0 ], [ 110.529225, -7.574763, 0.0 ], [ 110.529512, -7.575016, 0.0 ], [ 110.529556992000039, -7.575056093999933, 0.0 ], [ 110.52976, -7.575237, 0.0 ], [ 110.52986, -7.575323000999958, 0.0 ], [ 110.530048, -7.575519000999975, 0.0 ], [ 110.530107999000052, -7.575662, 0.0 ], [ 110.530074, -7.575790000999973, 0.0 ], [ 110.530013, -7.576064000999963, 0.0 ], [ 110.530041, -7.576356000999965, 0.0 ], [ 110.530113, -7.576675, 0.0 ], [ 110.530275, -7.577062000999945, 0.0 ], [ 110.530311, -7.577126, 0.0 ], [ 110.530307, -7.577213, 0.0 ], [ 110.530207, -7.577341, 0.0 ], [ 110.530177, -7.577429000999928, 0.0 ], [ 110.530184999000085, -7.57746900099994, 0.0 ], [ 110.530212, -7.577516, 0.0 ], [ 110.530243999000049, -7.577548000999968, 0.0 ], [ 110.530289, -7.577579, 0.0 ], [ 110.530586, -7.57758, 0.0 ], [ 110.530851, -7.577626000999942, 0.0 ], [ 110.531026, -7.577742000999933, 0.0 ], [ 110.531165, -7.577943, 0.0 ], [ 110.53142, -7.578323, 0.0 ], [ 110.531663, -7.578503000999945, 0.0 ], [ 110.532062, -7.578754, 0.0 ], [ 110.532116999000039, -7.578877, 0.0 ], [ 110.532243, -7.579318, 0.0 ], [ 110.532354, -7.579363000999933, 0.0 ], [ 110.532696, -7.579489, 0.0 ], [ 110.532758999000066, -7.579602, 0.0 ], [ 110.532817999000088, -7.579937, 0.0 ], [ 110.532864, -7.580295000999968, 0.0 ], [ 110.533015, -7.580501, 0.0 ], [ 110.533197, -7.580755, 0.0 ], [ 110.533278, -7.581287, 0.0 ], [ 110.533451, -7.581497, 0.0 ], [ 110.533966, -7.582136, 0.0 ], [ 110.534174, -7.582399, 0.0 ], [ 110.534642, -7.582956, 0.0 ], [ 110.534642, -7.583289, 0.0 ], [ 110.534724, -7.583431, 0.0 ], [ 110.534968, -7.58372, 0.0 ], [ 110.535489, -7.584255000999974, 0.0 ], [ 110.535785, -7.584532, 0.0 ], [ 110.535845, -7.584705000999975, 0.0 ], [ 110.535860999000079, -7.58503400099994, 0.0 ], [ 110.535928, -7.585495, 0.0 ], [ 110.536061, -7.585754, 0.0 ], [ 110.536288, -7.586043, 0.0 ], [ 110.536493, -7.586201, 0.0 ], [ 110.536807, -7.586447, 0.0 ], [ 110.536807409000062, -7.586451157999932, 0.0 ], [ 110.536966396000082, -7.586940596999966, 0.0 ], [ 110.536944981000033, -7.587268962999929, 0.0 ], [ 110.536816490000035, -7.587533082999926, 0.0 ], [ 110.536638030000063, -7.588089876999959, 0.0 ], [ 110.536666584000045, -7.588275475999978, 0.0 ], [ 110.53675938300006, -7.588353996999956, 0.0 ], [ 110.536994949000075, -7.588446795999971, 0.0 ], [ 110.537180547000048, -7.588618116999953, 0.0 ], [ 110.537280485000053, -7.588789437999935, 0.0 ], [ 110.537344730000086, -7.58903214399993, 0.0 ], [ 110.537373284000068, -7.589167771999939, 0.0 ], [ 110.537316177000037, -7.589562762999947, 0.0 ], [ 110.537178168000082, -7.589748360999977, 0.0 ], [ 110.537049677000084, -7.589972029999956, 0.0 ], [ 110.537015175000079, -7.590042422999943, 0.0 ], [ 110.536947, -7.590125000999933, 0.0 ], [ 110.536598, -7.589701, 0.0 ], [ 110.536257, -7.58902, 0.0 ], [ 110.536221, -7.588873, 0.0 ], [ 110.536184, -7.588332000999969, 0.0 ], [ 110.535928, -7.588225, 0.0 ], [ 110.535858, -7.588195000999974, 0.0 ], [ 110.535709, -7.588067, 0.0 ], [ 110.535623, -7.587763, 0.0 ], [ 110.535557, -7.587615, 0.0 ], [ 110.535344, -7.587442, 0.0 ], [ 110.535179, -7.587343, 0.0 ], [ 110.535078, -7.587197, 0.0 ], [ 110.534975, -7.586948000999939, 0.0 ], [ 110.534863, -7.586769, 0.0 ], [ 110.534869, -7.586372, 0.0 ], [ 110.534903999000051, -7.586032000999978, 0.0 ], [ 110.534872, -7.585799, 0.0 ], [ 110.534744, -7.585509, 0.0 ], [ 110.534669999000073, -7.585394, 0.0 ], [ 110.53398, -7.584662, 0.0 ], [ 110.53347, -7.583915, 0.0 ], [ 110.533255, -7.583621, 0.0 ], [ 110.532983, -7.583345, 0.0 ], [ 110.532481, -7.583074, 0.0 ], [ 110.532389999000088, -7.583010000999934, 0.0 ], [ 110.532202, -7.581867, 0.0 ], [ 110.532143, -7.581599, 0.0 ], [ 110.532005, -7.581361, 0.0 ], [ 110.531807, -7.581169, 0.0 ], [ 110.531456, -7.581004, 0.0 ], [ 110.531277999000054, -7.580932, 0.0 ], [ 110.53096, -7.580581, 0.0 ], [ 110.530804, -7.580387, 0.0 ], [ 110.530684, -7.580302, 0.0 ], [ 110.530535, -7.580296000999965, 0.0 ], [ 110.530262, -7.58037, 0.0 ], [ 110.530107999000052, -7.580365, 0.0 ], [ 110.529944, -7.580259000999945, 0.0 ], [ 110.529748, -7.579911, 0.0 ], [ 110.529305, -7.579557000999955, 0.0 ], [ 110.529097, -7.579361000999938, 0.0 ], [ 110.528818, -7.578916, 0.0 ], [ 110.528667, -7.578660000999946, 0.0 ], [ 110.52840303000005, -7.578442612999936, 0.0 ], [ 110.528292999000087, -7.578352, 0.0 ], [ 110.528156, -7.578239, 0.0 ], [ 110.528118999000071, -7.578451, 0.0 ], [ 110.528103, -7.578522000999953, 0.0 ], [ 110.527988, -7.578705, 0.0 ], [ 110.527868, -7.578786, 0.0 ], [ 110.52772, -7.578786, 0.0 ], [ 110.526761, -7.578626, 0.0 ], [ 110.526478, -7.578503000999945, 0.0 ], [ 110.526343999000062, -7.578353, 0.0 ], [ 110.526264, -7.578163, 0.0 ], [ 110.526119, -7.577602, 0.0 ], [ 110.52585, -7.577331000999948, 0.0 ], [ 110.525597, -7.577004, 0.0 ], [ 110.525343, -7.576681, 0.0 ], [ 110.525126, -7.576567, 0.0 ], [ 110.524811, -7.576477000999944, 0.0 ], [ 110.524312, -7.576377000999969, 0.0 ], [ 110.524237999000036, -7.576488, 0.0 ], [ 110.524073, -7.576747000999944, 0.0 ], [ 110.523994, -7.576741, 0.0 ], [ 110.523924, -7.576664, 0.0 ], [ 110.523899, -7.576528, 0.0 ], [ 110.523862, -7.57609, 0.0 ], [ 110.523747, -7.575935, 0.0 ], [ 110.523627, -7.575888000999953, 0.0 ], [ 110.523421, -7.575887, 0.0 ], [ 110.523156, -7.57596, 0.0 ], [ 110.523149, -7.576026000999946, 0.0 ], [ 110.523151, -7.576352, 0.0 ], [ 110.523073, -7.576469, 0.0 ], [ 110.522904, -7.5766, 0.0 ], [ 110.522792, -7.57659100099994, 0.0 ], [ 110.522592, -7.576494000999958, 0.0 ], [ 110.521194999000045, -7.575661, 0.0 ], [ 110.520936, -7.575558000999933, 0.0 ], [ 110.520779, -7.57561500099996, 0.0 ], [ 110.520518, -7.575723, 0.0 ], [ 110.520371, -7.575682, 0.0 ], [ 110.520193, -7.575553, 0.0 ], [ 110.519594, -7.575119, 0.0 ], [ 110.51947, -7.575135, 0.0 ], [ 110.519014, -7.575252, 0.0 ], [ 110.518725, -7.575158, 0.0 ], [ 110.518576, -7.575018, 0.0 ], [ 110.518497, -7.574862, 0.0 ], [ 110.518303, -7.574194000999967, 0.0 ], [ 110.518168, -7.574046, 0.0 ], [ 110.518023, -7.573991, 0.0 ], [ 110.517879999000058, -7.574028, 0.0 ], [ 110.517408, -7.574255, 0.0 ], [ 110.517246, -7.574303, 0.0 ], [ 110.517038, -7.574276, 0.0 ], [ 110.516906, -7.574179, 0.0 ], [ 110.516748999000072, -7.573976, 0.0 ], [ 110.516607, -7.573685000999944, 0.0 ], [ 110.516465, -7.573338, 0.0 ], [ 110.516333, -7.573233, 0.0 ], [ 110.515895, -7.57304, 0.0 ], [ 110.515733999000076, -7.573016, 0.0 ], [ 110.515571, -7.573079, 0.0 ], [ 110.515494, -7.573178000999974, 0.0 ], [ 110.515424, -7.573398, 0.0 ], [ 110.515352, -7.573489000999928, 0.0 ], [ 110.515277, -7.57346, 0.0 ], [ 110.515187, -7.573352, 0.0 ], [ 110.514923, -7.573024000999965, 0.0 ], [ 110.514576, -7.572858, 0.0 ], [ 110.514138, -7.572625, 0.0 ], [ 110.513985, -7.572473, 0.0 ], [ 110.513698, -7.57219, 0.0 ], [ 110.513506, -7.571922, 0.0 ], [ 110.513315, -7.571555, 0.0 ], [ 110.513164, -7.571273, 0.0 ], [ 110.512759, -7.570741000999931, 0.0 ], [ 110.512638, -7.570717, 0.0 ], [ 110.512376, -7.570738, 0.0 ], [ 110.512192, -7.570725, 0.0 ], [ 110.512018, -7.570652, 0.0 ], [ 110.511712, -7.570448000999932, 0.0 ], [ 110.511483999000063, -7.57024, 0.0 ], [ 110.511029, -7.569771, 0.0 ], [ 110.510962, -7.569570000999931, 0.0 ], [ 110.510945, -7.569501, 0.0 ], [ 110.510911, -7.569384, 0.0 ], [ 110.510837, -7.569172, 0.0 ], [ 110.510778, -7.56893, 0.0 ], [ 110.510777, -7.568917, 0.0 ], [ 110.510725, -7.568513, 0.0 ], [ 110.510674, -7.567938, 0.0 ], [ 110.51062, -7.567836000999932, 0.0 ], [ 110.510479, -7.567684, 0.0 ], [ 110.510238, -7.567522000999929, 0.0 ], [ 110.509576, -7.567238, 0.0 ], [ 110.50911, -7.567078, 0.0 ], [ 110.508882, -7.566908, 0.0 ], [ 110.508777, -7.566747, 0.0 ], [ 110.508686, -7.566502, 0.0 ], [ 110.508683, -7.566426, 0.0 ], [ 110.508625, -7.566101000999936, 0.0 ], [ 110.508526, -7.56592600099998, 0.0 ], [ 110.508288, -7.565681, 0.0 ], [ 110.50804, -7.565419000999952, 0.0 ], [ 110.507718999000076, -7.565042, 0.0 ], [ 110.5072, -7.564483000999928, 0.0 ], [ 110.506851, -7.564221, 0.0 ], [ 110.506789, -7.564016, 0.0 ], [ 110.506759, -7.563573, 0.0 ], [ 110.506757, -7.563561, 0.0 ], [ 110.506698, -7.563390000999959, 0.0 ], [ 110.506567, -7.56319500099994, 0.0 ], [ 110.506462, -7.563062, 0.0 ], [ 110.506311, -7.562873, 0.0 ], [ 110.506152, -7.56269, 0.0 ], [ 110.506133, -7.562671, 0.0 ], [ 110.506249308000065, -7.56205502499995, 0.0 ], [ 110.506312, -7.561723, 0.0 ], [ 110.50649, -7.561389, 0.0 ], [ 110.506579, -7.561123, 0.0 ], [ 110.506619, -7.560897, 0.0 ], [ 110.506629, -7.56072, 0.0 ], [ 110.506609, -7.560562000999937, 0.0 ], [ 110.506521, -7.560336, 0.0 ], [ 110.506225, -7.560208, 0.0 ], [ 110.505811, -7.56004, 0.0 ], [ 110.505554, -7.559912, 0.0 ], [ 110.505268, -7.55972400099995, 0.0 ], [ 110.505061, -7.559468000999971, 0.0 ], [ 110.505052, -7.559163, 0.0 ], [ 110.505091364000066, -7.558917979999933, 0.0 ], [ 110.505221084000084, -7.558664848999967, 0.0 ], [ 110.505491391000078, -7.558225124999979, 0.0 ], [ 110.50566271200006, -7.557949107999946, 0.0 ], [ 110.505765505000056, -7.557697835999932, 0.0 ], [ 110.505837376000045, -7.557430907999958, 0.0 ], [ 110.505809464000038, -7.55742751799994, 0.0 ], [ 110.505644937000056, -7.557407539999929, 0.0 ], [ 110.505453320000072, -7.557461793999948, 0.0 ], [ 110.505295687000057, -7.557489790999966, 0.0 ], [ 110.505275005000044, -7.557491953999943, 0.0 ], [ 110.505191749000062, -7.557500664999964, 0.0 ], [ 110.505035812000074, -7.557448977999968, 0.0 ], [ 110.505004470000074, -7.557370630999969, 0.0 ], [ 110.504918437000072, -7.557276915999978, 0.0 ], [ 110.504697374000045, -7.557080040999949, 0.0 ], [ 110.505768277000072, -7.55539448899998, 0.0 ], [ 110.50597, -7.555470000999946, 0.0 ], [ 110.506052, -7.555483, 0.0 ], [ 110.506174, -7.55545400099993, 0.0 ], [ 110.506212, -7.555391, 0.0 ], [ 110.506246, -7.555376000999956, 0.0 ], [ 110.506341, -7.555106, 0.0 ], [ 110.506384, -7.554981, 0.0 ], [ 110.506398, -7.554946000999962, 0.0 ], [ 110.506497, -7.554859, 0.0 ], [ 110.506612, -7.554877, 0.0 ], [ 110.506662, -7.554908000999944, 0.0 ], [ 110.506728, -7.554964000999973, 0.0 ], [ 110.506754, -7.555163, 0.0 ], [ 110.506742, -7.555412000999979, 0.0 ], [ 110.506733, -7.555618, 0.0 ], [ 110.506859, -7.555878, 0.0 ], [ 110.506943, -7.556021, 0.0 ], [ 110.506993, -7.556089, 0.0 ], [ 110.507072, -7.556179, 0.0 ], [ 110.50715, -7.556257, 0.0 ], [ 110.507309999000086, -7.556363, 0.0 ], [ 110.507442, -7.556431, 0.0 ], [ 110.50762, -7.556487000999937, 0.0 ], [ 110.507855, -7.556517, 0.0 ], [ 110.508082, -7.556517, 0.0 ], [ 110.508804, -7.556385, 0.0 ], [ 110.509005999000067, -7.556326, 0.0 ], [ 110.509184, -7.556357, 0.0 ], [ 110.509298999000066, -7.556449, 0.0 ], [ 110.509307, -7.556555, 0.0 ], [ 110.50933, -7.556758000999935, 0.0 ], [ 110.509348, -7.556806, 0.0 ], [ 110.509479, -7.556843, 0.0 ], [ 110.509714, -7.556709, 0.0 ], [ 110.510075, -7.556512, 0.0 ], [ 110.510154, -7.556649, 0.0 ], [ 110.510251, -7.556824, 0.0 ], [ 110.510407, -7.556927, 0.0 ], [ 110.510578, -7.556959, 0.0 ], [ 110.511106, -7.556935000999943, 0.0 ], [ 110.511259, -7.556898, 0.0 ], [ 110.511429, -7.55698, 0.0 ], [ 110.511508, -7.557038, 0.0 ], [ 110.51157, -7.557176, 0.0 ], [ 110.511588, -7.557415, 0.0 ], [ 110.511632, -7.557635000999937, 0.0 ], [ 110.511751, -7.557762, 0.0 ], [ 110.511949, -7.557854, 0.0 ], [ 110.512544, -7.558104000999947, 0.0 ], [ 110.513008, -7.558409, 0.0 ], [ 110.513508, -7.558707000999959, 0.0 ], [ 110.513691, -7.55874, 0.0 ], [ 110.513836, -7.558696, 0.0 ], [ 110.513886, -7.558616, 0.0 ], [ 110.513869, -7.558464, 0.0 ], [ 110.513815, -7.557972, 0.0 ], [ 110.513855, -7.557888000999981, 0.0 ], [ 110.513981, -7.557818, 0.0 ], [ 110.514176, -7.557859, 0.0 ], [ 110.514354, -7.557974, 0.0 ], [ 110.514489, -7.558158, 0.0 ], [ 110.5146, -7.558439, 0.0 ], [ 110.514737, -7.558752, 0.0 ], [ 110.514896999000086, -7.558879, 0.0 ], [ 110.515178, -7.559000000999959, 0.0 ], [ 110.515520999000046, -7.559153, 0.0 ], [ 110.515623, -7.559328, 0.0 ], [ 110.515714, -7.559665000999928, 0.0 ], [ 110.515807, -7.560061, 0.0 ], [ 110.515926, -7.560168, 0.0 ], [ 110.516027999000073, -7.560177, 0.0 ], [ 110.516373, -7.560193000999959, 0.0 ], [ 110.516475999000079, -7.560295, 0.0 ], [ 110.516583, -7.560525, 0.0 ], [ 110.516848, -7.561523, 0.0 ], [ 110.516954, -7.561877, 0.0 ], [ 110.517101, -7.561859, 0.0 ], [ 110.517275999000049, -7.561876, 0.0 ], [ 110.51746, -7.561995, 0.0 ], [ 110.517611, -7.562027, 0.0 ], [ 110.518046, -7.562035, 0.0 ], [ 110.518246, -7.562134, 0.0 ], [ 110.51841, -7.5623, 0.0 ], [ 110.518521, -7.562508, 0.0 ], [ 110.518762, -7.562994, 0.0 ], [ 110.519027, -7.563251000999969, 0.0 ], [ 110.519189, -7.56333000099994, 0.0 ], [ 110.519471, -7.563382, 0.0 ], [ 110.519764, -7.563477, 0.0 ], [ 110.51991, -7.563611, 0.0 ], [ 110.519982, -7.563779000999943, 0.0 ], [ 110.520041, -7.564096, 0.0 ], [ 110.520042, -7.56437, 0.0 ], [ 110.52002, -7.565144000999965, 0.0 ], [ 110.520181999000044, -7.565186, 0.0 ], [ 110.520307, -7.565144000999965, 0.0 ], [ 110.520429, -7.565019, 0.0 ], [ 110.520687, -7.564748, 0.0 ], [ 110.520872, -7.564638000999935, 0.0 ], [ 110.520984, -7.56467, 0.0 ], [ 110.521179, -7.564825, 0.0 ], [ 110.521678, -7.565228, 0.0 ], [ 110.521752, -7.565131, 0.0 ], [ 110.521835, -7.564918, 0.0 ], [ 110.52197, -7.564641, 0.0 ], [ 110.522072999000045, -7.564572, 0.0 ], [ 110.522194, -7.564584, 0.0 ], [ 110.523044, -7.564846, 0.0 ], [ 110.523532, -7.565284, 0.0 ], [ 110.523996, -7.565475000999982, 0.0 ], [ 110.524429, -7.565706, 0.0 ], [ 110.524893, -7.566043000999969, 0.0 ], [ 110.525134999000045, -7.566322, 0.0 ], [ 110.525239, -7.566549000999942, 0.0 ], [ 110.525237, -7.566724000999955, 0.0 ], [ 110.525189, -7.567273, 0.0 ], [ 110.525193132000084, -7.567311286999939, 0.0 ], [ 110.525198, -7.567357, 0.0 ], [ 110.52528, -7.567527, 0.0 ], [ 110.525947, -7.56871500099993, 0.0 ], [ 110.526044, -7.568799, 0.0 ], [ 110.52614, -7.5688, 0.0 ], [ 110.52627, -7.568723, 0.0 ], [ 110.52666, -7.568509, 0.0 ], [ 110.526938, -7.56858, 0.0 ], [ 110.527113, -7.568693000999929, 0.0 ], [ 110.527247, -7.568847, 0.0 ], [ 110.527268, -7.568965000999981, 0.0 ], [ 110.527209, -7.569143000999929, 0.0 ], [ 110.527061, -7.569299000999933, 0.0 ], [ 110.526863, -7.569412, 0.0 ], [ 110.526179, -7.569748000999937, 0.0 ], [ 110.526158, -7.569819, 0.0 ], [ 110.526243, -7.569883000999937, 0.0 ], [ 110.526505, -7.569986, 0.0 ], [ 110.526687, -7.569991, 0.0 ], [ 110.526971, -7.569915, 0.0 ], [ 110.527295, -7.569841, 0.0 ], [ 110.527458, -7.569878, 0.0 ], [ 110.527566, -7.569963000999962, 0.0 ], [ 110.527601, -7.570074, 0.0 ], [ 110.52755, -7.570194000999948, 0.0 ], [ 110.527331, -7.570504, 0.0 ], [ 110.527101, -7.570731, 0.0 ], [ 110.526943, -7.570897000999935, 0.0 ], [ 110.527005999000039, -7.570974000999968, 0.0 ], [ 110.527098, -7.57098, 0.0 ], [ 110.527509, -7.570945, 0.0 ], [ 110.527618, -7.571055000999934, 0.0 ], [ 110.527679, -7.571213, 0.0 ], [ 110.527671, -7.57139, 0.0 ], [ 110.527688999000077, -7.571617000999936, 0.0 ], [ 110.527767999000048, -7.571698000999959, 0.0 ], [ 110.52809, -7.571927, 0.0 ] ] ] ] } },
{ "type": "Feature", "properties": { "NAMOBJ": "Mriyan", "FCODE": "BA03070040", "REMARK": "Wilayah Administrasi Kelurahan/Desa", "METADATA": "TASWIL1000020221227_DATA_BATAS_DESAKELURAHAN", "SRS_ID": "SRGI 2013", "KDBBPS": null, "KDCBPS": null, "KDCPUM": "33.09.21", "KDEBPS": null, "KDEPUM": "33.09.21.2007", "KDPBPS": null, "KDPKAB": "33.09", "KDPPUM": "33", "LUASWH": 0.0, "TIPADM": 1, "WADMKC": "Tamansari", "WADMKD": "Mriyan", "WADMKK": "Boyolali", "WADMPR": "Jawa Tengah", "WIADKC": null, "WIADKK": null, "WIADPR": null, "WIADKD": null, "UUPP": "Hasil Delineasi Batas Desa 2017", "luas": 6.4532313320661263, "SHAPE_Leng": 0.12833021966489699, "SHAPE_Area": 0.00052872902691299996 }, "geometry": { "type": "MultiPolygon", "coordinates": [ [ [ [ 110.509355677000087, -7.550519645999941, 0.0 ], [ 110.509100841000077, -7.551180642999952, 0.0 ], [ 110.508556138000074, -7.552452778999964, 0.0 ], [ 110.508507180000038, -7.552567118999946, 0.0 ], [ 110.508256133000089, -7.552590471999963, 0.0 ], [ 110.507964649000087, -7.552483396999946, 0.0 ], [ 110.50772670300006, -7.552281142999959, 0.0 ], [ 110.507601781000062, -7.552174066999953, 0.0 ], [ 110.507331213000043, -7.551958445999958, 0.0 ], [ 110.506917187000056, -7.551772846999938, 0.0 ], [ 110.50684152000008, -7.551952734999929, 0.0 ], [ 110.506709104000038, -7.552236179999966, 0.0 ], [ 110.506613, -7.552502, 0.0 ], [ 110.506466, -7.552886, 0.0 ], [ 110.506431999000085, -7.552998, 0.0 ], [ 110.506385, -7.553096, 0.0 ], [ 110.506182, -7.553586, 0.0 ], [ 110.506096, -7.553808, 0.0 ], [ 110.506059, -7.553928, 0.0 ], [ 110.50599, -7.554154, 0.0 ], [ 110.505958, -7.554301000999942, 0.0 ], [ 110.505852, -7.554467, 0.0 ], [ 110.505835, -7.554486, 0.0 ], [ 110.505823, -7.55455, 0.0 ], [ 110.505851, -7.554647, 0.0 ], [ 110.505891, -7.554683, 0.0 ], [ 110.505858, -7.554715, 0.0 ], [ 110.505843, -7.554775, 0.0 ], [ 110.505922, -7.554855, 0.0 ], [ 110.50593, -7.554893, 0.0 ], [ 110.505915, -7.554913, 0.0 ], [ 110.505827999000076, -7.554993, 0.0 ], [ 110.505675, -7.55504100099995, 0.0 ], [ 110.505559, -7.555036, 0.0 ], [ 110.505486, -7.554996, 0.0 ], [ 110.505435, -7.55494700099996, 0.0 ], [ 110.505335, -7.554896, 0.0 ], [ 110.505305, -7.554847000999928, 0.0 ], [ 110.505304, -7.554831, 0.0 ], [ 110.505300999000042, -7.554801, 0.0 ], [ 110.505297, -7.554765, 0.0 ], [ 110.505192, -7.554827000999978, 0.0 ], [ 110.505137, -7.554844, 0.0 ], [ 110.505113, -7.554881, 0.0 ], [ 110.505085, -7.554985000999977, 0.0 ], [ 110.505109, -7.555137, 0.0 ], [ 110.505188, -7.555232, 0.0 ], [ 110.505327, -7.555308, 0.0 ], [ 110.505411, -7.555317000999935, 0.0 ], [ 110.505485, -7.555328, 0.0 ], [ 110.505642, -7.555367, 0.0 ], [ 110.505768277000072, -7.55539448899998, 0.0 ], [ 110.504697374000045, -7.557080040999949, 0.0 ], [ 110.504918437000072, -7.557276915999978, 0.0 ], [ 110.505004470000074, -7.557370630999969, 0.0 ], [ 110.505035812000074, -7.557448977999968, 0.0 ], [ 110.505191749000062, -7.557500664999964, 0.0 ], [ 110.505275005000044, -7.557491953999943, 0.0 ], [ 110.505295687000057, -7.557489790999966, 0.0 ], [ 110.505453320000072, -7.557461793999948, 0.0 ], [ 110.505644937000056, -7.557407539999929, 0.0 ], [ 110.505809464000038, -7.55742751799994, 0.0 ], [ 110.505837376000045, -7.557430907999958, 0.0 ], [ 110.505765505000056, -7.557697835999932, 0.0 ], [ 110.50566271200006, -7.557949107999946, 0.0 ], [ 110.505491391000078, -7.558225124999979, 0.0 ], [ 110.505221084000084, -7.558664848999967, 0.0 ], [ 110.505091364000066, -7.558917979999933, 0.0 ], [ 110.505052, -7.559163, 0.0 ], [ 110.505061, -7.559468000999971, 0.0 ], [ 110.505268, -7.55972400099995, 0.0 ], [ 110.505554, -7.559912, 0.0 ], [ 110.505811, -7.56004, 0.0 ], [ 110.506225, -7.560208, 0.0 ], [ 110.506521, -7.560336, 0.0 ], [ 110.506609, -7.560562000999937, 0.0 ], [ 110.506629, -7.56072, 0.0 ], [ 110.506619, -7.560897, 0.0 ], [ 110.506579, -7.561123, 0.0 ], [ 110.50649, -7.561389, 0.0 ], [ 110.506312, -7.561723, 0.0 ], [ 110.506249308000065, -7.56205502499995, 0.0 ], [ 110.506133, -7.562671, 0.0 ], [ 110.506152, -7.56269, 0.0 ], [ 110.506311, -7.562873, 0.0 ], [ 110.506462, -7.563062, 0.0 ], [ 110.506567, -7.56319500099994, 0.0 ], [ 110.506698, -7.563390000999959, 0.0 ], [ 110.506757, -7.563561, 0.0 ], [ 110.506759, -7.563573, 0.0 ], [ 110.506789, -7.564016, 0.0 ], [ 110.506851, -7.564221, 0.0 ], [ 110.506331433000071, -7.564632914999947, 0.0 ], [ 110.506028052000033, -7.565067166999938, 0.0 ], [ 110.505840915000078, -7.565369136999948, 0.0 ], [ 110.505824374000042, -7.56527435199996, 0.0 ], [ 110.505807061000041, -7.565117789999931, 0.0 ], [ 110.505785187000072, -7.565041664999967, 0.0 ], [ 110.505735374000039, -7.564981289999935, 0.0 ], [ 110.505614624000088, -7.564922164999928, 0.0 ], [ 110.505569937000075, -7.564906914999938, 0.0 ], [ 110.505498249000084, -7.564888289999942, 0.0 ], [ 110.505415062000054, -7.564875601999972, 0.0 ], [ 110.505304187000036, -7.564858602999948, 0.0 ], [ 110.505224874000078, -7.564850914999965, 0.0 ], [ 110.505088374000081, -7.564841165999951, 0.0 ], [ 110.504995124000061, -7.564809726999954, 0.0 ], [ 110.50483481200007, -7.564708414999927, 0.0 ], [ 110.504747874000088, -7.564632289999963, 0.0 ], [ 110.504470024000057, -7.564314539999941, 0.0 ], [ 110.504449, -7.564289, 0.0 ], [ 110.504422, -7.564258, 0.0 ], [ 110.504296, -7.564050000999941, 0.0 ], [ 110.504213, -7.56392, 0.0 ], [ 110.504087, -7.563874, 0.0 ], [ 110.504045, -7.563858000999971, 0.0 ], [ 110.503791, -7.564022, 0.0 ], [ 110.50365, -7.564106, 0.0 ], [ 110.503627, -7.564115, 0.0 ], [ 110.503486, -7.564092000999949, 0.0 ], [ 110.503327, -7.563962, 0.0 ], [ 110.50317, -7.563706, 0.0 ], [ 110.503125, -7.563665, 0.0 ], [ 110.503077, -7.563601, 0.0 ], [ 110.503077999000084, -7.563581, 0.0 ], [ 110.503115, -7.563541, 0.0 ], [ 110.503145, -7.563507000999948, 0.0 ], [ 110.503174, -7.563454, 0.0 ], [ 110.503174999000066, -7.563376, 0.0 ], [ 110.50313, -7.563324, 0.0 ], [ 110.503076, -7.563261, 0.0 ], [ 110.503042, -7.563222, 0.0 ], [ 110.502940999000089, -7.563104, 0.0 ], [ 110.502856, -7.562981000999969, 0.0 ], [ 110.502715, -7.562769, 0.0 ], [ 110.502586, -7.562501, 0.0 ], [ 110.502551999000048, -7.562431, 0.0 ], [ 110.502461, -7.562343, 0.0 ], [ 110.502284, -7.562331, 0.0 ], [ 110.502227, -7.562327, 0.0 ], [ 110.502116, -7.562306, 0.0 ], [ 110.501997, -7.56215, 0.0 ], [ 110.501944, -7.562085, 0.0 ], [ 110.501648, -7.56203, 0.0 ], [ 110.501556999000059, -7.562014, 0.0 ], [ 110.501458999000079, -7.561903, 0.0 ], [ 110.501392, -7.561854, 0.0 ], [ 110.501369, -7.561846, 0.0 ], [ 110.501331, -7.561835, 0.0 ], [ 110.501108999000053, -7.561782, 0.0 ], [ 110.500968, -7.56172, 0.0 ], [ 110.500905, -7.561649, 0.0 ], [ 110.500886, -7.561608, 0.0 ], [ 110.500695, -7.561218, 0.0 ], [ 110.500681, -7.561191, 0.0 ], [ 110.500679999000056, -7.561189, 0.0 ], [ 110.500595, -7.561042, 0.0 ], [ 110.50046, -7.560877, 0.0 ], [ 110.500311, -7.560674, 0.0 ], [ 110.500217, -7.560549, 0.0 ], [ 110.500166, -7.560489, 0.0 ], [ 110.500092, -7.560445000999948, 0.0 ], [ 110.5, -7.560443000999953, 0.0 ], [ 110.5, -7.560448, 0.0 ], [ 110.499904, -7.560451, 0.0 ], [ 110.499739, -7.560511, 0.0 ], [ 110.499619, -7.560547, 0.0 ], [ 110.499503, -7.560560000999942, 0.0 ], [ 110.499413, -7.560456, 0.0 ], [ 110.499351, -7.560283, 0.0 ], [ 110.499191, -7.559995000999947, 0.0 ], [ 110.499084, -7.559867, 0.0 ], [ 110.499004, -7.559881000999951, 0.0 ], [ 110.498791, -7.559912, 0.0 ], [ 110.498653, -7.559948, 0.0 ], [ 110.498467, -7.559963, 0.0 ], [ 110.498308, -7.560017000999949, 0.0 ], [ 110.4982, -7.560056000999964, 0.0 ], [ 110.49807, -7.560054000999969, 0.0 ], [ 110.497918, -7.560028, 0.0 ], [ 110.497816, -7.56001, 0.0 ], [ 110.497633, -7.559801000999926, 0.0 ], [ 110.4969, -7.559521, 0.0 ], [ 110.496648, -7.55952900099993, 0.0 ], [ 110.49642, -7.559535, 0.0 ], [ 110.496264, -7.559496, 0.0 ], [ 110.496168, -7.559409000999949, 0.0 ], [ 110.496079, -7.559347, 0.0 ], [ 110.495959, -7.559378, 0.0 ], [ 110.495861999000056, -7.559399, 0.0 ], [ 110.495775, -7.559432000999948, 0.0 ], [ 110.495643, -7.559490000999972, 0.0 ], [ 110.495559, -7.559484, 0.0 ], [ 110.495323, -7.559397, 0.0 ], [ 110.495155, -7.559163, 0.0 ], [ 110.495048, -7.559115, 0.0 ], [ 110.49467, -7.558993, 0.0 ], [ 110.494268, -7.558825000999946, 0.0 ], [ 110.494081, -7.558804000999942, 0.0 ], [ 110.493981, -7.558771, 0.0 ], [ 110.493765, -7.558623, 0.0 ], [ 110.493665, -7.55859000099997, 0.0 ], [ 110.493567, -7.558546, 0.0 ], [ 110.49305399900004, -7.558524, 0.0 ], [ 110.49283, -7.558525, 0.0 ], [ 110.492759, -7.558489, 0.0 ], [ 110.49255, -7.558312, 0.0 ], [ 110.492485, -7.558321, 0.0 ], [ 110.492457, -7.558337000999927, 0.0 ], [ 110.492312, -7.558437000999959, 0.0 ], [ 110.492219, -7.558473000999925, 0.0 ], [ 110.492164391000074, -7.558482184999946, 0.0 ], [ 110.491999, -7.55851, 0.0 ], [ 110.491737, -7.558428, 0.0 ], [ 110.491571, -7.558466, 0.0 ], [ 110.491323, -7.558566, 0.0 ], [ 110.491092, -7.558558, 0.0 ], [ 110.490943, -7.558458, 0.0 ], [ 110.490729, -7.558325, 0.0 ], [ 110.490518, -7.558248, 0.0 ], [ 110.490264999000033, -7.558149, 0.0 ], [ 110.489779, -7.557934, 0.0 ], [ 110.489685, -7.55785100099996, 0.0 ], [ 110.489519, -7.557728, 0.0 ], [ 110.489357, -7.557714000999965, 0.0 ], [ 110.489211999000077, -7.557666, 0.0 ], [ 110.489042, -7.557533, 0.0 ], [ 110.488852, -7.557407, 0.0 ], [ 110.488817, -7.557395, 0.0 ], [ 110.48844, -7.55732, 0.0 ], [ 110.488423, -7.557315, 0.0 ], [ 110.488326, -7.557284000999971, 0.0 ], [ 110.488044, -7.557187000999932, 0.0 ], [ 110.487688, -7.557194, 0.0 ], [ 110.487481, -7.557178, 0.0 ], [ 110.487403, -7.557118, 0.0 ], [ 110.487343, -7.557011000999978, 0.0 ], [ 110.487225, -7.556788, 0.0 ], [ 110.487156, -7.556736, 0.0 ], [ 110.486992, -7.556683, 0.0 ], [ 110.4868, -7.55661, 0.0 ], [ 110.486699, -7.556507000999943, 0.0 ], [ 110.486574, -7.556397, 0.0 ], [ 110.486484, -7.556377, 0.0 ], [ 110.486411, -7.556443, 0.0 ], [ 110.486027, -7.556542000999968, 0.0 ], [ 110.485789, -7.556522, 0.0 ], [ 110.485628, -7.556441, 0.0 ], [ 110.485446, -7.556349000999944, 0.0 ], [ 110.485296, -7.556310000999929, 0.0 ], [ 110.484969, -7.556191000999945, 0.0 ], [ 110.484714, -7.556161, 0.0 ], [ 110.484359, -7.556025, 0.0 ], [ 110.484183, -7.55591, 0.0 ], [ 110.484074, -7.555773, 0.0 ], [ 110.484071, -7.555767, 0.0 ], [ 110.483992, -7.555624, 0.0 ], [ 110.4839, -7.555475, 0.0 ], [ 110.483788, -7.555322, 0.0 ], [ 110.483753, -7.555242, 0.0 ], [ 110.483653999000069, -7.555276000999982, 0.0 ], [ 110.483358, -7.555244, 0.0 ], [ 110.483215, -7.555219000999955, 0.0 ], [ 110.48298, -7.555155, 0.0 ], [ 110.482815, -7.555114, 0.0 ], [ 110.482703, -7.555076, 0.0 ], [ 110.482546, -7.554995, 0.0 ], [ 110.482536, -7.55499, 0.0 ], [ 110.482385, -7.554908000999944, 0.0 ], [ 110.482263, -7.554876, 0.0 ], [ 110.482141, -7.554823, 0.0 ], [ 110.481962, -7.554697, 0.0 ], [ 110.481797, -7.554584, 0.0 ], [ 110.481638, -7.554439000999935, 0.0 ], [ 110.481586, -7.554388, 0.0 ], [ 110.481479, -7.554272, 0.0 ], [ 110.481363, -7.554193, 0.0 ], [ 110.481323, -7.554154, 0.0 ], [ 110.480933581000045, -7.554423227999962, 0.0 ], [ 110.480650624000077, -7.554618851999976, 0.0 ], [ 110.480540687000087, -7.554619352999964, 0.0 ], [ 110.48025612400005, -7.554635664999978, 0.0 ], [ 110.480124749000083, -7.554618414999936, 0.0 ], [ 110.479953374000047, -7.554598789999943, 0.0 ], [ 110.479844062000041, -7.554609101999972, 0.0 ], [ 110.479829312000049, -7.554610539999942, 0.0 ], [ 110.479781062000086, -7.554607851999947, 0.0 ], [ 110.479662187000088, -7.554571351999925, 0.0 ], [ 110.479613999000037, -7.55455272699993, 0.0 ], [ 110.47947324900008, -7.55448047699997, 0.0 ], [ 110.479331187000071, -7.554492039999957, 0.0 ], [ 110.479260937000049, -7.554502039999932, 0.0 ], [ 110.479126749000045, -7.554521101999967, 0.0 ], [ 110.479110374000072, -7.554521164999926, 0.0 ], [ 110.478917999000089, -7.554515226999968, 0.0 ], [ 110.478798061000077, -7.554456226999946, 0.0 ], [ 110.478685812000037, -7.554372851999972, 0.0 ], [ 110.478448499000081, -7.55432297699997, 0.0 ], [ 110.478312374000041, -7.554306789999941, 0.0 ], [ 110.478299124000046, -7.554301976999966, 0.0 ], [ 110.477994437000063, -7.554191852999963, 0.0 ], [ 110.477931312000067, -7.554172415999972, 0.0 ], [ 110.477811187000043, -7.554171039999972, 0.0 ], [ 110.477678937000064, -7.554189539999925, 0.0 ], [ 110.477662687000077, -7.554190852999966, 0.0 ], [ 110.477505937000046, -7.554176539999958, 0.0 ], [ 110.477298124000072, -7.554134415999954, 0.0 ], [ 110.477171812000051, -7.554114540999933, 0.0 ], [ 110.477154874000064, -7.554111226999964, 0.0 ], [ 110.477076749000048, -7.554086914999971, 0.0 ], [ 110.476136671000063, -7.553723352999953, 0.0 ], [ 110.474938343000076, -7.55367305599998, 0.0 ], [ 110.474936999000079, -7.553673, 0.0 ], [ 110.474936665000087, -7.553673198999945, 0.0 ], [ 110.47489175700008, -7.553616357999942, 0.0 ], [ 110.474764457000049, -7.553494815999954, 0.0 ], [ 110.474721586000044, -7.553460771999937, 0.0 ], [ 110.474704898000084, -7.553431381999928, 0.0 ], [ 110.474696290000054, -7.553375551999977, 0.0 ], [ 110.474685485000066, -7.55329332599996, 0.0 ], [ 110.474668406000035, -7.553189789999976, 0.0 ], [ 110.474653640000042, -7.553129240999965, 0.0 ], [ 110.474572798000054, -7.552953481999964, 0.0 ], [ 110.474510850000058, -7.552826744999948, 0.0 ], [ 110.474475842000061, -7.552744144999963, 0.0 ], [ 110.474449242000048, -7.552681383999925, 0.0 ], [ 110.47438924000005, -7.552527558999941, 0.0 ], [ 110.474383189000037, -7.552510764999965, 0.0 ], [ 110.474380711000038, -7.552503885999954, 0.0 ], [ 110.474380698000061, -7.552503851999973, 0.0 ], [ 110.474342243000081, -7.552405746999966, 0.0 ], [ 110.474311536000073, -7.552327408999929, 0.0 ], [ 110.47426108500008, -7.552261301999977, 0.0 ], [ 110.474226500000043, -7.552215984999975, 0.0 ], [ 110.474218793000034, -7.552209387999937, 0.0 ], [ 110.474215410000056, -7.552206492999971, 0.0 ], [ 110.474207113000034, -7.552199390999931, 0.0 ], [ 110.474183873000072, -7.552186065999933, 0.0 ], [ 110.474130012000046, -7.552155182999968, 0.0 ], [ 110.474057879000043, -7.552113822999956, 0.0 ], [ 110.473927871000058, -7.552075419999937, 0.0 ], [ 110.473899625000058, -7.552067075999958, 0.0 ], [ 110.473848515000043, -7.552068325999926, 0.0 ], [ 110.473831024000049, -7.552068753999947, 0.0 ], [ 110.473827370000038, -7.552068842999972, 0.0 ], [ 110.473782997000058, -7.552085667999961, 0.0 ], [ 110.473744020000083, -7.55210044699993, 0.0 ], [ 110.473694229000046, -7.552122284999939, 0.0 ], [ 110.473615178000045, -7.552122388999976, 0.0 ], [ 110.473575678000088, -7.552114458999938, 0.0 ], [ 110.473536762000037, -7.55210664599997, 0.0 ], [ 110.473474011000064, -7.552104923999934, 0.0 ], [ 110.473449220000077, -7.552104242999974, 0.0 ], [ 110.473427515000083, -7.552101346999962, 0.0 ], [ 110.47341358400007, -7.552099487999953, 0.0 ], [ 110.473342191000086, -7.552070938999975, 0.0 ], [ 110.473335105000046, -7.552068104999933, 0.0 ], [ 110.47332199300007, -7.552058540999951, 0.0 ], [ 110.473231037000062, -7.551992196999947, 0.0 ], [ 110.473192115000074, -7.551966849999928, 0.0 ], [ 110.473145346000081, -7.551936392999949, 0.0 ], [ 110.47307799500004, -7.551887996999938, 0.0 ], [ 110.473034131000077, -7.551856477999934, 0.0 ], [ 110.472866386000078, -7.551712191999968, 0.0 ], [ 110.472679946000085, -7.55154344999994, 0.0 ], [ 110.472641770000052, -7.551508897999952, 0.0 ], [ 110.472429076000083, -7.551318859999981, 0.0 ], [ 110.472216402000072, -7.551134619999971, 0.0 ], [ 110.472163443000056, -7.551089521999927, 0.0 ], [ 110.472160244000065, -7.551086797999972, 0.0 ], [ 110.472104119000051, -7.551039001999925, 0.0 ], [ 110.472027858000047, -7.550984211999946, 0.0 ], [ 110.471927271000084, -7.550911944999939, 0.0 ], [ 110.47188019400005, -7.550882787999967, 0.0 ], [ 110.471877971000083, -7.550881410999978, 0.0 ], [ 110.471864460000063, -7.55087479599996, 0.0 ], [ 110.471682566000084, -7.550785736999956, 0.0 ], [ 110.471483793000061, -7.550695386999962, 0.0 ], [ 110.471308842000042, -7.550626484999952, 0.0 ], [ 110.471242119000067, -7.550604030999978, 0.0 ], [ 110.471157700000049, -7.55057562099995, 0.0 ], [ 110.471012026000039, -7.550537426999938, 0.0 ], [ 110.470991647000062, -7.550531874999933, 0.0 ], [ 110.470845914000051, -7.550475264999932, 0.0 ], [ 110.470832532000088, -7.550467313999945, 0.0 ], [ 110.470826539000086, -7.550463753999964, 0.0 ], [ 110.470698991000063, -7.550368866999975, 0.0 ], [ 110.470631190000063, -7.550317856999925, 0.0 ], [ 110.470578580000051, -7.550278275999972, 0.0 ], [ 110.47053218800005, -7.550253491999968, 0.0 ], [ 110.470484770000041, -7.550228159999961, 0.0 ], [ 110.470445966000057, -7.550210299999947, 0.0 ], [ 110.470378757000049, -7.550179366999942, 0.0 ], [ 110.470364481000047, -7.55017129099997, 0.0 ], [ 110.470259416000033, -7.550103539999952, 0.0 ], [ 110.470196619000035, -7.550051244999963, 0.0 ], [ 110.470134888000075, -7.549999837999962, 0.0 ], [ 110.470112768000035, -7.549979802999928, 0.0 ], [ 110.470086192000053, -7.549953063999965, 0.0 ], [ 110.469985551000036, -7.549851800999932, 0.0 ], [ 110.46983808300007, -7.549686760999975, 0.0 ], [ 110.469809421000036, -7.549650300999929, 0.0 ], [ 110.469732644000032, -7.549531730999945, 0.0 ], [ 110.469724951000046, -7.54951449999993, 0.0 ], [ 110.469698632000075, -7.549423737999973, 0.0 ], [ 110.469689938000045, -7.549393755999972, 0.0 ], [ 110.469674466000072, -7.549265844999979, 0.0 ], [ 110.469665511000073, -7.549197345999971, 0.0 ], [ 110.469656550000082, -7.549128794999945, 0.0 ], [ 110.469646177000072, -7.548982581999951, 0.0 ], [ 110.469645767000088, -7.548865786999954, 0.0 ], [ 110.469641422000052, -7.548803245999977, 0.0 ], [ 110.469638596000038, -7.548762561999979, 0.0 ], [ 110.469635443000072, -7.548753765999948, 0.0 ], [ 110.469599965000043, -7.548716635999938, 0.0 ], [ 110.469552193000084, -7.548666638999975, 0.0 ], [ 110.469523635000087, -7.548648016999948, 0.0 ], [ 110.469446194000056, -7.548608484999932, 0.0 ], [ 110.469359481000083, -7.548564219999946, 0.0 ], [ 110.469242656000063, -7.548529587999951, 0.0 ], [ 110.469150381000077, -7.548519659999954, 0.0 ], [ 110.469053289000044, -7.548509213999978, 0.0 ], [ 110.469039906000035, -7.548508144999971, 0.0 ], [ 110.469039032000069, -7.548508074999972, 0.0 ], [ 110.468920943000057, -7.548499482999944, 0.0 ], [ 110.468896524000058, -7.548492775999932, 0.0 ], [ 110.468787496000061, -7.548462831999927, 0.0 ], [ 110.468642766000073, -7.548402332999956, 0.0 ], [ 110.468608119000066, -7.548389852999946, 0.0 ], [ 110.468469422000055, -7.548309894999932, 0.0 ], [ 110.46846769800004, -7.548308704999954, 0.0 ], [ 110.468413530000078, -7.548271322999938, 0.0 ], [ 110.46835924700008, -7.548233861999961, 0.0 ], [ 110.468228812000063, -7.548187661999975, 0.0 ], [ 110.468213527000046, -7.548181998999951, 0.0 ], [ 110.468158214000084, -7.548141742999974, 0.0 ], [ 110.468074766000086, -7.548081010999965, 0.0 ], [ 110.468035857000075, -7.548034562999931, 0.0 ], [ 110.467943516000048, -7.547924328999954, 0.0 ], [ 110.467941469000039, -7.547921884999937, 0.0 ], [ 110.467941347000078, -7.547921659999929, 0.0 ], [ 110.467940210000052, -7.547919553999975, 0.0 ], [ 110.467885090000038, -7.547817468999938, 0.0 ], [ 110.467799724000088, -7.547704017999934, 0.0 ], [ 110.467756861000055, -7.547642546999953, 0.0 ], [ 110.467752106000034, -7.547639520999951, 0.0 ], [ 110.467740276000086, -7.547589603999938, 0.0 ], [ 110.467734637000035, -7.547565809999981, 0.0 ], [ 110.467713245000084, -7.54747554599993, 0.0 ], [ 110.467573359000085, -7.546885283999927, 0.0 ], [ 110.467528898000069, -7.546697673999972, 0.0 ], [ 110.467543, -7.546534, 0.0 ], [ 110.467649107000057, -7.546451439999942, 0.0 ], [ 110.467658458000074, -7.546444163999979, 0.0 ], [ 110.46795843700005, -7.546210754999947, 0.0 ], [ 110.468004944000086, -7.546174567999969, 0.0 ], [ 110.468246352000051, -7.54598673199996, 0.0 ], [ 110.468975656000055, -7.545419272999936, 0.0 ], [ 110.470161818000065, -7.544496337999931, 0.0 ], [ 110.470321767000087, -7.544371883999929, 0.0 ], [ 110.470801, -7.543999, 0.0 ], [ 110.470802999000057, -7.543988, 0.0 ], [ 110.47081, -7.543961, 0.0 ], [ 110.470815, -7.54394500099994, 0.0 ], [ 110.470848, -7.54389, 0.0 ], [ 110.470883, -7.543831000999944, 0.0 ], [ 110.470893, -7.54381000099994, 0.0 ], [ 110.470918, -7.543755, 0.0 ], [ 110.470939999000052, -7.5437, 0.0 ], [ 110.470963, -7.543649, 0.0 ], [ 110.47099, -7.543593000999977, 0.0 ], [ 110.471027, -7.543521, 0.0 ], [ 110.471058, -7.543463, 0.0 ], [ 110.471094999000059, -7.543388, 0.0 ], [ 110.471148, -7.543309, 0.0 ], [ 110.471171, -7.543274, 0.0 ], [ 110.471202, -7.54323, 0.0 ], [ 110.471238, -7.543171, 0.0 ], [ 110.471257, -7.543103, 0.0 ], [ 110.471266, -7.543068000999938, 0.0 ], [ 110.471289999000078, -7.542992000999959, 0.0 ], [ 110.471338, -7.542906, 0.0 ], [ 110.471346, -7.542896, 0.0 ], [ 110.47141, -7.542807, 0.0 ], [ 110.471448, -7.542719000999966, 0.0 ], [ 110.471453, -7.542703, 0.0 ], [ 110.471473, -7.542644, 0.0 ], [ 110.471493, -7.542584, 0.0 ], [ 110.471526, -7.542495, 0.0 ], [ 110.471535, -7.542391, 0.0 ], [ 110.471532, -7.542351, 0.0 ], [ 110.471528, -7.542251000999954, 0.0 ], [ 110.471524999000053, -7.54218900099994, 0.0 ], [ 110.471517, -7.54216, 0.0 ], [ 110.471504, -7.542131000999973, 0.0 ], [ 110.471513, -7.54209500099995, 0.0 ], [ 110.471524999000053, -7.542072000999951, 0.0 ], [ 110.471537, -7.542007, 0.0 ], [ 110.471539, -7.541962, 0.0 ], [ 110.471539, -7.541929, 0.0 ], [ 110.47154, -7.541925, 0.0 ], [ 110.47154, -7.541913, 0.0 ], [ 110.471543, -7.54189, 0.0 ], [ 110.471547, -7.541871, 0.0 ], [ 110.471566, -7.541851, 0.0 ], [ 110.471581, -7.541844, 0.0 ], [ 110.471664, -7.541778, 0.0 ], [ 110.471699999000066, -7.54168600099996, 0.0 ], [ 110.471703, -7.541676, 0.0 ], [ 110.471733, -7.541492, 0.0 ], [ 110.471762, -7.541291, 0.0 ], [ 110.471786, -7.541247, 0.0 ], [ 110.471917, -7.541162, 0.0 ], [ 110.472028, -7.541074, 0.0 ], [ 110.472039, -7.541061000999946, 0.0 ], [ 110.472155, -7.540965, 0.0 ], [ 110.472265999000058, -7.540899, 0.0 ], [ 110.472363999000038, -7.540856, 0.0 ], [ 110.472446, -7.54083, 0.0 ], [ 110.47254, -7.540815, 0.0 ], [ 110.472699, -7.54077, 0.0 ], [ 110.472835, -7.540678, 0.0 ], [ 110.472996, -7.540479, 0.0 ], [ 110.473036, -7.540487, 0.0 ], [ 110.473526, -7.540486, 0.0 ], [ 110.473591999000064, -7.540445, 0.0 ], [ 110.473683, -7.540364, 0.0 ], [ 110.473718, -7.54035, 0.0 ], [ 110.473836, -7.540320000999941, 0.0 ], [ 110.473964, -7.540238, 0.0 ], [ 110.47411, -7.540178, 0.0 ], [ 110.474324, -7.540178, 0.0 ], [ 110.474616, -7.540162000999942, 0.0 ], [ 110.474812, -7.540116, 0.0 ], [ 110.475145, -7.540075, 0.0 ], [ 110.475427, -7.540045000999953, 0.0 ], [ 110.475613, -7.540074, 0.0 ], [ 110.475711, -7.540094, 0.0 ], [ 110.476009999000041, -7.540064000999962, 0.0 ], [ 110.47615, -7.540053, 0.0 ], [ 110.47645, -7.540051, 0.0 ], [ 110.476616, -7.540105000999972, 0.0 ], [ 110.476793, -7.540162000999942, 0.0 ], [ 110.477156, -7.540158, 0.0 ], [ 110.477348, -7.540189, 0.0 ], [ 110.477696, -7.540336000999957, 0.0 ], [ 110.477888, -7.540312, 0.0 ], [ 110.478022, -7.540392, 0.0 ], [ 110.478181, -7.540345, 0.0 ], [ 110.478612, -7.540357000999961, 0.0 ], [ 110.479075, -7.540272, 0.0 ], [ 110.479226999000048, -7.540223000999958, 0.0 ], [ 110.479389, -7.540166, 0.0 ], [ 110.479424, -7.540174, 0.0 ], [ 110.479577, -7.540238, 0.0 ], [ 110.479844, -7.540389, 0.0 ], [ 110.479884, -7.540403, 0.0 ], [ 110.480104, -7.540451, 0.0 ], [ 110.480471, -7.540459, 0.0 ], [ 110.480789, -7.54038, 0.0 ], [ 110.480987, -7.540353, 0.0 ], [ 110.481184, -7.540292, 0.0 ], [ 110.481336, -7.540265, 0.0 ], [ 110.481464, -7.540335, 0.0 ], [ 110.481664, -7.540432, 0.0 ], [ 110.482284, -7.540488, 0.0 ], [ 110.48256, -7.540467, 0.0 ], [ 110.482613, -7.540412, 0.0 ], [ 110.482782, -7.54021, 0.0 ], [ 110.4829, -7.540188, 0.0 ], [ 110.483028, -7.540233, 0.0 ], [ 110.483234, -7.540309, 0.0 ], [ 110.48332, -7.540308, 0.0 ], [ 110.483419999000034, -7.540375000999973, 0.0 ], [ 110.483549, -7.540525, 0.0 ], [ 110.483609, -7.540636, 0.0 ], [ 110.483688, -7.54068, 0.0 ], [ 110.483813, -7.540676, 0.0 ], [ 110.483996, -7.540690000999973, 0.0 ], [ 110.484203, -7.540708000999928, 0.0 ], [ 110.484453999000038, -7.540656, 0.0 ], [ 110.48468, -7.540539, 0.0 ], [ 110.484841, -7.540498, 0.0 ], [ 110.485464, -7.540438000999927, 0.0 ], [ 110.485628, -7.540403, 0.0 ], [ 110.48589, -7.540296, 0.0 ], [ 110.486056, -7.540174, 0.0 ], [ 110.486251, -7.540034, 0.0 ], [ 110.486457, -7.539988000999926, 0.0 ], [ 110.486686, -7.539938, 0.0 ], [ 110.48689, -7.539899, 0.0 ], [ 110.487053, -7.539929000999962, 0.0 ], [ 110.487151, -7.539925, 0.0 ], [ 110.487349, -7.53990700099996, 0.0 ], [ 110.487512, -7.53999, 0.0 ], [ 110.487774, -7.540114, 0.0 ], [ 110.48797, -7.540139, 0.0 ], [ 110.488187, -7.540133, 0.0 ], [ 110.488312, -7.540191, 0.0 ], [ 110.488523, -7.540289, 0.0 ], [ 110.488967, -7.540334, 0.0 ], [ 110.489141, -7.540426, 0.0 ], [ 110.489335, -7.540455000999941, 0.0 ], [ 110.48966099900008, -7.540697, 0.0 ], [ 110.489801, -7.540801, 0.0 ], [ 110.489852, -7.540902000999949, 0.0 ], [ 110.489991, -7.541164, 0.0 ], [ 110.490155, -7.541313000999935, 0.0 ], [ 110.490356, -7.541391000999965, 0.0 ], [ 110.490451, -7.541368, 0.0 ], [ 110.490665, -7.541313000999935, 0.0 ], [ 110.491263, -7.541212, 0.0 ], [ 110.491345, -7.54125400099997, 0.0 ], [ 110.491366, -7.541321, 0.0 ], [ 110.491409, -7.541446, 0.0 ], [ 110.491647, -7.541895, 0.0 ], [ 110.491824999000073, -7.54195, 0.0 ], [ 110.49197, -7.542075000999944, 0.0 ], [ 110.492071, -7.542235, 0.0 ], [ 110.492179, -7.542415, 0.0 ], [ 110.492229, -7.542499, 0.0 ], [ 110.49233, -7.542573, 0.0 ], [ 110.492409999000074, -7.542551, 0.0 ], [ 110.492611, -7.542487, 0.0 ], [ 110.492881, -7.542475, 0.0 ], [ 110.493037, -7.542516, 0.0 ], [ 110.493199, -7.542627, 0.0 ], [ 110.493497, -7.54287500099997, 0.0 ], [ 110.493580999000073, -7.542843, 0.0 ], [ 110.493727, -7.542703, 0.0 ], [ 110.493799, -7.542568, 0.0 ], [ 110.49379, -7.542462000999933, 0.0 ], [ 110.493799, -7.542329000999928, 0.0 ], [ 110.493858, -7.542264, 0.0 ], [ 110.493987, -7.542224, 0.0 ], [ 110.494338, -7.542283, 0.0 ], [ 110.494405, -7.542352, 0.0 ], [ 110.494547, -7.542512, 0.0 ], [ 110.4949, -7.542817000999946, 0.0 ], [ 110.494958, -7.543024, 0.0 ], [ 110.494959, -7.543178, 0.0 ], [ 110.494893, -7.54336000099994, 0.0 ], [ 110.494812, -7.543416, 0.0 ], [ 110.494756, -7.543456, 0.0 ], [ 110.494622, -7.543551, 0.0 ], [ 110.494549, -7.543681, 0.0 ], [ 110.494471, -7.543903, 0.0 ], [ 110.4945, -7.544038, 0.0 ], [ 110.49458, -7.544139000999962, 0.0 ], [ 110.49474, -7.544240000999935, 0.0 ], [ 110.49488, -7.544262, 0.0 ], [ 110.495162, -7.544291, 0.0 ], [ 110.49535, -7.544367, 0.0 ], [ 110.495517, -7.544504, 0.0 ], [ 110.495558, -7.544637, 0.0 ], [ 110.495601, -7.544943, 0.0 ], [ 110.495584, -7.545167, 0.0 ], [ 110.495471999000074, -7.545846, 0.0 ], [ 110.495474, -7.545884, 0.0 ], [ 110.495528, -7.545983, 0.0 ], [ 110.49558999900006, -7.545999, 0.0 ], [ 110.495711, -7.546032000999958, 0.0 ], [ 110.49579, -7.546045, 0.0 ], [ 110.496018999000057, -7.54599400099994, 0.0 ], [ 110.496161, -7.545915000999969, 0.0 ], [ 110.496514, -7.545696, 0.0 ], [ 110.496792, -7.545712, 0.0 ], [ 110.496971, -7.545772, 0.0 ], [ 110.497086, -7.54585900099994, 0.0 ], [ 110.49727, -7.546090000999925, 0.0 ], [ 110.497303, -7.546248000999981, 0.0 ], [ 110.497373, -7.546521000999974, 0.0 ], [ 110.497527, -7.546618000999956, 0.0 ], [ 110.497632, -7.546645, 0.0 ], [ 110.49776, -7.546621, 0.0 ], [ 110.497885, -7.546533, 0.0 ], [ 110.497922, -7.546439, 0.0 ], [ 110.497912, -7.546284000999947, 0.0 ], [ 110.49784, -7.546165, 0.0 ], [ 110.497736, -7.545978, 0.0 ], [ 110.497725, -7.545837000999938, 0.0 ], [ 110.497785, -7.545598, 0.0 ], [ 110.497870999000043, -7.545348000999979, 0.0 ], [ 110.49786, -7.54524, 0.0 ], [ 110.497806, -7.545017000999962, 0.0 ], [ 110.497864, -7.544876, 0.0 ], [ 110.497948, -7.544817, 0.0 ], [ 110.498037, -7.544811, 0.0 ], [ 110.498171, -7.544864000999951, 0.0 ], [ 110.498356, -7.544978000999947, 0.0 ], [ 110.498372, -7.545057000999975, 0.0 ], [ 110.498459, -7.545461, 0.0 ], [ 110.498533999000074, -7.545575, 0.0 ], [ 110.498661, -7.545676, 0.0 ], [ 110.498822, -7.545785, 0.0 ], [ 110.499245, -7.545827, 0.0 ], [ 110.499343, -7.545816000999935, 0.0 ], [ 110.499606, -7.545789, 0.0 ], [ 110.499768, -7.545898000999955, 0.0 ], [ 110.5, -7.546106, 0.0 ], [ 110.500284, -7.54636, 0.0 ], [ 110.50037, -7.546345000999963, 0.0 ], [ 110.500463, -7.54633, 0.0 ], [ 110.500657, -7.546306000999948, 0.0 ], [ 110.500943, -7.546385000999976, 0.0 ], [ 110.501064, -7.54649, 0.0 ], [ 110.501228, -7.546652, 0.0 ], [ 110.50131, -7.546718, 0.0 ], [ 110.501445, -7.546861, 0.0 ], [ 110.501555, -7.546978, 0.0 ], [ 110.501634999000089, -7.547065000999964, 0.0 ], [ 110.501678, -7.54711, 0.0 ], [ 110.501716, -7.547206, 0.0 ], [ 110.501712999000063, -7.547359000999961, 0.0 ], [ 110.501702, -7.547544, 0.0 ], [ 110.501746, -7.547610000999953, 0.0 ], [ 110.501803, -7.54765200099996, 0.0 ], [ 110.501996, -7.547786000999963, 0.0 ], [ 110.502184, -7.547905000999947, 0.0 ], [ 110.502234, -7.548001000999932, 0.0 ], [ 110.502223, -7.548065, 0.0 ], [ 110.502174, -7.548224, 0.0 ], [ 110.502152, -7.548296000999926, 0.0 ], [ 110.502202, -7.548415, 0.0 ], [ 110.502261, -7.548516, 0.0 ], [ 110.502406, -7.548679, 0.0 ], [ 110.502588, -7.548883, 0.0 ], [ 110.502813, -7.549023, 0.0 ], [ 110.50293, -7.549188, 0.0 ], [ 110.503003, -7.549244, 0.0 ], [ 110.503027, -7.549256, 0.0 ], [ 110.503099, -7.549270000999968, 0.0 ], [ 110.503171, -7.549243, 0.0 ], [ 110.503282, -7.54916, 0.0 ], [ 110.503422, -7.54906, 0.0 ], [ 110.503626, -7.54891, 0.0 ], [ 110.503682999000034, -7.548886, 0.0 ], [ 110.503745, -7.548872, 0.0 ], [ 110.503815, -7.548882000999981, 0.0 ], [ 110.503907, -7.548907, 0.0 ], [ 110.504114, -7.548948, 0.0 ], [ 110.504222, -7.548977000999969, 0.0 ], [ 110.504458, -7.549153000999979, 0.0 ], [ 110.50450199900007, -7.549158, 0.0 ], [ 110.504641, -7.549166, 0.0 ], [ 110.504786, -7.549184, 0.0 ], [ 110.504985, -7.549212000999944, 0.0 ], [ 110.505075, -7.549342, 0.0 ], [ 110.505064, -7.549489, 0.0 ], [ 110.505076, -7.549692, 0.0 ], [ 110.505177, -7.549806, 0.0 ], [ 110.505293, -7.549825, 0.0 ], [ 110.505505, -7.549763, 0.0 ], [ 110.505705, -7.54969, 0.0 ], [ 110.505796, -7.549657, 0.0 ], [ 110.505922, -7.54970100099996, 0.0 ], [ 110.506027, -7.549772, 0.0 ], [ 110.506367, -7.550002, 0.0 ], [ 110.506557, -7.550236, 0.0 ], [ 110.506714, -7.550431, 0.0 ], [ 110.506911, -7.550724, 0.0 ], [ 110.506977999000071, -7.550811000999943, 0.0 ], [ 110.507087, -7.550850000999958, 0.0 ], [ 110.507226, -7.550816, 0.0 ], [ 110.50737, -7.550736, 0.0 ], [ 110.507512, -7.550658, 0.0 ], [ 110.507686, -7.550607, 0.0 ], [ 110.508192358000088, -7.550466967999967, 0.0 ], [ 110.508364870000037, -7.550371788999939, 0.0 ], [ 110.508590919000085, -7.550276610999958, 0.0 ], [ 110.508763430000045, -7.55019927799998, 0.0 ], [ 110.508924043000036, -7.550169534999952, 0.0 ], [ 110.509048965000034, -7.55019927799998, 0.0 ], [ 110.509197681000046, -7.550276610999958, 0.0 ], [ 110.509328552000056, -7.550449121999975, 0.0 ], [ 110.509355677000087, -7.550519645999941, 0.0 ] ] ] ] } },
{ "type": "Feature", "properties": { "NAMOBJ": "Musuk", "FCODE": "BA03070040", "REMARK": "Wilayah Administrasi Kelurahan/Desa", "METADATA": "TASWIL1000020221227_DATA_BATAS_DESAKELURAHAN", "SRS_ID": "SRGI 2013", "KDBBPS": null, "KDCBPS": null, "KDCPUM": "33.09.04", "KDEBPS": null, "KDEPUM": "33.09.04.2018", "KDPBPS": null, "KDPKAB": "33.09", "KDPPUM": "33", "LUASWH": 0.0, "TIPADM": 1, "WADMKC": "Musuk", "WADMKD": "Musuk", "WADMKK": "Boyolali", "WADMPR": "Jawa Tengah", "WIADKC": null, "WIADKK": null, "WIADPR": null, "WIADKD": null, "UUPP": "Hasil Delineasi Batas Desa 2017", "luas": 4.5444508130393579, "SHAPE_Leng": 0.093111425376526002, "SHAPE_Area": 0.00037232853656500001 }, "geometry": { "type": "MultiPolygon", "coordinates": [ [ [ [ 110.560331, -7.53458, 0.0 ], [ 110.560286, -7.534679, 0.0 ], [ 110.560256, -7.534746, 0.0 ], [ 110.560011583000062, -7.535380522999958, 0.0 ], [ 110.55975281800005, -7.535987285999965, 0.0 ], [ 110.559524190000047, -7.53662537699995, 0.0 ], [ 110.559119326000086, -7.537471394999955, 0.0 ], [ 110.559067937000066, -7.537619726999935, 0.0 ], [ 110.559264348000056, -7.537798642999974, 0.0 ], [ 110.55935312400004, -7.537950040999931, 0.0 ], [ 110.559386937000056, -7.538199102999954, 0.0 ], [ 110.559182373000056, -7.538701101999948, 0.0 ], [ 110.559048874000041, -7.539046851999956, 0.0 ], [ 110.559015062000071, -7.539239039999927, 0.0 ], [ 110.559043437000071, -7.539347789999965, 0.0 ], [ 110.55915082100006, -7.539424218999955, 0.0 ], [ 110.559142, -7.539460000999952, 0.0 ], [ 110.558389684000076, -7.540948907999962, 0.0 ], [ 110.558250486000077, -7.54122016599996, 0.0 ], [ 110.557943535000049, -7.541805512999929, 0.0 ], [ 110.557790060000059, -7.541944711999975, 0.0 ], [ 110.557772214000067, -7.542030373999978, 0.0 ], [ 110.55780076700006, -7.542141016999949, 0.0 ], [ 110.557925689000058, -7.542365876999952, 0.0 ], [ 110.558196948000045, -7.542971448999936, 0.0 ], [ 110.558035938000046, -7.543467963999944, 0.0 ], [ 110.557859857000039, -7.54406520799995, 0.0 ], [ 110.557792575000065, -7.544320881999965, 0.0 ], [ 110.557782, -7.544352, 0.0 ], [ 110.557417, -7.545507000999976, 0.0 ], [ 110.557262, -7.546137, 0.0 ], [ 110.557169999000052, -7.546484, 0.0 ], [ 110.557115, -7.546678000999975, 0.0 ], [ 110.557088582000063, -7.546795796999959, 0.0 ], [ 110.557035282000072, -7.546889071999942, 0.0 ], [ 110.556983886000069, -7.547008995999931, 0.0 ], [ 110.556983846000037, -7.547008983999945, 0.0 ], [ 110.556665989000066, -7.546915720999948, 0.0 ], [ 110.556451, -7.546946, 0.0 ], [ 110.556356999000059, -7.546954, 0.0 ], [ 110.556073, -7.547051, 0.0 ], [ 110.555958, -7.547172, 0.0 ], [ 110.55594, -7.547294, 0.0 ], [ 110.556018, -7.547402, 0.0 ], [ 110.556233, -7.54757400099993, 0.0 ], [ 110.556475, -7.547798, 0.0 ], [ 110.556601, -7.547993, 0.0 ], [ 110.556571999000084, -7.548103, 0.0 ], [ 110.55647299900005, -7.548232, 0.0 ], [ 110.556316, -7.548334000999944, 0.0 ], [ 110.556160999000042, -7.548356, 0.0 ], [ 110.555666, -7.548347, 0.0 ], [ 110.555387, -7.548478, 0.0 ], [ 110.554735, -7.54879, 0.0 ], [ 110.554268, -7.548843000999966, 0.0 ], [ 110.55375, -7.548983, 0.0 ], [ 110.553181, -7.548940000999949, 0.0 ], [ 110.552893, -7.548834, 0.0 ], [ 110.552629, -7.548648000999947, 0.0 ], [ 110.552441, -7.548472000999936, 0.0 ], [ 110.552238, -7.548311, 0.0 ], [ 110.552045, -7.548242, 0.0 ], [ 110.551837, -7.548274000999982, 0.0 ], [ 110.551446, -7.548419, 0.0 ], [ 110.551284, -7.548493, 0.0 ], [ 110.551112, -7.548571, 0.0 ], [ 110.550473, -7.548885, 0.0 ], [ 110.550247, -7.548786, 0.0 ], [ 110.549366, -7.548393000999965, 0.0 ], [ 110.549214, -7.548413000999972, 0.0 ], [ 110.54901, -7.548512, 0.0 ], [ 110.548691, -7.548633, 0.0 ], [ 110.548609, -7.548563, 0.0 ], [ 110.548544, -7.548419, 0.0 ], [ 110.54843, -7.548265, 0.0 ], [ 110.548314, -7.548207, 0.0 ], [ 110.548086, -7.548202, 0.0 ], [ 110.547799, -7.548180000999935, 0.0 ], [ 110.547409, -7.548128, 0.0 ], [ 110.547424999000043, -7.547932, 0.0 ], [ 110.547441282000079, -7.54781969499993, 0.0 ], [ 110.546261070000071, -7.547821598999974, 0.0 ], [ 110.546214, -7.547774, 0.0 ], [ 110.545886, -7.54758, 0.0 ], [ 110.54578, -7.547562, 0.0 ], [ 110.545464, -7.54749, 0.0 ], [ 110.545354, -7.547436000999937, 0.0 ], [ 110.544964, -7.547125000999927, 0.0 ], [ 110.544428, -7.546803, 0.0 ], [ 110.5442, -7.546552, 0.0 ], [ 110.543731, -7.546070000999975, 0.0 ], [ 110.543432, -7.545776, 0.0 ], [ 110.543374, -7.545584000999952, 0.0 ], [ 110.543112, -7.544713, 0.0 ], [ 110.542981, -7.544572000999949, 0.0 ], [ 110.542717, -7.544555, 0.0 ], [ 110.542662, -7.544553, 0.0 ], [ 110.54256, -7.544545, 0.0 ], [ 110.541776, -7.54447, 0.0 ], [ 110.541352, -7.544471000999977, 0.0 ], [ 110.540937, -7.544417, 0.0 ], [ 110.540560999000036, -7.544284, 0.0 ], [ 110.540018, -7.544113, 0.0 ], [ 110.539944, -7.544115, 0.0 ], [ 110.539745, -7.544085, 0.0 ], [ 110.539258, -7.544027, 0.0 ], [ 110.53896, -7.544087, 0.0 ], [ 110.538091, -7.544298000999959, 0.0 ], [ 110.537876, -7.544225, 0.0 ], [ 110.537639, -7.544171, 0.0 ], [ 110.537197, -7.544149, 0.0 ], [ 110.536767, -7.543965000999947, 0.0 ], [ 110.536721, -7.543829000999949, 0.0 ], [ 110.536636, -7.543617, 0.0 ], [ 110.536508, -7.54351, 0.0 ], [ 110.536303, -7.543444, 0.0 ], [ 110.53611, -7.543445, 0.0 ], [ 110.53567, -7.543542, 0.0 ], [ 110.535598, -7.543593000999977, 0.0 ], [ 110.53558, -7.543632000999935, 0.0 ], [ 110.535476, -7.543687, 0.0 ], [ 110.535339, -7.54368, 0.0 ], [ 110.535219, -7.543607, 0.0 ], [ 110.534968, -7.543371, 0.0 ], [ 110.534757, -7.543082, 0.0 ], [ 110.53458, -7.542827, 0.0 ], [ 110.534414, -7.54269, 0.0 ], [ 110.534318, -7.542682, 0.0 ], [ 110.534135, -7.542757000999927, 0.0 ], [ 110.534002, -7.542758000999982, 0.0 ], [ 110.533795, -7.542661000999942, 0.0 ], [ 110.533617999000057, -7.542504000999941, 0.0 ], [ 110.533494, -7.542302, 0.0 ], [ 110.533324, -7.541942, 0.0 ], [ 110.533163, -7.541753, 0.0 ], [ 110.533076, -7.541783000999942, 0.0 ], [ 110.533295, -7.541301, 0.0 ], [ 110.533419, -7.540913, 0.0 ], [ 110.533597, -7.540463, 0.0 ], [ 110.533830498000043, -7.539812841999947, 0.0 ], [ 110.534023, -7.539184, 0.0 ], [ 110.534209, -7.53869, 0.0 ], [ 110.534298, -7.538293, 0.0 ], [ 110.534298, -7.538046, 0.0 ], [ 110.534240999000076, -7.537769, 0.0 ], [ 110.53392, -7.53769, 0.0 ], [ 110.533361, -7.537542, 0.0 ], [ 110.533003, -7.537428, 0.0 ], [ 110.532525999000086, -7.537219000999926, 0.0 ], [ 110.531968, -7.536873, 0.0 ], [ 110.53156, -7.536623, 0.0 ], [ 110.531201, -7.536475000999928, 0.0 ], [ 110.531237, -7.53633, 0.0 ], [ 110.53121546400007, -7.536222320999968, 0.0 ], [ 110.531446498000037, -7.536062695999931, 0.0 ], [ 110.531571419000045, -7.535979415999975, 0.0 ], [ 110.531702290000055, -7.535325063999949, 0.0 ], [ 110.532064747000049, -7.534256806999963, 0.0 ], [ 110.532581487000073, -7.53323805399998, 0.0 ], [ 110.532706, -7.533401, 0.0 ], [ 110.532839, -7.533562, 0.0 ], [ 110.532963, -7.533614, 0.0 ], [ 110.533199, -7.533623, 0.0 ], [ 110.533305999000049, -7.533586, 0.0 ], [ 110.53341, -7.533405, 0.0 ], [ 110.533355, -7.533016, 0.0 ], [ 110.533351, -7.532869000999938, 0.0 ], [ 110.533426, -7.532765, 0.0 ], [ 110.533529, -7.532719, 0.0 ], [ 110.533604, -7.532748, 0.0 ], [ 110.533705, -7.532996, 0.0 ], [ 110.533779, -7.533286, 0.0 ], [ 110.533894, -7.533487, 0.0 ], [ 110.534052, -7.533643, 0.0 ], [ 110.534159, -7.533686000999978, 0.0 ], [ 110.534279999000034, -7.533639, 0.0 ], [ 110.534435999000038, -7.53335, 0.0 ], [ 110.534606, -7.533463, 0.0 ], [ 110.534738, -7.533550000999981, 0.0 ], [ 110.534882, -7.533561, 0.0 ], [ 110.535076, -7.533487, 0.0 ], [ 110.535263, -7.533203, 0.0 ], [ 110.535353999000051, -7.53306, 0.0 ], [ 110.535453, -7.532999, 0.0 ], [ 110.535578, -7.533008, 0.0 ], [ 110.535803, -7.533163000999934, 0.0 ], [ 110.535934, -7.533295, 0.0 ], [ 110.535979, -7.533468, 0.0 ], [ 110.536032, -7.533973, 0.0 ], [ 110.536111, -7.534083, 0.0 ], [ 110.536148, -7.534123, 0.0 ], [ 110.536478, -7.534224, 0.0 ], [ 110.536736, -7.534236000999954, 0.0 ], [ 110.537131, -7.534238, 0.0 ], [ 110.537517, -7.534165, 0.0 ], [ 110.537796, -7.53413, 0.0 ], [ 110.538361, -7.534321, 0.0 ], [ 110.538537, -7.534370000999957, 0.0 ], [ 110.53866, -7.534332000999939, 0.0 ], [ 110.538879, -7.533722, 0.0 ], [ 110.538921999000081, -7.53364, 0.0 ], [ 110.538948, -7.53358, 0.0 ], [ 110.539096999000037, -7.533407, 0.0 ], [ 110.539243, -7.533351, 0.0 ], [ 110.539375, -7.533338000999947, 0.0 ], [ 110.539481, -7.533617, 0.0 ], [ 110.539522, -7.533718, 0.0 ], [ 110.540078, -7.533702, 0.0 ], [ 110.540222, -7.533654, 0.0 ], [ 110.540398, -7.533461, 0.0 ], [ 110.540489, -7.533342, 0.0 ], [ 110.540592, -7.53330000099993, 0.0 ], [ 110.540759, -7.53333, 0.0 ], [ 110.540969999000083, -7.533494000999951, 0.0 ], [ 110.541075, -7.533587, 0.0 ], [ 110.541252413000052, -7.533564075999948, 0.0 ], [ 110.541253249000079, -7.533564976999969, 0.0 ], [ 110.541448249000041, -7.533566164999968, 0.0 ], [ 110.542537866000089, -7.530737063999936, 0.0 ], [ 110.542799495000054, -7.529884443999947, 0.0 ], [ 110.543113584000082, -7.52914205299993, 0.0 ], [ 110.543284905000064, -7.52871850799994, 0.0 ], [ 110.543472883000049, -7.528147437999962, 0.0 ], [ 110.543706070000042, -7.527405044999966, 0.0 ], [ 110.543744481000033, -7.527282971999966, 0.0 ], [ 110.544729, -7.527946, 0.0 ], [ 110.545082, -7.527934000999949, 0.0 ], [ 110.545178, -7.527934000999949, 0.0 ], [ 110.545328, -7.527925, 0.0 ], [ 110.545786999000086, -7.527905, 0.0 ], [ 110.546095, -7.527893, 0.0 ], [ 110.546389, -7.527954000999955, 0.0 ], [ 110.546731, -7.528108, 0.0 ], [ 110.547210999000072, -7.528401000999963, 0.0 ], [ 110.547625, -7.528701, 0.0 ], [ 110.547921, -7.528762, 0.0 ], [ 110.548207, -7.528877, 0.0 ], [ 110.548509, -7.529084000999944, 0.0 ], [ 110.549075, -7.529517000999931, 0.0 ], [ 110.549822, -7.530113, 0.0 ], [ 110.550165, -7.530454, 0.0 ], [ 110.550807, -7.531230000999926, 0.0 ], [ 110.55108, -7.531559, 0.0 ], [ 110.551346, -7.531693, 0.0 ], [ 110.551619, -7.53176, 0.0 ], [ 110.551722, -7.531788, 0.0 ], [ 110.552435999000068, -7.531997, 0.0 ], [ 110.552841, -7.532198, 0.0 ], [ 110.553282, -7.532377, 0.0 ], [ 110.553819, -7.532539000999975, 0.0 ], [ 110.554557, -7.532709, 0.0 ], [ 110.554921, -7.532861, 0.0 ], [ 110.555293, -7.533106, 0.0 ], [ 110.555631, -7.533328, 0.0 ], [ 110.55596599900008, -7.533413000999928, 0.0 ], [ 110.556497, -7.533539, 0.0 ], [ 110.556775470000048, -7.533633010999949, 0.0 ], [ 110.556888, -7.533671, 0.0 ], [ 110.557216, -7.533782, 0.0 ], [ 110.557755, -7.533972, 0.0 ], [ 110.559078, -7.534206, 0.0 ], [ 110.559697, -7.534357, 0.0 ], [ 110.560331, -7.53458, 0.0 ] ] ] ] } },
{ "type": "Feature", "properties": { "NAMOBJ": "Pagerjurang", "FCODE": "BA03070040", "REMARK": "Wilayah Administrasi Kelurahan/Desa", "METADATA": "TASWIL1000020221227_DATA_BATAS_DESAKELURAHAN", "SRS_ID": "SRGI 2013", "KDBBPS": null, "KDCBPS": null, "KDCPUM": "33.09.04", "KDEBPS": null, "KDEPUM": "33.09.04.2011", "KDPBPS": null, "KDPKAB": "33.09", "KDPPUM": "33", "LUASWH": 0.0, "TIPADM": 1, "WADMKC": "Musuk", "WADMKD": "Pagerjurang", "WADMKK": "Boyolali", "WADMPR": "Jawa Tengah", "WIADKC": null, "WIADKK": null, "WIADPR": null, "WIADKD": null, "UUPP": "Hasil Delineasi Batas Desa 2017", "luas": 2.688045380820522, "SHAPE_Leng": 0.085160372755698002, "SHAPE_Area": 0.00022025148759200001 }, "geometry": { "type": "MultiPolygon", "coordinates": [ [ [ [ 110.58103139800005, -7.584523795999928, 0.0 ], [ 110.581005247000064, -7.584546839999973, 0.0 ], [ 110.580939900000033, -7.584612186999948, 0.0 ], [ 110.580908177000083, -7.584643909999954, 0.0 ], [ 110.58087818000007, -7.584677694999925, 0.0 ], [ 110.580852393000043, -7.584714779999956, 0.0 ], [ 110.580831181000065, -7.584754646999954, 0.0 ], [ 110.580819499000086, -7.584772486999952, 0.0 ], [ 110.580800947000057, -7.584846295999967, 0.0 ], [ 110.580797640000071, -7.584859452999979, 0.0 ], [ 110.580793977000042, -7.584879145999935, 0.0 ], [ 110.580792792000068, -7.584899140999937, 0.0 ], [ 110.580794103000073, -7.584919127999967, 0.0 ], [ 110.580799539000054, -7.58496140799997, 0.0 ], [ 110.58080147000004, -7.584972110999956, 0.0 ], [ 110.580804471000079, -7.584982564999962, 0.0 ], [ 110.580814708000048, -7.585012429999949, 0.0 ], [ 110.580817980000063, -7.585025237999957, 0.0 ], [ 110.580819166000083, -7.585038402999942, 0.0 ], [ 110.580818235000038, -7.585051587999942, 0.0 ], [ 110.580815213000051, -7.58506445699993, 0.0 ], [ 110.580810176000057, -7.585076680999975, 0.0 ], [ 110.580798946000073, -7.585092062999934, 0.0 ], [ 110.580787213000065, -7.58510373799993, 0.0 ], [ 110.580785441000046, -7.58510550099993, 0.0 ], [ 110.580769993000047, -7.585116662999951, 0.0 ], [ 110.580752984000071, -7.58512527299996, 0.0 ], [ 110.580734834000054, -7.585131116999946, 0.0 ], [ 110.580729864000034, -7.585131891999936, 0.0 ], [ 110.580715990000044, -7.585134054999969, 0.0 ], [ 110.580709008000042, -7.585134037999978, 0.0 ], [ 110.580696918000058, -7.585134009999933, 0.0 ], [ 110.58067808800007, -7.585130985999967, 0.0 ], [ 110.580659965000052, -7.585125055999981, 0.0 ], [ 110.580623186000082, -7.58510972299996, 0.0 ], [ 110.580604192000067, -7.585102155999948, 0.0 ], [ 110.580436506000069, -7.585035345999927, 0.0 ], [ 110.580412161000083, -7.585027740999976, 0.0 ], [ 110.580386938000061, -7.585023929999977, 0.0 ], [ 110.580361427000071, -7.585024000999965, 0.0 ], [ 110.580269, -7.585031336999975, 0.0 ], [ 110.580250522000085, -7.585031249999929, 0.0 ], [ 110.580232318000071, -7.585028082999941, 0.0 ], [ 110.580150446000061, -7.58500663999996, 0.0 ], [ 110.580029094000054, -7.584959050999942, 0.0 ], [ 110.579946541000083, -7.58492829599993, 0.0 ], [ 110.579904017000047, -7.584916042999964, 0.0 ], [ 110.579860124000049, -7.584910350999962, 0.0 ], [ 110.579815873000086, -7.58491135099996, 0.0 ], [ 110.579772282000079, -7.584919018999926, 0.0 ], [ 110.579741871000067, -7.584929289999934, 0.0 ], [ 110.579730356000084, -7.584933178999961, 0.0 ], [ 110.579691060000073, -7.584953505999977, 0.0 ], [ 110.579655299000081, -7.584979529999941, 0.0 ], [ 110.579623894000065, -7.585010653999973, 0.0 ], [ 110.579621771000063, -7.585013517999926, 0.0 ], [ 110.579597570000033, -7.58504616099998, 0.0 ], [ 110.579557961000035, -7.585108955999942, 0.0 ], [ 110.579391398000041, -7.585325487999967, 0.0 ], [ 110.579301978000046, -7.585439295999947, 0.0 ], [ 110.579281804000061, -7.58546085699993, 0.0 ], [ 110.579258203000052, -7.585478619999947, 0.0 ], [ 110.579231883000034, -7.58549205099996, 0.0 ], [ 110.579203636000045, -7.585500746999969, 0.0 ], [ 110.579174307000073, -7.585504445999959, 0.0 ], [ 110.579144779000046, -7.585503037999956, 0.0 ], [ 110.57911593700004, -7.585496565999961, 0.0 ], [ 110.578972193000084, -7.585450905999949, 0.0 ], [ 110.578936921000036, -7.585439701999974, 0.0 ], [ 110.578765600000054, -7.585377835999964, 0.0 ], [ 110.578532830000086, -7.585294556999941, 0.0 ], [ 110.578480423000087, -7.58527580699996, 0.0 ], [ 110.578463966000072, -7.58527116199997, 0.0 ], [ 110.578447026000049, -7.585268805999931, 0.0 ], [ 110.578367195000055, -7.585263234999957, 0.0 ], [ 110.578318487000047, -7.585256705999939, 0.0 ], [ 110.578270995000082, -7.585244091999925, 0.0 ], [ 110.578255850000062, -7.585237937999977, 0.0 ], [ 110.578225479000082, -7.585225596999976, 0.0 ], [ 110.578182668000068, -7.585201514999937, 0.0 ], [ 110.578175362000081, -7.585196088999965, 0.0 ], [ 110.57814690500004, -7.585174950999942, 0.0 ], [ 110.578143246000081, -7.58517223299998, 0.0 ], [ 110.578107845000034, -7.58513821799994, 0.0 ], [ 110.578077031000078, -7.585100015999956, 0.0 ], [ 110.578051298000048, -7.585058236999942, 0.0 ], [ 110.577887314000066, -7.584750218999943, 0.0 ], [ 110.577881038000044, -7.584740160999957, 0.0 ], [ 110.577868581000075, -7.584720197999957, 0.0 ], [ 110.577845904000071, -7.584693021999954, 0.0 ], [ 110.577819709000039, -7.58466920099994, 0.0 ], [ 110.577790489000051, -7.584649186999968, 0.0 ], [ 110.577708228000063, -7.584600795999961, 0.0 ], [ 110.577631063000069, -7.584555403999957, 0.0 ], [ 110.577614031000053, -7.584546465999949, 0.0 ], [ 110.577596211000071, -7.584539218999964, 0.0 ], [ 110.577491427000041, -7.584502415999964, 0.0 ], [ 110.577466101000084, -7.584492055999931, 0.0 ], [ 110.577436925000086, -7.584480121999945, 0.0 ], [ 110.577384944000073, -7.584452475999967, 0.0 ], [ 110.577336011000057, -7.584419757999967, 0.0 ], [ 110.577308320000043, -7.584396904999949, 0.0 ], [ 110.577277115000072, -7.584368650999977, 0.0 ], [ 110.577249234000078, -7.584340475999966, 0.0 ], [ 110.577212268000039, -7.584294715999931, 0.0 ], [ 110.577180099000088, -7.584245478999946, 0.0 ], [ 110.577047179000033, -7.584017901999971, 0.0 ], [ 110.577044730000068, -7.584013003999928, 0.0 ], [ 110.576963511000088, -7.583850522999967, 0.0 ], [ 110.576886358000081, -7.583747668999933, 0.0 ], [ 110.57687007800007, -7.583729086999938, 0.0 ], [ 110.576851165000051, -7.58371318199994, 0.0 ], [ 110.576830055000073, -7.583700318999945, 0.0 ], [ 110.576807236000036, -7.583690795999928, 0.0 ], [ 110.576626699000087, -7.58363111999995, 0.0 ], [ 110.576538016000086, -7.583601805999933, 0.0 ], [ 110.57640738200007, -7.583560119999959, 0.0 ], [ 110.576363666000077, -7.583542997999928, 0.0 ], [ 110.576322509000079, -7.583520430999954, 0.0 ], [ 110.576284588000078, -7.583492787999944, 0.0 ], [ 110.57625052800006, -7.583460526999943, 0.0 ], [ 110.576220890000059, -7.583424176999927, 0.0 ], [ 110.576196163000077, -7.583384339999952, 0.0 ], [ 110.57615449900004, -7.583306514999947, 0.0 ], [ 110.576136471000041, -7.583255248999933, 0.0 ], [ 110.576108813000076, -7.583176596999976, 0.0 ], [ 110.57609675100008, -7.583110164999937, 0.0 ], [ 110.576089516000081, -7.583082634999926, 0.0 ], [ 110.576083373000074, -7.583068584999978, 0.0 ], [ 110.576078112000062, -7.583056548999934, 0.0 ], [ 110.576062814000068, -7.583032528999979, 0.0 ], [ 110.576043987000048, -7.583011148999958, 0.0 ], [ 110.576010950000068, -7.582979035999927, 0.0 ], [ 110.575983209000071, -7.582947745999945, 0.0 ], [ 110.575917212000036, -7.582873304999964, 0.0 ], [ 110.575903213000061, -7.582855233999965, 0.0 ], [ 110.575891723000041, -7.582835477999936, 0.0 ], [ 110.575882943000067, -7.582814384999949, 0.0 ], [ 110.575863311000035, -7.582756736999954, 0.0 ], [ 110.575858026000049, -7.582744471999945, 0.0 ], [ 110.575850873000036, -7.582733187999963, 0.0 ], [ 110.575842031000036, -7.582723167999973, 0.0 ], [ 110.575831719000064, -7.582714659999965, 0.0 ], [ 110.575820196000052, -7.582707874999926, 0.0 ], [ 110.575807745000077, -7.582702982999933, 0.0 ], [ 110.575806236000062, -7.582702523999956, 0.0 ], [ 110.575719508000077, -7.582676161999927, 0.0 ], [ 110.575705318000075, -7.582670698999948, 0.0 ], [ 110.575692064000066, -7.582663254999943, 0.0 ], [ 110.575680021000039, -7.582653985999968, 0.0 ], [ 110.575669441000059, -7.582643082999937, 0.0 ], [ 110.575660544000073, -7.582630773999938, 0.0 ], [ 110.575584689000038, -7.58250811299996, 0.0 ], [ 110.575572217000058, -7.582491306999941, 0.0 ], [ 110.575557073000084, -7.582476852999946, 0.0 ], [ 110.575539692000063, -7.582465167999942, 0.0 ], [ 110.575520578000067, -7.582456589999936, 0.0 ], [ 110.575500284000043, -7.582451368999955, 0.0 ], [ 110.575479397000038, -7.582449654999948, 0.0 ], [ 110.575458521000087, -7.582451496999965, 0.0 ], [ 110.575370794000037, -7.58246685499995, 0.0 ], [ 110.575346309000054, -7.582471141999974, 0.0 ], [ 110.575336861000039, -7.58247279699998, 0.0 ], [ 110.575327790000074, -7.582475907999935, 0.0 ], [ 110.575221842000076, -7.582512246999954, 0.0 ], [ 110.575203386000055, -7.582516924999936, 0.0 ], [ 110.575184411000066, -7.582518523999966, 0.0 ], [ 110.575165430000084, -7.582517, 0.0 ], [ 110.575146955000037, -7.58251239599997, 0.0 ], [ 110.575129485000048, -7.582504833999963, 0.0 ], [ 110.575113492000071, -7.582494518999965, 0.0 ], [ 110.57501618200007, -7.582419809999976, 0.0 ], [ 110.575003157000083, -7.582408258999976, 0.0 ], [ 110.57499189300006, -7.582394989999955, 0.0 ], [ 110.574982615000067, -7.582380270999977, 0.0 ], [ 110.574971669000035, -7.582359835999966, 0.0 ], [ 110.574955880000061, -7.582330356999933, 0.0 ], [ 110.574954598000033, -7.582327964999934, 0.0 ], [ 110.574936941000033, -7.582294998999942, 0.0 ], [ 110.574909731000048, -7.582251735999932, 0.0 ], [ 110.574876755000048, -7.582212670999979, 0.0 ], [ 110.574869225000043, -7.582205930999976, 0.0 ], [ 110.574838652000039, -7.582178562999957, 0.0 ], [ 110.574827001000074, -7.582170751999968, 0.0 ], [ 110.574796165000066, -7.582150074999959, 0.0 ], [ 110.574627411000051, -7.582053281999947, 0.0 ], [ 110.574611255000036, -7.582045489999928, 0.0 ], [ 110.574600617000044, -7.582042121999962, 0.0 ], [ 110.574594150000053, -7.582040074999952, 0.0 ], [ 110.574578173000077, -7.582036245999973, 0.0 ], [ 110.574504235000063, -7.582018526999946, 0.0 ], [ 110.574484764000033, -7.582012260999932, 0.0 ], [ 110.574466473000086, -7.582003118999978, 0.0 ], [ 110.57444978500007, -7.581991310999967, 0.0 ], [ 110.574401323000075, -7.581951163999975, 0.0 ], [ 110.574384728000041, -7.581939176999981, 0.0 ], [ 110.574366690000033, -7.581929486999968, 0.0 ], [ 110.574347523000085, -7.581922264999946, 0.0 ], [ 110.574327567000068, -7.581917639999972, 0.0 ], [ 110.574265403000084, -7.581907518999969, 0.0 ], [ 110.574258085000054, -7.581906327999945, 0.0 ], [ 110.574251011000058, -7.581904104999978, 0.0 ], [ 110.574137006000058, -7.581868294999936, 0.0 ], [ 110.574125389000073, -7.581863554999927, 0.0 ], [ 110.574117561000037, -7.581858724999961, 0.0 ], [ 110.574114714000075, -7.581856966999965, 0.0 ], [ 110.574105274000033, -7.581848711999953, 0.0 ], [ 110.574097327000061, -7.581839017999926, 0.0 ], [ 110.57409109200006, -7.581828147999943, 0.0 ], [ 110.574083341000062, -7.581811605999974, 0.0 ], [ 110.574068756000088, -7.581780478999974, 0.0 ], [ 110.574066985000059, -7.581777383999963, 0.0 ], [ 110.574064732000068, -7.58177461799994, 0.0 ], [ 110.574062056000059, -7.581772256999955, 0.0 ], [ 110.574059030000058, -7.581770363999965, 0.0 ], [ 110.574055734000069, -7.581768989999944, 0.0 ], [ 110.574052257000062, -7.581768172999944, 0.0 ], [ 110.574048693000066, -7.581767932999981, 0.0 ], [ 110.574045138000088, -7.581768276999981, 0.0 ], [ 110.574041686000044, -7.581769196999971, 0.0 ], [ 110.573928558000034, -7.581809573999976, 0.0 ], [ 110.573846027000059, -7.581839029999969, 0.0 ], [ 110.57368277900008, -7.581930808999971, 0.0 ], [ 110.573664558000075, -7.581942650999963, 0.0 ], [ 110.573651113000039, -7.581954080999935, 0.0 ], [ 110.573648006000042, -7.581956721999973, 0.0 ], [ 110.573633394000069, -7.581972789999952, 0.0 ], [ 110.573596364000082, -7.582019160999948, 0.0 ], [ 110.573550984000065, -7.582075986999939, 0.0 ], [ 110.573484539000049, -7.582147205999945, 0.0 ], [ 110.573476215000085, -7.582154762999949, 0.0 ], [ 110.573466747000055, -7.582160831999943, 0.0 ], [ 110.573456399000065, -7.582165246999978, 0.0 ], [ 110.573445460000073, -7.582167882999954, 0.0 ], [ 110.573434234000047, -7.582168666999962, 0.0 ], [ 110.57342303300004, -7.58216757799994, 0.0 ], [ 110.57341217000004, -7.582164644999978, 0.0 ], [ 110.573401946000047, -7.582159950999937, 0.0 ], [ 110.573338800000045, -7.582124307999948, 0.0 ], [ 110.573275637000052, -7.582088655999939, 0.0 ], [ 110.573267724000061, -7.582085714999948, 0.0 ], [ 110.573259423000081, -7.582084180999971, 0.0 ], [ 110.573250980000068, -7.582084097999939, 0.0 ], [ 110.573242650000054, -7.58208547199996, 0.0 ], [ 110.573234681000088, -7.582088257999942, 0.0 ], [ 110.573227314000064, -7.582092374999945, 0.0 ], [ 110.573220770000034, -7.582097697999927, 0.0 ], [ 110.573215244000039, -7.582104067999978, 0.0 ], [ 110.573212288000036, -7.582108989999938, 0.0 ], [ 110.573211959000048, -7.582109535999962, 0.0 ], [ 110.573210903000074, -7.582111293999958, 0.0 ], [ 110.573146233000045, -7.58224340199996, 0.0 ], [ 110.573119986000052, -7.582297017999963, 0.0 ], [ 110.57308938500006, -7.582350878999932, 0.0 ], [ 110.57308310500008, -7.582361932999959, 0.0 ], [ 110.57304103000007, -7.582435989999965, 0.0 ], [ 110.572981625000068, -7.582507078999981, 0.0 ], [ 110.572976870000048, -7.582511857999975, 0.0 ], [ 110.572971360000054, -7.582515744999967, 0.0 ], [ 110.572965260000046, -7.582518622999942, 0.0 ], [ 110.572959860000083, -7.582520617999933, 0.0 ], [ 110.572954249000077, -7.582523153999944, 0.0 ], [ 110.572949048000055, -7.582526447999953, 0.0 ], [ 110.572944361000054, -7.582530435999956, 0.0 ], [ 110.572940279000079, -7.582535039999925, 0.0 ], [ 110.57285700500006, -7.582643413999961, 0.0 ], [ 110.572837670000069, -7.582676245999949, 0.0 ], [ 110.572796026000049, -7.582746957999973, 0.0 ], [ 110.572775733000071, -7.58277555899997, 0.0 ], [ 110.572757535000051, -7.582801206999932, 0.0 ], [ 110.57272579000005, -7.582845945999964, 0.0 ], [ 110.572676298000033, -7.582935414999952, 0.0 ], [ 110.572666677000086, -7.582953288999931, 0.0 ], [ 110.572637443000076, -7.583007599999974, 0.0 ], [ 110.572587958000042, -7.583099532999938, 0.0 ], [ 110.572579019000045, -7.58312699399994, 0.0 ], [ 110.572559827000077, -7.583173061999958, 0.0 ], [ 110.572529702000054, -7.58325180199995, 0.0 ], [ 110.572505137000064, -7.58331600899993, 0.0 ], [ 110.572484835000068, -7.583359952999956, 0.0 ], [ 110.572458891000053, -7.583416107999938, 0.0 ], [ 110.572436550000077, -7.583464462999927, 0.0 ], [ 110.57242731000008, -7.583488115999955, 0.0 ], [ 110.57241868300008, -7.583510195999963, 0.0 ], [ 110.572406446000059, -7.583557736999978, 0.0 ], [ 110.572401340000056, -7.583596388999979, 0.0 ], [ 110.572400017000064, -7.58360640099994, 0.0 ], [ 110.572399488000087, -7.583655481999926, 0.0 ], [ 110.572400818000062, -7.583667539999965, 0.0 ], [ 110.572403915000052, -7.583695623999972, 0.0 ], [ 110.572404868000035, -7.583704270999931, 0.0 ], [ 110.572405679000042, -7.583707730999947, 0.0 ], [ 110.572413538000035, -7.583741238999949, 0.0 ], [ 110.572416077000071, -7.583752064999942, 0.0 ], [ 110.572442372000069, -7.583839963999935, 0.0 ], [ 110.572476042000062, -7.583952524999972, 0.0 ], [ 110.572484381000038, -7.583980400999963, 0.0 ], [ 110.572286, -7.584006, 0.0 ], [ 110.572242, -7.584007, 0.0 ], [ 110.571722302000069, -7.583967686999927, 0.0 ], [ 110.5717, -7.583966, 0.0 ], [ 110.57061599900004, -7.58385, 0.0 ], [ 110.570099, -7.583854, 0.0 ], [ 110.569573, -7.583857, 0.0 ], [ 110.569357, -7.583781, 0.0 ], [ 110.569214999000053, -7.58366, 0.0 ], [ 110.568883999000036, -7.58327, 0.0 ], [ 110.56864, -7.583017, 0.0 ], [ 110.568131, -7.582651, 0.0 ], [ 110.568061999000065, -7.582657000999973, 0.0 ], [ 110.567975, -7.582664, 0.0 ], [ 110.567550999000048, -7.58272, 0.0 ], [ 110.567388, -7.582648, 0.0 ], [ 110.5668, -7.582294, 0.0 ], [ 110.566103, -7.582136, 0.0 ], [ 110.565506999000036, -7.582150000999945, 0.0 ], [ 110.565076, -7.582178, 0.0 ], [ 110.564877999000089, -7.582118, 0.0 ], [ 110.564596, -7.58194, 0.0 ], [ 110.564015, -7.581636, 0.0 ], [ 110.56384599900008, -7.581658, 0.0 ], [ 110.563590999000041, -7.581666, 0.0 ], [ 110.563532999000074, -7.58159, 0.0 ], [ 110.563362999000049, -7.581369000999928, 0.0 ], [ 110.563219, -7.581336, 0.0 ], [ 110.562433, -7.58124, 0.0 ], [ 110.561426999000048, -7.581009, 0.0 ], [ 110.561039, -7.580896, 0.0 ], [ 110.560973, -7.580848, 0.0 ], [ 110.560793, -7.580704, 0.0 ], [ 110.560515999000074, -7.580495, 0.0 ], [ 110.560155, -7.580275, 0.0 ], [ 110.55985, -7.580091, 0.0 ], [ 110.559271, -7.579822, 0.0 ], [ 110.558646, -7.579287, 0.0 ], [ 110.558433, -7.579084, 0.0 ], [ 110.558211, -7.579004, 0.0 ], [ 110.557777, -7.578859, 0.0 ], [ 110.557528, -7.578691, 0.0 ], [ 110.55726099900005, -7.578549, 0.0 ], [ 110.556651999000053, -7.578321, 0.0 ], [ 110.556326, -7.578170000999933, 0.0 ], [ 110.555533, -7.577800000999957, 0.0 ], [ 110.555277, -7.577793, 0.0 ], [ 110.554697, -7.577786, 0.0 ], [ 110.554486, -7.577714, 0.0 ], [ 110.554242, -7.577547000999971, 0.0 ], [ 110.553575170000045, -7.577017981999973, 0.0 ], [ 110.553661924000039, -7.576874215999965, 0.0 ], [ 110.554123539000045, -7.575956933999976, 0.0 ], [ 110.554587535000053, -7.575086051999961, 0.0 ], [ 110.554911023000045, -7.574468640999953, 0.0 ], [ 110.555285968000078, -7.573629672999971, 0.0 ], [ 110.555237734000059, -7.573587812999961, 0.0 ], [ 110.554832274000034, -7.573509764999926, 0.0 ], [ 110.554383032000032, -7.573349865999944, 0.0 ], [ 110.552967530000046, -7.572803540999928, 0.0 ], [ 110.551479201000063, -7.572247423999954, 0.0 ], [ 110.551709586000072, -7.571844434999946, 0.0 ], [ 110.551991892000046, -7.571269661999963, 0.0 ], [ 110.552884190000043, -7.569614745999957, 0.0 ], [ 110.553172913000083, -7.569084328999963, 0.0 ], [ 110.553321999000048, -7.569133, 0.0 ], [ 110.553899999000066, -7.569332, 0.0 ], [ 110.554264, -7.569567, 0.0 ], [ 110.554744, -7.569994, 0.0 ], [ 110.555142, -7.570335, 0.0 ], [ 110.555425, -7.570407, 0.0 ], [ 110.555759, -7.570443, 0.0 ], [ 110.556561999000053, -7.570524, 0.0 ], [ 110.557106999000041, -7.570557, 0.0 ], [ 110.557397, -7.570718, 0.0 ], [ 110.557693999000037, -7.570855, 0.0 ], [ 110.557941, -7.570937000999947, 0.0 ], [ 110.558259999000086, -7.571105, 0.0 ], [ 110.558548999000038, -7.571347000999936, 0.0 ], [ 110.559057999000061, -7.571721, 0.0 ], [ 110.559278, -7.571789, 0.0 ], [ 110.560019, -7.571983, 0.0 ], [ 110.560868, -7.572285, 0.0 ], [ 110.561136, -7.571865, 0.0 ], [ 110.56158, -7.570887, 0.0 ], [ 110.561846208000077, -7.570092859999932, 0.0 ], [ 110.56233979600006, -7.570270552999943, 0.0 ], [ 110.56263960800004, -7.570391904999951, 0.0 ], [ 110.562768099000039, -7.570420457999944, 0.0 ], [ 110.56296797400006, -7.570420457999944, 0.0 ], [ 110.563096465000058, -7.570391904999951, 0.0 ], [ 110.563224956000056, -7.570406180999953, 0.0 ], [ 110.563881687000048, -7.570620332999965, 0.0 ], [ 110.564643114000035, -7.570893971999965, 0.0 ], [ 110.565303415000074, -7.571096225999952, 0.0 ], [ 110.565820948000066, -7.571233043999939, 0.0 ], [ 110.566534786000034, -7.571476938999979, 0.0 ], [ 110.566884, -7.570549, 0.0 ], [ 110.567640260000076, -7.568831950999936, 0.0 ], [ 110.56766, -7.56898, 0.0 ], [ 110.567745999000067, -7.569131, 0.0 ], [ 110.568118, -7.569729000999928, 0.0 ], [ 110.568688, -7.571066, 0.0 ], [ 110.568689610000035, -7.571069082999941, 0.0 ], [ 110.56869, -7.57107, 0.0 ], [ 110.56884, -7.57136, 0.0 ], [ 110.568867302000058, -7.571507432999965, 0.0 ], [ 110.56889, -7.57163, 0.0 ], [ 110.56889288800005, -7.571696417999931, 0.0 ], [ 110.568898009000065, -7.571814203999963, 0.0 ], [ 110.568898999000055, -7.571859, 0.0 ], [ 110.568785, -7.572232, 0.0 ], [ 110.568753119000064, -7.572349863999932, 0.0 ], [ 110.56875, -7.572360000999936, 0.0 ], [ 110.56887, -7.57253, 0.0 ], [ 110.569067152000059, -7.572702507999963, 0.0 ], [ 110.569067200000063, -7.572702550999963, 0.0 ], [ 110.569268, -7.572882, 0.0 ], [ 110.569459359000064, -7.573055332999957, 0.0 ], [ 110.569539999000085, -7.57313, 0.0 ], [ 110.56965, -7.57328, 0.0 ], [ 110.56974, -7.57336, 0.0 ], [ 110.57043, -7.57397, 0.0 ], [ 110.57118, -7.57463, 0.0 ], [ 110.571204054000077, -7.574645145999966, 0.0 ], [ 110.571204150000085, -7.574645206999946, 0.0 ], [ 110.571447, -7.5748, 0.0 ], [ 110.571511199000042, -7.574840799999947, 0.0 ], [ 110.57166, -7.57494, 0.0 ], [ 110.571729575000063, -7.574977462999925, 0.0 ], [ 110.57179, -7.575014000999943, 0.0 ], [ 110.571947074000036, -7.575124236999955, 0.0 ], [ 110.57212, -7.57525, 0.0 ], [ 110.57257, -7.575500000999966, 0.0 ], [ 110.57302, -7.57575, 0.0 ], [ 110.573614999000085, -7.57598, 0.0 ], [ 110.574206, -7.576212, 0.0 ], [ 110.574202052000089, -7.57639280799998, 0.0 ], [ 110.574201576000064, -7.576403762999973, 0.0 ], [ 110.574199999000086, -7.57644, 0.0 ], [ 110.574267621000047, -7.576546, 0.0 ], [ 110.574267678000069, -7.576546089999965, 0.0 ], [ 110.57457, -7.577020000999937, 0.0 ], [ 110.574912108000035, -7.577452299999948, 0.0 ], [ 110.575513314000034, -7.578212005999944, 0.0 ], [ 110.575532305000081, -7.578236004999951, 0.0 ], [ 110.57567, -7.57841, 0.0 ], [ 110.576019361000078, -7.578701133999971, 0.0 ], [ 110.57603, -7.57871, 0.0 ], [ 110.576243222000073, -7.578867110999965, 0.0 ], [ 110.57641, -7.578990000999966, 0.0 ], [ 110.57717, -7.579850000999954, 0.0 ], [ 110.577325465000058, -7.58000990599993, 0.0 ], [ 110.57752, -7.58021, 0.0 ], [ 110.577656436000041, -7.580351893999932, 0.0 ], [ 110.577769999000054, -7.58047, 0.0 ], [ 110.57789, -7.580610000999968, 0.0 ], [ 110.57828, -7.58107, 0.0 ], [ 110.5788, -7.581720000999951, 0.0 ], [ 110.57952, -7.582460000999959, 0.0 ], [ 110.579762612000081, -7.582707666999966, 0.0 ], [ 110.579998, -7.582951000999969, 0.0 ], [ 110.58, -7.582953, 0.0 ], [ 110.580348, -7.58339, 0.0 ], [ 110.580418073000033, -7.583549971999958, 0.0 ], [ 110.58055, -7.58386, 0.0 ], [ 110.58079, -7.5842, 0.0 ], [ 110.580875158000083, -7.584293672999934, 0.0 ], [ 110.580986, -7.584421, 0.0 ], [ 110.581002720000072, -7.58446452499993, 0.0 ], [ 110.581009922000078, -7.584489734999977, 0.0 ], [ 110.581011343000057, -7.584492163999926, 0.0 ], [ 110.58103139800005, -7.584523795999928, 0.0 ] ] ] ] } },
{ "type": "Feature", "properties": { "NAMOBJ": "Pusporenggo", "FCODE": "BA03070040", "REMARK": "Wilayah Administrasi Kelurahan/Desa", "METADATA": "TASWIL1000020221227_DATA_BATAS_DESAKELURAHAN", "SRS_ID": "SRGI 2013", "KDBBPS": null, "KDCBPS": null, "KDCPUM": "33.09.04", "KDEBPS": null, "KDEPUM": "33.09.04.2020", "KDPBPS": null, "KDPKAB": "33.09", "KDPPUM": "33", "LUASWH": 0.0, "TIPADM": 1, "WADMKC": "Musuk", "WADMKD": "Pusporenggo", "WADMKK": "Boyolali", "WADMPR": "Jawa Tengah", "WIADKC": null, "WIADKK": null, "WIADPR": null, "WIADKD": null, "UUPP": "Hasil Delineasi Batas Desa 2017", "luas": 2.3813953078709549, "SHAPE_Leng": 0.071105503553543004, "SHAPE_Area": 0.00019510871237699999 }, "geometry": { "type": "MultiPolygon", "coordinates": [ [ [ [ 110.588619, -7.533219000999964, 0.0 ], [ 110.589076, -7.5335, 0.0 ], [ 110.589638, -7.533857, 0.0 ], [ 110.590116, -7.534162, 0.0 ], [ 110.590168, -7.53417, 0.0 ], [ 110.59044, -7.534261, 0.0 ], [ 110.591004, -7.534471, 0.0 ], [ 110.591102, -7.534505000999957, 0.0 ], [ 110.591061, -7.534662000999958, 0.0 ], [ 110.591048, -7.534743000999981, 0.0 ], [ 110.591035, -7.534827, 0.0 ], [ 110.591002, -7.535005, 0.0 ], [ 110.590795999000079, -7.535115, 0.0 ], [ 110.590417, -7.535277, 0.0 ], [ 110.590177, -7.535408, 0.0 ], [ 110.590168, -7.535413, 0.0 ], [ 110.589933, -7.536371, 0.0 ], [ 110.589823, -7.536818, 0.0 ], [ 110.58972, -7.537385, 0.0 ], [ 110.58962, -7.538036000999966, 0.0 ], [ 110.589396, -7.538809, 0.0 ], [ 110.589349, -7.53896, 0.0 ], [ 110.589320365000049, -7.539046964999955, 0.0 ], [ 110.58929499900006, -7.539124, 0.0 ], [ 110.589116, -7.539887, 0.0 ], [ 110.589086, -7.540067000999954, 0.0 ], [ 110.588963662000083, -7.540557985999953, 0.0 ], [ 110.588911314000086, -7.54067219999996, 0.0 ], [ 110.588873242000034, -7.540748341999972, 0.0 ], [ 110.588878001000069, -7.540805448999947, 0.0 ], [ 110.588930349000066, -7.540895868999939, 0.0 ], [ 110.589011251000045, -7.540991046999977, 0.0 ], [ 110.589030287000071, -7.541057671999965, 0.0 ], [ 110.589039804000038, -7.541152850999936, 0.0 ], [ 110.589011251000045, -7.541295617999936, 0.0 ], [ 110.588901796000073, -7.541638260999946, 0.0 ], [ 110.588843583000084, -7.541812898999979, 0.0 ], [ 110.588998, -7.541937000999951, 0.0 ], [ 110.589284, -7.541995000999975, 0.0 ], [ 110.589677, -7.54199, 0.0 ], [ 110.589860999000052, -7.541986, 0.0 ], [ 110.58989590200008, -7.54202745799995, 0.0 ], [ 110.589790944000072, -7.54202745799995, 0.0 ], [ 110.589732551000054, -7.542040275999966, 0.0 ], [ 110.589693386000079, -7.542048873999931, 0.0 ], [ 110.589664475000063, -7.542064568999933, 0.0 ], [ 110.589610104000087, -7.542094082999938, 0.0 ], [ 110.589552997000055, -7.542172605999951, 0.0 ], [ 110.58949589000008, -7.542289198999981, 0.0 ], [ 110.589424507000047, -7.542443863999949, 0.0 ], [ 110.589374538000072, -7.542634221999947, 0.0 ], [ 110.589288877000058, -7.542936413999939, 0.0 ], [ 110.589224632000082, -7.543062524999925, 0.0 ], [ 110.589174663000051, -7.543200533999936, 0.0 ], [ 110.589115176000064, -7.543326644999979, 0.0 ], [ 110.588980737000043, -7.543919130999939, 0.0 ], [ 110.588811200000066, -7.544406918999925, 0.0 ], [ 110.588823098000034, -7.544499123999969, 0.0 ], [ 110.588876636000066, -7.544618096999955, 0.0 ], [ 110.588897456000041, -7.544719223999948, 0.0 ], [ 110.588891507000085, -7.544823324999925, 0.0 ], [ 110.588840943000037, -7.544921477999935, 0.0 ], [ 110.588739816000043, -7.545162397999945, 0.0 ], [ 110.588575017000039, -7.54552681499996, 0.0 ], [ 110.58852863900006, -7.545629368999926, 0.0 ], [ 110.588387, -7.545914000999971, 0.0 ], [ 110.588266832000045, -7.546105489999945, 0.0 ], [ 110.588064578000058, -7.546361280999974, 0.0 ], [ 110.587978322000083, -7.546391023999945, 0.0 ], [ 110.587877195000033, -7.546399946999941, 0.0 ], [ 110.587770119000083, -7.546388049999962, 0.0 ], [ 110.58763330000005, -7.546325589999981, 0.0 ], [ 110.58761518700004, -7.546306081999944, 0.0 ], [ 110.587594634000084, -7.546283947999939, 0.0 ], [ 110.587547045000065, -7.54622446299993, 0.0 ], [ 110.587496481000073, -7.546159025999941, 0.0 ], [ 110.587454841000067, -7.546087642999964, 0.0 ], [ 110.587398329000052, -7.545995439999956, 0.0 ], [ 110.587371560000065, -7.545903233999979, 0.0 ], [ 110.587344791000078, -7.545742620999931, 0.0 ], [ 110.587371560000065, -7.545623647999946, 0.0 ], [ 110.587407251000059, -7.545531443999948, 0.0 ], [ 110.587442944000088, -7.54545113699993, 0.0 ], [ 110.587475661000042, -7.545254831999955, 0.0 ], [ 110.587451866000038, -7.545165600999951, 0.0 ], [ 110.587419149000084, -7.545094217999974, 0.0 ], [ 110.587386431000084, -7.545016884999939, 0.0 ], [ 110.587338842000065, -7.544951449999928, 0.0 ], [ 110.587285304000034, -7.544883040999935, 0.0 ], [ 110.587240689000055, -7.544850322999935, 0.0 ], [ 110.587160383000082, -7.544826528999977, 0.0 ], [ 110.587068178000038, -7.544823554999937, 0.0 ], [ 110.586981922000064, -7.544850322999935, 0.0 ], [ 110.58691351300007, -7.544886014999975, 0.0 ], [ 110.586885484000049, -7.54490470099995, 0.0 ], [ 110.586868899000081, -7.544915757999945, 0.0 ], [ 110.586723157000051, -7.545064473999957, 0.0 ], [ 110.586675567000043, -7.545123960999945, 0.0 ], [ 110.58663987500006, -7.54516857599998, 0.0 ], [ 110.586601209000037, -7.545228061999978, 0.0 ], [ 110.586538748000066, -7.54531134299998, 0.0 ], [ 110.586494133000087, -7.545347035999953, 0.0 ], [ 110.586455467000064, -7.545385701999976, 0.0 ], [ 110.586413827000058, -7.545433290999938, 0.0 ], [ 110.586375160000046, -7.545489802999953, 0.0 ], [ 110.586202649000086, -7.54572477499994, 0.0 ], [ 110.58612531600005, -7.54579318499998, 0.0 ], [ 110.586074753000048, -7.545825901999933, 0.0 ], [ 110.58598418400004, -7.54585954199996, 0.0 ], [ 110.585970652000071, -7.545864567999956, 0.0 ], [ 110.585815987000046, -7.545921079999971, 0.0 ], [ 110.58578656800006, -7.545927364999955, 0.0 ], [ 110.585666881000066, -7.54587345799996, 0.0 ], [ 110.585521139000036, -7.54580802299995, 0.0 ], [ 110.585363499000039, -7.545715817999962, 0.0 ], [ 110.585214783000083, -7.545605768999962, 0.0 ], [ 110.585082722000038, -7.545451102999948, 0.0 ], [ 110.58492805800006, -7.545236951999925, 0.0 ], [ 110.584803136000062, -7.545076338999934, 0.0 ], [ 110.584693086000073, -7.545016851999947, 0.0 ], [ 110.584588985000039, -7.544993056999942, 0.0 ], [ 110.584481909000033, -7.545007928999951, 0.0 ], [ 110.584354013000052, -7.545115003999967, 0.0 ], [ 110.584288578000042, -7.545245874999978, 0.0 ], [ 110.584175554000069, -7.545480846999965, 0.0 ], [ 110.583979248000048, -7.545778278999933, 0.0 ], [ 110.583895967000046, -7.545870482999931, 0.0 ], [ 110.58369073700004, -7.545918072999939, 0.0 ], [ 110.583571765000045, -7.545852636999939, 0.0 ], [ 110.583399254000085, -7.545763407999971, 0.0 ], [ 110.583351665000066, -7.545614690999969, 0.0 ], [ 110.583395130000042, -7.545202389999929, 0.0 ], [ 110.583386207000046, -7.545062596999969, 0.0 ], [ 110.583353489000046, -7.544979315999967, 0.0 ], [ 110.58324938800007, -7.544919829999969, 0.0 ], [ 110.583118518000049, -7.544946597999967, 0.0 ], [ 110.582919238000045, -7.54501500899994, 0.0 ], [ 110.582696163000037, -7.545139928999959, 0.0 ], [ 110.582571242000085, -7.545241055999952, 0.0 ], [ 110.582395756000039, -7.545380849999958, 0.0 ], [ 110.58228570600005, -7.545419515999981, 0.0 ], [ 110.582211348000044, -7.545404643999973, 0.0 ], [ 110.582154836000086, -7.545345158999964, 0.0 ], [ 110.58208047800008, -7.545202389999929, 0.0 ], [ 110.582006120000074, -7.545038801999965, 0.0 ], [ 110.581925813000055, -7.544910906999974, 0.0 ], [ 110.581818737000049, -7.544842496999934, 0.0 ], [ 110.581744379000042, -7.54480680599994, 0.0 ], [ 110.581601611000053, -7.544777060999934, 0.0 ], [ 110.581257422000078, -7.544813823999959, 0.0 ], [ 110.581152726000084, -7.544785270999967, 0.0 ], [ 110.581071824000048, -7.544642502999977, 0.0 ], [ 110.580867191000038, -7.544414074999963, 0.0 ], [ 110.580748218000053, -7.544285584999955, 0.0 ], [ 110.580638762000035, -7.544214199999942, 0.0 ], [ 110.580505513000048, -7.54416661099998, 0.0 ], [ 110.580310397000062, -7.544119020999972, 0.0 ], [ 110.58015811100006, -7.544109504999938, 0.0 ], [ 110.579915406000055, -7.544119020999972, 0.0 ], [ 110.579663183000036, -7.544152333999932, 0.0 ], [ 110.579354, -7.544319, 0.0 ], [ 110.578937, -7.5445, 0.0 ], [ 110.578699999000037, -7.544526, 0.0 ], [ 110.578321, -7.544567, 0.0 ], [ 110.578099, -7.544676, 0.0 ], [ 110.577943, -7.544713, 0.0 ], [ 110.577716, -7.544651, 0.0 ], [ 110.577274999000053, -7.544534, 0.0 ], [ 110.57709, -7.544578, 0.0 ], [ 110.576980999000057, -7.544697, 0.0 ], [ 110.576773, -7.54493, 0.0 ], [ 110.576589, -7.545013, 0.0 ], [ 110.57642, -7.544998000999954, 0.0 ], [ 110.576267999000038, -7.544908, 0.0 ], [ 110.576119, -7.544726000999958, 0.0 ], [ 110.57585799900005, -7.544447, 0.0 ], [ 110.57571499900007, -7.544436, 0.0 ], [ 110.575357, -7.544498, 0.0 ], [ 110.575018, -7.544557, 0.0 ], [ 110.574835999000072, -7.544495, 0.0 ], [ 110.574532999000041, -7.544417, 0.0 ], [ 110.574313, -7.544457, 0.0 ], [ 110.57328, -7.544697, 0.0 ], [ 110.57301, -7.544656, 0.0 ], [ 110.572899, -7.544555, 0.0 ], [ 110.572787, -7.544338000999971, 0.0 ], [ 110.572718999000074, -7.544039, 0.0 ], [ 110.572711999000035, -7.543993, 0.0 ], [ 110.572637, -7.543899, 0.0 ], [ 110.572493, -7.543845, 0.0 ], [ 110.572316, -7.543863, 0.0 ], [ 110.57213, -7.54395, 0.0 ], [ 110.572026999000059, -7.54400500099996, 0.0 ], [ 110.572035999000036, -7.543688, 0.0 ], [ 110.572045, -7.543402000999947, 0.0 ], [ 110.572068999000066, -7.542989000999967, 0.0 ], [ 110.57208599900008, -7.542354, 0.0 ], [ 110.572142, -7.541751, 0.0 ], [ 110.57223, -7.540958, 0.0 ], [ 110.572295, -7.540259000999981, 0.0 ], [ 110.572361999000066, -7.539803, 0.0 ], [ 110.572957, -7.539817, 0.0 ], [ 110.573127999000064, -7.539867, 0.0 ], [ 110.573306, -7.538883, 0.0 ], [ 110.57343, -7.538394, 0.0 ], [ 110.573585, -7.537860000999956, 0.0 ], [ 110.573570999000083, -7.537523, 0.0 ], [ 110.573459999000079, -7.53725, 0.0 ], [ 110.573079, -7.537116, 0.0 ], [ 110.572881, -7.537053, 0.0 ], [ 110.572839, -7.536993, 0.0 ], [ 110.572478, -7.536465, 0.0 ], [ 110.572204, -7.536236, 0.0 ], [ 110.571873, -7.536035, 0.0 ], [ 110.571054, -7.535595, 0.0 ], [ 110.570727519000059, -7.535321972999952, 0.0 ], [ 110.570940549000056, -7.535130335999952, 0.0 ], [ 110.571055902000069, -7.53488992299998, 0.0 ], [ 110.571316963000072, -7.534476389999952, 0.0 ], [ 110.571604679000075, -7.534486799999968, 0.0 ], [ 110.571857497000053, -7.534519517999968, 0.0 ], [ 110.572148981000055, -7.534540337999942, 0.0 ], [ 110.572238211000069, -7.534567107999976, 0.0 ], [ 110.572339338000063, -7.534614695999949, 0.0 ], [ 110.572612976000073, -7.534849667999936, 0.0 ], [ 110.572702206000088, -7.534909153999934, 0.0 ], [ 110.572758718000046, -7.534921051999959, 0.0 ], [ 110.572913383000071, -7.534891307999942, 0.0 ], [ 110.573062099000083, -7.534891307999942, 0.0 ], [ 110.573145380000085, -7.534891307999942, 0.0 ], [ 110.573592719000033, -7.535089992999929, 0.0 ], [ 110.573873495000043, -7.535218483999927, 0.0 ], [ 110.57398770900005, -7.53527083299997, 0.0 ], [ 110.574092405000044, -7.535285108999972, 0.0 ], [ 110.574211379000076, -7.535280349999937, 0.0 ], [ 110.574287521000088, -7.535218483999927, 0.0 ], [ 110.574420771000064, -7.535123305999946, 0.0 ], [ 110.574492155000087, -7.535089992999929, 0.0 ], [ 110.574568298000088, -7.535089992999929, 0.0 ], [ 110.574658717000034, -7.535118547999957, 0.0 ], [ 110.574944253000069, -7.535208965999971, 0.0 ], [ 110.575248824000084, -7.53527083299997, 0.0 ], [ 110.575301172000081, -7.53522800199994, 0.0 ], [ 110.575286895000033, -7.535189930999934, 0.0 ], [ 110.575082260000045, -7.53502336899993, 0.0 ], [ 110.574715824000066, -7.534771145999969, 0.0 ], [ 110.574592092000046, -7.534652173999973, 0.0 ], [ 110.574573057000066, -7.53459982399994, 0.0 ], [ 110.574633826000081, -7.534495796999977, 0.0 ], [ 110.574943156000074, -7.534025853999935, 0.0 ], [ 110.575085922000085, -7.533906879999961, 0.0 ], [ 110.575275041000054, -7.53390117999993, 0.0 ], [ 110.575358322000056, -7.533841692999943, 0.0 ], [ 110.575370219000035, -7.533743539999932, 0.0 ], [ 110.575405911000075, -7.533666207999943, 0.0 ], [ 110.575587345000088, -7.533579951999968, 0.0 ], [ 110.575810420000039, -7.533490723999932, 0.0 ], [ 110.575994828000034, -7.533428261999973, 0.0 ], [ 110.576164364000078, -7.533425286999943, 0.0 ], [ 110.576342824000051, -7.533458004999943, 0.0 ], [ 110.576476669000044, -7.533493697999972, 0.0 ], [ 110.576961484000037, -7.533496075999949, 0.0 ], [ 110.577154220000068, -7.533463953999956, 0.0 ], [ 110.577357664000033, -7.533392570999979, 0.0 ], [ 110.577457601000049, -7.533342601999948, 0.0 ], [ 110.577578954000046, -7.533299770999974, 0.0 ], [ 110.577732429000037, -7.533285494999973, 0.0 ], [ 110.577921596000067, -7.533321185999966, 0.0 ], [ 110.578082210000048, -7.533324754999967, 0.0 ], [ 110.578224978000037, -7.533317617999955, 0.0 ], [ 110.578378453000084, -7.533292632999974, 0.0 ], [ 110.578517651000084, -7.533299770999974, 0.0 ], [ 110.578656850000073, -7.533335463999947, 0.0 ], [ 110.578810324000074, -7.53336401599995, 0.0 ], [ 110.579240770000069, -7.533423503999927, 0.0 ], [ 110.579532254000071, -7.533477040999969, 0.0 ], [ 110.57975235300006, -7.533506784999929, 0.0 ], [ 110.579930813000033, -7.533596013999954, 0.0 ], [ 110.580127119000053, -7.533601961999977, 0.0 ], [ 110.58036506500008, -7.533619808999958, 0.0 ], [ 110.580567319000068, -7.533649551999929, 0.0 ], [ 110.580799317000071, -7.533685243999969, 0.0 ], [ 110.580948033000084, -7.533709037999927, 0.0 ], [ 110.581137496000053, -7.533788749999928, 0.0 ], [ 110.58124457200006, -7.533895825999934, 0.0 ], [ 110.581423033000078, -7.533956501999967, 0.0 ], [ 110.581630046000043, -7.533970778999958, 0.0 ], [ 110.581787090000034, -7.533970778999958, 0.0 ], [ 110.581894166000041, -7.533956501999967, 0.0 ], [ 110.582019088000038, -7.533892256999934, 0.0 ], [ 110.582151148000037, -7.533767334999936, 0.0 ], [ 110.582279639000035, -7.533617428999946, 0.0 ], [ 110.58237243700006, -7.533492506999949, 0.0 ], [ 110.582483083000056, -7.533331893999957, 0.0 ], [ 110.582600866000064, -7.533224817999951, 0.0 ], [ 110.582729357000062, -7.533139156999937, 0.0 ], [ 110.582926137000072, -7.533112506999942, 0.0 ], [ 110.583111736000035, -7.533130352999933, 0.0 ], [ 110.583279488000073, -7.533148199999971, 0.0 ], [ 110.583497209000086, -7.53310179999994, 0.0 ], [ 110.583832713000049, -7.533016139999972, 0.0 ], [ 110.584207478000053, -7.532923339999968, 0.0 ], [ 110.584667904000071, -7.532746069999973, 0.0 ], [ 110.58482970700004, -7.532698480999954, 0.0 ], [ 110.585020064000048, -7.532707998999967, 0.0 ], [ 110.585129519000077, -7.532769865999967, 0.0 ], [ 110.585310358000072, -7.532831730999931, 0.0 ], [ 110.585562581000033, -7.532865043999948, 0.0 ], [ 110.585838599000056, -7.532903114999954, 0.0 ], [ 110.586166964000085, -7.532926908999968, 0.0 ], [ 110.586442982000051, -7.532926908999968, 0.0 ], [ 110.586600026000042, -7.53287931999995, 0.0 ], [ 110.586771347000081, -7.532807936999973, 0.0 ], [ 110.586890320000066, -7.532712758999935, 0.0 ], [ 110.586995017000049, -7.532669927999962, 0.0 ], [ 110.587175856000044, -7.532650892999925, 0.0 ], [ 110.587462977000087, -7.53271830999995, 0.0 ], [ 110.587677129000042, -7.532803971999954, 0.0 ], [ 110.587834173000033, -7.532870594999963, 0.0 ], [ 110.588198913000042, -7.533057141999961, 0.0 ], [ 110.588619, -7.533219000999964, 0.0 ] ] ] ] } },
{ "type": "Feature", "properties": { "NAMOBJ": "Ringinlarik", "FCODE": "BA03070040", "REMARK": "Wilayah Administrasi Kelurahan/Desa", "METADATA": "TASWIL1000020221227_DATA_BATAS_DESAKELURAHAN", "SRS_ID": "SRGI 2013", "KDBBPS": null, "KDCBPS": null, "KDCPUM": "33.09.04", "KDEBPS": null, "KDEPUM": "33.09.04.2016", "KDPBPS": null, "KDPKAB": "33.09", "KDPPUM": "33", "LUASWH": 0.0, "TIPADM": 1, "WADMKC": "Musuk", "WADMKD": "Ringinlarik", "WADMKK": "Boyolali", "WADMPR": "Jawa Tengah", "WIADKC": null, "WIADKK": null, "WIADPR": null, "WIADKD": null, "UUPP": "Hasil Delineasi Batas Desa 2017", "luas": 3.083950775547204, "SHAPE_Leng": 0.094166863290663996, "SHAPE_Area": 0.00025267805347899998 }, "geometry": { "type": "MultiPolygon", "coordinates": [ [ [ [ 110.547409, -7.548128, 0.0 ], [ 110.547799, -7.548180000999935, 0.0 ], [ 110.548086, -7.548202, 0.0 ], [ 110.548314, -7.548207, 0.0 ], [ 110.54843, -7.548265, 0.0 ], [ 110.548544, -7.548419, 0.0 ], [ 110.548609, -7.548563, 0.0 ], [ 110.548691, -7.548633, 0.0 ], [ 110.54901, -7.548512, 0.0 ], [ 110.549214, -7.548413000999972, 0.0 ], [ 110.549366, -7.548393000999965, 0.0 ], [ 110.550247, -7.548786, 0.0 ], [ 110.550473, -7.548885, 0.0 ], [ 110.551112, -7.548571, 0.0 ], [ 110.551284, -7.548493, 0.0 ], [ 110.551446, -7.548419, 0.0 ], [ 110.551837, -7.548274000999982, 0.0 ], [ 110.552045, -7.548242, 0.0 ], [ 110.551948449000065, -7.54880510199996, 0.0 ], [ 110.551910378000059, -7.549043048999977, 0.0 ], [ 110.551834235000058, -7.549242922999952, 0.0 ], [ 110.551700985000082, -7.549471351999955, 0.0 ], [ 110.551591530000053, -7.549566529999936, 0.0 ], [ 110.551439244000051, -7.549666467999941, 0.0 ], [ 110.551363102000039, -7.549737850999975, 0.0 ], [ 110.551310754000042, -7.549809233999952, 0.0 ], [ 110.551229852000063, -7.549928207999926, 0.0 ], [ 110.551182263000044, -7.550056697999935, 0.0 ], [ 110.551074765000067, -7.550206694999929, 0.0 ], [ 110.551056608000067, -7.550310858999978, 0.0 ], [ 110.55072705300006, -7.551438723999979, 0.0 ], [ 110.550596183000039, -7.552360764999946, 0.0 ], [ 110.55051835900008, -7.553361419999931, 0.0 ], [ 110.550241780000079, -7.554498556999931, 0.0 ], [ 110.550060942000073, -7.555364680999958, 0.0 ], [ 110.550013352000065, -7.555792983999936, 0.0 ], [ 110.549861067000052, -7.556497303999947, 0.0 ], [ 110.549737335000088, -7.556944642999952, 0.0 ], [ 110.549623121000081, -7.557249213999967, 0.0 ], [ 110.549400293000076, -7.55773800399993, 0.0 ], [ 110.549328909000053, -7.557966430999954, 0.0 ], [ 110.549235, -7.558207, 0.0 ], [ 110.548832, -7.558022, 0.0 ], [ 110.54814, -7.557763, 0.0 ], [ 110.547727999000074, -7.557608, 0.0 ], [ 110.547218999000052, -7.557402000999957, 0.0 ], [ 110.546783, -7.557226000999947, 0.0 ], [ 110.546493, -7.556962, 0.0 ], [ 110.546317, -7.556924, 0.0 ], [ 110.545237, -7.556828, 0.0 ], [ 110.54507, -7.556962, 0.0 ], [ 110.54498, -7.556929, 0.0 ], [ 110.544852, -7.556791, 0.0 ], [ 110.544639, -7.556618, 0.0 ], [ 110.544474, -7.556576, 0.0 ], [ 110.544137999000043, -7.556588, 0.0 ], [ 110.543816, -7.556660000999955, 0.0 ], [ 110.542623, -7.557096, 0.0 ], [ 110.542441999000062, -7.557119, 0.0 ], [ 110.542095, -7.557069000999945, 0.0 ], [ 110.541835999000057, -7.557065, 0.0 ], [ 110.54158299900007, -7.557099, 0.0 ], [ 110.541141, -7.557165, 0.0 ], [ 110.541094999000052, -7.557271, 0.0 ], [ 110.541074, -7.557326000999979, 0.0 ], [ 110.541014, -7.557486, 0.0 ], [ 110.540869, -7.557872000999964, 0.0 ], [ 110.540399, -7.559123, 0.0 ], [ 110.540242, -7.559502, 0.0 ], [ 110.54005, -7.559921, 0.0 ], [ 110.539876, -7.560262, 0.0 ], [ 110.539705, -7.560665, 0.0 ], [ 110.539475999000047, -7.561185000999956, 0.0 ], [ 110.539116, -7.561909000999947, 0.0 ], [ 110.53908, -7.56198600099998, 0.0 ], [ 110.539046, -7.562063000999956, 0.0 ], [ 110.538975, -7.562224, 0.0 ], [ 110.538851, -7.56215, 0.0 ], [ 110.538647, -7.561968, 0.0 ], [ 110.53845, -7.561756, 0.0 ], [ 110.538184, -7.561532, 0.0 ], [ 110.537905, -7.561214, 0.0 ], [ 110.537106, -7.560679000999926, 0.0 ], [ 110.537046, -7.560645, 0.0 ], [ 110.536976, -7.56061, 0.0 ], [ 110.536831, -7.560533, 0.0 ], [ 110.53643, -7.560362, 0.0 ], [ 110.536016999000083, -7.560119, 0.0 ], [ 110.535577, -7.559808, 0.0 ], [ 110.535301, -7.559645000999978, 0.0 ], [ 110.534966, -7.559562, 0.0 ], [ 110.534689, -7.559552, 0.0 ], [ 110.534345, -7.559613, 0.0 ], [ 110.533942, -7.559689, 0.0 ], [ 110.533711, -7.559686000999932, 0.0 ], [ 110.533463, -7.559607000999961, 0.0 ], [ 110.53325, -7.559459, 0.0 ], [ 110.533184661000064, -7.559403578999934, 0.0 ], [ 110.533077761000072, -7.559647921999954, 0.0 ], [ 110.532997454000053, -7.559823405999964, 0.0 ], [ 110.532933738000054, -7.559839334999936, 0.0 ], [ 110.532919, -7.559880000999954, 0.0 ], [ 110.532668, -7.560628, 0.0 ], [ 110.532446609000033, -7.561140932999933, 0.0 ], [ 110.532280046000039, -7.561491903999979, 0.0 ], [ 110.532235946000071, -7.561580104999962, 0.0 ], [ 110.532084732000044, -7.561931112999957, 0.0 ], [ 110.531981226000084, -7.562177386999963, 0.0 ], [ 110.531920550000052, -7.562209509999946, 0.0 ], [ 110.531781351000063, -7.562234493999938, 0.0 ], [ 110.531677843000068, -7.562266616999977, 0.0 ], [ 110.531671177000078, -7.562309122999977, 0.0 ], [ 110.531428, -7.562255, 0.0 ], [ 110.531152, -7.562204, 0.0 ], [ 110.530964, -7.562192, 0.0 ], [ 110.530945, -7.562186, 0.0 ], [ 110.530793, -7.562091, 0.0 ], [ 110.530368, -7.561823, 0.0 ], [ 110.52993, -7.561479000999952, 0.0 ], [ 110.529381, -7.561139, 0.0 ], [ 110.529114, -7.560973000999979, 0.0 ], [ 110.528789, -7.560411, 0.0 ], [ 110.528618, -7.560128, 0.0 ], [ 110.527938, -7.559512, 0.0 ], [ 110.527629, -7.559266, 0.0 ], [ 110.527343, -7.559117000999947, 0.0 ], [ 110.526846, -7.558999000999961, 0.0 ], [ 110.526093, -7.558799, 0.0 ], [ 110.525767, -7.558707000999959, 0.0 ], [ 110.525407999000038, -7.558689000999948, 0.0 ], [ 110.525453, -7.558558, 0.0 ], [ 110.525465999000062, -7.558519, 0.0 ], [ 110.52547, -7.558507, 0.0 ], [ 110.525504, -7.558427, 0.0 ], [ 110.525707, -7.558037, 0.0 ], [ 110.525952, -7.557568, 0.0 ], [ 110.525974722000058, -7.557505219999939, 0.0 ], [ 110.526418145000036, -7.556430751999926, 0.0 ], [ 110.526598984000088, -7.556021483999928, 0.0 ], [ 110.526399109000067, -7.55596199699994, 0.0 ], [ 110.526148999000043, -7.555876, 0.0 ], [ 110.526011, -7.555824000999962, 0.0 ], [ 110.525911, -7.555789, 0.0 ], [ 110.525059, -7.555431000999931, 0.0 ], [ 110.524945, -7.55538, 0.0 ], [ 110.524037, -7.555092, 0.0 ], [ 110.523993, -7.555078, 0.0 ], [ 110.523209, -7.554795, 0.0 ], [ 110.522179, -7.554420000999926, 0.0 ], [ 110.520677932000069, -7.553883140999972, 0.0 ], [ 110.520712, -7.553782, 0.0 ], [ 110.520836, -7.553412, 0.0 ], [ 110.52095, -7.552994000999945, 0.0 ], [ 110.521074, -7.552651, 0.0 ], [ 110.521159, -7.552720000999955, 0.0 ], [ 110.521271, -7.552713, 0.0 ], [ 110.521375773000045, -7.552651030999925, 0.0 ], [ 110.521480856000039, -7.552506541999946, 0.0 ], [ 110.521561162000069, -7.55239946599994, 0.0 ], [ 110.521692033000079, -7.552218032999974, 0.0 ], [ 110.52193354800005, -7.55204492699994, 0.0 ], [ 110.522067393000043, -7.551931901999978, 0.0 ], [ 110.522177443000089, -7.551884313999949, 0.0 ], [ 110.522305338000081, -7.551899185999957, 0.0 ], [ 110.522433235000051, -7.55194677399993, 0.0 ], [ 110.522537336000084, -7.551970568999934, 0.0 ], [ 110.522650361000046, -7.551985440999943, 0.0 ], [ 110.522807, -7.551966, 0.0 ], [ 110.522962, -7.551843000999952, 0.0 ], [ 110.523079, -7.55164900099993, 0.0 ], [ 110.523138150000079, -7.551387600999931, 0.0 ], [ 110.523126253000044, -7.551206166999975, 0.0 ], [ 110.523132201000067, -7.551131808999969, 0.0 ], [ 110.523274969000056, -7.550938476999931, 0.0 ], [ 110.523370148000083, -7.550840324999967, 0.0 ], [ 110.523534999000049, -7.550729, 0.0 ], [ 110.523659768000073, -7.550706677999926, 0.0 ], [ 110.523859642000048, -7.550670985999943, 0.0 ], [ 110.523995272000036, -7.550699539999925, 0.0 ], [ 110.524080932000061, -7.55078519999995, 0.0 ], [ 110.524152316000084, -7.550902983999947, 0.0 ], [ 110.52422013100005, -7.551159965999943, 0.0 ], [ 110.524295084000073, -7.55141337799995, 0.0 ], [ 110.524434282000072, -7.551591837999979, 0.0 ], [ 110.524509235000039, -7.551584698999932, 0.0 ], [ 110.524605603000055, -7.551502607999964, 0.0 ], [ 110.524694833000069, -7.551381254999967, 0.0 ], [ 110.524786236000068, -7.551101098999936, 0.0 ], [ 110.524843343000043, -7.55091454899997, 0.0 ], [ 110.524923293000086, -7.550826983999968, 0.0 ], [ 110.525016568000069, -7.550781297999947, 0.0 ], [ 110.525083193000057, -7.550792719999947, 0.0 ], [ 110.525149818000045, -7.550830790999953, 0.0 ], [ 110.525248803000068, -7.550901222999926, 0.0 ], [ 110.525393475000044, -7.550998304999951, 0.0 ], [ 110.525524821000033, -7.551089675999947, 0.0 ], [ 110.525703756000041, -7.551125843999955, 0.0 ], [ 110.525779741000065, -7.551097369999979, 0.0 ], [ 110.525874918000056, -7.551044069999932, 0.0 ], [ 110.526017687000035, -7.550950794999949, 0.0 ], [ 110.526124286000083, -7.550861327999939, 0.0 ], [ 110.526276572000086, -7.550756630999956, 0.0 ], [ 110.526362233000043, -7.550750920999974, 0.0 ], [ 110.526457411000081, -7.550792798999964, 0.0 ], [ 110.52653545700008, -7.550834676999955, 0.0 ], [ 110.526712489000033, -7.550908916999958, 0.0 ], [ 110.52678482500005, -7.550908916999958, 0.0 ], [ 110.526811475000045, -7.550874651999948, 0.0 ], [ 110.526837, -7.550736, 0.0 ], [ 110.526859, -7.550596000999974, 0.0 ], [ 110.527239999000074, -7.550568, 0.0 ], [ 110.527544, -7.550633000999937, 0.0 ], [ 110.527797, -7.550701, 0.0 ], [ 110.528004, -7.550704, 0.0 ], [ 110.52807, -7.550678, 0.0 ], [ 110.528037, -7.550439000999972, 0.0 ], [ 110.527758, -7.549997, 0.0 ], [ 110.527675, -7.549853000999974, 0.0 ], [ 110.527678, -7.549744, 0.0 ], [ 110.527753, -7.549642000999938, 0.0 ], [ 110.527837, -7.54961900099994, 0.0 ], [ 110.527949492000062, -7.549614608999946, 0.0 ], [ 110.528032772000074, -7.549629479999965, 0.0 ], [ 110.528110105000053, -7.549674095999933, 0.0 ], [ 110.528178515000036, -7.54981388899995, 0.0 ], [ 110.528354, -7.550099424999928, 0.0 ], [ 110.528542813000058, -7.550423102999957, 0.0 ], [ 110.528577, -7.550461000999974, 0.0 ], [ 110.528769, -7.550648, 0.0 ], [ 110.529011, -7.550772000999928, 0.0 ], [ 110.529305, -7.550837, 0.0 ], [ 110.529422, -7.55082, 0.0 ], [ 110.529609, -7.550643, 0.0 ], [ 110.529746, -7.550485, 0.0 ], [ 110.529872999000077, -7.550419000999966, 0.0 ], [ 110.530054, -7.550416, 0.0 ], [ 110.530189, -7.550491, 0.0 ], [ 110.530392, -7.550724, 0.0 ], [ 110.530566, -7.550852, 0.0 ], [ 110.530686, -7.550875, 0.0 ], [ 110.530801, -7.550796, 0.0 ], [ 110.53091, -7.550547, 0.0 ], [ 110.530943, -7.550363000999937, 0.0 ], [ 110.530931, -7.550211, 0.0 ], [ 110.530977, -7.550127000999964, 0.0 ], [ 110.53112, -7.550078, 0.0 ], [ 110.531383, -7.550165000999925, 0.0 ], [ 110.531550999000046, -7.550227000999939, 0.0 ], [ 110.532066, -7.550212, 0.0 ], [ 110.532325, -7.550141, 0.0 ], [ 110.532463, -7.550045, 0.0 ], [ 110.532567, -7.549872, 0.0 ], [ 110.532661999000084, -7.54965, 0.0 ], [ 110.532748, -7.549544000999958, 0.0 ], [ 110.532845, -7.549531, 0.0 ], [ 110.533166, -7.549713, 0.0 ], [ 110.533318, -7.549808, 0.0 ], [ 110.533585, -7.54979, 0.0 ], [ 110.534057, -7.549735, 0.0 ], [ 110.534431, -7.549876000999973, 0.0 ], [ 110.534575, -7.549926, 0.0 ], [ 110.534702, -7.549874000999978, 0.0 ], [ 110.534813, -7.549788, 0.0 ], [ 110.534909, -7.549796000999947, 0.0 ], [ 110.535127, -7.55001200099997, 0.0 ], [ 110.53525, -7.550143, 0.0 ], [ 110.535382, -7.5502, 0.0 ], [ 110.535644, -7.5501, 0.0 ], [ 110.53622, -7.550019, 0.0 ], [ 110.536278, -7.550005, 0.0 ], [ 110.536457, -7.549962, 0.0 ], [ 110.536853, -7.549832, 0.0 ], [ 110.537113, -7.54969700099997, 0.0 ], [ 110.537394, -7.549591, 0.0 ], [ 110.537796, -7.549503000999948, 0.0 ], [ 110.538163661000056, -7.549513947999969, 0.0 ], [ 110.538587764000056, -7.549607351999953, 0.0 ], [ 110.538801916000068, -7.549619249999978, 0.0 ], [ 110.539117195000074, -7.549625196999955, 0.0 ], [ 110.539322423000044, -7.549586530999932, 0.0 ], [ 110.539387858000055, -7.549476480999942, 0.0 ], [ 110.539417601000082, -7.54936048199994, 0.0 ], [ 110.539417601000082, -7.549238534999972, 0.0 ], [ 110.539486, -7.5491, 0.0 ], [ 110.539573, -7.549101, 0.0 ], [ 110.539637, -7.549169, 0.0 ], [ 110.539669824000043, -7.549637927999981, 0.0 ], [ 110.539693619000047, -7.54973786599993, 0.0 ], [ 110.539734070000065, -7.549825904999977, 0.0 ], [ 110.539781659000084, -7.549887770999931, 0.0 ], [ 110.539869699000064, -7.54988063299993, 0.0 ], [ 110.539991, -7.549813, 0.0 ], [ 110.54003, -7.549804, 0.0 ], [ 110.540032999000061, -7.549803, 0.0 ], [ 110.540266999000039, -7.549708, 0.0 ], [ 110.540895, -7.549884, 0.0 ], [ 110.541983999000081, -7.549935000999938, 0.0 ], [ 110.542783999000051, -7.549655, 0.0 ], [ 110.543226, -7.549419, 0.0 ], [ 110.543463, -7.549304, 0.0 ], [ 110.543636, -7.549281, 0.0 ], [ 110.544063, -7.549442, 0.0 ], [ 110.544263, -7.549514, 0.0 ], [ 110.544285280000054, -7.549513754999964, 0.0 ], [ 110.544371083000044, -7.549540766999939, 0.0 ], [ 110.54448172900004, -7.549551473999941, 0.0 ], [ 110.544635204000087, -7.549483658999975, 0.0 ], [ 110.544695881000052, -7.549412274999952, 0.0 ], [ 110.544777972000077, -7.549265937999962, 0.0 ], [ 110.544788679000078, -7.54909104799998, 0.0 ], [ 110.544671788000073, -7.548790045999965, 0.0 ], [ 110.544521882000083, -7.548615156999972, 0.0 ], [ 110.54444692900006, -7.548468818999936, 0.0 ], [ 110.544429083000068, -7.548372450999977, 0.0 ], [ 110.544489760000033, -7.548290358999964, 0.0 ], [ 110.544803849000061, -7.548151160999964, 0.0 ], [ 110.544953755000051, -7.548101191999933, 0.0 ], [ 110.545092953000051, -7.548090484999932, 0.0 ], [ 110.54523929000004, -7.548193990999948, 0.0 ], [ 110.545464149000054, -7.548422418999962, 0.0 ], [ 110.545681105000085, -7.548567056999957, 0.0 ], [ 110.545766, -7.548613, 0.0 ], [ 110.545968, -7.548678, 0.0 ], [ 110.546035012000061, -7.548668943999928, 0.0 ], [ 110.546063773000071, -7.548672263999947, 0.0 ], [ 110.546138726000038, -7.548608016999935, 0.0 ], [ 110.546231524000063, -7.548436695999953, 0.0 ], [ 110.546310047000077, -7.548276082999962, 0.0 ], [ 110.546381431000043, -7.54821897599993, 0.0 ], [ 110.54649207600005, -7.548204699999928, 0.0 ], [ 110.546627705000049, -7.54825823699997, 0.0 ], [ 110.546737414000063, -7.548277827999925, 0.0 ], [ 110.547132999000041, -7.548157000999936, 0.0 ], [ 110.547259, -7.548143, 0.0 ], [ 110.547409, -7.548128, 0.0 ] ] ] ] } },
{ "type": "Feature", "properties": { "NAMOBJ": "Sangup", "FCODE": "BA03070040", "REMARK": "Wilayah Administrasi Kelurahan/Desa", "METADATA": "TASWIL1000020221227_DATA_BATAS_DESAKELURAHAN", "SRS_ID": "SRGI 2013", "KDBBPS": null, "KDCBPS": null, "KDCPUM": "33.09.21", "KDEBPS": null, "KDEPUM": "33.09.21.2006", "KDPBPS": null, "KDPKAB": "33.09", "KDPPUM": "33", "LUASWH": 0.0, "TIPADM": 1, "WADMKC": "Tamansari", "WADMKD": "Sangup", "WADMKK": "Boyolali", "WADMPR": "Jawa Tengah", "WIADKC": null, "WIADKK": null, "WIADPR": null, "WIADKD": null, "UUPP": "Hasil Delineasi Batas Desa 2017", "luas": 5.3433987620821082, "SHAPE_Leng": 0.12876307193307099, "SHAPE_Area": 0.00043781488123199999 }, "geometry": { "type": "MultiPolygon", "coordinates": [ [ [ [ 110.506851, -7.564221, 0.0 ], [ 110.5072, -7.564483000999928, 0.0 ], [ 110.507718999000076, -7.565042, 0.0 ], [ 110.50804, -7.565419000999952, 0.0 ], [ 110.508288, -7.565681, 0.0 ], [ 110.508526, -7.56592600099998, 0.0 ], [ 110.508625, -7.566101000999936, 0.0 ], [ 110.508683, -7.566426, 0.0 ], [ 110.508686, -7.566502, 0.0 ], [ 110.508777, -7.566747, 0.0 ], [ 110.508882, -7.566908, 0.0 ], [ 110.50911, -7.567078, 0.0 ], [ 110.509576, -7.567238, 0.0 ], [ 110.510238, -7.567522000999929, 0.0 ], [ 110.510479, -7.567684, 0.0 ], [ 110.51062, -7.567836000999932, 0.0 ], [ 110.510674, -7.567938, 0.0 ], [ 110.510725, -7.568513, 0.0 ], [ 110.510777, -7.568917, 0.0 ], [ 110.510778, -7.56893, 0.0 ], [ 110.510837, -7.569172, 0.0 ], [ 110.510911, -7.569384, 0.0 ], [ 110.510945, -7.569501, 0.0 ], [ 110.510962, -7.569570000999931, 0.0 ], [ 110.511029, -7.569771, 0.0 ], [ 110.51101, -7.570032, 0.0 ], [ 110.510905, -7.570162, 0.0 ], [ 110.510713, -7.570084, 0.0 ], [ 110.51042, -7.569965, 0.0 ], [ 110.510218, -7.569951, 0.0 ], [ 110.509831, -7.570155000999932, 0.0 ], [ 110.509721, -7.570203, 0.0 ], [ 110.509292, -7.56997, 0.0 ], [ 110.509175, -7.56991, 0.0 ], [ 110.509032, -7.56996000099997, 0.0 ], [ 110.508762, -7.570189, 0.0 ], [ 110.508562, -7.570281, 0.0 ], [ 110.508345, -7.570219, 0.0 ], [ 110.508237, -7.570183, 0.0 ], [ 110.508147, -7.570217, 0.0 ], [ 110.507955, -7.570746, 0.0 ], [ 110.507921, -7.570802000999947, 0.0 ], [ 110.50777, -7.570749, 0.0 ], [ 110.507446999000081, -7.570413, 0.0 ], [ 110.507288, -7.570249, 0.0 ], [ 110.507092, -7.570116000999974, 0.0 ], [ 110.506969, -7.57009, 0.0 ], [ 110.506912, -7.570125, 0.0 ], [ 110.506885, -7.570189, 0.0 ], [ 110.506824, -7.570238, 0.0 ], [ 110.506743999000037, -7.57028, 0.0 ], [ 110.506639, -7.570307, 0.0 ], [ 110.506575, -7.570283, 0.0 ], [ 110.506536, -7.570092, 0.0 ], [ 110.506553, -7.570031, 0.0 ], [ 110.506614, -7.56981, 0.0 ], [ 110.506661, -7.569638, 0.0 ], [ 110.506733, -7.569387, 0.0 ], [ 110.506727, -7.569344, 0.0 ], [ 110.506716, -7.569264, 0.0 ], [ 110.506613, -7.569228, 0.0 ], [ 110.50635, -7.569136, 0.0 ], [ 110.506248, -7.569127, 0.0 ], [ 110.50617, -7.569121000999928, 0.0 ], [ 110.506137, -7.569175, 0.0 ], [ 110.506114, -7.569234, 0.0 ], [ 110.506112, -7.569255, 0.0 ], [ 110.506069, -7.569307, 0.0 ], [ 110.505971, -7.569382, 0.0 ], [ 110.50588699900004, -7.569452000999945, 0.0 ], [ 110.505751, -7.569459, 0.0 ], [ 110.505573, -7.569433000999936, 0.0 ], [ 110.505489, -7.569395000999975, 0.0 ], [ 110.505456, -7.569391, 0.0 ], [ 110.505315, -7.569409, 0.0 ], [ 110.50505, -7.569518, 0.0 ], [ 110.505036, -7.569524, 0.0 ], [ 110.504981, -7.569594, 0.0 ], [ 110.504969999000082, -7.569607, 0.0 ], [ 110.504832, -7.56978, 0.0 ], [ 110.504646, -7.569976, 0.0 ], [ 110.504535, -7.569997, 0.0 ], [ 110.504316, -7.569969, 0.0 ], [ 110.504138, -7.570068, 0.0 ], [ 110.503974999000036, -7.570182, 0.0 ], [ 110.503794830000061, -7.570254205999959, 0.0 ], [ 110.503565145000039, -7.57013270799996, 0.0 ], [ 110.503412709000088, -7.570017782999969, 0.0 ], [ 110.503371306000076, -7.570093449999945, 0.0 ], [ 110.503298060000077, -7.570201292999968, 0.0 ], [ 110.503266232000044, -7.570257763999962, 0.0 ], [ 110.503164857000058, -7.570410243999959, 0.0 ], [ 110.503093756000055, -7.570517178999978, 0.0 ], [ 110.50296998400006, -7.570683546999931, 0.0 ], [ 110.502831788000037, -7.570841700999949, 0.0 ], [ 110.50275305200006, -7.570942941999931, 0.0 ], [ 110.502709632000062, -7.57099877099995, 0.0 ], [ 110.502688928000055, -7.571069074999969, 0.0 ], [ 110.502663166000048, -7.571321900999976, 0.0 ], [ 110.502676877000056, -7.57162647499996, 0.0 ], [ 110.50272446200006, -7.57180535699996, 0.0 ], [ 110.502767098000049, -7.571920853999927, 0.0 ], [ 110.502751317000047, -7.572296122999944, 0.0 ], [ 110.502628999000081, -7.572554000999958, 0.0 ], [ 110.502604, -7.572559, 0.0 ], [ 110.502557, -7.572564, 0.0 ], [ 110.502369, -7.572586, 0.0 ], [ 110.502258999000048, -7.572585, 0.0 ], [ 110.502087, -7.57258, 0.0 ], [ 110.50204, -7.572579, 0.0 ], [ 110.501977, -7.572534000999951, 0.0 ], [ 110.501913, -7.572458000999973, 0.0 ], [ 110.501667, -7.572168, 0.0 ], [ 110.501504, -7.572095, 0.0 ], [ 110.501416, -7.572078, 0.0 ], [ 110.50124499900005, -7.572044, 0.0 ], [ 110.501232474000062, -7.572042323999938, 0.0 ], [ 110.501092562000053, -7.57201435199994, 0.0 ], [ 110.50101860400008, -7.571979728999963, 0.0 ], [ 110.500890312000081, -7.571919665999928, 0.0 ], [ 110.500883187000056, -7.571914101999937, 0.0 ], [ 110.500728062000064, -7.571792164999977, 0.0 ], [ 110.500380249000045, -7.571474851999938, 0.0 ], [ 110.500303562000056, -7.571394415999976, 0.0 ], [ 110.500292312000056, -7.571373102999928, 0.0 ], [ 110.500227937000034, -7.571241789999931, 0.0 ], [ 110.500072873000079, -7.57085972699997, 0.0 ], [ 110.500036812000076, -7.570770977999928, 0.0 ], [ 110.49953408600004, -7.571356266999942, 0.0 ], [ 110.499016554000036, -7.571933286999979, 0.0 ], [ 110.498564456000054, -7.572432972999934, 0.0 ], [ 110.497893937000072, -7.573034789999951, 0.0 ], [ 110.497968061000051, -7.573592914999949, 0.0 ], [ 110.497971874000086, -7.573694727999964, 0.0 ], [ 110.49800156200007, -7.573905289999971, 0.0 ], [ 110.498004499000047, -7.573961851999968, 0.0 ], [ 110.498016499000073, -7.574192976999939, 0.0 ], [ 110.498017312000059, -7.574233726999978, 0.0 ], [ 110.498047874000065, -7.574292414999945, 0.0 ], [ 110.498251499000048, -7.574581101999968, 0.0 ], [ 110.498539062000077, -7.574763476999976, 0.0 ], [ 110.498602749000042, -7.574894851999943, 0.0 ], [ 110.498625999000069, -7.575089476999949, 0.0 ], [ 110.498627749000036, -7.575122476999979, 0.0 ], [ 110.498664187000088, -7.575294915999962, 0.0 ], [ 110.498681937000072, -7.575444539999978, 0.0 ], [ 110.498756187000083, -7.575494539999966, 0.0 ], [ 110.498778513000047, -7.575510908999945, 0.0 ], [ 110.498794124000085, -7.57552235199995, 0.0 ], [ 110.498944812000047, -7.575754351999933, 0.0 ], [ 110.499019123000039, -7.575716414999931, 0.0 ], [ 110.499192624000045, -7.575583664999954, 0.0 ], [ 110.49925856200008, -7.57561635199994, 0.0 ], [ 110.499298687000078, -7.575705290999963, 0.0 ], [ 110.49929843700005, -7.57581885299993, 0.0 ], [ 110.499247749000062, -7.57622222699996, 0.0 ], [ 110.499340374000042, -7.576439476999951, 0.0 ], [ 110.499486312000045, -7.576629351999941, 0.0 ], [ 110.499569437000048, -7.576607414999955, 0.0 ], [ 110.499761498000055, -7.57655172699998, 0.0 ], [ 110.49979886400007, -7.576552147999962, 0.0 ], [ 110.499823, -7.576875, 0.0 ], [ 110.499820999000065, -7.578605, 0.0 ], [ 110.499797, -7.579182, 0.0 ], [ 110.499677710000071, -7.579621101999976, 0.0 ], [ 110.49948973100004, -7.579729593999957, 0.0 ], [ 110.499331215000041, -7.57988938799997, 0.0 ], [ 110.499186239000039, -7.580012962999945, 0.0 ], [ 110.49907698700008, -7.580080434999957, 0.0 ], [ 110.498786318000043, -7.580259948999981, 0.0 ], [ 110.498755563000088, -7.580289526999934, 0.0 ], [ 110.498594245000049, -7.580339524999943, 0.0 ], [ 110.498487328000067, -7.580436467999959, 0.0 ], [ 110.498278768000034, -7.580584211999962, 0.0 ], [ 110.498159017000035, -7.580668528999979, 0.0 ], [ 110.498087652000038, -7.580718776999959, 0.0 ], [ 110.497853393000071, -7.580883719999974, 0.0 ], [ 110.497831353000038, -7.580902644999981, 0.0 ], [ 110.497823486000073, -7.580909509999969, 0.0 ], [ 110.497652192000089, -7.581030193999936, 0.0 ], [ 110.496890327000074, -7.581566953999925, 0.0 ], [ 110.496524485000066, -7.581798950999939, 0.0 ], [ 110.496364407000044, -7.581893621999939, 0.0 ], [ 110.496524327000088, -7.58191949899998, 0.0 ], [ 110.49683484600007, -7.581869529999949, 0.0 ], [ 110.497141301000056, -7.581977796999979, 0.0 ], [ 110.497352379000063, -7.582150425999941, 0.0 ], [ 110.497491319000062, -7.582300894999946, 0.0 ], [ 110.497751870000059, -7.582964765999975, 0.0 ], [ 110.497908915000039, -7.583400206999954, 0.0 ], [ 110.497108891000039, -7.583750853999959, 0.0 ], [ 110.496953, -7.58392, 0.0 ], [ 110.496374, -7.58462, 0.0 ], [ 110.496158322000042, -7.584762416999979, 0.0 ], [ 110.49569514500007, -7.585068262999926, 0.0 ], [ 110.495691, -7.585071, 0.0 ], [ 110.495690282000055, -7.585071877999951, 0.0 ], [ 110.495689366000079, -7.585072482999976, 0.0 ], [ 110.495687586000088, -7.585070291999955, 0.0 ], [ 110.49568043000005, -7.585061482999947, 0.0 ], [ 110.495669817000078, -7.585046407999926, 0.0 ], [ 110.495471261000034, -7.584718648999967, 0.0 ], [ 110.49545775100006, -7.584691745999976, 0.0 ], [ 110.495448663000047, -7.584663053999975, 0.0 ], [ 110.49544422300005, -7.584633290999932, 0.0 ], [ 110.495444542000087, -7.584603202999972, 0.0 ], [ 110.495449612000073, -7.584573539999951, 0.0 ], [ 110.495459306000043, -7.58454504599996, 0.0 ], [ 110.495473383000046, -7.584518433999961, 0.0 ], [ 110.495491489000074, -7.584494370999948, 0.0 ], [ 110.495513171000084, -7.584473457999934, 0.0 ], [ 110.49551985100004, -7.584468716999936, 0.0 ], [ 110.495527138000057, -7.584464968999953, 0.0 ], [ 110.495534882000072, -7.58446228899993, 0.0 ], [ 110.495786182000074, -7.58439485599996, 0.0 ], [ 110.495929369000066, -7.584344800999929, 0.0 ], [ 110.495957132000058, -7.584332664999977, 0.0 ], [ 110.495982739000056, -7.584316477999948, 0.0 ], [ 110.496005597000078, -7.584296613999925, 0.0 ], [ 110.49602518100005, -7.584273527999926, 0.0 ], [ 110.496041041000069, -7.584247753999932, 0.0 ], [ 110.496052812000073, -7.584219881999957, 0.0 ], [ 110.496059137000088, -7.584201020999956, 0.0 ], [ 110.496061740000073, -7.584191217999944, 0.0 ], [ 110.496067179000079, -7.584170730999972, 0.0 ], [ 110.496071284000038, -7.584139665999942, 0.0 ], [ 110.49607138600004, -7.584108331999971, 0.0 ], [ 110.496062314000085, -7.583959409999977, 0.0 ], [ 110.496059823000053, -7.583939742999974, 0.0 ], [ 110.496054801000071, -7.583920562999936, 0.0 ], [ 110.496020783000063, -7.583818336999968, 0.0 ], [ 110.496012816000075, -7.583799594999959, 0.0 ], [ 110.496001940000042, -7.583782370999927, 0.0 ], [ 110.495988437000051, -7.58376710899995, 0.0 ], [ 110.495972656000049, -7.58375420699997, 0.0 ], [ 110.495955004000052, -7.583743996999942, 0.0 ], [ 110.495935940000038, -7.583736742999974, 0.0 ], [ 110.495921216000056, -7.583733715999927, 0.0 ], [ 110.495915957000079, -7.583732634999933, 0.0 ], [ 110.495895573000041, -7.583731777999958, 0.0 ], [ 110.495875314000045, -7.583734192999941, 0.0 ], [ 110.495764954000038, -7.583756457999925, 0.0 ], [ 110.495751287000076, -7.583760243999961, 0.0 ], [ 110.495738299000038, -7.58376592999997, 0.0 ], [ 110.495637266000074, -7.58381904099997, 0.0 ], [ 110.495623386000034, -7.583825148999949, 0.0 ], [ 110.495608791000052, -7.583829279999975, 0.0 ], [ 110.495407828000054, -7.58387136999994, 0.0 ], [ 110.495277859000055, -7.583901229999981, 0.0 ], [ 110.495148721000078, -7.583930899999928, 0.0 ], [ 110.494939105000071, -7.583973331999971, 0.0 ], [ 110.494913483000062, -7.583977191999963, 0.0 ], [ 110.494887600000084, -7.583978462999937, 0.0 ], [ 110.494704943000045, -7.583978249999973, 0.0 ], [ 110.494609603000072, -7.583957838999936, 0.0 ], [ 110.494559692000053, -7.583944307999957, 0.0 ], [ 110.494511531000057, -7.583925492999981, 0.0 ], [ 110.494465680000076, -7.583901613999956, 0.0 ], [ 110.494422672000042, -7.583872947999964, 0.0 ], [ 110.494383007000067, -7.583839827999952, 0.0 ], [ 110.494347146000052, -7.583802639999931, 0.0 ], [ 110.494292883000071, -7.583739924999975, 0.0 ], [ 110.494105804000071, -7.583523710999941, 0.0 ], [ 110.49408358900007, -7.583509109999966, 0.0 ], [ 110.494040458000086, -7.583486770999968, 0.0 ], [ 110.493995238000082, -7.583469007999952, 0.0 ], [ 110.493948419000048, -7.583456011999942, 0.0 ], [ 110.493937534000054, -7.583454173999939, 0.0 ], [ 110.493933334000076, -7.583453464999934, 0.0 ], [ 110.493927548000045, -7.583448823999959, 0.0 ], [ 110.493927018000079, -7.583448398999963, 0.0 ], [ 110.493917041000088, -7.58345071399998, 0.0 ], [ 110.493900503000077, -7.583447921999948, 0.0 ], [ 110.493876640000053, -7.583448, 0.0 ], [ 110.493853031000071, -7.583451475999937, 0.0 ], [ 110.493830160000073, -7.583458279999945, 0.0 ], [ 110.493808498000078, -7.583468272999937, 0.0 ], [ 110.493791162000036, -7.583479512999929, 0.0 ], [ 110.493790170000068, -7.583480155999951, 0.0 ], [ 110.493788488000064, -7.583481246999952, 0.0 ], [ 110.493706511000084, -7.583553330999962, 0.0 ], [ 110.493620596000085, -7.583620691999954, 0.0 ], [ 110.493531014000041, -7.583683116999964, 0.0 ], [ 110.493438052000045, -7.583740409999962, 0.0 ], [ 110.49338754200005, -7.583759119999968, 0.0 ], [ 110.493340545000081, -7.583769808999932, 0.0 ], [ 110.493325404000075, -7.583773798999971, 0.0 ], [ 110.493302345000075, -7.583777655999938, 0.0 ], [ 110.49324938400008, -7.583778783999946, 0.0 ], [ 110.493191545000059, -7.583780015999935, 0.0 ], [ 110.493161913000051, -7.583778362999965, 0.0 ], [ 110.493132886000069, -7.583772182999951, 0.0 ], [ 110.493105158000049, -7.58376162299993, 0.0 ], [ 110.493067443000086, -7.583743821999974, 0.0 ], [ 110.49304909500006, -7.583733232999975, 0.0 ], [ 110.493032744000061, -7.583719775999953, 0.0 ], [ 110.493018833000065, -7.583703819999926, 0.0 ], [ 110.493007742000088, -7.58368579699993, 0.0 ], [ 110.492999772000076, -7.583666199999925, 0.0 ], [ 110.492995142000041, -7.583645561999958, 0.0 ], [ 110.492993975000047, -7.583624444999941, 0.0 ], [ 110.493003074000057, -7.583295267999972, 0.0 ], [ 110.493002248000039, -7.583238042999938, 0.0 ], [ 110.492996259000051, -7.583127092999973, 0.0 ], [ 110.49299661200007, -7.583110260999945, 0.0 ], [ 110.492999472000065, -7.583093666999957, 0.0 ], [ 110.493004776000078, -7.583077683999932, 0.0 ], [ 110.493012405000059, -7.583062665999933, 0.0 ], [ 110.493022190000033, -7.583048948999931, 0.0 ], [ 110.493060527000068, -7.583002911999927, 0.0 ], [ 110.493067971000073, -7.582992435999927, 0.0 ], [ 110.493073726000034, -7.582980947999943, 0.0 ], [ 110.493077658000061, -7.58296871899995, 0.0 ], [ 110.493095017000087, -7.582896012999981, 0.0 ], [ 110.493098540000062, -7.58288485099996, 0.0 ], [ 110.493103618000077, -7.582874301999937, 0.0 ], [ 110.493129423000084, -7.582829233999973, 0.0 ], [ 110.493151017000059, -7.582803561999981, 0.0 ], [ 110.493168323000077, -7.582774836999931, 0.0 ], [ 110.493180918000064, -7.582743765999965, 0.0 ], [ 110.493187458000079, -7.582717055999979, 0.0 ], [ 110.493192147000059, -7.582689961999961, 0.0 ], [ 110.493194060000064, -7.582633149999936, 0.0 ], [ 110.493193939000037, -7.582630345999974, 0.0 ], [ 110.493191615000057, -7.582576357999926, 0.0 ], [ 110.493184825000071, -7.582519919999982, 0.0 ], [ 110.49317373100007, -7.58246416399993, 0.0 ], [ 110.493149781000056, -7.582387169999947, 0.0 ], [ 110.493120565000083, -7.582312005999938, 0.0 ], [ 110.493086226000059, -7.582239032999951, 0.0 ], [ 110.493046922000076, -7.582168596999963, 0.0 ], [ 110.493002842000067, -7.582101032999958, 0.0 ], [ 110.492954198000064, -7.582036663999929, 0.0 ], [ 110.492918438000061, -7.581995579999955, 0.0 ], [ 110.492911500000048, -7.581987607999963, 0.0 ], [ 110.492884835000041, -7.581947354999954, 0.0 ], [ 110.492871210000033, -7.581929650999939, 0.0 ], [ 110.492855216000066, -7.581914044999962, 0.0 ], [ 110.492837174000044, -7.581900846999929, 0.0 ], [ 110.49266027300007, -7.581789750999974, 0.0 ], [ 110.492644727000084, -7.581781282999941, 0.0 ], [ 110.492628251000042, -7.581774799999948, 0.0 ], [ 110.492595893000043, -7.581764327999963, 0.0 ], [ 110.492574239000078, -7.581759302999956, 0.0 ], [ 110.492552045000082, -7.581758008999941, 0.0 ], [ 110.492529952000041, -7.581760482999925, 0.0 ], [ 110.49250859700004, -7.581766653999978, 0.0 ], [ 110.492488598000079, -7.581776343999934, 0.0 ], [ 110.492456934000074, -7.581795159999956, 0.0 ], [ 110.492444116000058, -7.581804057999932, 0.0 ], [ 110.49243268500004, -7.58181467199995, 0.0 ], [ 110.492422867000073, -7.58182678999998, 0.0 ], [ 110.492398973000036, -7.581860966999955, 0.0 ], [ 110.492202059000078, -7.58214262599995, 0.0 ], [ 110.49219770600007, -7.582153476999963, 0.0 ], [ 110.492192762000059, -7.582165802999953, 0.0 ], [ 110.492171627000062, -7.582201469999973, 0.0 ], [ 110.492145286000039, -7.582233502999941, 0.0 ], [ 110.49211435400008, -7.58226114799993, 0.0 ], [ 110.492099125000038, -7.582271274999925, 0.0 ], [ 110.492005045000042, -7.582288760999973, 0.0 ], [ 110.491987939000069, -7.58229070799996, 0.0 ], [ 110.491970730000048, -7.582290234999959, 0.0 ], [ 110.491953759000069, -7.582287349999945, 0.0 ], [ 110.491789883000081, -7.582247453999969, 0.0 ], [ 110.491713245000085, -7.582228796999971, 0.0 ], [ 110.491698396000061, -7.58222296699995, 0.0 ], [ 110.491662811000083, -7.582211431999951, 0.0 ], [ 110.491626088000089, -7.582204283999943, 0.0 ], [ 110.491588767000053, -7.582201625999971, 0.0 ], [ 110.49118081000006, -7.582197338999947, 0.0 ], [ 110.491151780000052, -7.582195474999935, 0.0 ], [ 110.491123118000075, -7.582190515999969, 0.0 ], [ 110.490859858000078, -7.582130280999934, 0.0 ], [ 110.490827417000048, -7.582120828999962, 0.0 ], [ 110.490796310000064, -7.582107651999934, 0.0 ], [ 110.490766963000056, -7.582090929999936, 0.0 ], [ 110.490722806000065, -7.58206221599994, 0.0 ], [ 110.490703318000044, -7.582047920999969, 0.0 ], [ 110.490685567000071, -7.582031527999959, 0.0 ], [ 110.490604752000081, -7.581955341999958, 0.0 ], [ 110.49059202400008, -7.581941290999964, 0.0 ], [ 110.490584368000043, -7.581932839999979, 0.0 ], [ 110.490567776000034, -7.581907423999951, 0.0 ], [ 110.490565252000067, -7.581901777999974, 0.0 ], [ 110.490555391000044, -7.581879723999975, 0.0 ], [ 110.490547516000049, -7.581850426999949, 0.0 ], [ 110.490546021000057, -7.581836185999975, 0.0 ], [ 110.490544349000061, -7.581820258999926, 0.0 ], [ 110.49054596700006, -7.581789969999932, 0.0 ], [ 110.49055233100006, -7.581760308999947, 0.0 ], [ 110.49063975200005, -7.581467707999934, 0.0 ], [ 110.490637210000045, -7.581374521999976, 0.0 ], [ 110.490640931000087, -7.581281375999936, 0.0 ], [ 110.490650900000048, -7.581188686999951, 0.0 ], [ 110.49065736600005, -7.581151979999959, 0.0 ], [ 110.490667071000075, -7.581096873999968, 0.0 ], [ 110.490689372000077, -7.58100634799996, 0.0 ], [ 110.490723676000073, -7.580941361999976, 0.0 ], [ 110.490763916000049, -7.580879857999946, 0.0 ], [ 110.490809741000078, -7.580822377999937, 0.0 ], [ 110.490860750000081, -7.580769422999936, 0.0 ], [ 110.490916495000079, -7.580721455999935, 0.0 ], [ 110.490935257000046, -7.580690696999966, 0.0 ], [ 110.490949423000075, -7.580657576999954, 0.0 ], [ 110.490951661000054, -7.580614184999945, 0.0 ], [ 110.490949619000048, -7.580587498999932, 0.0 ], [ 110.490949380000075, -7.580584379999948, 0.0 ], [ 110.490966671000081, -7.580520715999967, 0.0 ], [ 110.490908600000068, -7.580397250999965, 0.0 ], [ 110.490791128000069, -7.580263566999975, 0.0 ], [ 110.490753573000063, -7.580239679999977, 0.0 ], [ 110.49064820600006, -7.580172656999935, 0.0 ], [ 110.490536562000045, -7.580071090999979, 0.0 ], [ 110.490316549000056, -7.579927201999965, 0.0 ], [ 110.490211084000066, -7.579821927999944, 0.0 ], [ 110.490156765000052, -7.579767706999974, 0.0 ], [ 110.490141339000047, -7.579716012999938, 0.0 ], [ 110.49008060400007, -7.579512483999963, 0.0 ], [ 110.490010379000068, -7.57927714899995, 0.0 ], [ 110.489973084000042, -7.579136073999962, 0.0 ], [ 110.489886367000054, -7.578808045999949, 0.0 ], [ 110.489859021000086, -7.578644038999926, 0.0 ], [ 110.489841185000046, -7.578540448999945, 0.0 ], [ 110.489741862000074, -7.578422606999936, 0.0 ], [ 110.489532266000083, -7.578316538999957, 0.0 ], [ 110.489473813000075, -7.57827174099998, 0.0 ], [ 110.489402882000036, -7.578153913999927, 0.0 ], [ 110.489265842000066, -7.577910449999933, 0.0 ], [ 110.489169166000067, -7.577816535999943, 0.0 ], [ 110.489025254000069, -7.577635766999947, 0.0 ], [ 110.488946397000063, -7.577535569999952, 0.0 ], [ 110.488816641000085, -7.577488217999928, 0.0 ], [ 110.488694991000045, -7.577470608999931, 0.0 ], [ 110.488579260000051, -7.577399321999962, 0.0 ], [ 110.48855201300006, -7.577189861999955, 0.0 ], [ 110.488567438000075, -7.57700093099993, 0.0 ], [ 110.488496075000057, -7.576612139999952, 0.0 ], [ 110.488487102000079, -7.57642849299998, 0.0 ], [ 110.488483756000051, -7.576360015999967, 0.0 ], [ 110.488477261000071, -7.576227084999971, 0.0 ], [ 110.488473309000085, -7.576146194999978, 0.0 ], [ 110.488474636000035, -7.575989891999939, 0.0 ], [ 110.488556389000053, -7.575663033999945, 0.0 ], [ 110.488588997000079, -7.575546078999935, 0.0 ], [ 110.488490029000047, -7.575366520999978, 0.0 ], [ 110.488592765000078, -7.575157068999943, 0.0 ], [ 110.488656707000075, -7.575036061999981, 0.0 ], [ 110.488728910000077, -7.574820314999954, 0.0 ], [ 110.488619282000059, -7.574678914999936, 0.0 ], [ 110.488552541000047, -7.574582955999972, 0.0 ], [ 110.48853825100008, -7.57437049899994, 0.0 ], [ 110.488445825000042, -7.574247517999936, 0.0 ], [ 110.488353531000087, -7.574149854999973, 0.0 ], [ 110.488240168000061, -7.573785997999948, 0.0 ], [ 110.488238004000038, -7.573776497999972, 0.0 ], [ 110.488279882000086, -7.573462798999969, 0.0 ], [ 110.488283886000033, -7.573296187999972, 0.0 ], [ 110.488246286000049, -7.573218289999943, 0.0 ], [ 110.488095646000033, -7.573086918999934, 0.0 ], [ 110.487928451000073, -7.573041223999951, 0.0 ], [ 110.487841423000077, -7.573014627999953, 0.0 ], [ 110.487840491000043, -7.572941384999979, 0.0 ], [ 110.487837383000056, -7.57269703999998, 0.0 ], [ 110.487835746000087, -7.572594453999955, 0.0 ], [ 110.487780115000078, -7.572509795999963, 0.0 ], [ 110.487700980000056, -7.572469269999942, 0.0 ], [ 110.48759110900005, -7.572488452999949, 0.0 ], [ 110.487421124000036, -7.572533506999946, 0.0 ], [ 110.487389213000085, -7.572536300999957, 0.0 ], [ 110.487293768000086, -7.572459428999935, 0.0 ], [ 110.487243959000068, -7.572342069999934, 0.0 ], [ 110.487210627000081, -7.572204350999925, 0.0 ], [ 110.486782657000049, -7.571841117999952, 0.0 ], [ 110.486576086000071, -7.57153479699997, 0.0 ], [ 110.486518929000056, -7.571491347999938, 0.0 ], [ 110.48645010000007, -7.57145170299998, 0.0 ], [ 110.486353547000078, -7.571186024999975, 0.0 ], [ 110.486286207000035, -7.571075998999959, 0.0 ], [ 110.486058237000066, -7.570760245999963, 0.0 ], [ 110.48557942900004, -7.570071543999973, 0.0 ], [ 110.48546566400006, -7.56985121799994, 0.0 ], [ 110.485384878000048, -7.56964421899994, 0.0 ], [ 110.485296162000054, -7.569558987999926, 0.0 ], [ 110.485091630000056, -7.569346025999948, 0.0 ], [ 110.48492400300006, -7.569161953999981, 0.0 ], [ 110.484568830000057, -7.568958021999947, 0.0 ], [ 110.484505444000035, -7.568908865999958, 0.0 ], [ 110.484484867000049, -7.56882967599995, 0.0 ], [ 110.484426460000066, -7.568604892999929, 0.0 ], [ 110.484363285000086, -7.56840116199993, 0.0 ], [ 110.484118013000057, -7.568084590999945, 0.0 ], [ 110.48403434800008, -7.567944405999981, 0.0 ], [ 110.484003113000085, -7.567805051999926, 0.0 ], [ 110.484086017000038, -7.567578544999947, 0.0 ], [ 110.483992294000075, -7.567038252999964, 0.0 ], [ 110.483971660000066, -7.566743267999925, 0.0 ], [ 110.483970575000058, -7.566734354999937, 0.0 ], [ 110.48395985500008, -7.566646296999977, 0.0 ], [ 110.483893456000033, -7.566554189999977, 0.0 ], [ 110.483581543000071, -7.566449662999958, 0.0 ], [ 110.483488463000072, -7.566406008999934, 0.0 ], [ 110.483389370000054, -7.566242811999928, 0.0 ], [ 110.483255943000074, -7.566016238999964, 0.0 ], [ 110.483124941000085, -7.565823896999973, 0.0 ], [ 110.483064397000078, -7.565634007999961, 0.0 ], [ 110.483016281000062, -7.565512579999961, 0.0 ], [ 110.482862354000076, -7.565396064999959, 0.0 ], [ 110.482764194000083, -7.565318293999951, 0.0 ], [ 110.482519490000072, -7.56501426799997, 0.0 ], [ 110.482432724000034, -7.564898537999966, 0.0 ], [ 110.482412312000065, -7.564790149999965, 0.0 ], [ 110.482378431000086, -7.564674157999946, 0.0 ], [ 110.482372599000087, -7.564509551999947, 0.0 ], [ 110.482362097000077, -7.564413397999942, 0.0 ], [ 110.482358180000062, -7.564377534999949, 0.0 ], [ 110.482287061000079, -7.564268869999978, 0.0 ], [ 110.482203833000085, -7.56414280599995, 0.0 ], [ 110.48214617800005, -7.56397818399995, 0.0 ], [ 110.482069193000086, -7.563885457999959, 0.0 ], [ 110.481906709000043, -7.563815769999962, 0.0 ], [ 110.481776069000034, -7.563754259999939, 0.0 ], [ 110.481744722000087, -7.563732133999963, 0.0 ], [ 110.481712260000052, -7.563710837999963, 0.0 ], [ 110.481621089000043, -7.563579906999962, 0.0 ], [ 110.481416446000082, -7.563357047999943, 0.0 ], [ 110.481249056000081, -7.563220959999967, 0.0 ], [ 110.481048241000053, -7.56313380399996, 0.0 ], [ 110.480873614000075, -7.562993066999979, 0.0 ], [ 110.480595600000072, -7.562491974999944, 0.0 ], [ 110.480518682000081, -7.562373415999957, 0.0 ], [ 110.480509158000075, -7.562363970999968, 0.0 ], [ 110.480398143000059, -7.562264582999944, 0.0 ], [ 110.480363475000047, -7.562246089999974, 0.0 ], [ 110.48030500200008, -7.562212433999946, 0.0 ], [ 110.480251728000042, -7.562160006999932, 0.0 ], [ 110.480192536000061, -7.562114483999949, 0.0 ], [ 110.480127215000039, -7.562061725999968, 0.0 ], [ 110.480070714000078, -7.562009484999976, 0.0 ], [ 110.480018997000059, -7.561966429999927, 0.0 ], [ 110.480005393000056, -7.561957096999947, 0.0 ], [ 110.479960525000081, -7.561931960999971, 0.0 ], [ 110.479926522000085, -7.56191069099998, 0.0 ], [ 110.479870762000076, -7.561875129999976, 0.0 ], [ 110.479742656000042, -7.561818126999981, 0.0 ], [ 110.479699847000063, -7.561799786999927, 0.0 ], [ 110.479588360000037, -7.561739573999944, 0.0 ], [ 110.479580879000082, -7.561733884999967, 0.0 ], [ 110.479512543000055, -7.561664072999974, 0.0 ], [ 110.479445421000037, -7.56129868599993, 0.0 ], [ 110.479439218000039, -7.561240814999962, 0.0 ], [ 110.479377746000068, -7.560842907999927, 0.0 ], [ 110.479331254000044, -7.560615568999935, 0.0 ], [ 110.479176295000059, -7.560326655999972, 0.0 ], [ 110.479106795000064, -7.560154239999974, 0.0 ], [ 110.479077937000056, -7.560052779999978, 0.0 ], [ 110.478958726000087, -7.559917942999959, 0.0 ], [ 110.478830259000063, -7.55985213799994, 0.0 ], [ 110.478757894000069, -7.559823305999942, 0.0 ], [ 110.478688784000042, -7.559703398999943, 0.0 ], [ 110.47868800100008, -7.559411919999945, 0.0 ], [ 110.478688841000064, -7.559368938999967, 0.0 ], [ 110.478690801000084, -7.559268707999934, 0.0 ], [ 110.478604598000061, -7.559055386999944, 0.0 ], [ 110.478525180000076, -7.55899773699997, 0.0 ], [ 110.478280847000065, -7.558978475999936, 0.0 ], [ 110.478167854000048, -7.558972904999962, 0.0 ], [ 110.478007337000065, -7.558814825999946, 0.0 ], [ 110.477887242000065, -7.558609071999967, 0.0 ], [ 110.477869259000045, -7.558570534999944, 0.0 ], [ 110.477641297000048, -7.558303305999971, 0.0 ], [ 110.477610419000086, -7.558253302999958, 0.0 ], [ 110.477607324000076, -7.558241467999949, 0.0 ], [ 110.477613904000066, -7.557654077999928, 0.0 ], [ 110.477606857000069, -7.557491604999939, 0.0 ], [ 110.477607097000089, -7.557374811999978, 0.0 ], [ 110.477618686000085, -7.557205160999956, 0.0 ], [ 110.477646399000037, -7.557066935999956, 0.0 ], [ 110.477727550000054, -7.556875263999927, 0.0 ], [ 110.47773180300004, -7.556865217999928, 0.0 ], [ 110.477786442000081, -7.556694397999934, 0.0 ], [ 110.477789571000073, -7.556677124999965, 0.0 ], [ 110.477788449000059, -7.556602584999951, 0.0 ], [ 110.477787095000053, -7.556512604999966, 0.0 ], [ 110.477752439000085, -7.556340402999979, 0.0 ], [ 110.477742813000077, -7.556294738999952, 0.0 ], [ 110.477676174000067, -7.556057986999974, 0.0 ], [ 110.477601782000079, -7.555914030999929, 0.0 ], [ 110.477531732000045, -7.555799504999925, 0.0 ], [ 110.477489326000068, -7.555710619999957, 0.0 ], [ 110.477481854000075, -7.555690330999937, 0.0 ], [ 110.477483826000082, -7.555671364999966, 0.0 ], [ 110.477476998000043, -7.555658250999954, 0.0 ], [ 110.477423338000051, -7.555641714999979, 0.0 ], [ 110.477335427000071, -7.555628646999935, 0.0 ], [ 110.477203010000039, -7.55560029399993, 0.0 ], [ 110.477187732000061, -7.555596087999959, 0.0 ], [ 110.477008228000045, -7.555488712999932, 0.0 ], [ 110.476969443000087, -7.555456952999975, 0.0 ], [ 110.476775845000077, -7.555236112999978, 0.0 ], [ 110.476754097000082, -7.555207413999938, 0.0 ], [ 110.476513622000084, -7.554900179999947, 0.0 ], [ 110.476486374000046, -7.554869799999949, 0.0 ], [ 110.476169321000043, -7.554570749999925, 0.0 ], [ 110.476088748000052, -7.55450809499996, 0.0 ], [ 110.476072403000046, -7.554495384999939, 0.0 ], [ 110.475854727000069, -7.554337707999935, 0.0 ], [ 110.475764670000046, -7.554273199999955, 0.0 ], [ 110.475640427000087, -7.554184203999966, 0.0 ], [ 110.475502788000085, -7.554104348999942, 0.0 ], [ 110.475358994000032, -7.554032020999955, 0.0 ], [ 110.475318816000083, -7.554015127999946, 0.0 ], [ 110.475309092000089, -7.554011038999931, 0.0 ], [ 110.475182618000076, -7.553933277999931, 0.0 ], [ 110.475068266000051, -7.553830040999969, 0.0 ], [ 110.475044980000064, -7.553802296999947, 0.0 ], [ 110.475038705000088, -7.553794819999951, 0.0 ], [ 110.475005395000039, -7.55375513499996, 0.0 ], [ 110.474983510000072, -7.553729060999956, 0.0 ], [ 110.474960471000088, -7.553701611999941, 0.0 ], [ 110.474941769000054, -7.553679329999966, 0.0 ], [ 110.474941272000081, -7.553678736999927, 0.0 ], [ 110.474937345000058, -7.553674058999945, 0.0 ], [ 110.474936665000087, -7.553673198999945, 0.0 ], [ 110.474936999000079, -7.553673, 0.0 ], [ 110.474938343000076, -7.55367305599998, 0.0 ], [ 110.476136671000063, -7.553723352999953, 0.0 ], [ 110.477076749000048, -7.554086914999971, 0.0 ], [ 110.477154874000064, -7.554111226999964, 0.0 ], [ 110.477171812000051, -7.554114540999933, 0.0 ], [ 110.477298124000072, -7.554134415999954, 0.0 ], [ 110.477505937000046, -7.554176539999958, 0.0 ], [ 110.477662687000077, -7.554190852999966, 0.0 ], [ 110.477678937000064, -7.554189539999925, 0.0 ], [ 110.477811187000043, -7.554171039999972, 0.0 ], [ 110.477931312000067, -7.554172415999972, 0.0 ], [ 110.477994437000063, -7.554191852999963, 0.0 ], [ 110.478299124000046, -7.554301976999966, 0.0 ], [ 110.478312374000041, -7.554306789999941, 0.0 ], [ 110.478448499000081, -7.55432297699997, 0.0 ], [ 110.478685812000037, -7.554372851999972, 0.0 ], [ 110.478798061000077, -7.554456226999946, 0.0 ], [ 110.478917999000089, -7.554515226999968, 0.0 ], [ 110.479110374000072, -7.554521164999926, 0.0 ], [ 110.479126749000045, -7.554521101999967, 0.0 ], [ 110.479260937000049, -7.554502039999932, 0.0 ], [ 110.479331187000071, -7.554492039999957, 0.0 ], [ 110.47947324900008, -7.55448047699997, 0.0 ], [ 110.479613999000037, -7.55455272699993, 0.0 ], [ 110.479662187000088, -7.554571351999925, 0.0 ], [ 110.479781062000086, -7.554607851999947, 0.0 ], [ 110.479829312000049, -7.554610539999942, 0.0 ], [ 110.479844062000041, -7.554609101999972, 0.0 ], [ 110.479953374000047, -7.554598789999943, 0.0 ], [ 110.480124749000083, -7.554618414999936, 0.0 ], [ 110.48025612400005, -7.554635664999978, 0.0 ], [ 110.480540687000087, -7.554619352999964, 0.0 ], [ 110.480650624000077, -7.554618851999976, 0.0 ], [ 110.480933581000045, -7.554423227999962, 0.0 ], [ 110.481323, -7.554154, 0.0 ], [ 110.481363, -7.554193, 0.0 ], [ 110.481479, -7.554272, 0.0 ], [ 110.481586, -7.554388, 0.0 ], [ 110.481638, -7.554439000999935, 0.0 ], [ 110.481797, -7.554584, 0.0 ], [ 110.481962, -7.554697, 0.0 ], [ 110.482141, -7.554823, 0.0 ], [ 110.482263, -7.554876, 0.0 ], [ 110.482385, -7.554908000999944, 0.0 ], [ 110.482536, -7.55499, 0.0 ], [ 110.482546, -7.554995, 0.0 ], [ 110.482703, -7.555076, 0.0 ], [ 110.482815, -7.555114, 0.0 ], [ 110.48298, -7.555155, 0.0 ], [ 110.483215, -7.555219000999955, 0.0 ], [ 110.483358, -7.555244, 0.0 ], [ 110.483653999000069, -7.555276000999982, 0.0 ], [ 110.483753, -7.555242, 0.0 ], [ 110.483788, -7.555322, 0.0 ], [ 110.4839, -7.555475, 0.0 ], [ 110.483992, -7.555624, 0.0 ], [ 110.484071, -7.555767, 0.0 ], [ 110.484074, -7.555773, 0.0 ], [ 110.484183, -7.55591, 0.0 ], [ 110.484359, -7.556025, 0.0 ], [ 110.484714, -7.556161, 0.0 ], [ 110.484969, -7.556191000999945, 0.0 ], [ 110.485296, -7.556310000999929, 0.0 ], [ 110.485446, -7.556349000999944, 0.0 ], [ 110.485628, -7.556441, 0.0 ], [ 110.485789, -7.556522, 0.0 ], [ 110.486027, -7.556542000999968, 0.0 ], [ 110.486411, -7.556443, 0.0 ], [ 110.486484, -7.556377, 0.0 ], [ 110.486574, -7.556397, 0.0 ], [ 110.486699, -7.556507000999943, 0.0 ], [ 110.4868, -7.55661, 0.0 ], [ 110.486992, -7.556683, 0.0 ], [ 110.487156, -7.556736, 0.0 ], [ 110.487225, -7.556788, 0.0 ], [ 110.487343, -7.557011000999978, 0.0 ], [ 110.487403, -7.557118, 0.0 ], [ 110.487481, -7.557178, 0.0 ], [ 110.487688, -7.557194, 0.0 ], [ 110.488044, -7.557187000999932, 0.0 ], [ 110.488326, -7.557284000999971, 0.0 ], [ 110.488423, -7.557315, 0.0 ], [ 110.48844, -7.55732, 0.0 ], [ 110.488817, -7.557395, 0.0 ], [ 110.488852, -7.557407, 0.0 ], [ 110.489042, -7.557533, 0.0 ], [ 110.489211999000077, -7.557666, 0.0 ], [ 110.489357, -7.557714000999965, 0.0 ], [ 110.489519, -7.557728, 0.0 ], [ 110.489685, -7.55785100099996, 0.0 ], [ 110.489779, -7.557934, 0.0 ], [ 110.490264999000033, -7.558149, 0.0 ], [ 110.490518, -7.558248, 0.0 ], [ 110.490729, -7.558325, 0.0 ], [ 110.490943, -7.558458, 0.0 ], [ 110.491092, -7.558558, 0.0 ], [ 110.491323, -7.558566, 0.0 ], [ 110.491571, -7.558466, 0.0 ], [ 110.491737, -7.558428, 0.0 ], [ 110.491999, -7.55851, 0.0 ], [ 110.492164391000074, -7.558482184999946, 0.0 ], [ 110.492219, -7.558473000999925, 0.0 ], [ 110.492312, -7.558437000999959, 0.0 ], [ 110.492457, -7.558337000999927, 0.0 ], [ 110.492485, -7.558321, 0.0 ], [ 110.49255, -7.558312, 0.0 ], [ 110.492759, -7.558489, 0.0 ], [ 110.49283, -7.558525, 0.0 ], [ 110.49305399900004, -7.558524, 0.0 ], [ 110.493567, -7.558546, 0.0 ], [ 110.493665, -7.55859000099997, 0.0 ], [ 110.493765, -7.558623, 0.0 ], [ 110.493981, -7.558771, 0.0 ], [ 110.494081, -7.558804000999942, 0.0 ], [ 110.494268, -7.558825000999946, 0.0 ], [ 110.49467, -7.558993, 0.0 ], [ 110.495048, -7.559115, 0.0 ], [ 110.495155, -7.559163, 0.0 ], [ 110.495323, -7.559397, 0.0 ], [ 110.495559, -7.559484, 0.0 ], [ 110.495643, -7.559490000999972, 0.0 ], [ 110.495775, -7.559432000999948, 0.0 ], [ 110.495861999000056, -7.559399, 0.0 ], [ 110.495959, -7.559378, 0.0 ], [ 110.496079, -7.559347, 0.0 ], [ 110.496168, -7.559409000999949, 0.0 ], [ 110.496264, -7.559496, 0.0 ], [ 110.49642, -7.559535, 0.0 ], [ 110.496648, -7.55952900099993, 0.0 ], [ 110.4969, -7.559521, 0.0 ], [ 110.497633, -7.559801000999926, 0.0 ], [ 110.497816, -7.56001, 0.0 ], [ 110.497918, -7.560028, 0.0 ], [ 110.49807, -7.560054000999969, 0.0 ], [ 110.4982, -7.560056000999964, 0.0 ], [ 110.498308, -7.560017000999949, 0.0 ], [ 110.498467, -7.559963, 0.0 ], [ 110.498653, -7.559948, 0.0 ], [ 110.498791, -7.559912, 0.0 ], [ 110.499004, -7.559881000999951, 0.0 ], [ 110.499084, -7.559867, 0.0 ], [ 110.499191, -7.559995000999947, 0.0 ], [ 110.499351, -7.560283, 0.0 ], [ 110.499413, -7.560456, 0.0 ], [ 110.499503, -7.560560000999942, 0.0 ], [ 110.499619, -7.560547, 0.0 ], [ 110.499739, -7.560511, 0.0 ], [ 110.499904, -7.560451, 0.0 ], [ 110.5, -7.560448, 0.0 ], [ 110.5, -7.560443000999953, 0.0 ], [ 110.500092, -7.560445000999948, 0.0 ], [ 110.500166, -7.560489, 0.0 ], [ 110.500217, -7.560549, 0.0 ], [ 110.500311, -7.560674, 0.0 ], [ 110.50046, -7.560877, 0.0 ], [ 110.500595, -7.561042, 0.0 ], [ 110.500679999000056, -7.561189, 0.0 ], [ 110.500681, -7.561191, 0.0 ], [ 110.500695, -7.561218, 0.0 ], [ 110.500886, -7.561608, 0.0 ], [ 110.500905, -7.561649, 0.0 ], [ 110.500968, -7.56172, 0.0 ], [ 110.501108999000053, -7.561782, 0.0 ], [ 110.501331, -7.561835, 0.0 ], [ 110.501369, -7.561846, 0.0 ], [ 110.501392, -7.561854, 0.0 ], [ 110.501458999000079, -7.561903, 0.0 ], [ 110.501556999000059, -7.562014, 0.0 ], [ 110.501648, -7.56203, 0.0 ], [ 110.501944, -7.562085, 0.0 ], [ 110.501997, -7.56215, 0.0 ], [ 110.502116, -7.562306, 0.0 ], [ 110.502227, -7.562327, 0.0 ], [ 110.502284, -7.562331, 0.0 ], [ 110.502461, -7.562343, 0.0 ], [ 110.502551999000048, -7.562431, 0.0 ], [ 110.502586, -7.562501, 0.0 ], [ 110.502715, -7.562769, 0.0 ], [ 110.502856, -7.562981000999969, 0.0 ], [ 110.502940999000089, -7.563104, 0.0 ], [ 110.503042, -7.563222, 0.0 ], [ 110.503076, -7.563261, 0.0 ], [ 110.50313, -7.563324, 0.0 ], [ 110.503174999000066, -7.563376, 0.0 ], [ 110.503174, -7.563454, 0.0 ], [ 110.503145, -7.563507000999948, 0.0 ], [ 110.503115, -7.563541, 0.0 ], [ 110.503077999000084, -7.563581, 0.0 ], [ 110.503077, -7.563601, 0.0 ], [ 110.503125, -7.563665, 0.0 ], [ 110.50317, -7.563706, 0.0 ], [ 110.503327, -7.563962, 0.0 ], [ 110.503486, -7.564092000999949, 0.0 ], [ 110.503627, -7.564115, 0.0 ], [ 110.50365, -7.564106, 0.0 ], [ 110.503791, -7.564022, 0.0 ], [ 110.504045, -7.563858000999971, 0.0 ], [ 110.504087, -7.563874, 0.0 ], [ 110.504213, -7.56392, 0.0 ], [ 110.504296, -7.564050000999941, 0.0 ], [ 110.504422, -7.564258, 0.0 ], [ 110.504449, -7.564289, 0.0 ], [ 110.504470024000057, -7.564314539999941, 0.0 ], [ 110.504747874000088, -7.564632289999963, 0.0 ], [ 110.50483481200007, -7.564708414999927, 0.0 ], [ 110.504995124000061, -7.564809726999954, 0.0 ], [ 110.505088374000081, -7.564841165999951, 0.0 ], [ 110.505224874000078, -7.564850914999965, 0.0 ], [ 110.505304187000036, -7.564858602999948, 0.0 ], [ 110.505415062000054, -7.564875601999972, 0.0 ], [ 110.505498249000084, -7.564888289999942, 0.0 ], [ 110.505569937000075, -7.564906914999938, 0.0 ], [ 110.505614624000088, -7.564922164999928, 0.0 ], [ 110.505735374000039, -7.564981289999935, 0.0 ], [ 110.505785187000072, -7.565041664999967, 0.0 ], [ 110.505807061000041, -7.565117789999931, 0.0 ], [ 110.505824374000042, -7.56527435199996, 0.0 ], [ 110.505840915000078, -7.565369136999948, 0.0 ], [ 110.506028052000033, -7.565067166999938, 0.0 ], [ 110.506331433000071, -7.564632914999947, 0.0 ], [ 110.506851, -7.564221, 0.0 ] ] ] ] } },
{ "type": "Feature", "properties": { "NAMOBJ": "Sruni", "FCODE": "BA03070040", "REMARK": "Wilayah Administrasi Kelurahan/Desa", "METADATA": "TASWIL1000020221227_DATA_BATAS_DESAKELURAHAN", "SRS_ID": "SRGI 2013", "KDBBPS": null, "KDCBPS": null, "KDCPUM": "33.09.04", "KDEBPS": null, "KDEPUM": "33.09.04.2013", "KDPBPS": null, "KDPKAB": "33.09", "KDPPUM": "33", "LUASWH": 0.0, "TIPADM": 1, "WADMKC": "Musuk", "WADMKD": "Sruni", "WADMKK": "Boyolali", "WADMPR": "Jawa Tengah", "WIADKC": null, "WIADKK": null, "WIADPR": null, "WIADKD": null, "UUPP": "Hasil Delineasi Batas Desa 2017", "luas": 3.2880530351070738, "SHAPE_Leng": 0.11663688553113501, "SHAPE_Area": 0.00026940469209200003 }, "geometry": { "type": "MultiPolygon", "coordinates": [ [ [ [ 110.521074, -7.552651, 0.0 ], [ 110.52095, -7.552994000999945, 0.0 ], [ 110.520836, -7.553412, 0.0 ], [ 110.520712, -7.553782, 0.0 ], [ 110.520677932000069, -7.553883140999972, 0.0 ], [ 110.522179, -7.554420000999926, 0.0 ], [ 110.523209, -7.554795, 0.0 ], [ 110.523993, -7.555078, 0.0 ], [ 110.524037, -7.555092, 0.0 ], [ 110.524945, -7.55538, 0.0 ], [ 110.525059, -7.555431000999931, 0.0 ], [ 110.525911, -7.555789, 0.0 ], [ 110.526011, -7.555824000999962, 0.0 ], [ 110.526148999000043, -7.555876, 0.0 ], [ 110.526399109000067, -7.55596199699994, 0.0 ], [ 110.526598984000088, -7.556021483999928, 0.0 ], [ 110.526418145000036, -7.556430751999926, 0.0 ], [ 110.525974722000058, -7.557505219999939, 0.0 ], [ 110.525952, -7.557568, 0.0 ], [ 110.525707, -7.558037, 0.0 ], [ 110.525504, -7.558427, 0.0 ], [ 110.52547, -7.558507, 0.0 ], [ 110.525465999000062, -7.558519, 0.0 ], [ 110.525453, -7.558558, 0.0 ], [ 110.525407999000038, -7.558689000999948, 0.0 ], [ 110.525767, -7.558707000999959, 0.0 ], [ 110.526093, -7.558799, 0.0 ], [ 110.526846, -7.558999000999961, 0.0 ], [ 110.527343, -7.559117000999947, 0.0 ], [ 110.527629, -7.559266, 0.0 ], [ 110.527938, -7.559512, 0.0 ], [ 110.528618, -7.560128, 0.0 ], [ 110.528789, -7.560411, 0.0 ], [ 110.529114, -7.560973000999979, 0.0 ], [ 110.529381, -7.561139, 0.0 ], [ 110.52993, -7.561479000999952, 0.0 ], [ 110.530368, -7.561823, 0.0 ], [ 110.530793, -7.562091, 0.0 ], [ 110.530945, -7.562186, 0.0 ], [ 110.530964, -7.562192, 0.0 ], [ 110.531152, -7.562204, 0.0 ], [ 110.531428, -7.562255, 0.0 ], [ 110.531671177000078, -7.562309122999977, 0.0 ], [ 110.531677843000068, -7.562266616999977, 0.0 ], [ 110.531781351000063, -7.562234493999938, 0.0 ], [ 110.531920550000052, -7.562209509999946, 0.0 ], [ 110.531981226000084, -7.562177386999963, 0.0 ], [ 110.532084732000044, -7.561931112999957, 0.0 ], [ 110.532235946000071, -7.561580104999962, 0.0 ], [ 110.532280046000039, -7.561491903999979, 0.0 ], [ 110.532446609000033, -7.561140932999933, 0.0 ], [ 110.532668, -7.560628, 0.0 ], [ 110.532919, -7.559880000999954, 0.0 ], [ 110.532933738000054, -7.559839334999936, 0.0 ], [ 110.532997454000053, -7.559823405999964, 0.0 ], [ 110.533077761000072, -7.559647921999954, 0.0 ], [ 110.533184661000064, -7.559403578999934, 0.0 ], [ 110.53325, -7.559459, 0.0 ], [ 110.533463, -7.559607000999961, 0.0 ], [ 110.533711, -7.559686000999932, 0.0 ], [ 110.533942, -7.559689, 0.0 ], [ 110.534345, -7.559613, 0.0 ], [ 110.534689, -7.559552, 0.0 ], [ 110.534966, -7.559562, 0.0 ], [ 110.535301, -7.559645000999978, 0.0 ], [ 110.535577, -7.559808, 0.0 ], [ 110.536016999000083, -7.560119, 0.0 ], [ 110.53643, -7.560362, 0.0 ], [ 110.536831, -7.560533, 0.0 ], [ 110.536976, -7.56061, 0.0 ], [ 110.537046, -7.560645, 0.0 ], [ 110.537106, -7.560679000999926, 0.0 ], [ 110.537905, -7.561214, 0.0 ], [ 110.538184, -7.561532, 0.0 ], [ 110.53845, -7.561756, 0.0 ], [ 110.538647, -7.561968, 0.0 ], [ 110.538851, -7.56215, 0.0 ], [ 110.538975, -7.562224, 0.0 ], [ 110.538908, -7.562377000999959, 0.0 ], [ 110.538905, -7.562387, 0.0 ], [ 110.538866, -7.562518, 0.0 ], [ 110.538463999000044, -7.563376, 0.0 ], [ 110.538027, -7.564257, 0.0 ], [ 110.537771999000086, -7.564718, 0.0 ], [ 110.537729, -7.564804, 0.0 ], [ 110.537702999000089, -7.564873000999967, 0.0 ], [ 110.537603999000055, -7.565213, 0.0 ], [ 110.537568433000047, -7.565289019999966, 0.0 ], [ 110.537513, -7.565473, 0.0 ], [ 110.537378, -7.565856, 0.0 ], [ 110.537313999000048, -7.565909, 0.0 ], [ 110.537267, -7.565949, 0.0 ], [ 110.537177, -7.566097, 0.0 ], [ 110.537308, -7.566631, 0.0 ], [ 110.537292907000051, -7.566717381999979, 0.0 ], [ 110.537086425000041, -7.56732636299995, 0.0 ], [ 110.536993419000055, -7.567263725999965, 0.0 ], [ 110.536875397000074, -7.567480280999973, 0.0 ], [ 110.536512827000081, -7.568125976999966, 0.0 ], [ 110.536541381000063, -7.568233052999972, 0.0 ], [ 110.536606637000034, -7.568442980999976, 0.0 ], [ 110.536529483000038, -7.568532864999952, 0.0 ], [ 110.536431925000045, -7.568575695999925, 0.0 ], [ 110.536240700000064, -7.569037820999938, 0.0 ], [ 110.536023790000058, -7.568925840999952, 0.0 ], [ 110.53602, -7.568935, 0.0 ], [ 110.535656, -7.569744, 0.0 ], [ 110.535494, -7.570055, 0.0 ], [ 110.535426, -7.570154000999935, 0.0 ], [ 110.535401, -7.570174000999941, 0.0 ], [ 110.535350816000062, -7.570215010999959, 0.0 ], [ 110.534782398000061, -7.569899716999942, 0.0 ], [ 110.534235123000087, -7.569580870999971, 0.0 ], [ 110.533521284000074, -7.56916208399997, 0.0 ], [ 110.53305768000007, -7.568898382999976, 0.0 ], [ 110.532956, -7.569069, 0.0 ], [ 110.532913, -7.569138, 0.0 ], [ 110.532827, -7.569284, 0.0 ], [ 110.532792, -7.569344, 0.0 ], [ 110.532689, -7.569542, 0.0 ], [ 110.53219, -7.57064, 0.0 ], [ 110.532127, -7.570771, 0.0 ], [ 110.531982, -7.571039, 0.0 ], [ 110.531799, -7.571373, 0.0 ], [ 110.53176, -7.57146, 0.0 ], [ 110.531725999000059, -7.571525, 0.0 ], [ 110.531675, -7.571626, 0.0 ], [ 110.531649, -7.571681, 0.0 ], [ 110.531641, -7.5717, 0.0 ], [ 110.531618, -7.571755000999929, 0.0 ], [ 110.531557, -7.5719, 0.0 ], [ 110.531276999000056, -7.571764, 0.0 ], [ 110.53091, -7.571535, 0.0 ], [ 110.53053, -7.571214, 0.0 ], [ 110.530242, -7.570863, 0.0 ], [ 110.529826, -7.570158000999982, 0.0 ], [ 110.52959, -7.569766000999948, 0.0 ], [ 110.528754, -7.570433, 0.0 ], [ 110.528551, -7.570799000999955, 0.0 ], [ 110.528341, -7.571257, 0.0 ], [ 110.52809, -7.571927, 0.0 ], [ 110.527767999000048, -7.571698000999959, 0.0 ], [ 110.527688999000077, -7.571617000999936, 0.0 ], [ 110.527671, -7.57139, 0.0 ], [ 110.527679, -7.571213, 0.0 ], [ 110.527618, -7.571055000999934, 0.0 ], [ 110.527509, -7.570945, 0.0 ], [ 110.527098, -7.57098, 0.0 ], [ 110.527005999000039, -7.570974000999968, 0.0 ], [ 110.526943, -7.570897000999935, 0.0 ], [ 110.527101, -7.570731, 0.0 ], [ 110.527331, -7.570504, 0.0 ], [ 110.52755, -7.570194000999948, 0.0 ], [ 110.527601, -7.570074, 0.0 ], [ 110.527566, -7.569963000999962, 0.0 ], [ 110.527458, -7.569878, 0.0 ], [ 110.527295, -7.569841, 0.0 ], [ 110.526971, -7.569915, 0.0 ], [ 110.526687, -7.569991, 0.0 ], [ 110.526505, -7.569986, 0.0 ], [ 110.526243, -7.569883000999937, 0.0 ], [ 110.526158, -7.569819, 0.0 ], [ 110.526179, -7.569748000999937, 0.0 ], [ 110.526863, -7.569412, 0.0 ], [ 110.527061, -7.569299000999933, 0.0 ], [ 110.527209, -7.569143000999929, 0.0 ], [ 110.527268, -7.568965000999981, 0.0 ], [ 110.527247, -7.568847, 0.0 ], [ 110.527113, -7.568693000999929, 0.0 ], [ 110.526938, -7.56858, 0.0 ], [ 110.52666, -7.568509, 0.0 ], [ 110.52627, -7.568723, 0.0 ], [ 110.52614, -7.5688, 0.0 ], [ 110.526044, -7.568799, 0.0 ], [ 110.525947, -7.56871500099993, 0.0 ], [ 110.52528, -7.567527, 0.0 ], [ 110.525198, -7.567357, 0.0 ], [ 110.525193132000084, -7.567311286999939, 0.0 ], [ 110.525189, -7.567273, 0.0 ], [ 110.525237, -7.566724000999955, 0.0 ], [ 110.525239, -7.566549000999942, 0.0 ], [ 110.525134999000045, -7.566322, 0.0 ], [ 110.524893, -7.566043000999969, 0.0 ], [ 110.524429, -7.565706, 0.0 ], [ 110.523996, -7.565475000999982, 0.0 ], [ 110.523532, -7.565284, 0.0 ], [ 110.523044, -7.564846, 0.0 ], [ 110.522194, -7.564584, 0.0 ], [ 110.522072999000045, -7.564572, 0.0 ], [ 110.52197, -7.564641, 0.0 ], [ 110.521835, -7.564918, 0.0 ], [ 110.521752, -7.565131, 0.0 ], [ 110.521678, -7.565228, 0.0 ], [ 110.521179, -7.564825, 0.0 ], [ 110.520984, -7.56467, 0.0 ], [ 110.520872, -7.564638000999935, 0.0 ], [ 110.520687, -7.564748, 0.0 ], [ 110.520429, -7.565019, 0.0 ], [ 110.520307, -7.565144000999965, 0.0 ], [ 110.520181999000044, -7.565186, 0.0 ], [ 110.52002, -7.565144000999965, 0.0 ], [ 110.520042, -7.56437, 0.0 ], [ 110.520041, -7.564096, 0.0 ], [ 110.519982, -7.563779000999943, 0.0 ], [ 110.51991, -7.563611, 0.0 ], [ 110.519764, -7.563477, 0.0 ], [ 110.519471, -7.563382, 0.0 ], [ 110.519189, -7.56333000099994, 0.0 ], [ 110.519027, -7.563251000999969, 0.0 ], [ 110.518762, -7.562994, 0.0 ], [ 110.518521, -7.562508, 0.0 ], [ 110.51841, -7.5623, 0.0 ], [ 110.518246, -7.562134, 0.0 ], [ 110.518046, -7.562035, 0.0 ], [ 110.517611, -7.562027, 0.0 ], [ 110.51746, -7.561995, 0.0 ], [ 110.517275999000049, -7.561876, 0.0 ], [ 110.517101, -7.561859, 0.0 ], [ 110.516954, -7.561877, 0.0 ], [ 110.516848, -7.561523, 0.0 ], [ 110.516583, -7.560525, 0.0 ], [ 110.516475999000079, -7.560295, 0.0 ], [ 110.516373, -7.560193000999959, 0.0 ], [ 110.516027999000073, -7.560177, 0.0 ], [ 110.515926, -7.560168, 0.0 ], [ 110.515807, -7.560061, 0.0 ], [ 110.515714, -7.559665000999928, 0.0 ], [ 110.515623, -7.559328, 0.0 ], [ 110.515520999000046, -7.559153, 0.0 ], [ 110.515178, -7.559000000999959, 0.0 ], [ 110.514896999000086, -7.558879, 0.0 ], [ 110.514737, -7.558752, 0.0 ], [ 110.5146, -7.558439, 0.0 ], [ 110.514489, -7.558158, 0.0 ], [ 110.514354, -7.557974, 0.0 ], [ 110.514176, -7.557859, 0.0 ], [ 110.513981, -7.557818, 0.0 ], [ 110.513855, -7.557888000999981, 0.0 ], [ 110.513815, -7.557972, 0.0 ], [ 110.513869, -7.558464, 0.0 ], [ 110.513886, -7.558616, 0.0 ], [ 110.513836, -7.558696, 0.0 ], [ 110.513691, -7.55874, 0.0 ], [ 110.513508, -7.558707000999959, 0.0 ], [ 110.513008, -7.558409, 0.0 ], [ 110.512544, -7.558104000999947, 0.0 ], [ 110.511949, -7.557854, 0.0 ], [ 110.511751, -7.557762, 0.0 ], [ 110.511632, -7.557635000999937, 0.0 ], [ 110.511588, -7.557415, 0.0 ], [ 110.51157, -7.557176, 0.0 ], [ 110.511508, -7.557038, 0.0 ], [ 110.511429, -7.55698, 0.0 ], [ 110.511259, -7.556898, 0.0 ], [ 110.511106, -7.556935000999943, 0.0 ], [ 110.510578, -7.556959, 0.0 ], [ 110.510407, -7.556927, 0.0 ], [ 110.510251, -7.556824, 0.0 ], [ 110.510154, -7.556649, 0.0 ], [ 110.510075, -7.556512, 0.0 ], [ 110.509714, -7.556709, 0.0 ], [ 110.509479, -7.556843, 0.0 ], [ 110.509348, -7.556806, 0.0 ], [ 110.50933, -7.556758000999935, 0.0 ], [ 110.509307, -7.556555, 0.0 ], [ 110.509298999000066, -7.556449, 0.0 ], [ 110.509184, -7.556357, 0.0 ], [ 110.509005999000067, -7.556326, 0.0 ], [ 110.508804, -7.556385, 0.0 ], [ 110.508082, -7.556517, 0.0 ], [ 110.507855, -7.556517, 0.0 ], [ 110.50762, -7.556487000999937, 0.0 ], [ 110.507442, -7.556431, 0.0 ], [ 110.507309999000086, -7.556363, 0.0 ], [ 110.50715, -7.556257, 0.0 ], [ 110.507072, -7.556179, 0.0 ], [ 110.506993, -7.556089, 0.0 ], [ 110.506943, -7.556021, 0.0 ], [ 110.506859, -7.555878, 0.0 ], [ 110.506733, -7.555618, 0.0 ], [ 110.506742, -7.555412000999979, 0.0 ], [ 110.506754, -7.555163, 0.0 ], [ 110.506728, -7.554964000999973, 0.0 ], [ 110.506662, -7.554908000999944, 0.0 ], [ 110.506612, -7.554877, 0.0 ], [ 110.506497, -7.554859, 0.0 ], [ 110.506398, -7.554946000999962, 0.0 ], [ 110.506384, -7.554981, 0.0 ], [ 110.506341, -7.555106, 0.0 ], [ 110.506246, -7.555376000999956, 0.0 ], [ 110.506212, -7.555391, 0.0 ], [ 110.506174, -7.55545400099993, 0.0 ], [ 110.506052, -7.555483, 0.0 ], [ 110.50597, -7.555470000999946, 0.0 ], [ 110.505768277000072, -7.55539448899998, 0.0 ], [ 110.505642, -7.555367, 0.0 ], [ 110.505485, -7.555328, 0.0 ], [ 110.505411, -7.555317000999935, 0.0 ], [ 110.505327, -7.555308, 0.0 ], [ 110.505188, -7.555232, 0.0 ], [ 110.505109, -7.555137, 0.0 ], [ 110.505085, -7.554985000999977, 0.0 ], [ 110.505113, -7.554881, 0.0 ], [ 110.505137, -7.554844, 0.0 ], [ 110.505192, -7.554827000999978, 0.0 ], [ 110.505297, -7.554765, 0.0 ], [ 110.505300999000042, -7.554801, 0.0 ], [ 110.505304, -7.554831, 0.0 ], [ 110.505305, -7.554847000999928, 0.0 ], [ 110.505335, -7.554896, 0.0 ], [ 110.505435, -7.55494700099996, 0.0 ], [ 110.505486, -7.554996, 0.0 ], [ 110.505559, -7.555036, 0.0 ], [ 110.505675, -7.55504100099995, 0.0 ], [ 110.505827999000076, -7.554993, 0.0 ], [ 110.505915, -7.554913, 0.0 ], [ 110.50593, -7.554893, 0.0 ], [ 110.505922, -7.554855, 0.0 ], [ 110.505843, -7.554775, 0.0 ], [ 110.505858, -7.554715, 0.0 ], [ 110.505891, -7.554683, 0.0 ], [ 110.505851, -7.554647, 0.0 ], [ 110.505823, -7.55455, 0.0 ], [ 110.505835, -7.554486, 0.0 ], [ 110.505852, -7.554467, 0.0 ], [ 110.505958, -7.554301000999942, 0.0 ], [ 110.50599, -7.554154, 0.0 ], [ 110.506059, -7.553928, 0.0 ], [ 110.506096, -7.553808, 0.0 ], [ 110.506182, -7.553586, 0.0 ], [ 110.506385, -7.553096, 0.0 ], [ 110.506431999000085, -7.552998, 0.0 ], [ 110.506466, -7.552886, 0.0 ], [ 110.506613, -7.552502, 0.0 ], [ 110.506709104000038, -7.552236179999966, 0.0 ], [ 110.50684152000008, -7.551952734999929, 0.0 ], [ 110.506917187000056, -7.551772846999938, 0.0 ], [ 110.507331213000043, -7.551958445999958, 0.0 ], [ 110.507601781000062, -7.552174066999953, 0.0 ], [ 110.50772670300006, -7.552281142999959, 0.0 ], [ 110.507964649000087, -7.552483396999946, 0.0 ], [ 110.508256133000089, -7.552590471999963, 0.0 ], [ 110.508507180000038, -7.552567118999946, 0.0 ], [ 110.508556138000074, -7.552452778999964, 0.0 ], [ 110.509100841000077, -7.551180642999952, 0.0 ], [ 110.509355677000087, -7.550519645999941, 0.0 ], [ 110.509417781000082, -7.550681119999979, 0.0 ], [ 110.50949511400006, -7.550954756999943, 0.0 ], [ 110.509501063000073, -7.551406854999925, 0.0 ], [ 110.509733060000087, -7.551734030999967, 0.0 ], [ 110.509971006000058, -7.551888694999946, 0.0 ], [ 110.510226798000076, -7.551930335999941, 0.0 ], [ 110.510411206000072, -7.551918438999962, 0.0 ], [ 110.510690793000038, -7.551799465999977, 0.0 ], [ 110.510875201000033, -7.551591262999978, 0.0 ], [ 110.510976328000083, -7.551555570999938, 0.0 ], [ 110.511029866000058, -7.551609108999969, 0.0 ], [ 110.511166684000045, -7.551680492999935, 0.0 ], [ 110.511232120000045, -7.551823259999935, 0.0 ], [ 110.511255915000049, -7.552085000999966, 0.0 ], [ 110.511339196000051, -7.552132589999928, 0.0 ], [ 110.511501, -7.552063, 0.0 ], [ 110.51159, -7.552062, 0.0 ], [ 110.511696, -7.552175000999966, 0.0 ], [ 110.511834999000087, -7.552402, 0.0 ], [ 110.511998, -7.552565000999948, 0.0 ], [ 110.512224999000068, -7.552664000999926, 0.0 ], [ 110.512652999000068, -7.552672, 0.0 ], [ 110.512935, -7.552702000999943, 0.0 ], [ 110.513174, -7.552731, 0.0 ], [ 110.513424, -7.552674, 0.0 ], [ 110.513672, -7.552576, 0.0 ], [ 110.514052, -7.552549, 0.0 ], [ 110.514219, -7.552531, 0.0 ], [ 110.514411, -7.552482, 0.0 ], [ 110.514602999000033, -7.552541, 0.0 ], [ 110.514778, -7.552669, 0.0 ], [ 110.515065, -7.553011, 0.0 ], [ 110.515166, -7.553121, 0.0 ], [ 110.515234, -7.553144, 0.0 ], [ 110.515245, -7.552931, 0.0 ], [ 110.515263, -7.552835, 0.0 ], [ 110.51535853200005, -7.55283333899996, 0.0 ], [ 110.515728, -7.552823, 0.0 ], [ 110.515895, -7.552808, 0.0 ], [ 110.51598, -7.552762000999962, 0.0 ], [ 110.516024, -7.552644000999976, 0.0 ], [ 110.515977, -7.552503, 0.0 ], [ 110.51581199900005, -7.552281, 0.0 ], [ 110.515772, -7.552182, 0.0 ], [ 110.515870999000072, -7.552103, 0.0 ], [ 110.516026, -7.552084, 0.0 ], [ 110.51631, -7.552205, 0.0 ], [ 110.516772, -7.552538, 0.0 ], [ 110.516985, -7.552693, 0.0 ], [ 110.517104, -7.552735, 0.0 ], [ 110.51728341900008, -7.552639065999927, 0.0 ], [ 110.517405870000061, -7.552518559999953, 0.0 ], [ 110.517573622000043, -7.552465020999932, 0.0 ], [ 110.517705682000042, -7.552518559999953, 0.0 ], [ 110.517841966000049, -7.552593273999946, 0.0 ], [ 110.517937144000086, -7.552679528999931, 0.0 ], [ 110.517999605000057, -7.552721170999973, 0.0 ], [ 110.518073963000063, -7.552715221999961, 0.0 ], [ 110.518157244000065, -7.552521890999969, 0.0 ], [ 110.51824647400008, -7.552414814999963, 0.0 ], [ 110.518332729000065, -7.552391019999959, 0.0 ], [ 110.518421959000079, -7.552420763999976, 0.0 ], [ 110.518469549000088, -7.552507018999961, 0.0 ], [ 110.518523086000073, -7.552637887999936, 0.0 ], [ 110.518689649000066, -7.552816347999965, 0.0 ], [ 110.51882349300007, -7.55282527199995, 0.0 ], [ 110.518915697000068, -7.552753886999938, 0.0 ], [ 110.518951389000051, -7.552539735999972, 0.0 ], [ 110.518948415000068, -7.552393993999942, 0.0 ], [ 110.518963287000076, -7.552263122999932, 0.0 ], [ 110.519016825000051, -7.55220363799998, 0.0 ], [ 110.519114977000072, -7.552156047999972, 0.0 ], [ 110.519198258000074, -7.552197688999968, 0.0 ], [ 110.519242873000053, -7.55228096899998, 0.0 ], [ 110.519284514000049, -7.552391019999959, 0.0 ], [ 110.519329129000084, -7.55242373699997, 0.0 ], [ 110.519403487000034, -7.55241184099998, 0.0 ], [ 110.519454050000036, -7.552352352999947, 0.0 ], [ 110.519483794000053, -7.552260148999949, 0.0 ], [ 110.519525434000059, -7.552105483999981, 0.0 ], [ 110.51954625500008, -7.551980562999972, 0.0 ], [ 110.51965332900005, -7.551797640999951, 0.0 ], [ 110.519760406000046, -7.551660821999974, 0.0 ], [ 110.519935891000046, -7.55155969499998, 0.0 ], [ 110.520191683000064, -7.551485336999974, 0.0 ], [ 110.520462347000034, -7.551455593999947, 0.0 ], [ 110.520611062000057, -7.551512106999951, 0.0 ], [ 110.520712191000086, -7.551616206999938, 0.0 ], [ 110.520724087000076, -7.551738154999953, 0.0 ], [ 110.520753831000036, -7.551931486999933, 0.0 ], [ 110.520783574000063, -7.552071278999961, 0.0 ], [ 110.520860907000042, -7.552142663999973, 0.0 ], [ 110.52098880300008, -7.552166457999931, 0.0 ], [ 110.521137519000035, -7.552154559999963, 0.0 ], [ 110.521295158000044, -7.552172405999954, 0.0 ], [ 110.521351671000048, -7.552217020999933, 0.0 ], [ 110.521333825000056, -7.552273533999937, 0.0 ], [ 110.521286235000048, -7.552327070999979, 0.0 ], [ 110.52119403100005, -7.552368711999975, 0.0 ], [ 110.521127045000071, -7.55242104499996, 0.0 ], [ 110.521122, -7.552430000999948, 0.0 ], [ 110.521057, -7.552549, 0.0 ], [ 110.521074, -7.552651, 0.0 ] ] ] ] } },
{ "type": "Feature", "properties": { "NAMOBJ": "Sukorame", "FCODE": "BA03070040", "REMARK": "Wilayah Administrasi Kelurahan/Desa", "METADATA": "TASWIL1000020221227_DATA_BATAS_DESAKELURAHAN", "SRS_ID": "SRGI 2013", "KDBBPS": null, "KDCBPS": null, "KDCPUM": "33.09.04", "KDEBPS": null, "KDEPUM": "33.09.04.2019", "KDPBPS": null, "KDPKAB": "33.09", "KDPPUM": "33", "LUASWH": 0.0, "TIPADM": 1, "WADMKC": "Musuk", "WADMKD": "Sukorame", "WADMKK": "Boyolali", "WADMPR": "Jawa Tengah", "WIADKC": null, "WIADKK": null, "WIADPR": null, "WIADKD": null, "UUPP": "Hasil Delineasi Batas Desa 2017", "luas": 2.858450617119181, "SHAPE_Leng": 0.095488007041759998, "SHAPE_Area": 0.00023419647944000001 }, "geometry": { "type": "MultiPolygon", "coordinates": [ [ [ [ 110.572881, -7.537053, 0.0 ], [ 110.573079, -7.537116, 0.0 ], [ 110.573459999000079, -7.53725, 0.0 ], [ 110.573570999000083, -7.537523, 0.0 ], [ 110.573585, -7.537860000999956, 0.0 ], [ 110.57343, -7.538394, 0.0 ], [ 110.573306, -7.538883, 0.0 ], [ 110.573127999000064, -7.539867, 0.0 ], [ 110.572957, -7.539817, 0.0 ], [ 110.572361999000066, -7.539803, 0.0 ], [ 110.572295, -7.540259000999981, 0.0 ], [ 110.57223, -7.540958, 0.0 ], [ 110.572142, -7.541751, 0.0 ], [ 110.57208599900008, -7.542354, 0.0 ], [ 110.572068999000066, -7.542989000999967, 0.0 ], [ 110.572045, -7.543402000999947, 0.0 ], [ 110.572035999000036, -7.543688, 0.0 ], [ 110.572026999000059, -7.54400500099996, 0.0 ], [ 110.57213, -7.54395, 0.0 ], [ 110.572316, -7.543863, 0.0 ], [ 110.572493, -7.543845, 0.0 ], [ 110.572637, -7.543899, 0.0 ], [ 110.572711999000035, -7.543993, 0.0 ], [ 110.572718999000074, -7.544039, 0.0 ], [ 110.572787, -7.544338000999971, 0.0 ], [ 110.572899, -7.544555, 0.0 ], [ 110.57301, -7.544656, 0.0 ], [ 110.57328, -7.544697, 0.0 ], [ 110.574313, -7.544457, 0.0 ], [ 110.574532999000041, -7.544417, 0.0 ], [ 110.574835999000072, -7.544495, 0.0 ], [ 110.575018, -7.544557, 0.0 ], [ 110.575357, -7.544498, 0.0 ], [ 110.57571499900007, -7.544436, 0.0 ], [ 110.57585799900005, -7.544447, 0.0 ], [ 110.576119, -7.544726000999958, 0.0 ], [ 110.576267999000038, -7.544908, 0.0 ], [ 110.57642, -7.544998000999954, 0.0 ], [ 110.576589, -7.545013, 0.0 ], [ 110.576773, -7.54493, 0.0 ], [ 110.576980999000057, -7.544697, 0.0 ], [ 110.57709, -7.544578, 0.0 ], [ 110.577274999000053, -7.544534, 0.0 ], [ 110.577716, -7.544651, 0.0 ], [ 110.577943, -7.544713, 0.0 ], [ 110.578099, -7.544676, 0.0 ], [ 110.578321, -7.544567, 0.0 ], [ 110.578699999000037, -7.544526, 0.0 ], [ 110.578937, -7.5445, 0.0 ], [ 110.579354, -7.544319, 0.0 ], [ 110.579663183000036, -7.544152333999932, 0.0 ], [ 110.579915406000055, -7.544119020999972, 0.0 ], [ 110.58015811100006, -7.544109504999938, 0.0 ], [ 110.580310397000062, -7.544119020999972, 0.0 ], [ 110.580505513000048, -7.54416661099998, 0.0 ], [ 110.580638762000035, -7.544214199999942, 0.0 ], [ 110.580748218000053, -7.544285584999955, 0.0 ], [ 110.580867191000038, -7.544414074999963, 0.0 ], [ 110.581071824000048, -7.544642502999977, 0.0 ], [ 110.581152726000084, -7.544785270999967, 0.0 ], [ 110.581257422000078, -7.544813823999959, 0.0 ], [ 110.581601611000053, -7.544777060999934, 0.0 ], [ 110.581744379000042, -7.54480680599994, 0.0 ], [ 110.581818737000049, -7.544842496999934, 0.0 ], [ 110.581925813000055, -7.544910906999974, 0.0 ], [ 110.582006120000074, -7.545038801999965, 0.0 ], [ 110.58208047800008, -7.545202389999929, 0.0 ], [ 110.582154836000086, -7.545345158999964, 0.0 ], [ 110.582211348000044, -7.545404643999973, 0.0 ], [ 110.58228570600005, -7.545419515999981, 0.0 ], [ 110.582395756000039, -7.545380849999958, 0.0 ], [ 110.582571242000085, -7.545241055999952, 0.0 ], [ 110.582696163000037, -7.545139928999959, 0.0 ], [ 110.582919238000045, -7.54501500899994, 0.0 ], [ 110.583118518000049, -7.544946597999967, 0.0 ], [ 110.58324938800007, -7.544919829999969, 0.0 ], [ 110.583353489000046, -7.544979315999967, 0.0 ], [ 110.583386207000046, -7.545062596999969, 0.0 ], [ 110.583395130000042, -7.545202389999929, 0.0 ], [ 110.583351665000066, -7.545614690999969, 0.0 ], [ 110.583399254000085, -7.545763407999971, 0.0 ], [ 110.583571765000045, -7.545852636999939, 0.0 ], [ 110.58369073700004, -7.545918072999939, 0.0 ], [ 110.583895967000046, -7.545870482999931, 0.0 ], [ 110.583979248000048, -7.545778278999933, 0.0 ], [ 110.584175554000069, -7.545480846999965, 0.0 ], [ 110.584288578000042, -7.545245874999978, 0.0 ], [ 110.584354013000052, -7.545115003999967, 0.0 ], [ 110.584481909000033, -7.545007928999951, 0.0 ], [ 110.584588985000039, -7.544993056999942, 0.0 ], [ 110.584693086000073, -7.545016851999947, 0.0 ], [ 110.584803136000062, -7.545076338999934, 0.0 ], [ 110.58492805800006, -7.545236951999925, 0.0 ], [ 110.585082722000038, -7.545451102999948, 0.0 ], [ 110.585214783000083, -7.545605768999962, 0.0 ], [ 110.585363499000039, -7.545715817999962, 0.0 ], [ 110.585521139000036, -7.54580802299995, 0.0 ], [ 110.585666881000066, -7.54587345799996, 0.0 ], [ 110.58578656800006, -7.545927364999955, 0.0 ], [ 110.585702163000065, -7.545945395999979, 0.0 ], [ 110.585645716000045, -7.545957453999961, 0.0 ], [ 110.585523390000048, -7.545983585999977, 0.0 ], [ 110.585431704000086, -7.546003171999928, 0.0 ], [ 110.585318680000057, -7.546038863999968, 0.0 ], [ 110.585265142000083, -7.546068606999938, 0.0 ], [ 110.585205655000038, -7.54611916999994, 0.0 ], [ 110.585122374000036, -7.546223271999963, 0.0 ], [ 110.584911197000054, -7.546672394999973, 0.0 ], [ 110.584652431000052, -7.547210747999941, 0.0 ], [ 110.584551304000058, -7.547413001999928, 0.0 ], [ 110.584375601000033, -7.547837881999953, 0.0 ], [ 110.584278226000038, -7.547818349999943, 0.0 ], [ 110.584112667000056, -7.547808474999954, 0.0 ], [ 110.583810711000069, -7.547847062999949, 0.0 ], [ 110.583557488000054, -7.54784682199994, 0.0 ], [ 110.583249999000088, -7.547891646999972, 0.0 ], [ 110.583247, -7.547892083999955, 0.0 ], [ 110.583226305000039, -7.547895099999948, 0.0 ], [ 110.583041257000048, -7.547894923999934, 0.0 ], [ 110.582865949000052, -7.547894755999948, 0.0 ], [ 110.582690642000046, -7.547894588999952, 0.0 ], [ 110.582515343000068, -7.547884702999966, 0.0 ], [ 110.582388685000069, -7.547933175999958, 0.0 ], [ 110.582262037000078, -7.54797193099995, 0.0 ], [ 110.582184074000054, -7.548020449999967, 0.0 ], [ 110.582086552000078, -7.548156421999977, 0.0 ], [ 110.582047398000043, -7.548360480999975, 0.0 ], [ 110.582008264000081, -7.548545102999981, 0.0 ], [ 110.581969147000052, -7.54871028599996, 0.0 ], [ 110.581968989000075, -7.548875507999981, 0.0 ], [ 110.581939631000068, -7.549021262999929, 0.0 ], [ 110.581900515000086, -7.549186445999965, 0.0 ], [ 110.581880933000036, -7.549293334999959, 0.0 ], [ 110.581832106000036, -7.549429352999937, 0.0 ], [ 110.581705438000085, -7.549487544999977, 0.0 ], [ 110.581510632000061, -7.549506797999925, 0.0 ], [ 110.581354774000033, -7.549535803999959, 0.0 ], [ 110.58119894400005, -7.549535654999943, 0.0 ], [ 110.581023627000036, -7.549545206999937, 0.0 ], [ 110.580955442000061, -7.549554858999954, 0.0 ], [ 110.580906567000056, -7.549739470999953, 0.0 ], [ 110.580925934000049, -7.549856116999933, 0.0 ], [ 110.580925896000053, -7.549894992999953, 0.0 ], [ 110.580857627000057, -7.549992114999952, 0.0 ], [ 110.580682252000088, -7.550059978999968, 0.0 ], [ 110.580458191000048, -7.550118077999969, 0.0 ], [ 110.580312053000057, -7.550166531999935, 0.0 ], [ 110.580195144000072, -7.550205295999945, 0.0 ], [ 110.580136670000059, -7.550244113999952, 0.0 ], [ 110.580135712000072, -7.550252644999944, 0.0 ], [ 110.580126846000041, -7.550331575999962, 0.0 ], [ 110.580126724000081, -7.550457919999928, 0.0 ], [ 110.58012664000006, -7.550545389999968, 0.0 ], [ 110.580048687000044, -7.550584191999974, 0.0 ], [ 110.579951293000079, -7.550584096999955, 0.0 ], [ 110.579688330000067, -7.550583843999959, 0.0 ], [ 110.579493570000068, -7.550554499999976, 0.0 ], [ 110.579298811000058, -7.550525156999981, 0.0 ], [ 110.579123521000042, -7.550505549999968, 0.0 ], [ 110.578967682000041, -7.550515117999964, 0.0 ], [ 110.578860530000043, -7.550534453999944, 0.0 ], [ 110.578724177000083, -7.550534321999976, 0.0 ], [ 110.578626775000089, -7.550543945999948, 0.0 ], [ 110.578539110000065, -7.550553580999974, 0.0 ], [ 110.578446047000057, -7.550552229999937, 0.0 ], [ 110.578054, -7.550486, 0.0 ], [ 110.577236, -7.550354, 0.0 ], [ 110.577186916000073, -7.550346103999971, 0.0 ], [ 110.576863, -7.550294, 0.0 ], [ 110.576707, -7.550251, 0.0 ], [ 110.576434, -7.550225000999944, 0.0 ], [ 110.575723, -7.550086, 0.0 ], [ 110.574926121000033, -7.549935345999927, 0.0 ], [ 110.573889600000086, -7.549783906999949, 0.0 ], [ 110.573784898000042, -7.549766624999961, 0.0 ], [ 110.572352582000065, -7.549530223999966, 0.0 ], [ 110.572296551000079, -7.54952097599994, 0.0 ], [ 110.572178768000072, -7.549495991999947, 0.0 ], [ 110.572130955000034, -7.549491087999968, 0.0 ], [ 110.572039570000072, -7.549481714999956, 0.0 ], [ 110.571882525000035, -7.549474576999955, 0.0 ], [ 110.571711504000064, -7.549490123999931, 0.0 ], [ 110.571607696000058, -7.549499561999937, 0.0 ], [ 110.571329300000059, -7.549535252999931, 0.0 ], [ 110.571268915000076, -7.549536103999969, 0.0 ], [ 110.570969060000039, -7.549497565999957, 0.0 ], [ 110.570933119000074, -7.549472196999943, 0.0 ], [ 110.570909326000049, -7.549421633999941, 0.0 ], [ 110.570852813000045, -7.549368095999966, 0.0 ], [ 110.570802250000042, -7.549338352999939, 0.0 ], [ 110.570760609000047, -7.549332404999973, 0.0 ], [ 110.570629739000083, -7.549323480999931, 0.0 ], [ 110.570489946000066, -7.549323480999931, 0.0 ], [ 110.570338255000081, -7.549350249999975, 0.0 ], [ 110.570191494000085, -7.549361120999947, 0.0 ], [ 110.570177641000043, -7.549362146999954, 0.0 ], [ 110.570046771000079, -7.54937106999995, 0.0 ], [ 110.569877234000046, -7.549365120999937, 0.0 ], [ 110.569648211000072, -7.549240200999975, 0.0 ], [ 110.56959684900005, -7.549189679999927, 0.0 ], [ 110.569466777000059, -7.549061739999956, 0.0 ], [ 110.569318061000047, -7.548972509999942, 0.0 ], [ 110.569228830000043, -7.548945740999955, 0.0 ], [ 110.569026577000045, -7.548913024999933, 0.0 ], [ 110.568470378000086, -7.548877331999961, 0.0 ], [ 110.568342482000048, -7.548898152999925, 0.0 ], [ 110.568288944000074, -7.548921947999929, 0.0 ], [ 110.56827342400004, -7.548943673999929, 0.0 ], [ 110.568263828000056, -7.548957108999957, 0.0 ], [ 110.568250230000046, -7.548976145999973, 0.0 ], [ 110.568244329000038, -7.548984407999967, 0.0 ], [ 110.568232432000059, -7.549076611999965, 0.0 ], [ 110.568277046000048, -7.549650657999962, 0.0 ], [ 110.568291428000066, -7.549901129999967, 0.0 ], [ 110.568087861000038, -7.549914604999969, 0.0 ], [ 110.568027186000052, -7.55036789199994, 0.0 ], [ 110.567483003000063, -7.550337910999929, 0.0 ], [ 110.567013059000033, -7.550278425999977, 0.0 ], [ 110.566917881000052, -7.550314115999981, 0.0 ], [ 110.566810805000046, -7.550676984999939, 0.0 ], [ 110.566763216000084, -7.550867340999957, 0.0 ], [ 110.566584756000054, -7.550879237999936, 0.0 ], [ 110.565704356000083, -7.550617497999951, 0.0 ], [ 110.564205295000079, -7.550272476999965, 0.0 ], [ 110.56309884500007, -7.549975042999961, 0.0 ], [ 110.563328861000059, -7.549324656999943, 0.0 ], [ 110.563079017000064, -7.548694099999977, 0.0 ], [ 110.563150401000087, -7.548146823999957, 0.0 ], [ 110.563625103000049, -7.54711572399998, 0.0 ], [ 110.563863050000066, -7.546744527999977, 0.0 ], [ 110.564062924000041, -7.546230564999973, 0.0 ], [ 110.564235465000081, -7.545654585999955, 0.0 ], [ 110.56420587100007, -7.545057157999963, 0.0 ], [ 110.564049470000043, -7.545292832999962, 0.0 ], [ 110.563963809000086, -7.545433221999929, 0.0 ], [ 110.563752037000086, -7.545640234999951, 0.0 ], [ 110.563553589000037, -7.545816790999936, 0.0 ], [ 110.563453653000067, -7.545869139999979, 0.0 ], [ 110.563318023000079, -7.545878656999946, 0.0 ], [ 110.563158599000076, -7.545871517999956, 0.0 ], [ 110.562949207000088, -7.545854861999942, 0.0 ], [ 110.562792162000051, -7.545857242999944, 0.0 ], [ 110.562704122000071, -7.545904830999973, 0.0 ], [ 110.562597047000054, -7.545992870999953, 0.0 ], [ 110.562406690000046, -7.546190366999951, 0.0 ], [ 110.562230610000086, -7.546304580999958, 0.0 ], [ 110.562133052000036, -7.546333133999951, 0.0 ], [ 110.562011222000081, -7.546317428999942, 0.0 ], [ 110.56186845600007, -7.546260321999966, 0.0 ], [ 110.561735206000037, -7.546138969999959, 0.0 ], [ 110.561578161000057, -7.546022375999939, 0.0 ], [ 110.561511536000069, -7.545974787999967, 0.0 ], [ 110.561449670000059, -7.545965268999964, 0.0 ], [ 110.561318800000038, -7.545972406999965, 0.0 ], [ 110.561183171000039, -7.546055689999946, 0.0 ], [ 110.561049921000063, -7.546167522999951, 0.0 ], [ 110.56095236200008, -7.546217491999926, 0.0 ], [ 110.560866702000055, -7.546243665999953, 0.0 ], [ 110.560738212000047, -7.546224629999926, 0.0 ], [ 110.560602582000058, -7.546124693999957, 0.0 ], [ 110.560540716000048, -7.546055689999946, 0.0 ], [ 110.560528819000069, -7.545939094999937, 0.0 ], [ 110.560577598000066, -7.545723753999937, 0.0 ], [ 110.560610316000066, -7.545613703999948, 0.0 ], [ 110.560598418000041, -7.545509601999981, 0.0 ], [ 110.56053595700007, -7.545435244999965, 0.0 ], [ 110.560446728000045, -7.545328168999959, 0.0 ], [ 110.56036047200007, -7.545274630999927, 0.0 ], [ 110.560280165000052, -7.54524786199994, 0.0 ], [ 110.560063040000045, -7.545218118999969, 0.0 ], [ 110.559923246000039, -7.545232990999978, 0.0 ], [ 110.559825093000086, -7.545292475999929, 0.0 ], [ 110.559720992000052, -7.545432270999981, 0.0 ], [ 110.559672748000082, -7.545721017999938, 0.0 ], [ 110.559660851000046, -7.545892338999977, 0.0 ], [ 110.559620400000085, -7.545963721999954, 0.0 ], [ 110.559558534000075, -7.546001793999949, 0.0 ], [ 110.559477633000085, -7.54602320999993, 0.0 ], [ 110.55940386900005, -7.54601607099994, 0.0 ], [ 110.559349142000087, -7.545980378999957, 0.0 ], [ 110.559277758000064, -7.545932788999949, 0.0 ], [ 110.559213512000042, -7.545913753999969, 0.0 ], [ 110.559077883000043, -7.545916132999935, 0.0 ], [ 110.559006761000035, -7.545930802999976, 0.0 ], [ 110.558942516000059, -7.545947935999948, 0.0 ], [ 110.558871132000036, -7.546005041999933, 0.0 ], [ 110.558781188000069, -7.546090701999958, 0.0 ], [ 110.558696955000073, -7.546129250999968, 0.0 ], [ 110.558582741000066, -7.546136387999979, 0.0 ], [ 110.558519923000063, -7.546129250999968, 0.0 ], [ 110.558454250000068, -7.546082135999939, 0.0 ], [ 110.558370017000072, -7.546035022999945, 0.0 ], [ 110.558322904000079, -7.546036450999964, 0.0 ], [ 110.558217256000034, -7.546052154999927, 0.0 ], [ 110.558165860000088, -7.546080709999956, 0.0 ], [ 110.558137305000059, -7.546124966999969, 0.0 ], [ 110.557964224000045, -7.546485513999926, 0.0 ], [ 110.557926153000039, -7.546554043999947, 0.0 ], [ 110.557867142000077, -7.546618763999959, 0.0 ], [ 110.557802420000087, -7.546658738999952, 0.0 ], [ 110.557701532000067, -7.546700618999978, 0.0 ], [ 110.557543535000036, -7.546746302999964, 0.0 ], [ 110.557444550000071, -7.546793893999961, 0.0 ], [ 110.557376021000039, -7.546887167999955, 0.0 ], [ 110.557299879000084, -7.546965213999954, 0.0 ], [ 110.557208507000041, -7.547010898999929, 0.0 ], [ 110.557124750000071, -7.547024223999927, 0.0 ], [ 110.556983927000033, -7.547009000999935, 0.0 ], [ 110.556983886000069, -7.547008995999931, 0.0 ], [ 110.557035282000072, -7.546889071999942, 0.0 ], [ 110.557088582000063, -7.546795796999959, 0.0 ], [ 110.557115, -7.546678000999975, 0.0 ], [ 110.557169999000052, -7.546484, 0.0 ], [ 110.557262, -7.546137, 0.0 ], [ 110.557417, -7.545507000999976, 0.0 ], [ 110.557782, -7.544352, 0.0 ], [ 110.557792575000065, -7.544320881999965, 0.0 ], [ 110.557859857000039, -7.54406520799995, 0.0 ], [ 110.558035938000046, -7.543467963999944, 0.0 ], [ 110.558196948000045, -7.542971448999936, 0.0 ], [ 110.557925689000058, -7.542365876999952, 0.0 ], [ 110.55780076700006, -7.542141016999949, 0.0 ], [ 110.557772214000067, -7.542030373999978, 0.0 ], [ 110.557790060000059, -7.541944711999975, 0.0 ], [ 110.557943535000049, -7.541805512999929, 0.0 ], [ 110.558250486000077, -7.54122016599996, 0.0 ], [ 110.558389684000076, -7.540948907999962, 0.0 ], [ 110.559142, -7.539460000999952, 0.0 ], [ 110.55915082100006, -7.539424218999955, 0.0 ], [ 110.559043437000071, -7.539347789999965, 0.0 ], [ 110.559015062000071, -7.539239039999927, 0.0 ], [ 110.559048874000041, -7.539046851999956, 0.0 ], [ 110.559182373000056, -7.538701101999948, 0.0 ], [ 110.559386937000056, -7.538199102999954, 0.0 ], [ 110.55935312400004, -7.537950040999931, 0.0 ], [ 110.559264348000056, -7.537798642999974, 0.0 ], [ 110.559067937000066, -7.537619726999935, 0.0 ], [ 110.559119326000086, -7.537471394999955, 0.0 ], [ 110.559524190000047, -7.53662537699995, 0.0 ], [ 110.55975281800005, -7.535987285999965, 0.0 ], [ 110.560011583000062, -7.535380522999958, 0.0 ], [ 110.560256, -7.534746, 0.0 ], [ 110.560286, -7.534679, 0.0 ], [ 110.560331, -7.53458, 0.0 ], [ 110.560519, -7.534646000999942, 0.0 ], [ 110.560713, -7.534720000999926, 0.0 ], [ 110.560986, -7.534837000999971, 0.0 ], [ 110.562647999000035, -7.535552, 0.0 ], [ 110.562691, -7.535565, 0.0 ], [ 110.563078999000084, -7.535648, 0.0 ], [ 110.563967, -7.535799, 0.0 ], [ 110.564178, -7.535841, 0.0 ], [ 110.564485, -7.535904, 0.0 ], [ 110.565407, -7.535934, 0.0 ], [ 110.565726, -7.535973, 0.0 ], [ 110.566121999000075, -7.536009000999968, 0.0 ], [ 110.566474, -7.536023, 0.0 ], [ 110.566942, -7.536058, 0.0 ], [ 110.567486999000039, -7.536181, 0.0 ], [ 110.568612, -7.536563, 0.0 ], [ 110.569168, -7.536809000999938, 0.0 ], [ 110.569425, -7.537002000999962, 0.0 ], [ 110.56978, -7.537359, 0.0 ], [ 110.569967, -7.537494, 0.0 ], [ 110.570137999000053, -7.537538, 0.0 ], [ 110.570446999000069, -7.537527, 0.0 ], [ 110.571272, -7.53746, 0.0 ], [ 110.572584, -7.537222, 0.0 ], [ 110.572856, -7.537076, 0.0 ], [ 110.572881, -7.537053, 0.0 ] ] ] ] } },
{ "type": "Feature", "properties": { "NAMOBJ": "Sukorejo", "FCODE": "BA03070040", "REMARK": "Disepakati", "METADATA": "TASWIL1000020221227_DATA_BATAS_DESAKELURAHAN", "SRS_ID": "SRGI 2013", "KDBBPS": "3322", "KDCBPS": "3322040", "KDCPUM": "33.22.04", "KDEBPS": "3322040009", "KDEPUM": "33.22.04.2009", "KDPBPS": "33", "KDPKAB": "33.22", "KDPPUM": "33", "LUASWH": 0.0, "TIPADM": 1, "WADMKC": "Suruh", "WADMKD": "Sukorejo", "WADMKK": "Semarang", "WADMPR": "Jawa Tengah", "WIADKC": null, "WIADKK": null, "WIADPR": null, "WIADKD": null, "UUPP": "Hasil Delineasi Batas Desa 2017", "luas": 4.0186570230398573, "SHAPE_Leng": 0.101107071589285, "SHAPE_Area": 0.00032911628706099998 }, "geometry": { "type": "MultiPolygon", "coordinates": [ [ [ [ 110.635771823000084, -7.347428018999949, 0.0 ], [ 110.63547292800007, -7.347523726999952, 0.0 ], [ 110.635172473000068, -7.347619933999965, 0.0 ], [ 110.634573082000088, -7.347668040999963, 0.0 ], [ 110.633997640000075, -7.34762027499994, 0.0 ], [ 110.633906078000052, -7.347645263999937, 0.0 ], [ 110.633911706000049, -7.347755465999967, 0.0 ], [ 110.633917900000085, -7.347876782999947, 0.0 ], [ 110.633923890000062, -7.347994084999925, 0.0 ], [ 110.634044363000044, -7.348273924999944, 0.0 ], [ 110.634409301000062, -7.348957766999945, 0.0 ], [ 110.634859018000043, -7.349707296999952, 0.0 ], [ 110.635144554000078, -7.350342612999953, 0.0 ], [ 110.635347998000043, -7.350831591999963, 0.0 ], [ 110.635541707000073, -7.351628177999942, 0.0 ], [ 110.636122512000043, -7.352569787999926, 0.0 ], [ 110.63614601900008, -7.352626050999959, 0.0 ], [ 110.636340233000055, -7.353090889999976, 0.0 ], [ 110.636354510000047, -7.353190827999981, 0.0 ], [ 110.636411617000078, -7.353740482999967, 0.0 ], [ 110.63642112000008, -7.353894959999934, 0.0 ], [ 110.636440920000041, -7.354110959999957, 0.0 ], [ 110.636415, -7.354734029999975, 0.0 ], [ 110.636669160000054, -7.355592, 0.0 ], [ 110.636739, -7.35576803999993, 0.0 ], [ 110.636748987000033, -7.355824182999982, 0.0 ], [ 110.636753040000087, -7.355846969999959, 0.0 ], [ 110.636739, -7.356198959999972, 0.0 ], [ 110.636749816000076, -7.356405968999979, 0.0 ], [ 110.636744896000039, -7.356639423999979, 0.0 ], [ 110.636737920000087, -7.356881969999961, 0.0 ], [ 110.636697960000049, -7.357035959999962, 0.0 ], [ 110.636688960000072, -7.357307039999966, 0.0 ], [ 110.636668080000049, -7.35738398999996, 0.0 ], [ 110.636672040000064, -7.357535009999935, 0.0 ], [ 110.636635799000089, -7.357706853999957, 0.0 ], [ 110.636254573000087, -7.358332842999971, 0.0 ], [ 110.636040421000075, -7.358951502999957, 0.0 ], [ 110.636046308000061, -7.359216629999935, 0.0 ], [ 110.636062920000086, -7.359400979999975, 0.0 ], [ 110.636246139000036, -7.35987456099997, 0.0 ], [ 110.636277841000037, -7.360012566999956, 0.0 ], [ 110.636363909000067, -7.360387245999959, 0.0 ], [ 110.636450878000062, -7.360765841999978, 0.0 ], [ 110.636468724000053, -7.361182246999931, 0.0 ], [ 110.636379494000039, -7.361455884999941, 0.0 ], [ 110.636111805000041, -7.361693831999958, 0.0 ], [ 110.634969663000049, -7.362657512999931, 0.0 ], [ 110.634808673000066, -7.362856662999945, 0.0 ], [ 110.634007, -7.362356, 0.0 ], [ 110.633523083000057, -7.362050704999945, 0.0 ], [ 110.632873938000046, -7.361808159999953, 0.0 ], [ 110.632215, -7.361725000999968, 0.0 ], [ 110.63183173300007, -7.361650505999933, 0.0 ], [ 110.631805215000043, -7.361480814999936, 0.0 ], [ 110.631786179000073, -7.361299976999931, 0.0 ], [ 110.631643412000074, -7.361090583999953, 0.0 ], [ 110.631348359000071, -7.360833602999946, 0.0 ], [ 110.631100895000088, -7.360186388999978, 0.0 ], [ 110.630891502000054, -7.360405299999968, 0.0 ], [ 110.630691627000033, -7.360586137999974, 0.0 ], [ 110.630434646000083, -7.360519512999929, 0.0 ], [ 110.63020621700008, -7.360300602999928, 0.0 ], [ 110.630015861000061, -7.360205423999957, 0.0 ], [ 110.629873093000072, -7.36031012199993, 0.0 ], [ 110.629654182000081, -7.360433852999961, 0.0 ], [ 110.629492379000055, -7.360462406999943, 0.0 ], [ 110.629330576000086, -7.360443370999974, 0.0 ], [ 110.629164, -7.360747000999936, 0.0 ], [ 110.629038999000045, -7.361057, 0.0 ], [ 110.628919326000073, -7.36121379399998, 0.0 ], [ 110.628895478000061, -7.361245035999957, 0.0 ], [ 110.628852, -7.361302, 0.0 ], [ 110.628464, -7.361663000999954, 0.0 ], [ 110.628010152000058, -7.362081277999948, 0.0 ], [ 110.627775, -7.362298, 0.0 ], [ 110.627448, -7.362600000999976, 0.0 ], [ 110.627444008000055, -7.362603380999929, 0.0 ], [ 110.627239, -7.362777000999927, 0.0 ], [ 110.626912, -7.362894000999972, 0.0 ], [ 110.626658786000064, -7.362894000999972, 0.0 ], [ 110.626601999000059, -7.362894000999972, 0.0 ], [ 110.626389, -7.362823, 0.0 ], [ 110.626198, -7.362769, 0.0 ], [ 110.625840251000056, -7.362773405999974, 0.0 ], [ 110.625386, -7.362779, 0.0 ], [ 110.625099999000042, -7.362774000999934, 0.0 ], [ 110.625, -7.362739000999966, 0.0 ], [ 110.624997631000042, -7.362738167999964, 0.0 ], [ 110.624926, -7.362713, 0.0 ], [ 110.624665, -7.362522000999945, 0.0 ], [ 110.624493, -7.362439, 0.0 ], [ 110.624279647000037, -7.362477467999952, 0.0 ], [ 110.62398427100004, -7.362530723999953, 0.0 ], [ 110.623894, -7.362547, 0.0 ], [ 110.623675, -7.362587, 0.0 ], [ 110.623379, -7.362617, 0.0 ], [ 110.622649, -7.362515, 0.0 ], [ 110.622277041000075, -7.36245000699995, 0.0 ], [ 110.622277, -7.36245, 0.0 ], [ 110.62212829200007, -7.362447676999977, 0.0 ], [ 110.621829, -7.362443000999974, 0.0 ], [ 110.621484, -7.362458, 0.0 ], [ 110.621446, -7.36246, 0.0 ], [ 110.620983, -7.362236, 0.0 ], [ 110.620384330000036, -7.362026786999934, 0.0 ], [ 110.620239, -7.36197600099996, 0.0 ], [ 110.619546, -7.36129, 0.0 ], [ 110.619136, -7.36113900099997, 0.0 ], [ 110.618808, -7.361043, 0.0 ], [ 110.618416332000038, -7.361028523999948, 0.0 ], [ 110.618245011000056, -7.361004728999944, 0.0 ], [ 110.618068931000039, -7.360999969999966, 0.0 ], [ 110.617959476000067, -7.360999969999966, 0.0 ], [ 110.617788155000085, -7.361090390999948, 0.0 ], [ 110.617669182000043, -7.361252192999928, 0.0 ], [ 110.617640628000061, -7.361409237999965, 0.0 ], [ 110.617583521000086, -7.361575799999969, 0.0 ], [ 110.617507379000074, -7.361709049999945, 0.0 ], [ 110.617336057000045, -7.361899406999953, 0.0 ], [ 110.617245638000043, -7.362018379999938, 0.0 ], [ 110.61715521800005, -7.362085005999973, 0.0 ], [ 110.616964861000042, -7.362156388999949, 0.0 ], [ 110.616807817000051, -7.362203977999968, 0.0 ], [ 110.61665077300006, -7.36219921999998, 0.0 ], [ 110.616474692000054, -7.362180183999953, 0.0 ], [ 110.616417585000079, -7.362180183999953, 0.0 ], [ 110.616289094000081, -7.362242048999974, 0.0 ], [ 110.616203434000056, -7.362318192999965, 0.0 ], [ 110.616136809000068, -7.362451441999951, 0.0 ], [ 110.615975006000042, -7.362746495999943, 0.0 ], [ 110.61588458600005, -7.362865467999939, 0.0 ], [ 110.615694229000042, -7.363093896999942, 0.0 ], [ 110.61558477400007, -7.363222386999951, 0.0 ], [ 110.615465801000084, -7.36334611999996, 0.0 ], [ 110.61531827400006, -7.363469850999934, 0.0 ], [ 110.61519454200004, -7.363603101999956, 0.0 ], [ 110.615085087000068, -7.363722073999952, 0.0 ], [ 110.614999427000043, -7.36383152999997, 0.0 ], [ 110.614732927000034, -7.364050438999925, 0.0 ], [ 110.614613954000049, -7.364164654999968, 0.0 ], [ 110.614475945000038, -7.364302661999943, 0.0 ], [ 110.614366490000066, -7.364393081999935, 0.0 ], [ 110.614214205000053, -7.364493019999941, 0.0 ], [ 110.614104749000035, -7.364578679999966, 0.0 ], [ 110.613981017000071, -7.364640545999976, 0.0 ], [ 110.613809696000033, -7.364664339999933, 0.0 ], [ 110.613643134000085, -7.364664339999933, 0.0 ], [ 110.613533679000057, -7.364664339999933, 0.0 ], [ 110.613390911000067, -7.364659580999955, 0.0 ], [ 110.613271938000082, -7.364626268999928, 0.0 ], [ 110.613191036000046, -7.36454060799997, 0.0 ], [ 110.613081581000074, -7.36441687699994, 0.0 ], [ 110.61299592000006, -7.364316938999934, 0.0 ], [ 110.612848394000082, -7.364112304999935, 0.0 ], [ 110.612796046000085, -7.363979055999948, 0.0 ], [ 110.612715144000049, -7.363841046999937, 0.0 ], [ 110.612600930000042, -7.363807733999977, 0.0 ], [ 110.612410573000034, -7.363874358999965, 0.0 ], [ 110.612334430000033, -7.363979055999948, 0.0 ], [ 110.612248770000065, -7.364136099999939, 0.0 ], [ 110.612201180000056, -7.364236036999955, 0.0 ], [ 110.612120279000067, -7.36441687699994, 0.0 ], [ 110.612044136000065, -7.364559643999939, 0.0 ], [ 110.612015583000073, -7.364645304999954, 0.0 ], [ 110.611939440000071, -7.36477855499993, 0.0 ], [ 110.611820467000086, -7.364888009999959, 0.0 ], [ 110.611763360000054, -7.364926080999965, 0.0 ], [ 110.611563485000033, -7.364911803999973, 0.0 ], [ 110.611420717000044, -7.364902287999939, 0.0 ], [ 110.611225601000058, -7.364907044999939, 0.0 ], [ 110.611025727000083, -7.364916562999952, 0.0 ], [ 110.610873441000081, -7.364916562999952, 0.0 ], [ 110.610744950000083, -7.364916562999952, 0.0 ], [ 110.610625977000041, -7.364911803999973, 0.0 ], [ 110.610497486000042, -7.364873732999968, 0.0 ], [ 110.610402308000062, -7.364769037999963, 0.0 ], [ 110.61026429900005, -7.364683375999959, 0.0 ], [ 110.610173880000048, -7.364583438999944, 0.0 ], [ 110.610040630000071, -7.36445970699998, 0.0 ], [ 110.609974005000083, -7.364383563999979, 0.0 ], [ 110.609874068000067, -7.364240796999979, 0.0 ], [ 110.609821718000035, -7.364174170999945, 0.0 ], [ 110.609769371000084, -7.364064716999962, 0.0 ], [ 110.609769371000084, -7.363936224999975, 0.0 ], [ 110.609759853000071, -7.363798216999953, 0.0 ], [ 110.609721782000065, -7.363688760999935, 0.0 ], [ 110.609659916000055, -7.363598341999932, 0.0 ], [ 110.608962, -7.362977, 0.0 ], [ 110.608795, -7.362776000999929, 0.0 ], [ 110.608713263000084, -7.362552150999932, 0.0 ], [ 110.608619, -7.362294, 0.0 ], [ 110.60861286100004, -7.362270602999956, 0.0 ], [ 110.608486, -7.361787, 0.0 ], [ 110.608237086000088, -7.360987603999945, 0.0 ], [ 110.608226, -7.360952, 0.0 ], [ 110.608071905000088, -7.360481247999928, 0.0 ], [ 110.60768, -7.359284000999935, 0.0 ], [ 110.607648620000077, -7.359153508999952, 0.0 ], [ 110.607624560000033, -7.359053457999948, 0.0 ], [ 110.607497, -7.35852300099998, 0.0 ], [ 110.607421, -7.357801000999928, 0.0 ], [ 110.607391497000037, -7.357577006999975, 0.0 ], [ 110.607318, -7.357019, 0.0 ], [ 110.607310658000074, -7.356936551999979, 0.0 ], [ 110.607335540000065, -7.356742560999976, 0.0 ], [ 110.60751637900006, -7.356728282999939, 0.0 ], [ 110.607668664000073, -7.356742560999976, 0.0 ], [ 110.607749566000052, -7.356756835999931, 0.0 ], [ 110.607935164000082, -7.356775871999957, 0.0 ], [ 110.60814455600007, -7.35684725599998, 0.0 ], [ 110.608282565000081, -7.356913880999969, 0.0 ], [ 110.608563342000082, -7.357056647999968, 0.0 ], [ 110.608639484000037, -7.35707092499996, 0.0 ], [ 110.60871086800006, -7.357075684999927, 0.0 ], [ 110.608810805000076, -7.357037613999978, 0.0 ], [ 110.608853636000049, -7.35699002299998, 0.0 ], [ 110.608882189000042, -7.356871049999938, 0.0 ], [ 110.608905984000046, -7.356775871999957, 0.0 ], [ 110.60892977900005, -7.356675934999942, 0.0 ], [ 110.60901068000004, -7.356575996999936, 0.0 ], [ 110.609082064000063, -7.356528408999964, 0.0 ], [ 110.609201037000048, -7.356528408999964, 0.0 ], [ 110.609334287000081, -7.356547444999933, 0.0 ], [ 110.60943422400004, -7.356566479999969, 0.0 ], [ 110.609553197000082, -7.356561719999945, 0.0 ], [ 110.609672170000067, -7.356518889999961, 0.0 ], [ 110.609776867000051, -7.356452265999962, 0.0 ], [ 110.610019572000056, -7.356414194999957, 0.0 ], [ 110.610209929000064, -7.356366604999948, 0.0 ], [ 110.610405044000061, -7.356257149999976, 0.0 ], [ 110.610500223000088, -7.356128658999978, 0.0 ], [ 110.610528776000081, -7.356047756999942, 0.0 ], [ 110.610595401000069, -7.355981131999954, 0.0 ], [ 110.61067154400007, -7.355933542999935, 0.0 ], [ 110.610823829000083, -7.355900229999975, 0.0 ], [ 110.61103322200006, -7.35589547099994, 0.0 ], [ 110.611204543000042, -7.35589547099994, 0.0 ], [ 110.611399659000085, -7.355904989999942, 0.0 ], [ 110.611594775000071, -7.355862158999969, 0.0 ], [ 110.611737542000071, -7.355800292999959, 0.0 ], [ 110.611875551000082, -7.355724149999958, 0.0 ], [ 110.611956453000062, -7.35565752499997, 0.0 ], [ 110.612018319000072, -7.355605176999973, 0.0 ], [ 110.612118256000088, -7.355576624999969, 0.0 ], [ 110.612327649000065, -7.35545289199996, 0.0 ], [ 110.612441863000072, -7.355367230999946, 0.0 ], [ 110.612565595000035, -7.355319641999927, 0.0 ], [ 110.612760711000078, -7.355253016999939, 0.0 ], [ 110.613003416000083, -7.35518639299994, 0.0 ], [ 110.613179496000043, -7.355134043999954, 0.0 ], [ 110.613288951000072, -7.355095971999958, 0.0 ], [ 110.613422201000049, -7.355057900999952, 0.0 ], [ 110.613722013000086, -7.355024588999981, 0.0 ], [ 110.613907611000059, -7.355019829999947, 0.0 ], [ 110.614017066000088, -7.354957963999937, 0.0 ], [ 110.61410748600008, -7.354881820999935, 0.0 ], [ 110.614226458000076, -7.354758089999962, 0.0 ], [ 110.614354950000063, -7.354491588999963, 0.0 ], [ 110.614421574000062, -7.354396410999925, 0.0 ], [ 110.614526271000045, -7.354263160999949, 0.0 ], [ 110.614597655000068, -7.354144187999964, 0.0 ], [ 110.614678, -7.353991, 0.0 ], [ 110.614954019000038, -7.353985002999934, 0.0 ], [ 110.615260969000076, -7.353985002999934, 0.0 ], [ 110.615475121000088, -7.354027831999929, 0.0 ], [ 110.615689271000065, -7.354134907999935, 0.0 ], [ 110.615860593000036, -7.35423484599994, 0.0 ], [ 110.616067605000069, -7.354299090999973, 0.0 ], [ 110.616246066000087, -7.354441858999962, 0.0 ], [ 110.616410249000069, -7.354527519999976, 0.0 ], [ 110.616588708000052, -7.354541795999978, 0.0 ], [ 110.616688646000057, -7.354541795999978, 0.0 ], [ 110.616859967000039, -7.354484688999946, 0.0 ], [ 110.61705270300007, -7.354427581999971, 0.0 ], [ 110.617366792000041, -7.354327644999955, 0.0 ], [ 110.617559528000072, -7.354241983999941, 0.0 ], [ 110.617887894000035, -7.354156322999927, 0.0 ], [ 110.618209121000064, -7.354134907999935, 0.0 ], [ 110.618530348000036, -7.354013555999927, 0.0 ], [ 110.618751637000059, -7.353999278999936, 0.0 ], [ 110.618980067000052, -7.353992140999935, 0.0 ], [ 110.61925132500005, -7.353977864999933, 0.0 ], [ 110.619429785000079, -7.353885064999929, 0.0 ], [ 110.619643936000045, -7.353720882999937, 0.0 ], [ 110.619900918000042, -7.35359239099995, 0.0 ], [ 110.62002940900004, -7.353478176999943, 0.0 ], [ 110.620193592000078, -7.353249748999929, 0.0 ], [ 110.620264976000044, -7.35311411899994, 0.0 ], [ 110.620314944000086, -7.353014182999971, 0.0 ], [ 110.620393466000053, -7.35285713899998, 0.0 ], [ 110.620486265000068, -7.352635848999967, 0.0 ], [ 110.620543372000043, -7.352421696999954, 0.0 ], [ 110.620614756000066, -7.352243236999925, 0.0 ], [ 110.620743247000064, -7.352064776999953, 0.0 ], [ 110.620857461000071, -7.351971977999938, 0.0 ], [ 110.62115013500005, -7.351764964999973, 0.0 ], [ 110.621378563000064, -7.351743549999981, 0.0 ], [ 110.621528469000054, -7.351679304999948, 0.0 ], [ 110.621671237000044, -7.351622197999973, 0.0 ], [ 110.621871112000065, -7.35155081399995, 0.0 ], [ 110.621999603000063, -7.351493705999928, 0.0 ], [ 110.622163785000055, -7.351443737999944, 0.0 ], [ 110.622270861000061, -7.35140090699997, 0.0 ], [ 110.622292276000053, -7.351279554999962, 0.0 ], [ 110.622363660000076, -7.351172478999956, 0.0 ], [ 110.622420767000051, -7.351093956999932, 0.0 ], [ 110.622492151000074, -7.350951188999943, 0.0 ], [ 110.622534981000058, -7.350836974999936, 0.0 ], [ 110.622627780000073, -7.350665653999954, 0.0 ], [ 110.62274913300007, -7.350601409999967, 0.0 ], [ 110.622920454000052, -7.350565716999938, 0.0 ], [ 110.623056083000051, -7.350522885999965, 0.0 ], [ 110.623270235000064, -7.350387257999955, 0.0 ], [ 110.623384449000071, -7.350273043999948, 0.0 ], [ 110.62352007800007, -7.350244488999977, 0.0 ], [ 110.623712815000033, -7.350237350999976, 0.0 ], [ 110.62396265700005, -7.350194520999935, 0.0 ], [ 110.624126841000077, -7.350187381999945, 0.0 ], [ 110.624390960000085, -7.350165967999942, 0.0 ], [ 110.62460511200004, -7.350158828999952, 0.0 ], [ 110.624747880000086, -7.350101721999977, 0.0 ], [ 110.624869233000084, -7.349887569999964, 0.0 ], [ 110.624883509000085, -7.349759078999966, 0.0 ], [ 110.624912063000068, -7.349602034999975, 0.0 ], [ 110.625026277000075, -7.349459266999929, 0.0 ], [ 110.625190460000056, -7.349373606999961, 0.0 ], [ 110.625426026000071, -7.349216561999981, 0.0 ], [ 110.625611624000044, -7.349102347999974, 0.0 ], [ 110.625818638000055, -7.349080932999925, 0.0 ], [ 110.625997097000038, -7.349109486999964, 0.0 ], [ 110.626218386000062, -7.34920942399998, 0.0 ], [ 110.626439677000064, -7.349259393999944, 0.0 ], [ 110.626518199000088, -7.349223700999971, 0.0 ], [ 110.626675244000069, -7.349066655999934, 0.0 ], [ 110.626796596000077, -7.349009548999959, 0.0 ], [ 110.62683942600006, -7.348966718999975, 0.0 ], [ 110.627103546000058, -7.348988134999956, 0.0 ], [ 110.627339113000062, -7.349109486999964, 0.0 ], [ 110.627489019000052, -7.349159454999949, 0.0 ], [ 110.627717447000066, -7.349245115999963, 0.0 ], [ 110.627895907000038, -7.349237976999973, 0.0 ], [ 110.628017260000036, -7.349152317999938, 0.0 ], [ 110.628002983000044, -7.349009548999959, 0.0 ], [ 110.627888769000037, -7.348902472999953, 0.0 ], [ 110.627724585000067, -7.348766843999954, 0.0 ], [ 110.627603233000059, -7.348645491999946, 0.0 ], [ 110.627653202000033, -7.348495586999945, 0.0 ], [ 110.627667478000035, -7.348367094999958, 0.0 ], [ 110.627681756000072, -7.348210049999977, 0.0 ], [ 110.62780310800008, -7.348081559999969, 0.0 ], [ 110.627967291000061, -7.348081559999969, 0.0 ], [ 110.628117197000051, -7.348167219999937, 0.0 ], [ 110.628224273000058, -7.348274295999943, 0.0 ], [ 110.628424146000043, -7.348381370999959, 0.0 ], [ 110.628552638000087, -7.348417062999943, 0.0 ], [ 110.628659714000037, -7.348445617999971, 0.0 ], [ 110.628831035000076, -7.348445617999971, 0.0 ], [ 110.628888142000051, -7.348381370999959, 0.0 ], [ 110.628916696000033, -7.348281433999944, 0.0 ], [ 110.628980941000066, -7.348102974999961, 0.0 ], [ 110.629016633000049, -7.347960207999961, 0.0 ], [ 110.629059463000033, -7.347781746999942, 0.0 ], [ 110.629095155000073, -7.347646118999933, 0.0 ], [ 110.629130847000056, -7.347439104999978, 0.0 ], [ 110.629159401000038, -7.347296336999932, 0.0 ], [ 110.629195093000078, -7.347153570999978, 0.0 ], [ 110.629202231000079, -7.346953694999968, 0.0 ], [ 110.62921650800007, -7.346760958999937, 0.0 ], [ 110.629302168000038, -7.346646743999941, 0.0 ], [ 110.629423521000035, -7.346518254999978, 0.0 ], [ 110.629559150000034, -7.346304102999966, 0.0 ], [ 110.629623396000056, -7.346147057999929, 0.0 ], [ 110.629780440000047, -7.345925768999962, 0.0 ], [ 110.629894654000054, -7.345733030999952, 0.0 ], [ 110.629937485000085, -7.345540294999978, 0.0 ], [ 110.629980314000079, -7.345311866999964, 0.0 ], [ 110.630023145000052, -7.345119130999933, 0.0 ], [ 110.630123082000068, -7.344940670999961, 0.0 ], [ 110.630265850000058, -7.34478362599998, 0.0 ], [ 110.630354824000051, -7.344626435999942, 0.0 ], [ 110.630396, -7.344534, 0.0 ], [ 110.63083, -7.343800000999977, 0.0 ], [ 110.631343, -7.343584000999954, 0.0 ], [ 110.632283939000047, -7.343480532999934, 0.0 ], [ 110.632407, -7.343467000999965, 0.0 ], [ 110.63288, -7.343133, 0.0 ], [ 110.633244934000061, -7.342799155999955, 0.0 ], [ 110.633373, -7.342682, 0.0 ], [ 110.633551, -7.34221, 0.0 ], [ 110.63378, -7.341755000999967, 0.0 ], [ 110.633787487000063, -7.341728399999965, 0.0 ], [ 110.633794757000089, -7.341702570999928, 0.0 ], [ 110.633805395000081, -7.341602998999974, 0.0 ], [ 110.634535787000061, -7.342946479999966, 0.0 ], [ 110.634537246000036, -7.343009841999958, 0.0 ], [ 110.634560060000069, -7.344001035999952, 0.0 ], [ 110.634704058000068, -7.344504308999944, 0.0 ], [ 110.635231677000036, -7.345031440999946, 0.0 ], [ 110.635831219000067, -7.345534576999967, 0.0 ], [ 110.636059185000079, -7.346205597999926, 0.0 ], [ 110.63584366200007, -7.347116422999932, 0.0 ], [ 110.635798010000087, -7.347314436999966, 0.0 ], [ 110.635786926000037, -7.34736251299995, 0.0 ], [ 110.635771823000084, -7.347428018999949, 0.0 ] ] ] ] } },
{ "type": "Feature", "properties": { "NAMOBJ": "Sukorejo", "FCODE": "BA03070040", "REMARK": "Wilayah Administrasi Kelurahan/Desa", "METADATA": "TASWIL1000020221227_DATA_BATAS_DESAKELURAHAN", "SRS_ID": "SRGI 2013", "KDBBPS": null, "KDCBPS": null, "KDCPUM": "33.09.04", "KDEBPS": null, "KDEPUM": "33.09.04.2012", "KDPBPS": null, "KDPKAB": "33.09", "KDPPUM": "33", "LUASWH": 0.0, "TIPADM": 1, "WADMKC": "Musuk", "WADMKD": "Sukorejo", "WADMKK": "Boyolali", "WADMPR": "Jawa Tengah", "WIADKC": null, "WIADKK": null, "WIADPR": null, "WIADKD": null, "UUPP": "Hasil Delineasi Batas Desa 2017", "luas": 5.2561886826073998, "SHAPE_Leng": 0.109061635924331, "SHAPE_Area": 0.00043066687868700002 }, "geometry": { "type": "MultiPolygon", "coordinates": [ [ [ [ 110.570143, -7.56226000099997, 0.0 ], [ 110.570016796000061, -7.562623557999927, 0.0 ], [ 110.56993581200004, -7.562817435999932, 0.0 ], [ 110.569791533000057, -7.563151680999965, 0.0 ], [ 110.569784567000056, -7.563170082999932, 0.0 ], [ 110.569602366000083, -7.563651367999967, 0.0 ], [ 110.569456726000055, -7.564082219999932, 0.0 ], [ 110.569345383000041, -7.564411604999975, 0.0 ], [ 110.569181201000049, -7.564793509999959, 0.0 ], [ 110.569036097000037, -7.565151194999942, 0.0 ], [ 110.568840938000051, -7.565632269999981, 0.0 ], [ 110.568725251000046, -7.565935947999947, 0.0 ], [ 110.568688653000038, -7.56603201799993, 0.0 ], [ 110.568596137000043, -7.566291773999978, 0.0 ], [ 110.56859585400008, -7.566292568999927, 0.0 ], [ 110.568443966000075, -7.566732244999969, 0.0 ], [ 110.568187999000088, -7.567355, 0.0 ], [ 110.568039614000043, -7.567756637999935, 0.0 ], [ 110.567971245000081, -7.567934396999931, 0.0 ], [ 110.567886642000076, -7.56816897899995, 0.0 ], [ 110.567884055000036, -7.568178463999971, 0.0 ], [ 110.567866, -7.568228, 0.0 ], [ 110.56784, -7.568305000999942, 0.0 ], [ 110.567789607000066, -7.568457620999936, 0.0 ], [ 110.56777, -7.568517000999975, 0.0 ], [ 110.56771225500006, -7.568635489999963, 0.0 ], [ 110.56769, -7.56868, 0.0 ], [ 110.56764, -7.568830000999981, 0.0 ], [ 110.567640260000076, -7.568831950999936, 0.0 ], [ 110.566884, -7.570549, 0.0 ], [ 110.566534786000034, -7.571476938999979, 0.0 ], [ 110.565820948000066, -7.571233043999939, 0.0 ], [ 110.565303415000074, -7.571096225999952, 0.0 ], [ 110.564643114000035, -7.570893971999965, 0.0 ], [ 110.563881687000048, -7.570620332999965, 0.0 ], [ 110.563224956000056, -7.570406180999953, 0.0 ], [ 110.563096465000058, -7.570391904999951, 0.0 ], [ 110.56296797400006, -7.570420457999944, 0.0 ], [ 110.562768099000039, -7.570420457999944, 0.0 ], [ 110.56263960800004, -7.570391904999951, 0.0 ], [ 110.56233979600006, -7.570270552999943, 0.0 ], [ 110.561846208000077, -7.570092859999932, 0.0 ], [ 110.56158, -7.570887, 0.0 ], [ 110.561136, -7.571865, 0.0 ], [ 110.560868, -7.572285, 0.0 ], [ 110.560019, -7.571983, 0.0 ], [ 110.559278, -7.571789, 0.0 ], [ 110.559057999000061, -7.571721, 0.0 ], [ 110.558548999000038, -7.571347000999936, 0.0 ], [ 110.558259999000086, -7.571105, 0.0 ], [ 110.557941, -7.570937000999947, 0.0 ], [ 110.557693999000037, -7.570855, 0.0 ], [ 110.557397, -7.570718, 0.0 ], [ 110.557106999000041, -7.570557, 0.0 ], [ 110.556561999000053, -7.570524, 0.0 ], [ 110.555759, -7.570443, 0.0 ], [ 110.555425, -7.570407, 0.0 ], [ 110.555142, -7.570335, 0.0 ], [ 110.554744, -7.569994, 0.0 ], [ 110.554264, -7.569567, 0.0 ], [ 110.553899999000066, -7.569332, 0.0 ], [ 110.553321999000048, -7.569133, 0.0 ], [ 110.553172913000083, -7.569084328999963, 0.0 ], [ 110.552884190000043, -7.569614745999957, 0.0 ], [ 110.551991892000046, -7.571269661999963, 0.0 ], [ 110.551709586000072, -7.571844434999946, 0.0 ], [ 110.551479201000063, -7.572247423999954, 0.0 ], [ 110.552967530000046, -7.572803540999928, 0.0 ], [ 110.554383032000032, -7.573349865999944, 0.0 ], [ 110.554832274000034, -7.573509764999926, 0.0 ], [ 110.555237734000059, -7.573587812999961, 0.0 ], [ 110.555285968000078, -7.573629672999971, 0.0 ], [ 110.554911023000045, -7.574468640999953, 0.0 ], [ 110.554587535000053, -7.575086051999961, 0.0 ], [ 110.554123539000045, -7.575956933999976, 0.0 ], [ 110.553661924000039, -7.576874215999965, 0.0 ], [ 110.553575170000045, -7.577017981999973, 0.0 ], [ 110.55327, -7.576776, 0.0 ], [ 110.553026, -7.576697, 0.0 ], [ 110.552277, -7.576497, 0.0 ], [ 110.551569999000037, -7.576135, 0.0 ], [ 110.551078, -7.575771000999964, 0.0 ], [ 110.550486999000043, -7.575372, 0.0 ], [ 110.550135999000076, -7.575215, 0.0 ], [ 110.549271, -7.575014000999943, 0.0 ], [ 110.548328, -7.57479, 0.0 ], [ 110.54784, -7.574697, 0.0 ], [ 110.547666999000057, -7.574671, 0.0 ], [ 110.547446, -7.574621000999969, 0.0 ], [ 110.546148999000081, -7.574295, 0.0 ], [ 110.545763, -7.574188, 0.0 ], [ 110.545668, -7.574162, 0.0 ], [ 110.545376999000041, -7.574071, 0.0 ], [ 110.544721, -7.573857, 0.0 ], [ 110.543579, -7.573582, 0.0 ], [ 110.543044, -7.573415000999944, 0.0 ], [ 110.542622, -7.573216000999935, 0.0 ], [ 110.542568, -7.573018, 0.0 ], [ 110.542564, -7.572831, 0.0 ], [ 110.542599999000061, -7.572326, 0.0 ], [ 110.542560999000045, -7.572027000999981, 0.0 ], [ 110.542275, -7.571123, 0.0 ], [ 110.54185, -7.570145, 0.0 ], [ 110.541593999000042, -7.569603, 0.0 ], [ 110.541539, -7.569489, 0.0 ], [ 110.540797, -7.569136, 0.0 ], [ 110.540193, -7.568702, 0.0 ], [ 110.539149, -7.568143, 0.0 ], [ 110.538085, -7.567816000999926, 0.0 ], [ 110.537785, -7.567652, 0.0 ], [ 110.537648, -7.567481, 0.0 ], [ 110.53753, -7.567197, 0.0 ], [ 110.537490114000036, -7.567092312999932, 0.0 ], [ 110.537439240000083, -7.566956847999961, 0.0 ], [ 110.537321, -7.56664, 0.0 ], [ 110.537308, -7.566631, 0.0 ], [ 110.537177, -7.566097, 0.0 ], [ 110.537267, -7.565949, 0.0 ], [ 110.537313999000048, -7.565909, 0.0 ], [ 110.537378, -7.565856, 0.0 ], [ 110.537513, -7.565473, 0.0 ], [ 110.537568433000047, -7.565289019999966, 0.0 ], [ 110.537603999000055, -7.565213, 0.0 ], [ 110.537702999000089, -7.564873000999967, 0.0 ], [ 110.537729, -7.564804, 0.0 ], [ 110.537771999000086, -7.564718, 0.0 ], [ 110.538027, -7.564257, 0.0 ], [ 110.538463999000044, -7.563376, 0.0 ], [ 110.538866, -7.562518, 0.0 ], [ 110.538905, -7.562387, 0.0 ], [ 110.538908, -7.562377000999959, 0.0 ], [ 110.538975, -7.562224, 0.0 ], [ 110.539046, -7.562063000999956, 0.0 ], [ 110.53908, -7.56198600099998, 0.0 ], [ 110.539116, -7.561909000999947, 0.0 ], [ 110.539475999000047, -7.561185000999956, 0.0 ], [ 110.539705, -7.560665, 0.0 ], [ 110.539876, -7.560262, 0.0 ], [ 110.54005, -7.559921, 0.0 ], [ 110.540242, -7.559502, 0.0 ], [ 110.540399, -7.559123, 0.0 ], [ 110.540869, -7.557872000999964, 0.0 ], [ 110.541014, -7.557486, 0.0 ], [ 110.541074, -7.557326000999979, 0.0 ], [ 110.541094999000052, -7.557271, 0.0 ], [ 110.541141, -7.557165, 0.0 ], [ 110.54158299900007, -7.557099, 0.0 ], [ 110.541835999000057, -7.557065, 0.0 ], [ 110.542095, -7.557069000999945, 0.0 ], [ 110.542441999000062, -7.557119, 0.0 ], [ 110.542623, -7.557096, 0.0 ], [ 110.543816, -7.556660000999955, 0.0 ], [ 110.544137999000043, -7.556588, 0.0 ], [ 110.544474, -7.556576, 0.0 ], [ 110.544639, -7.556618, 0.0 ], [ 110.544852, -7.556791, 0.0 ], [ 110.54498, -7.556929, 0.0 ], [ 110.54507, -7.556962, 0.0 ], [ 110.545237, -7.556828, 0.0 ], [ 110.546317, -7.556924, 0.0 ], [ 110.546493, -7.556962, 0.0 ], [ 110.546783, -7.557226000999947, 0.0 ], [ 110.547218999000052, -7.557402000999957, 0.0 ], [ 110.547727999000074, -7.557608, 0.0 ], [ 110.54814, -7.557763, 0.0 ], [ 110.548832, -7.558022, 0.0 ], [ 110.549235, -7.558207, 0.0 ], [ 110.549811999000042, -7.55847, 0.0 ], [ 110.550588, -7.558772, 0.0 ], [ 110.550923999000076, -7.558857, 0.0 ], [ 110.551269, -7.558937, 0.0 ], [ 110.551595, -7.559032, 0.0 ], [ 110.552157, -7.559136000999956, 0.0 ], [ 110.552842, -7.559268, 0.0 ], [ 110.553019, -7.559267, 0.0 ], [ 110.553477999000052, -7.559026, 0.0 ], [ 110.553706, -7.55891, 0.0 ], [ 110.553848, -7.558913, 0.0 ], [ 110.554199999000048, -7.559136000999956, 0.0 ], [ 110.555035, -7.559381, 0.0 ], [ 110.556085, -7.559391000999938, 0.0 ], [ 110.556316999000046, -7.559398, 0.0 ], [ 110.556553, -7.559408, 0.0 ], [ 110.556615, -7.559226, 0.0 ], [ 110.556614, -7.559195000999978, 0.0 ], [ 110.556871999000066, -7.558481, 0.0 ], [ 110.556913999000074, -7.558408, 0.0 ], [ 110.55694, -7.558365, 0.0 ], [ 110.557065999000088, -7.558229, 0.0 ], [ 110.557774, -7.558379000999935, 0.0 ], [ 110.55843, -7.558528, 0.0 ], [ 110.558779, -7.558601, 0.0 ], [ 110.559374710000043, -7.55873721599994, 0.0 ], [ 110.559658060000061, -7.557293399999935, 0.0 ], [ 110.559991184000069, -7.556156018999957, 0.0 ], [ 110.560146486000065, -7.555361059999939, 0.0 ], [ 110.560287711000058, -7.555053961999931, 0.0 ], [ 110.560301823000088, -7.55502826399993, 0.0 ], [ 110.560596362000069, -7.55509888499995, 0.0 ], [ 110.561187443000051, -7.555240604999938, 0.0 ], [ 110.561198868000076, -7.55524317499993, 0.0 ], [ 110.56185462600007, -7.55539065399995, 0.0 ], [ 110.562668657000074, -7.555573729999935, 0.0 ], [ 110.563840542000037, -7.555805726999949, 0.0 ], [ 110.564709045000086, -7.556025827999974, 0.0 ], [ 110.565547805000051, -7.556216183999936, 0.0 ], [ 110.566362770000069, -7.55641843899997, 0.0 ], [ 110.567120813000088, -7.55664240599998, 0.0 ], [ 110.567147993000049, -7.556650435999927, 0.0 ], [ 110.567186075000052, -7.556737482999949, 0.0 ], [ 110.567189633000055, -7.556745614999954, 0.0 ], [ 110.56713609500008, -7.55683484399998, 0.0 ], [ 110.567134384000042, -7.556837720999965, 0.0 ], [ 110.566743484000085, -7.557495144999962, 0.0 ], [ 110.566475795000088, -7.557905601999948, 0.0 ], [ 110.566166465000038, -7.55847072399996, 0.0 ], [ 110.565857134000055, -7.559041793999938, 0.0 ], [ 110.565809546000082, -7.55919051099994, 0.0 ], [ 110.565811666000059, -7.559226559999956, 0.0 ], [ 110.565812520000065, -7.559241074999932, 0.0 ], [ 110.565851185000042, -7.559273791999942, 0.0 ], [ 110.566324104000046, -7.559363022999946, 0.0 ], [ 110.567394862000071, -7.559595018999971, 0.0 ], [ 110.568697617000055, -7.559868657999971, 0.0 ], [ 110.569152688000088, -7.559975732999931, 0.0 ], [ 110.569212175000075, -7.560008449999941, 0.0 ], [ 110.56923299500005, -7.560059013999933, 0.0 ], [ 110.56923299500005, -7.560148243999947, 0.0 ], [ 110.569227047000084, -7.560240447999945, 0.0 ], [ 110.56915566300006, -7.560561674999974, 0.0 ], [ 110.569000998000035, -7.561097053999958, 0.0 ], [ 110.56894032200006, -7.561286815999949, 0.0 ], [ 110.568920281000032, -7.561320242999955, 0.0 ], [ 110.568863287000056, -7.561415306999947, 0.0 ], [ 110.568842466000035, -7.56148371699993, 0.0 ], [ 110.568836518000069, -7.561537253999973, 0.0 ], [ 110.568869235000079, -7.561587818999953, 0.0 ], [ 110.56893169600005, -7.561632432999943, 0.0 ], [ 110.569255898000051, -7.561721661999968, 0.0 ], [ 110.569372563000059, -7.561758896999947, 0.0 ], [ 110.569535484000085, -7.561810891999926, 0.0 ], [ 110.569773430000055, -7.56193283999994, 0.0 ], [ 110.569972710000059, -7.562022068999966, 0.0 ], [ 110.570013875000086, -7.562049908999938, 0.0 ], [ 110.570050043000037, -7.562087503999976, 0.0 ], [ 110.570118, -7.562171, 0.0 ], [ 110.570143, -7.56226000099997, 0.0 ] ] ] ] } },
{ "type": "Feature", "properties": { "NAMOBJ": "Sumur", "FCODE": "BA03070040", "REMARK": "Wilayah Administrasi Kelurahan/Desa", "METADATA": "TASWIL1000020221227_DATA_BATAS_DESAKELURAHAN", "SRS_ID": "SRGI 2013", "KDBBPS": null, "KDCBPS": null, "KDCPUM": "33.09.21", "KDEBPS": null, "KDEPUM": "33.09.21.2005", "KDPBPS": null, "KDPKAB": "33.09", "KDPPUM": "33", "LUASWH": 0.0, "TIPADM": 1, "WADMKC": "Tamansari", "WADMKD": "Sumur", "WADMKK": "Boyolali", "WADMPR": "Jawa Tengah", "WIADKC": null, "WIADKK": null, "WIADPR": null, "WIADKD": null, "UUPP": "Hasil Delineasi Batas Desa 2017", "luas": 3.0683209939937348, "SHAPE_Leng": 0.10501806849302101, "SHAPE_Area": 0.000251411923493 }, "geometry": { "type": "MultiPolygon", "coordinates": [ [ [ [ 110.511029, -7.569771, 0.0 ], [ 110.511483999000063, -7.57024, 0.0 ], [ 110.511712, -7.570448000999932, 0.0 ], [ 110.512018, -7.570652, 0.0 ], [ 110.512192, -7.570725, 0.0 ], [ 110.512376, -7.570738, 0.0 ], [ 110.512638, -7.570717, 0.0 ], [ 110.512759, -7.570741000999931, 0.0 ], [ 110.513164, -7.571273, 0.0 ], [ 110.513315, -7.571555, 0.0 ], [ 110.513506, -7.571922, 0.0 ], [ 110.513698, -7.57219, 0.0 ], [ 110.513985, -7.572473, 0.0 ], [ 110.514138, -7.572625, 0.0 ], [ 110.514576, -7.572858, 0.0 ], [ 110.514923, -7.573024000999965, 0.0 ], [ 110.515187, -7.573352, 0.0 ], [ 110.515277, -7.57346, 0.0 ], [ 110.515352, -7.573489000999928, 0.0 ], [ 110.515424, -7.573398, 0.0 ], [ 110.515494, -7.573178000999974, 0.0 ], [ 110.515571, -7.573079, 0.0 ], [ 110.515733999000076, -7.573016, 0.0 ], [ 110.515895, -7.57304, 0.0 ], [ 110.516333, -7.573233, 0.0 ], [ 110.516465, -7.573338, 0.0 ], [ 110.516607, -7.573685000999944, 0.0 ], [ 110.516748999000072, -7.573976, 0.0 ], [ 110.516906, -7.574179, 0.0 ], [ 110.517038, -7.574276, 0.0 ], [ 110.517246, -7.574303, 0.0 ], [ 110.517408, -7.574255, 0.0 ], [ 110.517879999000058, -7.574028, 0.0 ], [ 110.518023, -7.573991, 0.0 ], [ 110.518168, -7.574046, 0.0 ], [ 110.518303, -7.574194000999967, 0.0 ], [ 110.518497, -7.574862, 0.0 ], [ 110.518576, -7.575018, 0.0 ], [ 110.518725, -7.575158, 0.0 ], [ 110.519014, -7.575252, 0.0 ], [ 110.51947, -7.575135, 0.0 ], [ 110.519594, -7.575119, 0.0 ], [ 110.520193, -7.575553, 0.0 ], [ 110.520371, -7.575682, 0.0 ], [ 110.520518, -7.575723, 0.0 ], [ 110.520779, -7.57561500099996, 0.0 ], [ 110.520936, -7.575558000999933, 0.0 ], [ 110.521194999000045, -7.575661, 0.0 ], [ 110.522592, -7.576494000999958, 0.0 ], [ 110.522792, -7.57659100099994, 0.0 ], [ 110.522904, -7.5766, 0.0 ], [ 110.523073, -7.576469, 0.0 ], [ 110.523151, -7.576352, 0.0 ], [ 110.523149, -7.576026000999946, 0.0 ], [ 110.523156, -7.57596, 0.0 ], [ 110.523421, -7.575887, 0.0 ], [ 110.523627, -7.575888000999953, 0.0 ], [ 110.523747, -7.575935, 0.0 ], [ 110.523862, -7.57609, 0.0 ], [ 110.523899, -7.576528, 0.0 ], [ 110.523924, -7.576664, 0.0 ], [ 110.523994, -7.576741, 0.0 ], [ 110.524073, -7.576747000999944, 0.0 ], [ 110.524237999000036, -7.576488, 0.0 ], [ 110.524312, -7.576377000999969, 0.0 ], [ 110.524811, -7.576477000999944, 0.0 ], [ 110.525126, -7.576567, 0.0 ], [ 110.525343, -7.576681, 0.0 ], [ 110.525597, -7.577004, 0.0 ], [ 110.52585, -7.577331000999948, 0.0 ], [ 110.526119, -7.577602, 0.0 ], [ 110.526264, -7.578163, 0.0 ], [ 110.526343999000062, -7.578353, 0.0 ], [ 110.526478, -7.578503000999945, 0.0 ], [ 110.526761, -7.578626, 0.0 ], [ 110.52772, -7.578786, 0.0 ], [ 110.527868, -7.578786, 0.0 ], [ 110.527988, -7.578705, 0.0 ], [ 110.528103, -7.578522000999953, 0.0 ], [ 110.528118999000071, -7.578451, 0.0 ], [ 110.528156, -7.578239, 0.0 ], [ 110.528292999000087, -7.578352, 0.0 ], [ 110.52840303000005, -7.578442612999936, 0.0 ], [ 110.528667, -7.578660000999946, 0.0 ], [ 110.528818, -7.578916, 0.0 ], [ 110.529097, -7.579361000999938, 0.0 ], [ 110.529305, -7.579557000999955, 0.0 ], [ 110.529748, -7.579911, 0.0 ], [ 110.529944, -7.580259000999945, 0.0 ], [ 110.530107999000052, -7.580365, 0.0 ], [ 110.530262, -7.58037, 0.0 ], [ 110.530535, -7.580296000999965, 0.0 ], [ 110.530684, -7.580302, 0.0 ], [ 110.530804, -7.580387, 0.0 ], [ 110.53096, -7.580581, 0.0 ], [ 110.531277999000054, -7.580932, 0.0 ], [ 110.531456, -7.581004, 0.0 ], [ 110.531807, -7.581169, 0.0 ], [ 110.532005, -7.581361, 0.0 ], [ 110.532143, -7.581599, 0.0 ], [ 110.532202, -7.581867, 0.0 ], [ 110.532389999000088, -7.583010000999934, 0.0 ], [ 110.532481, -7.583074, 0.0 ], [ 110.532983, -7.583345, 0.0 ], [ 110.533255, -7.583621, 0.0 ], [ 110.53347, -7.583915, 0.0 ], [ 110.53398, -7.584662, 0.0 ], [ 110.534669999000073, -7.585394, 0.0 ], [ 110.534744, -7.585509, 0.0 ], [ 110.534872, -7.585799, 0.0 ], [ 110.534903999000051, -7.586032000999978, 0.0 ], [ 110.534869, -7.586372, 0.0 ], [ 110.534863, -7.586769, 0.0 ], [ 110.534975, -7.586948000999939, 0.0 ], [ 110.535078, -7.587197, 0.0 ], [ 110.535179, -7.587343, 0.0 ], [ 110.535344, -7.587442, 0.0 ], [ 110.535557, -7.587615, 0.0 ], [ 110.535623, -7.587763, 0.0 ], [ 110.535709, -7.588067, 0.0 ], [ 110.535858, -7.588195000999974, 0.0 ], [ 110.535928, -7.588225, 0.0 ], [ 110.536184, -7.588332000999969, 0.0 ], [ 110.536221, -7.588873, 0.0 ], [ 110.536257, -7.58902, 0.0 ], [ 110.536598, -7.589701, 0.0 ], [ 110.536947, -7.590125000999933, 0.0 ], [ 110.536947528000042, -7.590125545999967, 0.0 ], [ 110.537046, -7.590227, 0.0 ], [ 110.537435, -7.590505, 0.0 ], [ 110.537436, -7.59065, 0.0 ], [ 110.537439, -7.590676, 0.0 ], [ 110.537478, -7.591080000999966, 0.0 ], [ 110.53758, -7.591151, 0.0 ], [ 110.537770999000088, -7.591173, 0.0 ], [ 110.538127, -7.591263, 0.0 ], [ 110.538196, -7.591311, 0.0 ], [ 110.538207, -7.591345, 0.0 ], [ 110.538178, -7.591466, 0.0 ], [ 110.538072, -7.591593, 0.0 ], [ 110.537922, -7.591674, 0.0 ], [ 110.537235, -7.591880000999936, 0.0 ], [ 110.536397, -7.591972, 0.0 ], [ 110.536304, -7.591952, 0.0 ], [ 110.536191999000039, -7.591918000999954, 0.0 ], [ 110.535981, -7.591868, 0.0 ], [ 110.53580343200008, -7.591944959999978, 0.0 ], [ 110.535803080000051, -7.591945191999969, 0.0 ], [ 110.535764442000072, -7.591970610999965, 0.0 ], [ 110.535755876000053, -7.592013440999949, 0.0 ], [ 110.535792632000039, -7.592215240999963, 0.0 ], [ 110.535815839000065, -7.592376070999933, 0.0 ], [ 110.535841537000067, -7.592471726999975, 0.0 ], [ 110.535857241000087, -7.592791525999928, 0.0 ], [ 110.535851560000083, -7.593328687999929, 0.0 ], [ 110.535851560000083, -7.593626377999954, 0.0 ], [ 110.535859597000069, -7.593804163999948, 0.0 ], [ 110.535958123000057, -7.594158186999948, 0.0 ], [ 110.536051, -7.5946, 0.0 ], [ 110.535826, -7.594612000999973, 0.0 ], [ 110.535863, -7.594364, 0.0 ], [ 110.535838, -7.594227, 0.0 ], [ 110.535633, -7.59401, 0.0 ], [ 110.535329, -7.593823, 0.0 ], [ 110.535112, -7.593662, 0.0 ], [ 110.534874, -7.593429, 0.0 ], [ 110.534844, -7.593395, 0.0 ], [ 110.53481, -7.593348, 0.0 ], [ 110.534568, -7.593113, 0.0 ], [ 110.534346, -7.592937, 0.0 ], [ 110.534293, -7.592901, 0.0 ], [ 110.534267, -7.592884, 0.0 ], [ 110.533905, -7.592561, 0.0 ], [ 110.533678, -7.592355, 0.0 ], [ 110.533233, -7.592174000999933, 0.0 ], [ 110.533, -7.592062, 0.0 ], [ 110.532441, -7.59143200099993, 0.0 ], [ 110.532289, -7.590991, 0.0 ], [ 110.532203, -7.590744, 0.0 ], [ 110.532118, -7.590531, 0.0 ], [ 110.531672, -7.590215, 0.0 ], [ 110.531386, -7.589945, 0.0 ], [ 110.530945999000039, -7.589482000999965, 0.0 ], [ 110.530844, -7.58936, 0.0 ], [ 110.530633999000088, -7.588752, 0.0 ], [ 110.530557, -7.588533, 0.0 ], [ 110.530447, -7.588365, 0.0 ], [ 110.529702, -7.587831, 0.0 ], [ 110.529469, -7.587651000999927, 0.0 ], [ 110.529299, -7.587434000999963, 0.0 ], [ 110.529236, -7.587199000999931, 0.0 ], [ 110.529193, -7.58706, 0.0 ], [ 110.529141, -7.586983, 0.0 ], [ 110.528889, -7.586807, 0.0 ], [ 110.528511, -7.586725, 0.0 ], [ 110.527948, -7.586663, 0.0 ], [ 110.527655, -7.58659, 0.0 ], [ 110.527547, -7.586535, 0.0 ], [ 110.527472, -7.586414, 0.0 ], [ 110.527443, -7.586178, 0.0 ], [ 110.527453, -7.58591, 0.0 ], [ 110.527406, -7.585784, 0.0 ], [ 110.527257, -7.585637, 0.0 ], [ 110.527186, -7.585607, 0.0 ], [ 110.527013, -7.585608, 0.0 ], [ 110.526864, -7.585651, 0.0 ], [ 110.526551, -7.585691, 0.0 ], [ 110.525631, -7.58592, 0.0 ], [ 110.525437, -7.585985, 0.0 ], [ 110.525359, -7.586018, 0.0 ], [ 110.524969, -7.586235, 0.0 ], [ 110.524756, -7.586302000999979, 0.0 ], [ 110.52447, -7.586273, 0.0 ], [ 110.524044, -7.586248, 0.0 ], [ 110.523730999000065, -7.58622, 0.0 ], [ 110.523445, -7.586133, 0.0 ], [ 110.52286, -7.585731, 0.0 ], [ 110.522128, -7.58543, 0.0 ], [ 110.52175, -7.5852, 0.0 ], [ 110.521447999000088, -7.584979000999965, 0.0 ], [ 110.521103, -7.584783000999948, 0.0 ], [ 110.520558, -7.58423, 0.0 ], [ 110.520352, -7.583975, 0.0 ], [ 110.520243, -7.583719, 0.0 ], [ 110.520053, -7.58325, 0.0 ], [ 110.519825, -7.582872000999942, 0.0 ], [ 110.519631, -7.582615, 0.0 ], [ 110.519308, -7.582352, 0.0 ], [ 110.519013, -7.582199, 0.0 ], [ 110.518144, -7.581886, 0.0 ], [ 110.517725, -7.581601, 0.0 ], [ 110.517473, -7.581421, 0.0 ], [ 110.517267, -7.581334, 0.0 ], [ 110.517099999000038, -7.581307, 0.0 ], [ 110.516663, -7.580961000999935, 0.0 ], [ 110.516387, -7.580652, 0.0 ], [ 110.51617, -7.580293, 0.0 ], [ 110.515982, -7.580041, 0.0 ], [ 110.515811, -7.579897, 0.0 ], [ 110.515627, -7.579825, 0.0 ], [ 110.515346, -7.579790000999935, 0.0 ], [ 110.514874, -7.579968, 0.0 ], [ 110.514485999000044, -7.580057, 0.0 ], [ 110.513929, -7.580111, 0.0 ], [ 110.513649, -7.580095, 0.0 ], [ 110.513494, -7.580035, 0.0 ], [ 110.513379, -7.579913, 0.0 ], [ 110.513344, -7.579728, 0.0 ], [ 110.513142, -7.578805, 0.0 ], [ 110.513052, -7.578553, 0.0 ], [ 110.512961, -7.578425000999971, 0.0 ], [ 110.512802, -7.578333, 0.0 ], [ 110.511951999000075, -7.578245, 0.0 ], [ 110.51179, -7.578213, 0.0 ], [ 110.511661, -7.578094000999954, 0.0 ], [ 110.511546, -7.577906, 0.0 ], [ 110.511382, -7.577755, 0.0 ], [ 110.511098, -7.577611, 0.0 ], [ 110.510385, -7.577343, 0.0 ], [ 110.509466, -7.57728, 0.0 ], [ 110.509078, -7.577277, 0.0 ], [ 110.508785, -7.576936, 0.0 ], [ 110.508737, -7.576886000999934, 0.0 ], [ 110.508643, -7.576785000999962, 0.0 ], [ 110.508609, -7.576748000999942, 0.0 ], [ 110.508378, -7.576618, 0.0 ], [ 110.5081, -7.576561, 0.0 ], [ 110.507913999000039, -7.576568, 0.0 ], [ 110.507729, -7.576574000999926, 0.0 ], [ 110.507703, -7.576575, 0.0 ], [ 110.507357, -7.576605, 0.0 ], [ 110.506919999000047, -7.576546, 0.0 ], [ 110.506595, -7.576463, 0.0 ], [ 110.506585, -7.576461, 0.0 ], [ 110.506416, -7.576368, 0.0 ], [ 110.506175, -7.576106000999971, 0.0 ], [ 110.505974, -7.575772000999962, 0.0 ], [ 110.505806, -7.575438, 0.0 ], [ 110.505765, -7.575371, 0.0 ], [ 110.505742, -7.57533, 0.0 ], [ 110.50562, -7.5752, 0.0 ], [ 110.505512, -7.575084, 0.0 ], [ 110.505217, -7.574767, 0.0 ], [ 110.505201, -7.574745, 0.0 ], [ 110.505183, -7.574720000999946, 0.0 ], [ 110.504883, -7.574311000999955, 0.0 ], [ 110.504816, -7.574257, 0.0 ], [ 110.504659, -7.574131, 0.0 ], [ 110.504484, -7.573979000999941, 0.0 ], [ 110.504468, -7.573964, 0.0 ], [ 110.503959, -7.573505, 0.0 ], [ 110.503708, -7.573413000999949, 0.0 ], [ 110.503651, -7.573387, 0.0 ], [ 110.503370999000083, -7.57325500099995, 0.0 ], [ 110.503322, -7.573232, 0.0 ], [ 110.503214999000079, -7.573142000999951, 0.0 ], [ 110.502929, -7.572905000999981, 0.0 ], [ 110.502901999000073, -7.572857, 0.0 ], [ 110.502881, -7.572821, 0.0 ], [ 110.502814, -7.572742, 0.0 ], [ 110.502699, -7.572607, 0.0 ], [ 110.502628999000081, -7.572554000999958, 0.0 ], [ 110.502751317000047, -7.572296122999944, 0.0 ], [ 110.502767098000049, -7.571920853999927, 0.0 ], [ 110.50272446200006, -7.57180535699996, 0.0 ], [ 110.502676877000056, -7.57162647499996, 0.0 ], [ 110.502663166000048, -7.571321900999976, 0.0 ], [ 110.502688928000055, -7.571069074999969, 0.0 ], [ 110.502709632000062, -7.57099877099995, 0.0 ], [ 110.50275305200006, -7.570942941999931, 0.0 ], [ 110.502831788000037, -7.570841700999949, 0.0 ], [ 110.50296998400006, -7.570683546999931, 0.0 ], [ 110.503093756000055, -7.570517178999978, 0.0 ], [ 110.503164857000058, -7.570410243999959, 0.0 ], [ 110.503266232000044, -7.570257763999962, 0.0 ], [ 110.503298060000077, -7.570201292999968, 0.0 ], [ 110.503371306000076, -7.570093449999945, 0.0 ], [ 110.503412709000088, -7.570017782999969, 0.0 ], [ 110.503565145000039, -7.57013270799996, 0.0 ], [ 110.503794830000061, -7.570254205999959, 0.0 ], [ 110.503974999000036, -7.570182, 0.0 ], [ 110.504138, -7.570068, 0.0 ], [ 110.504316, -7.569969, 0.0 ], [ 110.504535, -7.569997, 0.0 ], [ 110.504646, -7.569976, 0.0 ], [ 110.504832, -7.56978, 0.0 ], [ 110.504969999000082, -7.569607, 0.0 ], [ 110.504981, -7.569594, 0.0 ], [ 110.505036, -7.569524, 0.0 ], [ 110.50505, -7.569518, 0.0 ], [ 110.505315, -7.569409, 0.0 ], [ 110.505456, -7.569391, 0.0 ], [ 110.505489, -7.569395000999975, 0.0 ], [ 110.505573, -7.569433000999936, 0.0 ], [ 110.505751, -7.569459, 0.0 ], [ 110.50588699900004, -7.569452000999945, 0.0 ], [ 110.505971, -7.569382, 0.0 ], [ 110.506069, -7.569307, 0.0 ], [ 110.506112, -7.569255, 0.0 ], [ 110.506114, -7.569234, 0.0 ], [ 110.506137, -7.569175, 0.0 ], [ 110.50617, -7.569121000999928, 0.0 ], [ 110.506248, -7.569127, 0.0 ], [ 110.50635, -7.569136, 0.0 ], [ 110.506613, -7.569228, 0.0 ], [ 110.506716, -7.569264, 0.0 ], [ 110.506727, -7.569344, 0.0 ], [ 110.506733, -7.569387, 0.0 ], [ 110.506661, -7.569638, 0.0 ], [ 110.506614, -7.56981, 0.0 ], [ 110.506553, -7.570031, 0.0 ], [ 110.506536, -7.570092, 0.0 ], [ 110.506575, -7.570283, 0.0 ], [ 110.506639, -7.570307, 0.0 ], [ 110.506743999000037, -7.57028, 0.0 ], [ 110.506824, -7.570238, 0.0 ], [ 110.506885, -7.570189, 0.0 ], [ 110.506912, -7.570125, 0.0 ], [ 110.506969, -7.57009, 0.0 ], [ 110.507092, -7.570116000999974, 0.0 ], [ 110.507288, -7.570249, 0.0 ], [ 110.507446999000081, -7.570413, 0.0 ], [ 110.50777, -7.570749, 0.0 ], [ 110.507921, -7.570802000999947, 0.0 ], [ 110.507955, -7.570746, 0.0 ], [ 110.508147, -7.570217, 0.0 ], [ 110.508237, -7.570183, 0.0 ], [ 110.508345, -7.570219, 0.0 ], [ 110.508562, -7.570281, 0.0 ], [ 110.508762, -7.570189, 0.0 ], [ 110.509032, -7.56996000099997, 0.0 ], [ 110.509175, -7.56991, 0.0 ], [ 110.509292, -7.56997, 0.0 ], [ 110.509721, -7.570203, 0.0 ], [ 110.509831, -7.570155000999932, 0.0 ], [ 110.510218, -7.569951, 0.0 ], [ 110.51042, -7.569965, 0.0 ], [ 110.510713, -7.570084, 0.0 ], [ 110.510905, -7.570162, 0.0 ], [ 110.51101, -7.570032, 0.0 ], [ 110.511029, -7.569771, 0.0 ] ] ] ] } },
{ "type": "Feature", "properties": { "NAMOBJ": "Jemowo", "FCODE": "BA03070040", "REMARK": "Wilayah Administrasi Kelurahan/Desa", "METADATA": "TASWIL1000020221227_DATA_BATAS_DESAKELURAHAN", "SRS_ID": "SRGI 2013", "KDBBPS": null, "KDCBPS": null, "KDCPUM": "33.09.21", "KDEBPS": null, "KDEPUM": "33.09.21.2004", "KDPBPS": null, "KDPKAB": "33.09", "KDPPUM": "33", "LUASWH": 0.0, "TIPADM": 1, "WADMKC": "Tamansari", "WADMKD": "Jemowo", "WADMKK": "Boyolali", "WADMPR": "Jawa Tengah", "WIADKC": null, "WIADKK": null, "WIADPR": null, "WIADKD": null, "UUPP": "Hasil Delineasi Batas Desa 2017", "luas": 6.6985966762298776, "SHAPE_Leng": 0.13633023428652299, "SHAPE_Area": 0.00054887991994799999 }, "geometry": { "type": "MultiPolygon", "coordinates": [ [ [ [ 110.502628999000081, -7.572554000999958, 0.0 ], [ 110.502699, -7.572607, 0.0 ], [ 110.502814, -7.572742, 0.0 ], [ 110.502881, -7.572821, 0.0 ], [ 110.502901999000073, -7.572857, 0.0 ], [ 110.502929, -7.572905000999981, 0.0 ], [ 110.503214999000079, -7.573142000999951, 0.0 ], [ 110.503322, -7.573232, 0.0 ], [ 110.503370999000083, -7.57325500099995, 0.0 ], [ 110.503651, -7.573387, 0.0 ], [ 110.503708, -7.573413000999949, 0.0 ], [ 110.503959, -7.573505, 0.0 ], [ 110.504468, -7.573964, 0.0 ], [ 110.504484, -7.573979000999941, 0.0 ], [ 110.504659, -7.574131, 0.0 ], [ 110.504816, -7.574257, 0.0 ], [ 110.504883, -7.574311000999955, 0.0 ], [ 110.505183, -7.574720000999946, 0.0 ], [ 110.505201, -7.574745, 0.0 ], [ 110.505217, -7.574767, 0.0 ], [ 110.505512, -7.575084, 0.0 ], [ 110.50562, -7.5752, 0.0 ], [ 110.505742, -7.57533, 0.0 ], [ 110.505765, -7.575371, 0.0 ], [ 110.505806, -7.575438, 0.0 ], [ 110.505974, -7.575772000999962, 0.0 ], [ 110.506175, -7.576106000999971, 0.0 ], [ 110.506416, -7.576368, 0.0 ], [ 110.506585, -7.576461, 0.0 ], [ 110.506595, -7.576463, 0.0 ], [ 110.506919999000047, -7.576546, 0.0 ], [ 110.507357, -7.576605, 0.0 ], [ 110.507703, -7.576575, 0.0 ], [ 110.507729, -7.576574000999926, 0.0 ], [ 110.507913999000039, -7.576568, 0.0 ], [ 110.5081, -7.576561, 0.0 ], [ 110.508378, -7.576618, 0.0 ], [ 110.508609, -7.576748000999942, 0.0 ], [ 110.508643, -7.576785000999962, 0.0 ], [ 110.508737, -7.576886000999934, 0.0 ], [ 110.508785, -7.576936, 0.0 ], [ 110.509078, -7.577277, 0.0 ], [ 110.509466, -7.57728, 0.0 ], [ 110.510385, -7.577343, 0.0 ], [ 110.511098, -7.577611, 0.0 ], [ 110.511382, -7.577755, 0.0 ], [ 110.511546, -7.577906, 0.0 ], [ 110.511661, -7.578094000999954, 0.0 ], [ 110.51179, -7.578213, 0.0 ], [ 110.511951999000075, -7.578245, 0.0 ], [ 110.512802, -7.578333, 0.0 ], [ 110.512961, -7.578425000999971, 0.0 ], [ 110.513052, -7.578553, 0.0 ], [ 110.513142, -7.578805, 0.0 ], [ 110.513344, -7.579728, 0.0 ], [ 110.513379, -7.579913, 0.0 ], [ 110.513494, -7.580035, 0.0 ], [ 110.513649, -7.580095, 0.0 ], [ 110.513929, -7.580111, 0.0 ], [ 110.514485999000044, -7.580057, 0.0 ], [ 110.514874, -7.579968, 0.0 ], [ 110.515346, -7.579790000999935, 0.0 ], [ 110.515627, -7.579825, 0.0 ], [ 110.515811, -7.579897, 0.0 ], [ 110.515982, -7.580041, 0.0 ], [ 110.51617, -7.580293, 0.0 ], [ 110.516387, -7.580652, 0.0 ], [ 110.516663, -7.580961000999935, 0.0 ], [ 110.517099999000038, -7.581307, 0.0 ], [ 110.517267, -7.581334, 0.0 ], [ 110.517473, -7.581421, 0.0 ], [ 110.517725, -7.581601, 0.0 ], [ 110.518144, -7.581886, 0.0 ], [ 110.519013, -7.582199, 0.0 ], [ 110.519308, -7.582352, 0.0 ], [ 110.519631, -7.582615, 0.0 ], [ 110.519825, -7.582872000999942, 0.0 ], [ 110.520053, -7.58325, 0.0 ], [ 110.520243, -7.583719, 0.0 ], [ 110.520352, -7.583975, 0.0 ], [ 110.520558, -7.58423, 0.0 ], [ 110.521103, -7.584783000999948, 0.0 ], [ 110.521447999000088, -7.584979000999965, 0.0 ], [ 110.52175, -7.5852, 0.0 ], [ 110.522128, -7.58543, 0.0 ], [ 110.52286, -7.585731, 0.0 ], [ 110.523445, -7.586133, 0.0 ], [ 110.523730999000065, -7.58622, 0.0 ], [ 110.524044, -7.586248, 0.0 ], [ 110.52447, -7.586273, 0.0 ], [ 110.524756, -7.586302000999979, 0.0 ], [ 110.524969, -7.586235, 0.0 ], [ 110.525359, -7.586018, 0.0 ], [ 110.525437, -7.585985, 0.0 ], [ 110.525631, -7.58592, 0.0 ], [ 110.526551, -7.585691, 0.0 ], [ 110.526864, -7.585651, 0.0 ], [ 110.527013, -7.585608, 0.0 ], [ 110.527186, -7.585607, 0.0 ], [ 110.527257, -7.585637, 0.0 ], [ 110.527406, -7.585784, 0.0 ], [ 110.527453, -7.58591, 0.0 ], [ 110.527443, -7.586178, 0.0 ], [ 110.527472, -7.586414, 0.0 ], [ 110.527547, -7.586535, 0.0 ], [ 110.527655, -7.58659, 0.0 ], [ 110.527948, -7.586663, 0.0 ], [ 110.528511, -7.586725, 0.0 ], [ 110.528889, -7.586807, 0.0 ], [ 110.529141, -7.586983, 0.0 ], [ 110.529193, -7.58706, 0.0 ], [ 110.529236, -7.587199000999931, 0.0 ], [ 110.529299, -7.587434000999963, 0.0 ], [ 110.529469, -7.587651000999927, 0.0 ], [ 110.529702, -7.587831, 0.0 ], [ 110.530447, -7.588365, 0.0 ], [ 110.530557, -7.588533, 0.0 ], [ 110.530633999000088, -7.588752, 0.0 ], [ 110.530844, -7.58936, 0.0 ], [ 110.530945999000039, -7.589482000999965, 0.0 ], [ 110.531386, -7.589945, 0.0 ], [ 110.531672, -7.590215, 0.0 ], [ 110.532118, -7.590531, 0.0 ], [ 110.532203, -7.590744, 0.0 ], [ 110.532289, -7.590991, 0.0 ], [ 110.532441, -7.59143200099993, 0.0 ], [ 110.533, -7.592062, 0.0 ], [ 110.533233, -7.592174000999933, 0.0 ], [ 110.533678, -7.592355, 0.0 ], [ 110.533905, -7.592561, 0.0 ], [ 110.534267, -7.592884, 0.0 ], [ 110.534293, -7.592901, 0.0 ], [ 110.534346, -7.592937, 0.0 ], [ 110.534568, -7.593113, 0.0 ], [ 110.53481, -7.593348, 0.0 ], [ 110.534844, -7.593395, 0.0 ], [ 110.534874, -7.593429, 0.0 ], [ 110.535112, -7.593662, 0.0 ], [ 110.535329, -7.593823, 0.0 ], [ 110.535633, -7.59401, 0.0 ], [ 110.535838, -7.594227, 0.0 ], [ 110.535863, -7.594364, 0.0 ], [ 110.535826, -7.594612000999973, 0.0 ], [ 110.535700968000071, -7.594736955999963, 0.0 ], [ 110.53565099900004, -7.594853549999925, 0.0 ], [ 110.535639102000061, -7.594951107999975, 0.0 ], [ 110.535910360000059, -7.595810093999944, 0.0 ], [ 110.535947878000059, -7.596130702999972, 0.0 ], [ 110.535947914000076, -7.596131019999973, 0.0 ], [ 110.535962708000056, -7.596257432999948, 0.0 ], [ 110.535956623000061, -7.596421721999945, 0.0 ], [ 110.535940541000059, -7.596855962999939, 0.0 ], [ 110.535938914000042, -7.59689988599996, 0.0 ], [ 110.535929396000085, -7.597035253999934, 0.0 ], [ 110.535929396000085, -7.597181472999978, 0.0 ], [ 110.535929396000085, -7.597198605999949, 0.0 ], [ 110.535929396000085, -7.597313911999947, 0.0 ], [ 110.535881807000067, -7.597815978999961, 0.0 ], [ 110.535853253000084, -7.59818955399993, 0.0 ], [ 110.535823503000074, -7.59832012399994, 0.0 ], [ 110.535810423000044, -7.598377531999972, 0.0 ], [ 110.535809953000069, -7.59838048599994, 0.0 ], [ 110.535773043000063, -7.598505714999931, 0.0 ], [ 110.535758075000047, -7.598522678999927, 0.0 ], [ 110.53568669100008, -7.59853219799993, 0.0 ], [ 110.535641481000084, -7.59852505799995, 0.0 ], [ 110.535529647000033, -7.598441776999948, 0.0 ], [ 110.535429864000037, -7.59832012399994, 0.0 ], [ 110.535355946000038, -7.598230005999937, 0.0 ], [ 110.535239352000076, -7.598091996999926, 0.0 ], [ 110.535184625000056, -7.598046785999941, 0.0 ], [ 110.535178821000045, -7.598047576999932, 0.0 ], [ 110.535141902000078, -7.598052612999936, 0.0 ], [ 110.535126306000052, -7.598070334999932, 0.0 ], [ 110.535104, -7.59808, 0.0 ], [ 110.53510362600008, -7.598080160999928, 0.0 ], [ 110.535104312000044, -7.598080789999926, 0.0 ], [ 110.535111383000071, -7.598087292999935, 0.0 ], [ 110.535063272000059, -7.598141965999957, 0.0 ], [ 110.535091826000041, -7.598299009999948, 0.0 ], [ 110.535097859000075, -7.59832012399994, 0.0 ], [ 110.535148932000084, -7.59849888399998, 0.0 ], [ 110.535329344000047, -7.59895893199996, 0.0 ], [ 110.535434468000062, -7.599226998999939, 0.0 ], [ 110.535886566000045, -7.600859308999929, 0.0 ], [ 110.535913595000068, -7.601001378999968, 0.0 ], [ 110.535957378000035, -7.601239324999938, 0.0 ], [ 110.535656111000037, -7.601215362999937, 0.0 ], [ 110.535533, -7.601220000999945, 0.0 ], [ 110.535038, -7.601244000999941, 0.0 ], [ 110.534979, -7.60135700099994, 0.0 ], [ 110.534901, -7.601544, 0.0 ], [ 110.534761, -7.601774, 0.0 ], [ 110.534609, -7.601621, 0.0 ], [ 110.534009, -7.60096, 0.0 ], [ 110.533004, -7.601692000999947, 0.0 ], [ 110.532173, -7.601583, 0.0 ], [ 110.53144, -7.602167, 0.0 ], [ 110.531072, -7.602382, 0.0 ], [ 110.530649, -7.60265, 0.0 ], [ 110.530524, -7.602249, 0.0 ], [ 110.53033, -7.602052, 0.0 ], [ 110.529934, -7.601742, 0.0 ], [ 110.52898, -7.601271, 0.0 ], [ 110.528707, -7.601188, 0.0 ], [ 110.528415, -7.601183000999981, 0.0 ], [ 110.528017, -7.60119, 0.0 ], [ 110.527827, -7.601198, 0.0 ], [ 110.527662, -7.601215, 0.0 ], [ 110.527194, -7.601241000999948, 0.0 ], [ 110.526545, -7.601352, 0.0 ], [ 110.526299, -7.601397000999953, 0.0 ], [ 110.526147, -7.60131, 0.0 ], [ 110.525623, -7.600939, 0.0 ], [ 110.525484999000071, -7.600952, 0.0 ], [ 110.525353, -7.601036, 0.0 ], [ 110.525023, -7.601262000999952, 0.0 ], [ 110.524913, -7.601247, 0.0 ], [ 110.52454, -7.60118, 0.0 ], [ 110.524391, -7.601257, 0.0 ], [ 110.524096, -7.601396000999955, 0.0 ], [ 110.523922, -7.601376000999949, 0.0 ], [ 110.523677, -7.601249, 0.0 ], [ 110.523583, -7.601245, 0.0 ], [ 110.523484, -7.601318000999981, 0.0 ], [ 110.523145999000064, -7.601632000999928, 0.0 ], [ 110.522994, -7.601652000999934, 0.0 ], [ 110.52288, -7.601562, 0.0 ], [ 110.52264, -7.601287, 0.0 ], [ 110.522500999000044, -7.601024, 0.0 ], [ 110.522324, -7.600493, 0.0 ], [ 110.522238, -7.600346000999934, 0.0 ], [ 110.52204, -7.600163, 0.0 ], [ 110.521872, -7.6001, 0.0 ], [ 110.521767, -7.600136, 0.0 ], [ 110.52168, -7.60024600099996, 0.0 ], [ 110.521404, -7.600634, 0.0 ], [ 110.521213, -7.600612, 0.0 ], [ 110.520978, -7.600528, 0.0 ], [ 110.520753, -7.600477, 0.0 ], [ 110.520441, -7.600446, 0.0 ], [ 110.520263, -7.600354, 0.0 ], [ 110.520172, -7.600214, 0.0 ], [ 110.520145, -7.600039, 0.0 ], [ 110.520109, -7.599885, 0.0 ], [ 110.52001, -7.599867, 0.0 ], [ 110.519548, -7.599791, 0.0 ], [ 110.519032, -7.599651, 0.0 ], [ 110.518887, -7.599543000999972, 0.0 ], [ 110.518853, -7.599422, 0.0 ], [ 110.518879, -7.599259, 0.0 ], [ 110.518982, -7.599052, 0.0 ], [ 110.519163, -7.598836, 0.0 ], [ 110.519339, -7.598618, 0.0 ], [ 110.519309, -7.598468, 0.0 ], [ 110.519209, -7.59831, 0.0 ], [ 110.519073, -7.598235, 0.0 ], [ 110.51871, -7.598162000999935, 0.0 ], [ 110.518451, -7.598176, 0.0 ], [ 110.518284, -7.598246, 0.0 ], [ 110.517714, -7.598502, 0.0 ], [ 110.517571, -7.598445, 0.0 ], [ 110.517488, -7.598342, 0.0 ], [ 110.517474, -7.598219000999961, 0.0 ], [ 110.51753, -7.59804, 0.0 ], [ 110.517794, -7.597365, 0.0 ], [ 110.51771, -7.597289, 0.0 ], [ 110.51759, -7.597273, 0.0 ], [ 110.517435, -7.59732300099995, 0.0 ], [ 110.516943999000034, -7.59757, 0.0 ], [ 110.516747, -7.597617, 0.0 ], [ 110.516556, -7.597579, 0.0 ], [ 110.516435, -7.597479000999954, 0.0 ], [ 110.516332, -7.597299, 0.0 ], [ 110.516367, -7.597173, 0.0 ], [ 110.516477, -7.596882, 0.0 ], [ 110.516559, -7.596483000999967, 0.0 ], [ 110.516481, -7.596279, 0.0 ], [ 110.516309, -7.596059, 0.0 ], [ 110.516104999000049, -7.59591900099997, 0.0 ], [ 110.515979, -7.595917000999975, 0.0 ], [ 110.515964, -7.595973, 0.0 ], [ 110.516006999000069, -7.596504000999971, 0.0 ], [ 110.515937, -7.596638000999974, 0.0 ], [ 110.515768, -7.596759, 0.0 ], [ 110.515593, -7.596821, 0.0 ], [ 110.515318, -7.596802, 0.0 ], [ 110.515108, -7.596737000999951, 0.0 ], [ 110.514839, -7.596443000999955, 0.0 ], [ 110.514759999000034, -7.596281, 0.0 ], [ 110.514587, -7.595972, 0.0 ], [ 110.514246, -7.595961, 0.0 ], [ 110.513949, -7.596005, 0.0 ], [ 110.513818, -7.596013, 0.0 ], [ 110.513686999000072, -7.595933, 0.0 ], [ 110.513429, -7.5954, 0.0 ], [ 110.513073, -7.594959, 0.0 ], [ 110.511823, -7.594044000999929, 0.0 ], [ 110.511184, -7.593887, 0.0 ], [ 110.511007, -7.593807, 0.0 ], [ 110.510799, -7.59359600099998, 0.0 ], [ 110.510639, -7.593358, 0.0 ], [ 110.510561, -7.592772, 0.0 ], [ 110.510513, -7.592518, 0.0 ], [ 110.510162, -7.591953, 0.0 ], [ 110.510033, -7.591799, 0.0 ], [ 110.509862, -7.591716, 0.0 ], [ 110.509659, -7.591716, 0.0 ], [ 110.50948, -7.591749, 0.0 ], [ 110.509389, -7.591759, 0.0 ], [ 110.509294, -7.591719, 0.0 ], [ 110.509175, -7.59139, 0.0 ], [ 110.50896, -7.59072, 0.0 ], [ 110.508817, -7.590427, 0.0 ], [ 110.50867, -7.590262000999928, 0.0 ], [ 110.508405, -7.590131, 0.0 ], [ 110.508008, -7.590019, 0.0 ], [ 110.507702, -7.589904, 0.0 ], [ 110.507418, -7.589665, 0.0 ], [ 110.507391768000048, -7.589661043999968, 0.0 ], [ 110.507378319000054, -7.589652229999956, 0.0 ], [ 110.507364542000062, -7.58964448699993, 0.0 ], [ 110.507281299000056, -7.589604906999966, 0.0 ], [ 110.507231560000037, -7.58958711799994, 0.0 ], [ 110.507196853000039, -7.589577720999955, 0.0 ], [ 110.507161095000072, -7.589573901999927, 0.0 ], [ 110.507083458000068, -7.589571774999968, 0.0 ], [ 110.506948540000053, -7.589571622999927, 0.0 ], [ 110.506900686000051, -7.58957156799994, 0.0 ], [ 110.506881646000068, -7.589573114999951, 0.0 ], [ 110.506863119000059, -7.589577756999972, 0.0 ], [ 110.50684560500008, -7.589585367999973, 0.0 ], [ 110.506829580000044, -7.589595740999926, 0.0 ], [ 110.506815476000043, -7.589608596999938, 0.0 ], [ 110.50680367700005, -7.589623586999949, 0.0 ], [ 110.506794501000059, -7.589640305999978, 0.0 ], [ 110.506788198000038, -7.589658297999961, 0.0 ], [ 110.506784937000077, -7.589677079999944, 0.0 ], [ 110.506783471000062, -7.589693442999931, 0.0 ], [ 110.506780466000066, -7.589726993999932, 0.0 ], [ 110.506780340000034, -7.589837681999938, 0.0 ], [ 110.506782151000039, -7.589917409999941, 0.0 ], [ 110.506780581000044, -7.589947447999975, 0.0 ], [ 110.506774544000052, -7.589976917999934, 0.0 ], [ 110.506764173000079, -7.590005161999954, 0.0 ], [ 110.506726087000061, -7.590088913999978, 0.0 ], [ 110.506709751000074, -7.590125748999981, 0.0 ], [ 110.506684899000049, -7.590173102999927, 0.0 ], [ 110.506654039000068, -7.590216795999936, 0.0 ], [ 110.506643909000047, -7.590227746999972, 0.0 ], [ 110.506617705000053, -7.590256074999957, 0.0 ], [ 110.506576522000046, -7.59029026099995, 0.0 ], [ 110.506531202000076, -7.59031876399996, 0.0 ], [ 110.506482528000049, -7.590341090999971, 0.0 ], [ 110.506431340000063, -7.590356856999961, 0.0 ], [ 110.506326995000052, -7.59038163699995, 0.0 ], [ 110.506249050000065, -7.590375564999931, 0.0 ], [ 110.506174130000034, -7.590345563999961, 0.0 ], [ 110.506090235000045, -7.590297602999954, 0.0 ], [ 110.505985649000081, -7.59022553799997, 0.0 ], [ 110.505955424000035, -7.590204710999956, 0.0 ], [ 110.505805614000053, -7.590117783999972, 0.0 ], [ 110.505786181000076, -7.590107441999976, 0.0 ], [ 110.505664786000068, -7.590042834999963, 0.0 ], [ 110.505590213000062, -7.590017483999929, 0.0 ], [ 110.505564387000049, -7.590010532999941, 0.0 ], [ 110.505537876000062, -7.590006974999937, 0.0 ], [ 110.505511127000034, -7.590006869999968, 0.0 ], [ 110.505320024000071, -7.590018509999936, 0.0 ], [ 110.505161121000071, -7.590018328999975, 0.0 ], [ 110.504951283000082, -7.589988173999927, 0.0 ], [ 110.50489093200008, -7.589976393999962, 0.0 ], [ 110.504868127000066, -7.589970305999941, 0.0 ], [ 110.50484636300007, -7.589961179999932, 0.0 ], [ 110.504826046000062, -7.589949183999977, 0.0 ], [ 110.504807552000045, -7.58993454299997, 0.0 ], [ 110.504666814000075, -7.589806586999941, 0.0 ], [ 110.504636242000061, -7.58977575199998, 0.0 ], [ 110.504609034000055, -7.589741923999952, 0.0 ], [ 110.504585481000049, -7.589705467999977, 0.0 ], [ 110.50456583600004, -7.589666774999955, 0.0 ], [ 110.504529003000073, -7.589583829999981, 0.0 ], [ 110.504480043000058, -7.589510994999955, 0.0 ], [ 110.504470756000046, -7.589499170999943, 0.0 ], [ 110.504459825000083, -7.58948884299997, 0.0 ], [ 110.504447488000039, -7.589480232999961, 0.0 ], [ 110.504434014000083, -7.589473531999943, 0.0 ], [ 110.504419698000049, -7.589468883999928, 0.0 ], [ 110.50440485300004, -7.589466390999974, 0.0 ], [ 110.504385501000058, -7.589464593999935, 0.0 ], [ 110.504357137000056, -7.58946635999996, 0.0 ], [ 110.504346223000084, -7.589467859999957, 0.0 ], [ 110.504335655000034, -7.589470960999961, 0.0 ], [ 110.504325664000078, -7.589475591999928, 0.0 ], [ 110.504316474000063, -7.58948165299995, 0.0 ], [ 110.504308288000061, -7.58948900799993, 0.0 ], [ 110.504256577000035, -7.589542952999977, 0.0 ], [ 110.504225402000088, -7.589580636999926, 0.0 ], [ 110.504205569000078, -7.589601248999941, 0.0 ], [ 110.504182871000069, -7.589618670999926, 0.0 ], [ 110.504157817000078, -7.589632514999948, 0.0 ], [ 110.504121803000089, -7.589646318999939, 0.0 ], [ 110.504084318000082, -7.589655428999947, 0.0 ], [ 110.504045976000043, -7.589659694999966, 0.0 ], [ 110.504007400000035, -7.589659046999941, 0.0 ], [ 110.50396922300007, -7.589653495999926, 0.0 ], [ 110.503949780000085, -7.589649388999931, 0.0 ], [ 110.503936887000066, -7.589645546999975, 0.0 ], [ 110.503924790000042, -7.589639667999961, 0.0 ], [ 110.503913810000086, -7.589631907999944, 0.0 ], [ 110.503904239000065, -7.589622471999974, 0.0 ], [ 110.503896330000089, -7.589611609999963, 0.0 ], [ 110.50389029300004, -7.589599611999972, 0.0 ], [ 110.503886289000036, -7.589586794999946, 0.0 ], [ 110.503884422000056, -7.589573498999926, 0.0 ], [ 110.503882289000046, -7.58953659499997, 0.0 ], [ 110.503882557000054, -7.589497770999969, 0.0 ], [ 110.503887831000043, -7.589459303999945, 0.0 ], [ 110.503898021000055, -7.589421834999939, 0.0 ], [ 110.503912959000047, -7.589385983999932, 0.0 ], [ 110.503943244000084, -7.589324767999926, 0.0 ], [ 110.504001279000079, -7.589207456999929, 0.0 ], [ 110.50400651800004, -7.589190537999968, 0.0 ], [ 110.50401998600006, -7.58915250299998, 0.0 ], [ 110.504021942000065, -7.589120012999956, 0.0 ], [ 110.504018938000058, -7.589087599999971, 0.0 ], [ 110.504011042000059, -7.589056018999941, 0.0 ], [ 110.503998437000064, -7.589025996999965, 0.0 ], [ 110.503990955000063, -7.589013791999946, 0.0 ], [ 110.503981414000066, -7.588998228999969, 0.0 ], [ 110.503960368000037, -7.588973358999965, 0.0 ], [ 110.503935785000067, -7.588951961999953, 0.0 ], [ 110.503906134000033, -7.588929876999941, 0.0 ], [ 110.503822888000059, -7.588869322999926, 0.0 ], [ 110.503820276000056, -7.588867422999954, 0.0 ], [ 110.503799843000081, -7.588854792999939, 0.0 ], [ 110.503777740000089, -7.588845366999976, 0.0 ], [ 110.503743938000071, -7.588833868999927, 0.0 ], [ 110.503733510000075, -7.58883124099998, 0.0 ], [ 110.503704427000059, -7.588823911999953, 0.0 ], [ 110.503663821000089, -7.588820454999961, 0.0 ], [ 110.503623189000052, -7.588823589999947, 0.0 ], [ 110.503583599000081, -7.588833233999935, 0.0 ], [ 110.503495583000074, -7.588862396999957, 0.0 ], [ 110.503146298000047, -7.588913692999938, 0.0 ], [ 110.502967848000083, -7.588913488999935, 0.0 ], [ 110.502839306000055, -7.588896109999951, 0.0 ], [ 110.502739558000087, -7.588869191999947, 0.0 ], [ 110.502718458000061, -7.588863423999953, 0.0 ], [ 110.502632152000047, -7.588826946999973, 0.0 ], [ 110.50248455500008, -7.588694669999938, 0.0 ], [ 110.502422410000065, -7.588579021999976, 0.0 ], [ 110.502391189000036, -7.588555758999973, 0.0 ], [ 110.502356633000034, -7.588537793999933, 0.0 ], [ 110.502319635000049, -7.588525588999971, 0.0 ], [ 110.502281157000084, -7.588519462999955, 0.0 ], [ 110.50224219100005, -7.588519570999949, 0.0 ], [ 110.502146968000034, -7.588585150999961, 0.0 ], [ 110.502022170000089, -7.588650103999953, 0.0 ], [ 110.501926207000054, -7.588669140999968, 0.0 ], [ 110.501778449000085, -7.588676629999952, 0.0 ], [ 110.501682517000063, -7.588668860999974, 0.0 ], [ 110.501600010000061, -7.58866685199996, 0.0 ], [ 110.501419370000065, -7.588717429999974, 0.0 ], [ 110.501377255000079, -7.588754901999948, 0.0 ], [ 110.501339964000067, -7.588797157999977, 0.0 ], [ 110.501310810000064, -7.588864218999959, 0.0 ], [ 110.501301498000089, -7.588884090999954, 0.0 ], [ 110.501289015000054, -7.588902147999931, 0.0 ], [ 110.501273707000053, -7.588917894999952, 0.0 ], [ 110.501255996000054, -7.588930891999951, 0.0 ], [ 110.501236372000051, -7.588940780999962, 0.0 ], [ 110.50121537800004, -7.588947291999943, 0.0 ], [ 110.50119359200005, -7.588950240999964, 0.0 ], [ 110.501171617000068, -7.58894954799996, 0.0 ], [ 110.501150062000079, -7.588945232999947, 0.0 ], [ 110.501129520000063, -7.588937413999929, 0.0 ], [ 110.501122051000038, -7.588933038999926, 0.0 ], [ 110.501121916000045, -7.588932959999966, 0.0 ], [ 110.501110561000075, -7.58892630899993, 0.0 ], [ 110.501079875000073, -7.588897767999981, 0.0 ], [ 110.501053901000034, -7.58886489799994, 0.0 ], [ 110.501033244000041, -7.588828466999928, 0.0 ], [ 110.501018386000055, -7.588789321999968, 0.0 ], [ 110.501009672000066, -7.588748377999934, 0.0 ], [ 110.501007308000055, -7.588706585999944, 0.0 ], [ 110.501011345000052, -7.588664921999964, 0.0 ], [ 110.501026384000056, -7.588563762999968, 0.0 ], [ 110.501037767000071, -7.588462127999946, 0.0 ], [ 110.501045478000037, -7.588360150999961, 0.0 ], [ 110.501047699000083, -7.588302129999931, 0.0 ], [ 110.501042692000055, -7.58824427899998, 0.0 ], [ 110.501030537000076, -7.588187495999932, 0.0 ], [ 110.501011419000065, -7.588132653999935, 0.0 ], [ 110.500985634000074, -7.588080599999955, 0.0 ], [ 110.500953580000044, -7.588032138999949, 0.0 ], [ 110.500915752000083, -7.587988014999951, 0.0 ], [ 110.500862095000059, -7.587942516999931, 0.0 ], [ 110.500820778000048, -7.587906420999957, 0.0 ], [ 110.500805798000044, -7.587894874999961, 0.0 ], [ 110.500789509000072, -7.587885251999978, 0.0 ], [ 110.500657076000039, -7.587817608999956, 0.0 ], [ 110.500597108000079, -7.587769267999931, 0.0 ], [ 110.500583919000064, -7.587758636999979, 0.0 ], [ 110.500567114000035, -7.587734875999956, 0.0 ], [ 110.500553546000049, -7.587709136999933, 0.0 ], [ 110.500543444000073, -7.587681857999939, 0.0 ], [ 110.500537175000034, -7.587660805999974, 0.0 ], [ 110.500507703000039, -7.587561836999953, 0.0 ], [ 110.500461877000077, -7.58736649399998, 0.0 ], [ 110.500460893000081, -7.587359816999935, 0.0 ], [ 110.500451843000064, -7.587321687999975, 0.0 ], [ 110.500436343000047, -7.587285684999927, 0.0 ], [ 110.500414856000077, -7.587252886999977, 0.0 ], [ 110.500405536000073, -7.587242947999925, 0.0 ], [ 110.500388026000053, -7.587224274999926, 0.0 ], [ 110.500356654000086, -7.587200705999976, 0.0 ], [ 110.500272744000085, -7.587148354999954, 0.0 ], [ 110.500260265000065, -7.587141691999932, 0.0 ], [ 110.500247003000084, -7.587136763999979, 0.0 ], [ 110.499925463000068, -7.587041349999936, 0.0 ], [ 110.499815560000059, -7.587016872999925, 0.0 ], [ 110.499796846000038, -7.587014280999938, 0.0 ], [ 110.499777960000074, -7.587014758999942, 0.0 ], [ 110.499759402000052, -7.58701829599994, 0.0 ], [ 110.49974166800007, -7.58702479699997, 0.0 ], [ 110.49972523100007, -7.587034088999928, 0.0 ], [ 110.499710525000069, -7.587045924999927, 0.0 ], [ 110.499679336000042, -7.587075529999936, 0.0 ], [ 110.499650835000068, -7.587122289999968, 0.0 ], [ 110.499642022000046, -7.587140062999936, 0.0 ], [ 110.499636424000073, -7.587159090999933, 0.0 ], [ 110.499635457000068, -7.587167703999967, 0.0 ], [ 110.499634211000057, -7.587178797999968, 0.0 ], [ 110.499635449000039, -7.587198589999957, 0.0 ], [ 110.499636076000058, -7.587201187999938, 0.0 ], [ 110.499640101000068, -7.587217868999971, 0.0 ], [ 110.499648027000035, -7.587236053999959, 0.0 ], [ 110.499725691000037, -7.587378868999963, 0.0 ], [ 110.499735523000084, -7.587400746999947, 0.0 ], [ 110.499741939000046, -7.58742385499994, 0.0 ], [ 110.499744792000058, -7.587447662999978, 0.0 ], [ 110.499744017000069, -7.587471627999946, 0.0 ], [ 110.499735466000061, -7.587550409999949, 0.0 ], [ 110.499731848000067, -7.587569187999975, 0.0 ], [ 110.499725203000082, -7.587587123999981, 0.0 ], [ 110.499715711000078, -7.587603735999949, 0.0 ], [ 110.499703627000088, -7.587618576999944, 0.0 ], [ 110.499599102000047, -7.587727362999942, 0.0 ], [ 110.499481960000082, -7.587802497999974, 0.0 ], [ 110.499463522000042, -7.587812799999938, 0.0 ], [ 110.499443965000069, -7.587820792999935, 0.0 ], [ 110.499341111000035, -7.587855703999935, 0.0 ], [ 110.499243024000066, -7.587874684999974, 0.0 ], [ 110.499218114000087, -7.587877338999931, 0.0 ], [ 110.499193113000047, -7.587875743999973, 0.0 ], [ 110.499100651000049, -7.587861893999957, 0.0 ], [ 110.499077812000053, -7.587856624999972, 0.0 ], [ 110.499056076000045, -7.587847869999962, 0.0 ], [ 110.499035972000058, -7.587835844999972, 0.0 ], [ 110.499017991000073, -7.58782083899996, 0.0 ], [ 110.499002572000052, -7.58780322299998, 0.0 ], [ 110.498990092000042, -7.587783423999952, 0.0 ], [ 110.49898085600006, -7.587761927999964, 0.0 ], [ 110.498935470000049, -7.58762831699994, 0.0 ], [ 110.498903933000065, -7.58753547799995, 0.0 ], [ 110.498885588000064, -7.587477512999953, 0.0 ], [ 110.498873372000048, -7.587417961999961, 0.0 ], [ 110.498867414000074, -7.587357465999958, 0.0 ], [ 110.498862193000036, -7.587322450999977, 0.0 ], [ 110.498862355000085, -7.587181846999954, 0.0 ], [ 110.498866232000069, -7.587153459999968, 0.0 ], [ 110.498873529000036, -7.58711234499998, 0.0 ], [ 110.498874096000065, -7.587070593999954, 0.0 ], [ 110.498867923000034, -7.587029295999969, 0.0 ], [ 110.498852538000051, -7.58698696099998, 0.0 ], [ 110.498833078000075, -7.586946330999979, 0.0 ], [ 110.498824443000046, -7.586932078999951, 0.0 ], [ 110.498809729000072, -7.586907793999956, 0.0 ], [ 110.498782712000036, -7.586871721999955, 0.0 ], [ 110.498770411000066, -7.58685973799993, 0.0 ], [ 110.498757042000079, -7.586848948999943, 0.0 ], [ 110.498742630000038, -7.586838443999966, 0.0 ], [ 110.498730212000055, -7.586825654999927, 0.0 ], [ 110.49872014400006, -7.586810951999951, 0.0 ], [ 110.498712717000046, -7.586794758999929, 0.0 ], [ 110.498708147000059, -7.586777544999961, 0.0 ], [ 110.498707293000052, -7.586760960999925, 0.0 ], [ 110.498704051000061, -7.586744672999941, 0.0 ], [ 110.498698489000049, -7.58672902099994, 0.0 ], [ 110.498693641000045, -7.58671942899997, 0.0 ], [ 110.498687971000038, -7.586710295999978, 0.0 ], [ 110.49867510100006, -7.58669456399997, 0.0 ], [ 110.498660038000082, -7.586680907999948, 0.0 ], [ 110.498643113000071, -7.586669628999971, 0.0 ], [ 110.49862470100004, -7.586660975999962, 0.0 ], [ 110.498605206000036, -7.586655138999959, 0.0 ], [ 110.498585061000085, -7.58665224899994, 0.0 ], [ 110.498534200000051, -7.586633478999943, 0.0 ], [ 110.498525432000065, -7.586629567999978, 0.0 ], [ 110.498523774000034, -7.586628828999949, 0.0 ], [ 110.498495007000088, -7.586615997999957, 0.0 ], [ 110.498459079000042, -7.586595561999957, 0.0 ], [ 110.498425802000042, -7.586571060999972, 0.0 ], [ 110.498395638000034, -7.586542831999964, 0.0 ], [ 110.498369002000061, -7.586511265999945, 0.0 ], [ 110.498323449000054, -7.586467464999942, 0.0 ], [ 110.498273683000036, -7.58642849499995, 0.0 ], [ 110.498239224000088, -7.586403874999974, 0.0 ], [ 110.498231796000084, -7.58639803799997, 0.0 ], [ 110.498223504000066, -7.586393504999933, 0.0 ], [ 110.498214576000066, -7.586390396999946, 0.0 ], [ 110.498205257000052, -7.586388801999931, 0.0 ], [ 110.498195801000065, -7.586388763999935, 0.0 ], [ 110.498186469000075, -7.586390281999968, 0.0 ], [ 110.498177515000066, -7.586393315999942, 0.0 ], [ 110.498098675000051, -7.58645101999997, 0.0 ], [ 110.49808822600005, -7.586457258999928, 0.0 ], [ 110.498078942000063, -7.586462435999977, 0.0 ], [ 110.498057128000085, -7.586474599999974, 0.0 ], [ 110.498023856000088, -7.586487303999945, 0.0 ], [ 110.497989101000087, -7.586495106999962, 0.0 ], [ 110.497953582000036, -7.586497848999954, 0.0 ], [ 110.49791803800008, -7.586495470999978, 0.0 ], [ 110.497883204000061, -7.586488023999948, 0.0 ], [ 110.497855130000062, -7.586472072999925, 0.0 ], [ 110.497853425000073, -7.586471103999941, 0.0 ], [ 110.49784997900008, -7.586469146999946, 0.0 ], [ 110.497819270000036, -7.586446421999938, 0.0 ], [ 110.497760691000053, -7.58639517599994, 0.0 ], [ 110.497707069000057, -7.586338786999931, 0.0 ], [ 110.497658853000075, -7.586277729999949, 0.0 ], [ 110.497618841000076, -7.586218126999938, 0.0 ], [ 110.497577276000072, -7.586159592999934, 0.0 ], [ 110.497509237000088, -7.58606569899996, 0.0 ], [ 110.497444405000067, -7.585969571999954, 0.0 ], [ 110.497400593000066, -7.585883526999964, 0.0 ], [ 110.497362543000065, -7.58579479399998, 0.0 ], [ 110.497330420000083, -7.58570375599993, 0.0 ], [ 110.497304361000033, -7.585610809999935, 0.0 ], [ 110.497287223000058, -7.58554961699997, 0.0 ], [ 110.497268136000059, -7.585497584999928, 0.0 ], [ 110.497266550000063, -7.585493262999933, 0.0 ], [ 110.49724887800005, -7.585445088999961, 0.0 ], [ 110.497231156000055, -7.585392659999968, 0.0 ], [ 110.497218325000063, -7.585338829999955, 0.0 ], [ 110.497210498000072, -7.585284052999953, 0.0 ], [ 110.497207739000089, -7.585228790999963, 0.0 ], [ 110.497201342000039, -7.585198679999962, 0.0 ], [ 110.497197467000035, -7.585188563999964, 0.0 ], [ 110.497196661000089, -7.585186459999932, 0.0 ], [ 110.497190328000045, -7.585169926999981, 0.0 ], [ 110.497174966000046, -7.585143234999975, 0.0 ], [ 110.497155628000087, -7.585119253999949, 0.0 ], [ 110.497132786000066, -7.585098565999942, 0.0 ], [ 110.49710699700006, -7.585081675999959, 0.0 ], [ 110.497078888000033, -7.585068995999961, 0.0 ], [ 110.497037206000073, -7.585063557999945, 0.0 ], [ 110.496996989000081, -7.585051353999972, 0.0 ], [ 110.496943196000075, -7.58500864399997, 0.0 ], [ 110.496893458000045, -7.584961292999935, 0.0 ], [ 110.496848176000071, -7.584909682999978, 0.0 ], [ 110.496807715000045, -7.584854227999926, 0.0 ], [ 110.496772400000054, -7.584795376999978, 0.0 ], [ 110.496761570000047, -7.584785681999961, 0.0 ], [ 110.496749219000037, -7.584778005999965, 0.0 ], [ 110.496735722000039, -7.584772579999935, 0.0 ], [ 110.496721487000059, -7.584769568999945, 0.0 ], [ 110.496706946000074, -7.584769064999932, 0.0 ], [ 110.496692537000058, -7.584771082999964, 0.0 ], [ 110.496682026000087, -7.584774481999943, 0.0 ], [ 110.496680841000057, -7.584774864999929, 0.0 ], [ 110.496678695000071, -7.584775559999969, 0.0 ], [ 110.496665840000048, -7.584782361999942, 0.0 ], [ 110.496654361000083, -7.584791283999948, 0.0 ], [ 110.496588734000056, -7.584849038999948, 0.0 ], [ 110.496536238000033, -7.584895302999939, 0.0 ], [ 110.49638088100005, -7.585119998999971, 0.0 ], [ 110.496348288000036, -7.585161231999962, 0.0 ], [ 110.496310692000066, -7.585197981999954, 0.0 ], [ 110.49626870600008, -7.585229649999974, 0.0 ], [ 110.496223017000034, -7.585255716999939, 0.0 ], [ 110.496174370000062, -7.585275758999956, 0.0 ], [ 110.496123559000068, -7.585289447999969, 0.0 ], [ 110.496053278000034, -7.585303648999968, 0.0 ], [ 110.495996733000084, -7.585307710999928, 0.0 ], [ 110.495976562000067, -7.585307502999967, 0.0 ], [ 110.495956696000064, -7.585304005999944, 0.0 ], [ 110.495937673000071, -7.585297310999977, 0.0 ], [ 110.495920003000037, -7.585287599999958, 0.0 ], [ 110.495813964000035, -7.585217427999964, 0.0 ], [ 110.495800058000043, -7.585206623999966, 0.0 ], [ 110.495787953000047, -7.585193841999967, 0.0 ], [ 110.495689366000079, -7.585072482999976, 0.0 ], [ 110.495690282000055, -7.585071877999951, 0.0 ], [ 110.495691, -7.585071, 0.0 ], [ 110.49569514500007, -7.585068262999926, 0.0 ], [ 110.496158322000042, -7.584762416999979, 0.0 ], [ 110.496374, -7.58462, 0.0 ], [ 110.496953, -7.58392, 0.0 ], [ 110.497108891000039, -7.583750853999959, 0.0 ], [ 110.497908915000039, -7.583400206999954, 0.0 ], [ 110.497751870000059, -7.582964765999975, 0.0 ], [ 110.497491319000062, -7.582300894999946, 0.0 ], [ 110.497352379000063, -7.582150425999941, 0.0 ], [ 110.497141301000056, -7.581977796999979, 0.0 ], [ 110.49683484600007, -7.581869529999949, 0.0 ], [ 110.496524327000088, -7.58191949899998, 0.0 ], [ 110.496364407000044, -7.581893621999939, 0.0 ], [ 110.496524485000066, -7.581798950999939, 0.0 ], [ 110.496890327000074, -7.581566953999925, 0.0 ], [ 110.497652192000089, -7.581030193999936, 0.0 ], [ 110.497823486000073, -7.580909509999969, 0.0 ], [ 110.497831353000038, -7.580902644999981, 0.0 ], [ 110.497853393000071, -7.580883719999974, 0.0 ], [ 110.498087652000038, -7.580718776999959, 0.0 ], [ 110.498159017000035, -7.580668528999979, 0.0 ], [ 110.498278768000034, -7.580584211999962, 0.0 ], [ 110.498487328000067, -7.580436467999959, 0.0 ], [ 110.498594245000049, -7.580339524999943, 0.0 ], [ 110.498755563000088, -7.580289526999934, 0.0 ], [ 110.498786318000043, -7.580259948999981, 0.0 ], [ 110.49907698700008, -7.580080434999957, 0.0 ], [ 110.499186239000039, -7.580012962999945, 0.0 ], [ 110.499331215000041, -7.57988938799997, 0.0 ], [ 110.49948973100004, -7.579729593999957, 0.0 ], [ 110.499677710000071, -7.579621101999976, 0.0 ], [ 110.499797, -7.579182, 0.0 ], [ 110.499820999000065, -7.578605, 0.0 ], [ 110.499823, -7.576875, 0.0 ], [ 110.49979886400007, -7.576552147999962, 0.0 ], [ 110.499761498000055, -7.57655172699998, 0.0 ], [ 110.499569437000048, -7.576607414999955, 0.0 ], [ 110.499486312000045, -7.576629351999941, 0.0 ], [ 110.499340374000042, -7.576439476999951, 0.0 ], [ 110.499247749000062, -7.57622222699996, 0.0 ], [ 110.49929843700005, -7.57581885299993, 0.0 ], [ 110.499298687000078, -7.575705290999963, 0.0 ], [ 110.49925856200008, -7.57561635199994, 0.0 ], [ 110.499192624000045, -7.575583664999954, 0.0 ], [ 110.499019123000039, -7.575716414999931, 0.0 ], [ 110.498944812000047, -7.575754351999933, 0.0 ], [ 110.498794124000085, -7.57552235199995, 0.0 ], [ 110.498778513000047, -7.575510908999945, 0.0 ], [ 110.498756187000083, -7.575494539999966, 0.0 ], [ 110.498681937000072, -7.575444539999978, 0.0 ], [ 110.498664187000088, -7.575294915999962, 0.0 ], [ 110.498627749000036, -7.575122476999979, 0.0 ], [ 110.498625999000069, -7.575089476999949, 0.0 ], [ 110.498602749000042, -7.574894851999943, 0.0 ], [ 110.498539062000077, -7.574763476999976, 0.0 ], [ 110.498251499000048, -7.574581101999968, 0.0 ], [ 110.498047874000065, -7.574292414999945, 0.0 ], [ 110.498017312000059, -7.574233726999978, 0.0 ], [ 110.498016499000073, -7.574192976999939, 0.0 ], [ 110.498004499000047, -7.573961851999968, 0.0 ], [ 110.49800156200007, -7.573905289999971, 0.0 ], [ 110.497971874000086, -7.573694727999964, 0.0 ], [ 110.497968061000051, -7.573592914999949, 0.0 ], [ 110.497893937000072, -7.573034789999951, 0.0 ], [ 110.498564456000054, -7.572432972999934, 0.0 ], [ 110.499016554000036, -7.571933286999979, 0.0 ], [ 110.49953408600004, -7.571356266999942, 0.0 ], [ 110.500036812000076, -7.570770977999928, 0.0 ], [ 110.500072873000079, -7.57085972699997, 0.0 ], [ 110.500227937000034, -7.571241789999931, 0.0 ], [ 110.500292312000056, -7.571373102999928, 0.0 ], [ 110.500303562000056, -7.571394415999976, 0.0 ], [ 110.500380249000045, -7.571474851999938, 0.0 ], [ 110.500728062000064, -7.571792164999977, 0.0 ], [ 110.500883187000056, -7.571914101999937, 0.0 ], [ 110.500890312000081, -7.571919665999928, 0.0 ], [ 110.50101860400008, -7.571979728999963, 0.0 ], [ 110.501092562000053, -7.57201435199994, 0.0 ], [ 110.501232474000062, -7.572042323999938, 0.0 ], [ 110.50124499900005, -7.572044, 0.0 ], [ 110.501416, -7.572078, 0.0 ], [ 110.501504, -7.572095, 0.0 ], [ 110.501667, -7.572168, 0.0 ], [ 110.501913, -7.572458000999973, 0.0 ], [ 110.501977, -7.572534000999951, 0.0 ], [ 110.50204, -7.572579, 0.0 ], [ 110.502087, -7.57258, 0.0 ], [ 110.502258999000048, -7.572585, 0.0 ], [ 110.502369, -7.572586, 0.0 ], [ 110.502557, -7.572564, 0.0 ], [ 110.502604, -7.572559, 0.0 ], [ 110.502628999000081, -7.572554000999958, 0.0 ] ] ] ] } },
{ "type": "Feature", "properties": { "NAMOBJ": "Karanganyar", "FCODE": "BA03070040", "REMARK": null, "METADATA": "TASWIL1000020221227_DATA_BATAS_DESAKELURAHAN", "SRS_ID": "SRGI 2013", "KDBBPS": "3315", "KDCBPS": "3315020", "KDCPUM": "33.15.02", "KDEBPS": "3315020004", "KDEPUM": "33.15.02.2007", "KDPBPS": "33", "KDPKAB": "33.15", "KDPPUM": "33", "LUASWH": 0.0, "TIPADM": 1, "WADMKC": "Karangrayung", "WADMKD": "Karanganyar", "WADMKK": "Grobogan", "WADMPR": "Jawa Tengah", "WIADKC": null, "WIADKK": null, "WIADPR": null, "WIADKD": null, "UUPP": "Hasil Delineasi Batas Desa 2017", "luas": 6.2007476871457463, "SHAPE_Leng": 0.12244553966072801, "SHAPE_Area": 0.00050760823462799997 }, "geometry": { "type": "MultiPolygon", "coordinates": [ [ [ [ 110.785275, -7.145501, 0.0 ], [ 110.785928, -7.145851, 0.0 ], [ 110.787229, -7.146540000999948, 0.0 ], [ 110.788388, -7.146892000999969, 0.0 ], [ 110.789026, -7.147048000999973, 0.0 ], [ 110.789124332000085, -7.147098291999953, 0.0 ], [ 110.790119, -7.147607, 0.0 ], [ 110.791602001000058, -7.148439, 0.0 ], [ 110.792591, -7.149076000999969, 0.0 ], [ 110.793775, -7.150193, 0.0 ], [ 110.794451999000046, -7.150752001999933, 0.0 ], [ 110.794650792000084, -7.150857481999935, 0.0 ], [ 110.795285001000082, -7.151194, 0.0 ], [ 110.796283, -7.151782000999958, 0.0 ], [ 110.796261, -7.151805001999946, 0.0 ], [ 110.796074641000075, -7.152043825999954, 0.0 ], [ 110.795916254000076, -7.152246803999958, 0.0 ], [ 110.795722012000056, -7.152431154999931, 0.0 ], [ 110.795439682000051, -7.152799045999927, 0.0 ], [ 110.795156890000044, -7.153147966999938, 0.0 ], [ 110.794852447000039, -7.153426369999977, 0.0 ], [ 110.794567974000074, -7.15368037199994, 0.0 ], [ 110.794425, -7.153883, 0.0 ], [ 110.794312931000036, -7.154056674999936, 0.0 ], [ 110.794114023000077, -7.154364924999925, 0.0 ], [ 110.793848187000037, -7.154709489999959, 0.0 ], [ 110.793666753000082, -7.154992049999976, 0.0 ], [ 110.793372294000051, -7.15549471099996, 0.0 ], [ 110.793181937000043, -7.155839732999937, 0.0 ], [ 110.793054042000051, -7.156089576999932, 0.0 ], [ 110.792890453000041, -7.156479212999955, 0.0 ], [ 110.792688200000043, -7.156883720999929, 0.0 ], [ 110.792572793000033, -7.157084658999963, 0.0 ], [ 110.792307485000038, -7.157564842999932, 0.0 ], [ 110.791998156000034, -7.158192424999982, 0.0 ], [ 110.791879183000049, -7.158516626999926, 0.0 ], [ 110.791813747000049, -7.15875159899997, 0.0 ], [ 110.791685851000068, -7.159010363999926, 0.0 ], [ 110.791481181000051, -7.159426275999976, 0.0 ], [ 110.791397562000043, -7.159567911999943, 0.0 ], [ 110.791315431000044, -7.159707022999953, 0.0 ], [ 110.791141550000077, -7.159929430999966, 0.0 ], [ 110.790960116000065, -7.160197120999953, 0.0 ], [ 110.790769759000057, -7.160491577999949, 0.0 ], [ 110.790689452000038, -7.16064029599994, 0.0 ], [ 110.790591300000074, -7.160756294999942, 0.0 ], [ 110.790463403000047, -7.160919880999927, 0.0 ], [ 110.790270816000088, -7.161136263999936, 0.0 ], [ 110.790187535000086, -7.161249288999954, 0.0 ], [ 110.790062613000089, -7.161392055999954, 0.0 ], [ 110.789913897000076, -7.161511028999939, 0.0 ], [ 110.789812768000047, -7.161686018999944, 0.0 ], [ 110.789765180000074, -7.161781196999925, 0.0 ], [ 110.789705694000077, -7.161929912999938, 0.0 ], [ 110.789678925000089, -7.162084577999963, 0.0 ], [ 110.789622413000075, -7.162141090999967, 0.0 ], [ 110.7895, -7.162233, 0.0 ], [ 110.789072161000036, -7.162640777999968, 0.0 ], [ 110.788968060000059, -7.162700264999955, 0.0 ], [ 110.788831242000072, -7.162765698999976, 0.0 ], [ 110.788614116000076, -7.162872774999926, 0.0 ], [ 110.788429708000081, -7.162917390999951, 0.0 ], [ 110.788236377000089, -7.162970926999947, 0.0 ], [ 110.787900278000052, -7.163051234999955, 0.0 ], [ 110.787352001000045, -7.163154, 0.0 ], [ 110.78687, -7.163245, 0.0 ], [ 110.786755162000077, -7.163253487999953, 0.0 ], [ 110.78669270100005, -7.163318923999952, 0.0 ], [ 110.786642138000047, -7.163399230999971, 0.0 ], [ 110.78654993300006, -7.163488460999929, 0.0 ], [ 110.786481524000067, -7.163577689999954, 0.0 ], [ 110.786445832000084, -7.163666918999979, 0.0 ], [ 110.786410141000033, -7.163815635999981, 0.0 ], [ 110.786392294000052, -7.163931634999926, 0.0 ], [ 110.786350654000046, -7.164071428999932, 0.0 ], [ 110.786297116000071, -7.164181478999978, 0.0 ], [ 110.786193014000048, -7.164419423999959, 0.0 ], [ 110.786145425000086, -7.164538396999944, 0.0 ], [ 110.786160297000038, -7.164740651999978, 0.0 ], [ 110.786166245000061, -7.165103518999956, 0.0 ], [ 110.786161595000067, -7.165184570999941, 0.0 ], [ 110.786145425000086, -7.16546638799997, 0.0 ], [ 110.786142212000073, -7.165709298999957, 0.0 ], [ 110.786140039000088, -7.165873632999933, 0.0 ], [ 110.786211780000087, -7.165867857999956, 0.0 ], [ 110.786195873000054, -7.166086469999925, 0.0 ], [ 110.786164607000046, -7.166092180999954, 0.0 ], [ 110.786156777000087, -7.166277407999928, 0.0 ], [ 110.786153788000036, -7.166348109999944, 0.0 ], [ 110.786214433000055, -7.166352017999941, 0.0 ], [ 110.786211578000064, -7.166634697999939, 0.0 ], [ 110.786159090000069, -7.16663471399994, 0.0 ], [ 110.786155909000058, -7.166702155999928, 0.0 ], [ 110.786152360000074, -7.166777365999963, 0.0 ], [ 110.786210150000045, -7.166783175999967, 0.0 ], [ 110.786198728000045, -7.167041585999925, 0.0 ], [ 110.786139905000084, -7.167041421999954, 0.0 ], [ 110.786131542000078, -7.167041396999934, 0.0 ], [ 110.786122110000065, -7.167188636999981, 0.0 ], [ 110.786133412000083, -7.167190262999952, 0.0 ], [ 110.786202821000074, -7.167200247999972, 0.0 ], [ 110.786188544000083, -7.167300185999977, 0.0 ], [ 110.786168557000053, -7.167472934999978, 0.0 ], [ 110.786130390000039, -7.167545935999954, 0.0 ], [ 110.78612266600004, -7.167633714999965, 0.0 ], [ 110.786121510000044, -7.167646857999955, 0.0 ], [ 110.786118657000088, -7.167679285999952, 0.0 ], [ 110.786122697000053, -7.167735359999938, 0.0 ], [ 110.786129483000082, -7.167829549999965, 0.0 ], [ 110.786148519000051, -7.168105565999952, 0.0 ], [ 110.786188493000054, -7.168202647999976, 0.0 ], [ 110.786236086000088, -7.168277586999977, 0.0 ], [ 110.786242396000034, -7.168285124999954, 0.0 ], [ 110.786291286000051, -7.168343512999968, 0.0 ], [ 110.786395982000045, -7.168413944999941, 0.0 ], [ 110.786479740000061, -7.168471051999973, 0.0 ], [ 110.78655778600006, -7.168530061999945, 0.0 ], [ 110.786635831000069, -7.168577651999954, 0.0 ], [ 110.786707, -7.168576, 0.0 ], [ 110.786953041000061, -7.168599775999951, 0.0 ], [ 110.78709580900005, -7.16861167299993, 0.0 ], [ 110.787256423000088, -7.168674134999947, 0.0 ], [ 110.787422985000035, -7.16871279999998, 0.0 ], [ 110.787589547000039, -7.168834747999938, 0.0 ], [ 110.787744212000064, -7.169028078999929, 0.0 ], [ 110.787789267000051, -7.169136211999955, 0.0 ], [ 110.787833442000078, -7.169242229999952, 0.0 ], [ 110.78787137900008, -7.169357634999926, 0.0 ], [ 110.787893784000062, -7.169425783999941, 0.0 ], [ 110.787934569000072, -7.169578328999933, 0.0 ], [ 110.788008927000078, -7.169646739999962, 0.0 ], [ 110.788107164000053, -7.169687412999963, 0.0 ], [ 110.788217187000043, -7.169882585999972, 0.0 ], [ 110.788266080000085, -7.169969318999961, 0.0 ], [ 110.788355310000043, -7.17025485399995, 0.0 ], [ 110.788472832000082, -7.170441338999979, 0.0 ], [ 110.788546, -7.170702, 0.0 ], [ 110.788594389000082, -7.170965042999967, 0.0 ], [ 110.788662999000053, -7.171338, 0.0 ], [ 110.788728, -7.171559, 0.0 ], [ 110.789086994000058, -7.171541844999979, 0.0 ], [ 110.789329700000053, -7.171522808999953, 0.0 ], [ 110.78958668100006, -7.171503773999973, 0.0 ], [ 110.789705654000045, -7.171479978999969, 0.0 ], [ 110.789910288000044, -7.171470461999945, 0.0 ], [ 110.79015299200006, -7.17143238999995, 0.0 ], [ 110.790286284000047, -7.171332050999979, 0.0 ], [ 110.790261497000074, -7.171437149999974, 0.0 ], [ 110.790250989000072, -7.171518640999977, 0.0 ], [ 110.790254558000072, -7.171597162999944, 0.0 ], [ 110.790272404000063, -7.17168639199997, 0.0 ], [ 110.790272404000063, -7.171739929999944, 0.0 ], [ 110.790250989000072, -7.171797037999966, 0.0 ], [ 110.790272008000045, -7.171885274999966, 0.0 ], [ 110.790272007000056, -7.171956658999932, 0.0 ], [ 110.790272007000056, -7.172022094999932, 0.0 ], [ 110.790277956000068, -7.172069682999961, 0.0 ], [ 110.79029580200006, -7.172206501999938, 0.0 ], [ 110.790093548000073, -7.172616958999981, 0.0 ], [ 110.79002216400005, -7.172944134999966, 0.0 ], [ 110.789909139000088, -7.173455719999936, 0.0 ], [ 110.790186045000041, -7.173541884999963, 0.0 ], [ 110.790638143000081, -7.173575196999934, 0.0 ], [ 110.790480210000055, -7.17410412299995, 0.0 ], [ 110.790409714000077, -7.174390956999957, 0.0 ], [ 110.790390979000051, -7.174621655999943, 0.0 ], [ 110.790331494000043, -7.174966676999929, 0.0 ], [ 110.790313648000051, -7.175091598999927, 0.0 ], [ 110.790319597000064, -7.175180828999942, 0.0 ], [ 110.790414775000045, -7.175276006999979, 0.0 ], [ 110.790439458000037, -7.175380811999958, 0.0 ], [ 110.790391496000041, -7.175748527999929, 0.0 ], [ 110.790434326000081, -7.176048340999955, 0.0 ], [ 110.790291558000035, -7.17649567999996, 0.0 ], [ 110.790163067000037, -7.176505196999926, 0.0 ], [ 110.79009168400006, -7.17659085799994, 0.0 ], [ 110.789977470000053, -7.176605133999942, 0.0 ], [ 110.789841840000065, -7.17725472799998, 0.0 ], [ 110.789756179000051, -7.177304695999965, 0.0 ], [ 110.789642442000059, -7.177972848999957, 0.0 ], [ 110.788861978000057, -7.17790146599998, 0.0 ], [ 110.788624032000087, -7.178976981999938, 0.0 ], [ 110.787848328000052, -7.178934151999954, 0.0 ], [ 110.787781703000064, -7.179329141999972, 0.0 ], [ 110.787734114000045, -7.179405283999927, 0.0 ], [ 110.787643694000053, -7.17951949899998, 0.0 ], [ 110.787134488000049, -7.179490944999941, 0.0 ], [ 110.787063106000062, -7.179686060999927, 0.0 ], [ 110.787015516000054, -7.180038220999961, 0.0 ], [ 110.786901301000057, -7.180038220999961, 0.0 ], [ 110.78684895400005, -7.180399898999951, 0.0 ], [ 110.786001866000049, -7.180380862999925, 0.0 ], [ 110.785973312000067, -7.180480799999941, 0.0 ], [ 110.785640188000059, -7.180452246999948, 0.0 ], [ 110.785587840000062, -7.180633085999943, 0.0 ], [ 110.784617020000042, -7.180495077999979, 0.0 ], [ 110.783914382000034, -7.180329720999964, 0.0 ], [ 110.783829497000056, -7.180633898999929, 0.0 ], [ 110.784055546000047, -7.180675539999982, 0.0 ], [ 110.783984162000081, -7.181008665999968, 0.0 ], [ 110.783959806000041, -7.18124047699996, 0.0 ], [ 110.78358720600005, -7.18120417199998, 0.0 ], [ 110.782827506000046, -7.181090001999962, 0.0 ], [ 110.782430777000059, -7.18101907099998, 0.0 ], [ 110.782351614000049, -7.181087027999979, 0.0 ], [ 110.782223718000068, -7.181399331999955, 0.0 ], [ 110.781164858000068, -7.181027540999935, 0.0 ], [ 110.780465890000073, -7.180780671999969, 0.0 ], [ 110.780501584000035, -7.180319650999934, 0.0 ], [ 110.780135741000038, -7.18022149899997, 0.0 ], [ 110.779755027000078, -7.180102526999974, 0.0 ], [ 110.779505184000072, -7.180016269999953, 0.0 ], [ 110.779222623000067, -7.179950834999943, 0.0 ], [ 110.778898422000054, -7.179867553999941, 0.0 ], [ 110.778737808000074, -7.179822938999962, 0.0 ], [ 110.778556373000072, -7.179736682999931, 0.0 ], [ 110.778693193000038, -7.179412481999975, 0.0 ], [ 110.778374940000049, -7.179254843999956, 0.0 ], [ 110.778169712000079, -7.179242945999931, 0.0 ], [ 110.778026943000043, -7.179239971999948, 0.0 ], [ 110.777913918000081, -7.179219150999927, 0.0 ], [ 110.777791972000045, -7.179180484999961, 0.0 ], [ 110.777678948000073, -7.179103151999925, 0.0 ], [ 110.777616487000046, -7.179109100999938, 0.0 ], [ 110.777527257000088, -7.179079356999978, 0.0 ], [ 110.777435053000033, -7.179046640999957, 0.0 ], [ 110.777250645000038, -7.178990127999953, 0.0 ], [ 110.777084083000034, -7.178936590999967, 0.0 ], [ 110.776938340000072, -7.178853308999976, 0.0 ], [ 110.776866957000038, -7.178740283999957, 0.0 ], [ 110.776742035000041, -7.178734335999934, 0.0 ], [ 110.776640907000058, -7.17874325799994, 0.0 ], [ 110.776465422000058, -7.178737309999974, 0.0 ], [ 110.776281014000062, -7.17874325899993, 0.0 ], [ 110.77613229800005, -7.178695668999978, 0.0 ], [ 110.775912198000071, -7.178683771999943, 0.0 ], [ 110.775808096000048, -7.178618337999978, 0.0 ], [ 110.775757533000046, -7.178549926999949, 0.0 ], [ 110.775742661000038, -7.178466645999947, 0.0 ], [ 110.775623688000053, -7.178383364999945, 0.0 ], [ 110.775579074000063, -7.178291161999937, 0.0 ], [ 110.775599894000038, -7.178181111999947, 0.0 ], [ 110.775342, -7.178047, 0.0 ], [ 110.775506302000053, -7.177742044999945, 0.0 ], [ 110.775632414000086, -7.177506477999941, 0.0 ], [ 110.775734730000067, -7.177263772999936, 0.0 ], [ 110.775787079000054, -7.177142420999928, 0.0 ], [ 110.775844185000039, -7.177021067999931, 0.0 ], [ 110.775939364000067, -7.177037723999945, 0.0 ], [ 110.776193966000051, -7.177132901999926, 0.0 ], [ 110.776255832000061, -7.177149558999929, 0.0 ], [ 110.776317698000071, -7.177140040999973, 0.0 ], [ 110.776339113000063, -7.177123385999948, 0.0 ], [ 110.776379564000081, -7.177082933999941, 0.0 ], [ 110.776450948000047, -7.176892575999943, 0.0 ], [ 110.776826903000085, -7.177018687999976, 0.0 ], [ 110.776891148000061, -7.177037723999945, 0.0 ], [ 110.776943496000058, -7.177032964999967, 0.0 ], [ 110.776967291000062, -7.177009170999952, 0.0 ], [ 110.776983947000076, -7.17698775599996, 0.0 ], [ 110.77700774200008, -7.176956822999955, 0.0 ], [ 110.777017260000036, -7.176933027999951, 0.0 ], [ 110.777024398000037, -7.176916371999937, 0.0 ], [ 110.777079125000057, -7.176911612999959, 0.0 ], [ 110.77715051000007, -7.17694492499993, 0.0 ], [ 110.777293277000069, -7.176987754999971, 0.0 ], [ 110.777459362000059, -7.177032488999942, 0.0 ], [ 110.777530747000071, -7.177050335999979, 0.0 ], [ 110.777578336000033, -7.177086026999973, 0.0 ], [ 110.777619977000086, -7.177091974999939, 0.0 ], [ 110.777661617000035, -7.177074130999927, 0.0 ], [ 110.777685412000039, -7.177044386999967, 0.0 ], [ 110.777709207000044, -7.176984899999979, 0.0 ], [ 110.777738950000071, -7.176919464999969, 0.0 ], [ 110.777768693000041, -7.176865925999948, 0.0 ], [ 110.777786540000079, -7.176848081999935, 0.0 ], [ 110.777822231000073, -7.176812388999963, 0.0 ], [ 110.777869821000081, -7.176788593999959, 0.0 ], [ 110.778098249000038, -7.176845700999934, 0.0 ], [ 110.778191047000064, -7.176792163999949, 0.0 ], [ 110.778269570000077, -7.176667241999951, 0.0 ], [ 110.778326677000052, -7.176456660999975, 0.0 ], [ 110.778412337000077, -7.176238938999973, 0.0 ], [ 110.778859650000072, -7.176378821999947, 0.0 ], [ 110.778912024000078, -7.176306753999938, 0.0 ], [ 110.77893700900006, -7.176188969999941, 0.0 ], [ 110.778965563000042, -7.176089032999926, 0.0 ], [ 110.778976270000044, -7.176010510999959, 0.0 ], [ 110.778994116000035, -7.175917710999954, 0.0 ], [ 110.779016694000063, -7.175860593999971, 0.0 ], [ 110.779094053000051, -7.17568928399993, 0.0 ], [ 110.779172575000075, -7.175503685999956, 0.0 ], [ 110.779193990000067, -7.175428731999943, 0.0 ], [ 110.779249421000088, -7.175317657999926, 0.0 ], [ 110.77922968200005, -7.175225287999979, 0.0 ], [ 110.779222544000049, -7.175189595999939, 0.0 ], [ 110.779211836000059, -7.175146766999944, 0.0 ], [ 110.779201129000057, -7.175125350999963, 0.0 ], [ 110.779169006000075, -7.175082520999979, 0.0 ], [ 110.779131634000066, -7.175050621999958, 0.0 ], [ 110.779099273000043, -7.17499541799998, 0.0 ], [ 110.779110694000053, -7.174923081999964, 0.0 ], [ 110.779104984000071, -7.174852650999981, 0.0 ], [ 110.779115468000043, -7.174775570999941, 0.0 ], [ 110.779115468000043, -7.174718463999966, 0.0 ], [ 110.779136884000081, -7.174654217999944, 0.0 ], [ 110.779155489000061, -7.174617775999934, 0.0 ], [ 110.779189340000073, -7.174551472999951, 0.0 ], [ 110.77922968300004, -7.174318712999934, 0.0 ], [ 110.779268943000034, -7.174097423999967, 0.0 ], [ 110.779286790000072, -7.173993917999951, 0.0 ], [ 110.779279651000081, -7.173918963999938, 0.0 ], [ 110.779267599000036, -7.173801133999973, 0.0 ], [ 110.779265374000033, -7.17364770599994, 0.0 ], [ 110.779261805000033, -7.173608445999946, 0.0 ], [ 110.779240390000041, -7.173551336999935, 0.0 ], [ 110.779222544000049, -7.173522783999942, 0.0 ], [ 110.779208267000058, -7.173490661999949, 0.0 ], [ 110.779204697000068, -7.173454969999966, 0.0 ], [ 110.779208267000058, -7.173419278999972, 0.0 ], [ 110.77922611300005, -7.173376447999942, 0.0 ], [ 110.779233251000051, -7.17334789399996, 0.0 ], [ 110.779240390000041, -7.173330047999968, 0.0 ], [ 110.779251097000042, -7.173308632999976, 0.0 ], [ 110.779265374000033, -7.173247955999955, 0.0 ], [ 110.779268943000034, -7.173222971999962, 0.0 ], [ 110.779283220000082, -7.173176571999932, 0.0 ], [ 110.779293928000072, -7.173112326999956, 0.0 ], [ 110.779301066000073, -7.173073066999962, 0.0 ], [ 110.779304636000063, -7.17300881999995, 0.0 ], [ 110.779343896000057, -7.172933868999962, 0.0 ], [ 110.779372450000039, -7.172848206999959, 0.0 ], [ 110.779378399000052, -7.172622157999967, 0.0 ], [ 110.779397281000058, -7.172268760999941, 0.0 ], [ 110.779396244000054, -7.171890473999952, 0.0 ], [ 110.779402194000056, -7.171604937999973, 0.0 ], [ 110.779390296000088, -7.171253967999974, 0.0 ], [ 110.779394, -7.170944, 0.0 ], [ 110.779494992000082, -7.170926791999932, 0.0 ], [ 110.779547341000068, -7.170895858999927, 0.0 ], [ 110.779606827000066, -7.170862546999956, 0.0 ], [ 110.779633, -7.170838751999952, 0.0 ], [ 110.779659175000063, -7.170803059999969, 0.0 ], [ 110.779680590000055, -7.170767369999965, 0.0 ], [ 110.779690108000068, -7.17073643599997, 0.0 ], [ 110.779704385000059, -7.17066743099997, 0.0 ], [ 110.77971152300006, -7.170636497999965, 0.0 ], [ 110.779732939000041, -7.170491350999953, 0.0 ], [ 110.779728179000074, -7.170389034999971, 0.0 ], [ 110.779725800000051, -7.170350961999929, 0.0 ], [ 110.779728179000074, -7.170305751999933, 0.0 ], [ 110.779740076000053, -7.17023199099998, 0.0 ], [ 110.779732938000052, -7.170186780999927, 0.0 ], [ 110.779718661000061, -7.170151087999955, 0.0 ], [ 110.779704385000059, -7.17012729399994, 0.0 ], [ 110.779687728000056, -7.17009398099998, 0.0 ], [ 110.779652036000073, -7.170046390999971, 0.0 ], [ 110.779630621000081, -7.170008320999955, 0.0 ], [ 110.779633, -7.169967869999937, 0.0 ], [ 110.779637760000071, -7.169920279999928, 0.0 ], [ 110.779652036000073, -7.169867931999931, 0.0 ], [ 110.779652037000062, -7.169848896999952, 0.0 ], [ 110.779652037000062, -7.16982748099997, 0.0 ], [ 110.779652037000062, -7.169806065999978, 0.0 ], [ 110.77964965700005, -7.169789409999964, 0.0 ], [ 110.779644898000072, -7.169760855999925, 0.0 ], [ 110.779635381000048, -7.169734682999945, 0.0 ], [ 110.779635380000059, -7.169708509999964, 0.0 ], [ 110.779644898000072, -7.16964902199993, 0.0 ], [ 110.779692487000034, -7.169565740999928, 0.0 ], [ 110.779723421000085, -7.169489596999938, 0.0 ], [ 110.779754353000044, -7.169418214999951, 0.0 ], [ 110.779756733000056, -7.169351588999973, 0.0 ], [ 110.779759113000068, -7.169327793999969, 0.0 ], [ 110.779766251000069, -7.169301619999942, 0.0 ], [ 110.779766251000069, -7.169273067999939, 0.0 ], [ 110.779756733000056, -7.169251651999957, 0.0 ], [ 110.779740076000053, -7.169225476999941, 0.0 ], [ 110.779718661000061, -7.169182646999957, 0.0 ], [ 110.779704980000076, -7.169145171999958, 0.0 ], [ 110.779687134000085, -7.169121375999964, 0.0 ], [ 110.779663339000081, -7.169103529999973, 0.0 ], [ 110.779630621000081, -7.169088657999964, 0.0 ], [ 110.779577084000039, -7.16908568499997, 0.0 ], [ 110.779538417000083, -7.169094606999977, 0.0 ], [ 110.779508674000056, -7.169088657999964, 0.0 ], [ 110.779490828000064, -7.169079735999958, 0.0 ], [ 110.779452162000041, -7.169035120999979, 0.0 ], [ 110.779428368000083, -7.169002402999979, 0.0 ], [ 110.779401598000049, -7.168972659999952, 0.0 ], [ 110.779348061000064, -7.168957787999943, 0.0 ], [ 110.779315343000064, -7.168942917999971, 0.0 ], [ 110.779288574000077, -7.168936968999958, 0.0 ], [ 110.779267754000045, -7.168925070999933, 0.0 ], [ 110.779249908000054, -7.168916147999937, 0.0 ], [ 110.779229087000033, -7.168901275999929, 0.0 ], [ 110.779220165000083, -7.168877480999981, 0.0 ], [ 110.779220165000083, -7.168862608999973, 0.0 ], [ 110.779229087000033, -7.168823943999939, 0.0 ], [ 110.779246934000071, -7.168794199999979, 0.0 ], [ 110.779258829000071, -7.168764456999952, 0.0 ], [ 110.779279651000081, -7.168734714999971, 0.0 ], [ 110.779297497000073, -7.16871389399995, 0.0 ], [ 110.779330215000073, -7.168675226999937, 0.0 ], [ 110.779351035000047, -7.168642509999927, 0.0 ], [ 110.779362932000083, -7.168600868999931, 0.0 ], [ 110.779351035000047, -7.168544356999973, 0.0 ], [ 110.779365907000056, -7.168493792999925, 0.0 ], [ 110.779392676000043, -7.168467023999938, 0.0 ], [ 110.779437290000033, -7.168458100999942, 0.0 ], [ 110.779493802000047, -7.168459885999937, 0.0 ], [ 110.779558048000069, -7.168509854999968, 0.0 ], [ 110.779643709000084, -7.168509853999979, 0.0 ], [ 110.779722231000051, -7.168452746999947, 0.0 ], [ 110.779743646000043, -7.168359947999932, 0.0 ], [ 110.77970795400006, -7.168252872999972, 0.0 ], [ 110.779679400000077, -7.168210042999931, 0.0 ], [ 110.779622294000035, -7.168167211999958, 0.0 ], [ 110.779572325000061, -7.168160073999957, 0.0 ], [ 110.779493802000047, -7.168160072999967, 0.0 ], [ 110.779358173000048, -7.168202903999941, 0.0 ], [ 110.779265374000033, -7.168217180999932, 0.0 ], [ 110.779186852000066, -7.168174351999937, 0.0 ], [ 110.779122606000044, -7.168088689999934, 0.0 ], [ 110.779065499000069, -7.167974475999927, 0.0 ], [ 110.779036946000076, -7.167860261999977, 0.0 ], [ 110.778960421000079, -7.167725319999931, 0.0 ], [ 110.778918845000078, -7.167661854999949, 0.0 ], [ 110.778877204000082, -7.16761723999997, 0.0 ], [ 110.77885935900008, -7.167599393999978, 0.0 ], [ 110.77879392300008, -7.167557752999926, 0.0 ], [ 110.778740386000038, -7.167495291999955, 0.0 ], [ 110.778680899000051, -7.16740606299993, 0.0 ], [ 110.778657104000047, -7.16737334499993, 0.0 ], [ 110.778580167000086, -7.167218687999934, 0.0 ], [ 110.77855300300007, -7.167126475999964, 0.0 ], [ 110.778558952000083, -7.167052117999958, 0.0 ], [ 110.778564901000038, -7.167028322999954, 0.0 ], [ 110.778570849000062, -7.167001554999956, 0.0 ], [ 110.778594644000066, -7.166962886999954, 0.0 ], [ 110.778615463000051, -7.166921246999948, 0.0 ], [ 110.778636284000072, -7.166891504999967, 0.0 ], [ 110.778666028000089, -7.166855811999937, 0.0 ], [ 110.778689823000036, -7.166805248999935, 0.0 ], [ 110.778689823000036, -7.166760633999957, 0.0 ], [ 110.778686848000063, -7.16668627699994, 0.0 ], [ 110.778692797000076, -7.16658812299994, 0.0 ], [ 110.778695771000059, -7.166558379999969, 0.0 ], [ 110.778695771000059, -7.166534583999976, 0.0 ], [ 110.778698745000042, -7.166501866999965, 0.0 ], [ 110.778701720000072, -7.16647807399994, 0.0 ], [ 110.778707668000038, -7.166445354999951, 0.0 ], [ 110.778719566000063, -7.166394790999959, 0.0 ], [ 110.778749309000034, -7.166299612999978, 0.0 ], [ 110.77876120600007, -7.166272843999934, 0.0 ], [ 110.778773104000038, -7.166219306999949, 0.0 ], [ 110.778767155000082, -7.166210382999964, 0.0 ], [ 110.778713617000051, -7.166147922999926, 0.0 ], [ 110.778671977000045, -7.166079512999943, 0.0 ], [ 110.77864818200004, -7.166058692999968, 0.0 ], [ 110.778609516000074, -7.16603192499997, 0.0 ], [ 110.778550029000087, -7.165990282999928, 0.0 ], [ 110.778502440000068, -7.165948641999933, 0.0 ], [ 110.778469722000068, -7.165912950999939, 0.0 ], [ 110.778434031000074, -7.165886181999952, 0.0 ], [ 110.778401311000039, -7.165862386999947, 0.0 ], [ 110.778347775000043, -7.165853463999952, 0.0 ], [ 110.778303159000075, -7.165850489999968, 0.0 ], [ 110.778258545000085, -7.165829669999937, 0.0 ], [ 110.778151469000079, -7.165755310999941, 0.0 ], [ 110.778050342000085, -7.165689875999931, 0.0 ], [ 110.777993830000071, -7.165666080999927, 0.0 ], [ 110.777973010000039, -7.165645260999952, 0.0 ], [ 110.777955163000058, -7.16562741499996, 0.0 ], [ 110.77792839500006, -7.165603620999946, 0.0 ], [ 110.777889729000037, -7.165559004999977, 0.0 ], [ 110.777865934000033, -7.165535210999963, 0.0 ], [ 110.777845114000058, -7.165514391999977, 0.0 ], [ 110.777815371000088, -7.165484647999961, 0.0 ], [ 110.777749935000088, -7.165440032999925, 0.0 ], [ 110.77766665300004, -7.165413264999927, 0.0 ], [ 110.777568501000076, -7.165380545999938, 0.0 ], [ 110.777497118000042, -7.165341879999971, 0.0 ], [ 110.777476298000067, -7.165327007999963, 0.0 ], [ 110.777455476000057, -7.165309161999971, 0.0 ], [ 110.777425734000076, -7.165249674999927, 0.0 ], [ 110.777401939000072, -7.165216958999963, 0.0 ], [ 110.77738111900004, -7.165196138999931, 0.0 ], [ 110.777366247000089, -7.16517829299994, 0.0 ], [ 110.777346260000058, -7.165146169999957, 0.0 ], [ 110.77730580900004, -7.16511285699994, 0.0 ], [ 110.777270117000057, -7.16508668299997, 0.0 ], [ 110.777260599000044, -7.165062887999966, 0.0 ], [ 110.777248702000065, -7.165020058999971, 0.0 ], [ 110.777246322000053, -7.165001022999945, 0.0 ], [ 110.777260599000044, -7.164922499999932, 0.0 ], [ 110.777277255000058, -7.164846356999931, 0.0 ], [ 110.777270117000057, -7.16481304499996, 0.0 ], [ 110.777267737000045, -7.164784490999978, 0.0 ], [ 110.777265358000079, -7.164748798999938, 0.0 ], [ 110.777267737000045, -7.164679795999973, 0.0 ], [ 110.777286773000071, -7.164610790999973, 0.0 ], [ 110.777274875000046, -7.164577478999945, 0.0 ], [ 110.777258219000089, -7.164506093999933, 0.0 ], [ 110.777236805000086, -7.164453746999925, 0.0 ], [ 110.777220148000083, -7.164425192999943, 0.0 ], [ 110.777208251000047, -7.164408535999939, 0.0 ], [ 110.777170180000041, -7.164372843999956, 0.0 ], [ 110.777153524000084, -7.164372843999956, 0.0 ], [ 110.777110693000054, -7.164368084999978, 0.0 ], [ 110.777034550000053, -7.164375223999969, 0.0 ], [ 110.776908439000067, -7.164384741999982, 0.0 ], [ 110.776839435000056, -7.164399017999926, 0.0 ], [ 110.776763292000055, -7.164391879999926, 0.0 ], [ 110.776708563000057, -7.164387120999947, 0.0 ], [ 110.776653837000083, -7.16437760499997, 0.0 ], [ 110.776634801000057, -7.164365706999945, 0.0 ], [ 110.776603868000052, -7.164330013999972, 0.0 ], [ 110.776591971000073, -7.164291942999967, 0.0 ], [ 110.77657531400007, -7.164227696999944, 0.0 ], [ 110.776561038000068, -7.164118241999972, 0.0 ], [ 110.776568176000069, -7.164084929999945, 0.0 ], [ 110.776572935000047, -7.164049238999951, 0.0 ], [ 110.776577694000082, -7.164011165999966, 0.0 ], [ 110.77658245300006, -7.163975474999972, 0.0 ], [ 110.776591971000073, -7.163944540999978, 0.0 ], [ 110.776606247000075, -7.163880296999935, 0.0 ], [ 110.776627663000056, -7.16382318999996, 0.0 ], [ 110.776639560000035, -7.163794635999977, 0.0 ], [ 110.776687149000054, -7.163697077999927, 0.0 ], [ 110.776703806000057, -7.163651867999931, 0.0 ], [ 110.776722840000048, -7.163613796999925, 0.0 ], [ 110.776727600000072, -7.16356858599994, 0.0 ], [ 110.776729979000038, -7.163542412999959, 0.0 ], [ 110.776729979000038, -7.163518617999955, 0.0 ], [ 110.77672522000006, -7.163480546999949, 0.0 ], [ 110.77672522000006, -7.163442474999954, 0.0 ], [ 110.776727598000036, -7.16338774899998, 0.0 ], [ 110.776722841000037, -7.163361572999975, 0.0 ], [ 110.776708565000035, -7.16333063999997, 0.0 ], [ 110.776703805000068, -7.163311604999933, 0.0 ], [ 110.776687149000054, -7.163271153999972, 0.0 ], [ 110.776670492000051, -7.163244979999945, 0.0 ], [ 110.776646698000036, -7.16319501199996, 0.0 ], [ 110.776630042000079, -7.163161699999932, 0.0 ], [ 110.776615765000088, -7.163087935999954, 0.0 ], [ 110.776606247000075, -7.163023689999932, 0.0 ], [ 110.776599109000074, -7.16299513599995, 0.0 ], [ 110.776570556000081, -7.162961823999979, 0.0 ], [ 110.776534863000052, -7.16293326999994, 0.0 ], [ 110.776518207000038, -7.16290233899997, 0.0 ], [ 110.776515827000082, -7.162876162999964, 0.0 ], [ 110.77652058700005, -7.162788123999974, 0.0 ], [ 110.776515828000072, -7.162716738999961, 0.0 ], [ 110.776499172000058, -7.162654873999941, 0.0 ], [ 110.776465859000041, -7.162588249999942, 0.0 ], [ 110.776437305000059, -7.16252400299993, 0.0 ], [ 110.776415890000067, -7.162478792999934, 0.0 ], [ 110.776418269000033, -7.162419306999936, 0.0 ], [ 110.776427787000046, -7.16234792299997, 0.0 ], [ 110.776423029000057, -7.162302713999964, 0.0 ], [ 110.776418269000033, -7.162243226999976, 0.0 ], [ 110.776403994000077, -7.162159946999964, 0.0 ], [ 110.776387337000074, -7.162086181999939, 0.0 ], [ 110.776384957000062, -7.162048110999933, 0.0 ], [ 110.776373060000083, -7.162005280999949, 0.0 ], [ 110.776361162000057, -7.16195055299994, 0.0 ], [ 110.776354025000046, -7.161921998999958, 0.0 ], [ 110.776344506000044, -7.161893445999965, 0.0 ], [ 110.776334989000077, -7.161833958999978, 0.0 ], [ 110.776315953000051, -7.161788749999971, 0.0 ], [ 110.776294538000059, -7.161762576999934, 0.0 ], [ 110.776287399000068, -7.161745918999941, 0.0 ], [ 110.776277881000055, -7.161724504999938, 0.0 ], [ 110.776261224000052, -7.161705469999958, 0.0 ], [ 110.776239811000039, -7.161681673999965, 0.0 ], [ 110.77621363600008, -7.16165787999995, 0.0 ], [ 110.776201739000044, -7.161634084999946, 0.0 ], [ 110.776170806000039, -7.161593633999928, 0.0 ], [ 110.776156529000048, -7.161548424999978, 0.0 ], [ 110.776130355000078, -7.161486558999968, 0.0 ], [ 110.776106560000073, -7.161467522999942, 0.0 ], [ 110.77608990400006, -7.161462762999975, 0.0 ], [ 110.776056592000089, -7.161441348999972, 0.0 ], [ 110.776011382000036, -7.161424691999969, 0.0 ], [ 110.77594713600007, -7.161403277999966, 0.0 ], [ 110.775894788000073, -7.161393758999964, 0.0 ], [ 110.775878133000049, -7.161389000999975, 0.0 ], [ 110.775859096000033, -7.161374722999938, 0.0 ], [ 110.775835302000075, -7.161346170999934, 0.0 ], [ 110.775825784000062, -7.161329513999931, 0.0 ], [ 110.775799610000035, -7.161303339999961, 0.0 ], [ 110.775780574000066, -7.161279544999957, 0.0 ], [ 110.775740123000048, -7.161239095999974, 0.0 ], [ 110.775692534000086, -7.161191504999977, 0.0 ], [ 110.775659222000058, -7.161124879999932, 0.0 ], [ 110.775616391000085, -7.161043979999931, 0.0 ], [ 110.775566423000043, -7.160948799999971, 0.0 ], [ 110.775528351000048, -7.160856001999946, 0.0 ], [ 110.775504556000044, -7.16078461799998, 0.0 ], [ 110.775464106000072, -7.160729889999971, 0.0 ], [ 110.775409379000052, -7.160651366999957, 0.0 ], [ 110.775333236000051, -7.160558569999978, 0.0 ], [ 110.775238057000081, -7.160444353999935, 0.0 ], [ 110.775140499000088, -7.160308724999936, 0.0 ], [ 110.77510004800007, -7.160256377999929, 0.0 ], [ 110.774996183000042, -7.16011915699994, 0.0 ], [ 110.774901998000075, -7.159951864999925, 0.0 ], [ 110.774815743000033, -7.159847763999949, 0.0 ], [ 110.774771128000054, -7.159829917999957, 0.0 ], [ 110.774613488000057, -7.159731765999936, 0.0 ], [ 110.774458824000078, -7.159615766999934, 0.0 ], [ 110.774336876000064, -7.15952951099996, 0.0 ], [ 110.774167339000087, -7.159401614999979, 0.0 ], [ 110.774015649000035, -7.159270744999958, 0.0 ], [ 110.773938316000056, -7.159208283999931, 0.0 ], [ 110.773670627000058, -7.158973311999944, 0.0 ], [ 110.773560577000069, -7.158860286999925, 0.0 ], [ 110.773471347000054, -7.158750237999925, 0.0 ], [ 110.77338509100008, -7.158655058999955, 0.0 ], [ 110.773280990000046, -7.158598547999929, 0.0 ], [ 110.773132274000034, -7.158476599999972, 0.0 ], [ 110.772959001000061, -7.158356, 0.0 ], [ 110.772698, -7.158162, 0.0 ], [ 110.772051999000041, -7.157911000999945, 0.0 ], [ 110.771768843000075, -7.157812134999972, 0.0 ], [ 110.771611162000056, -7.157790456999976, 0.0 ], [ 110.771591, -7.157644, 0.0 ], [ 110.771588, -7.157547, 0.0 ], [ 110.771670005000033, -7.157048535999934, 0.0 ], [ 110.771625439000047, -7.156952886999932, 0.0 ], [ 110.77149154600005, -7.156877215999941, 0.0 ], [ 110.771380901000043, -7.156834384999968, 0.0 ], [ 110.771267999000088, -7.156822, 0.0 ], [ 110.771059128000047, -7.15676252999998, 0.0 ], [ 110.771045398000069, -7.156545279999932, 0.0 ], [ 110.77105253600007, -7.156409651999979, 0.0 ], [ 110.771098936000044, -7.156352543999958, 0.0 ], [ 110.771138196000038, -7.156266882999944, 0.0 ], [ 110.77119173400007, -7.156156238999927, 0.0 ], [ 110.771245272000044, -7.156034885999929, 0.0 ], [ 110.771270256000037, -7.155934947999981, 0.0 ], [ 110.771327364000058, -7.155835010999965, 0.0 ], [ 110.771384471000033, -7.155699381999966, 0.0 ], [ 110.771438007000086, -7.15559230599996, 0.0 ], [ 110.771452285000066, -7.155467384999952, 0.0 ], [ 110.771505823000041, -7.155363878999935, 0.0 ], [ 110.77149868500004, -7.155285355999979, 0.0 ], [ 110.771480838000059, -7.155217540999956, 0.0 ], [ 110.77149868500004, -7.155142587999933, 0.0 ], [ 110.771527238000033, -7.155060495999976, 0.0 ], [ 110.771555791000083, -7.154989112999942, 0.0 ], [ 110.771559361000072, -7.154810653999959, 0.0 ], [ 110.771555792000072, -7.154553671999963, 0.0 ], [ 110.77153437700008, -7.154246720999936, 0.0 ], [ 110.77153121200007, -7.154042330999971, 0.0 ], [ 110.771654836000039, -7.153094665999959, 0.0 ], [ 110.771804049000082, -7.151741222999931, 0.0 ], [ 110.771828, -7.150949, 0.0 ], [ 110.771868, -7.149508000999958, 0.0 ], [ 110.771999, -7.148079000999928, 0.0 ], [ 110.773339, -7.147859, 0.0 ], [ 110.774941, -7.147327, 0.0 ], [ 110.776113, -7.146834000999945, 0.0 ], [ 110.77761, -7.145886, 0.0 ], [ 110.778196, -7.145120000999952, 0.0 ], [ 110.778500276000045, -7.14464752899994, 0.0 ], [ 110.778601403000039, -7.144472044999929, 0.0 ], [ 110.778675762000034, -7.144403633999957, 0.0 ], [ 110.77877200100005, -7.144333, 0.0 ], [ 110.778808001000073, -7.144341, 0.0 ], [ 110.779358001000048, -7.144694, 0.0 ], [ 110.779847, -7.144900000999939, 0.0 ], [ 110.780533, -7.145060000999933, 0.0 ], [ 110.781624, -7.145089, 0.0 ], [ 110.781791, -7.145026, 0.0 ], [ 110.782377, -7.14479, 0.0 ], [ 110.782881, -7.144751, 0.0 ], [ 110.78309, -7.144697, 0.0 ], [ 110.78310699900004, -7.144719, 0.0 ], [ 110.783284, -7.144886998999937, 0.0 ], [ 110.78337, -7.144874, 0.0 ], [ 110.783570001000044, -7.144835, 0.0 ], [ 110.783712, -7.144839, 0.0 ], [ 110.78393, -7.144889, 0.0 ], [ 110.784462, -7.145098, 0.0 ], [ 110.784897001000047, -7.145332998999947, 0.0 ], [ 110.785275, -7.145501, 0.0 ] ] ] ] } },
{ "type": "Feature", "properties": { "NAMOBJ": "Sukorejo", "FCODE": "BA03070040", "REMARK": null, "METADATA": "TASWIL1000020221227_DATA_BATAS_DESAKELURAHAN", "SRS_ID": "SRGI 2013", "KDBBPS": "3310", "KDCBPS": "3310170", "KDCPUM": "33.10.15", "KDEBPS": "3310170016", "KDEPUM": "33.10.15.2013", "KDPBPS": "33", "KDPKAB": "33.10", "KDPPUM": "33", "LUASWH": 0.0, "TIPADM": 1, "WADMKC": "Wonosari", "WADMKD": "Sukorejo", "WADMKK": "Klaten", "WADMPR": "Jawa Tengah", "WIADKC": null, "WIADKK": null, "WIADPR": null, "WIADKD": null, "UUPP": "Ajudikasi 2015", "luas": 1.0955089785972489, "SHAPE_Leng": 0.060246855652509, "SHAPE_Area": 8.9768540423999996e-05 }, "geometry": { "type": "MultiPolygon", "coordinates": [ [ [ [ 110.728496007000047, -7.600781420999965, 0.0 ], [ 110.728462137000065, -7.600805640999965, 0.0 ], [ 110.727705485000058, -7.601346709999973, 0.0 ], [ 110.727624004000063, -7.601404976999959, 0.0 ], [ 110.727563068000052, -7.601448550999976, 0.0 ], [ 110.727185666000082, -7.60171842099993, 0.0 ], [ 110.727128805000063, -7.601759081999944, 0.0 ], [ 110.726896155000077, -7.601925444999949, 0.0 ], [ 110.726258958000074, -7.602356353999937, 0.0 ], [ 110.726196636000054, -7.602398499999936, 0.0 ], [ 110.725760912000055, -7.602693159999944, 0.0 ], [ 110.725733043000048, -7.60271200699998, 0.0 ], [ 110.725725104000048, -7.60271737599993, 0.0 ], [ 110.725725370000077, -7.60271761499996, 0.0 ], [ 110.72577315500007, -7.602760459999956, 0.0 ], [ 110.725814808000052, -7.602797807999934, 0.0 ], [ 110.725821494000058, -7.602803801999926, 0.0 ], [ 110.726006907000055, -7.602970050999943, 0.0 ], [ 110.72603328200006, -7.602985622999938, 0.0 ], [ 110.726087860000064, -7.602973092999946, 0.0 ], [ 110.726099394000073, -7.602962083999955, 0.0 ], [ 110.726211622000051, -7.602854966999928, 0.0 ], [ 110.726230068000064, -7.602837360999956, 0.0 ], [ 110.726238006000074, -7.60284056699993, 0.0 ], [ 110.726305692000039, -7.602867898999932, 0.0 ], [ 110.726335967000068, -7.602880126999935, 0.0 ], [ 110.726651526000069, -7.603007551999951, 0.0 ], [ 110.726847565000071, -7.603089193999949, 0.0 ], [ 110.727455551000048, -7.603401881999957, 0.0 ], [ 110.727694375000056, -7.603535578999981, 0.0 ], [ 110.728090861000055, -7.603846865999969, 0.0 ], [ 110.728426569000078, -7.604110434999939, 0.0 ], [ 110.729099980000058, -7.604633752999973, 0.0 ], [ 110.729226457000038, -7.604732039999931, 0.0 ], [ 110.729417836000039, -7.604880762999926, 0.0 ], [ 110.729755926000053, -7.605143494999936, 0.0 ], [ 110.729790779000041, -7.605170581999971, 0.0 ], [ 110.729830370000059, -7.605201348999969, 0.0 ], [ 110.730218161000039, -7.605502701999967, 0.0 ], [ 110.730250501000057, -7.605527833999929, 0.0 ], [ 110.730454898000062, -7.605686671999933, 0.0 ], [ 110.730755515000055, -7.605920284999968, 0.0 ], [ 110.730755180000074, -7.605920714999968, 0.0 ], [ 110.730738661000089, -7.605941885999925, 0.0 ], [ 110.730739060000076, -7.605942184999947, 0.0 ], [ 110.730736941000089, -7.605945056999929, 0.0 ], [ 110.730611649000082, -7.60611489799993, 0.0 ], [ 110.730542855000067, -7.606208150999976, 0.0 ], [ 110.730524226000057, -7.606233406999934, 0.0 ], [ 110.730495445000088, -7.606272420999971, 0.0 ], [ 110.730525931000045, -7.606305463999945, 0.0 ], [ 110.730529248000039, -7.606309058999955, 0.0 ], [ 110.730579436000085, -7.606363456999929, 0.0 ], [ 110.730698308000058, -7.606531065999945, 0.0 ], [ 110.730705604000036, -7.606570866999959, 0.0 ], [ 110.730721735000088, -7.60665884399998, 0.0 ], [ 110.730734643000062, -7.606729254999948, 0.0 ], [ 110.730732553000053, -7.60679726099994, 0.0 ], [ 110.730730716000039, -7.606857006999974, 0.0 ], [ 110.730729258000054, -7.606904441999973, 0.0 ], [ 110.730683473000056, -7.607044892999966, 0.0 ], [ 110.730675905000055, -7.607068113999958, 0.0 ], [ 110.730626932000064, -7.607131265999953, 0.0 ], [ 110.730590734000089, -7.607202890999929, 0.0 ], [ 110.730565803000047, -7.607252213999971, 0.0 ], [ 110.730523180000034, -7.607336549999957, 0.0 ], [ 110.730440981000072, -7.607433818999937, 0.0 ], [ 110.730403497000054, -7.607478173999937, 0.0 ], [ 110.730401242000084, -7.607480843999952, 0.0 ], [ 110.730398800000046, -7.60748373399997, 0.0 ], [ 110.73038491300008, -7.607500166999955, 0.0 ], [ 110.730371254000033, -7.607508258999928, 0.0 ], [ 110.730366940000067, -7.607510813999966, 0.0 ], [ 110.730331642000067, -7.607531725999934, 0.0 ], [ 110.730265405000068, -7.607718548999969, 0.0 ], [ 110.730183935000071, -7.607948335999936, 0.0 ], [ 110.730181047000087, -7.607956477999949, 0.0 ], [ 110.730089350000071, -7.608215110999936, 0.0 ], [ 110.730059150000045, -7.608300291999967, 0.0 ], [ 110.730303182000057, -7.608386012999972, 0.0 ], [ 110.730490349000036, -7.608451757999944, 0.0 ], [ 110.730531105000068, -7.608466072999931, 0.0 ], [ 110.730606800000089, -7.608492660999957, 0.0 ], [ 110.730769010000074, -7.608549638999932, 0.0 ], [ 110.73077267900004, -7.608580471999971, 0.0 ], [ 110.730776292000087, -7.60861080899997, 0.0 ], [ 110.730778490000034, -7.608629279999946, 0.0 ], [ 110.730788099000051, -7.608710004999978, 0.0 ], [ 110.730769313000053, -7.608734074999973, 0.0 ], [ 110.730737685000065, -7.608774592999964, 0.0 ], [ 110.730735843000048, -7.608849837999969, 0.0 ], [ 110.730734079000058, -7.608921883999926, 0.0 ], [ 110.730732906000071, -7.608969798999965, 0.0 ], [ 110.730730463000043, -7.609069542999976, 0.0 ], [ 110.730730301000051, -7.609076147999929, 0.0 ], [ 110.730735535000065, -7.609121296999945, 0.0 ], [ 110.730743389000054, -7.609189058999959, 0.0 ], [ 110.730744537000078, -7.609198953999964, 0.0 ], [ 110.73075416100005, -7.609281987999964, 0.0 ], [ 110.730750395000086, -7.609306086999936, 0.0 ], [ 110.730743233000055, -7.609351919999938, 0.0 ], [ 110.73072877900006, -7.609444426999971, 0.0 ], [ 110.730701106000083, -7.609621527999934, 0.0 ], [ 110.730694016000086, -7.609666902999948, 0.0 ], [ 110.730693741000039, -7.609668661999933, 0.0 ], [ 110.730685176000065, -7.609723477999978, 0.0 ], [ 110.730684514000075, -7.60976749799994, 0.0 ], [ 110.730683932000034, -7.609806183999979, 0.0 ], [ 110.730683591000059, -7.609828920999973, 0.0 ], [ 110.730683571000043, -7.609830236999926, 0.0 ], [ 110.730683451000061, -7.609838245999981, 0.0 ], [ 110.730683330000033, -7.609846253999933, 0.0 ], [ 110.730683210000052, -7.609854264999967, 0.0 ], [ 110.730683089000081, -7.60986227199993, 0.0 ], [ 110.730682969000043, -7.609870281999974, 0.0 ], [ 110.730682848000072, -7.609878289999926, 0.0 ], [ 110.730682728000033, -7.609886298999982, 0.0 ], [ 110.730682608000052, -7.60989430799998, 0.0 ], [ 110.730682142000035, -7.609902600999931, 0.0 ], [ 110.730682060000049, -7.609904097999959, 0.0 ], [ 110.73064495400007, -7.609919444999946, 0.0 ], [ 110.730606857000055, -7.609932149999963, 0.0 ], [ 110.730601748000083, -7.609933459999979, 0.0 ], [ 110.730601105000062, -7.609933583999975, 0.0 ], [ 110.730594024000084, -7.609935397999948, 0.0 ], [ 110.730591163000042, -7.609935948999976, 0.0 ], [ 110.73058625300007, -7.609937205999927, 0.0 ], [ 110.730581185000062, -7.609938179999972, 0.0 ], [ 110.730578467000043, -7.609938875999944, 0.0 ], [ 110.730571174000033, -7.609940277999954, 0.0 ], [ 110.730570653000086, -7.609940409999979, 0.0 ], [ 110.730562826000039, -7.609941912999943, 0.0 ], [ 110.730561117000036, -7.609942136999962, 0.0 ], [ 110.73055499600008, -7.609943308999959, 0.0 ], [ 110.730551014000071, -7.609943828999974, 0.0 ], [ 110.730547150000064, -7.609944568999936, 0.0 ], [ 110.730540893000068, -7.609945383999957, 0.0 ], [ 110.730539264000072, -7.609945694999965, 0.0 ], [ 110.730531386000052, -7.609946719999925, 0.0 ], [ 110.730530739000073, -7.60994676599995, 0.0 ], [ 110.730523507000044, -7.609947704999968, 0.0 ], [ 110.730520553000076, -7.609947911999939, 0.0 ], [ 110.730515602000082, -7.60994855399997, 0.0 ], [ 110.730510349000042, -7.609948921999944, 0.0 ], [ 110.730507696000075, -7.609949264999955, 0.0 ], [ 110.730500130000053, -7.609949793999931, 0.0 ], [ 110.730499781000049, -7.609949838999967, 0.0 ], [ 110.73049185900004, -7.609950390999927, 0.0 ], [ 110.730469361000075, -7.609951193999962, 0.0 ], [ 110.730468091000034, -7.609951283999976, 0.0 ], [ 110.730460164000078, -7.609951366999951, 0.0 ], [ 110.730459094000082, -7.609951315999979, 0.0 ], [ 110.730452245000038, -7.609951387999956, 0.0 ], [ 110.730448826000043, -7.609951223999929, 0.0 ], [ 110.73044432100005, -7.609951269999954, 0.0 ], [ 110.730438539000033, -7.609950993999973, 0.0 ], [ 110.730436411000085, -7.609951015999968, 0.0 ], [ 110.730428499000084, -7.609950635999951, 0.0 ], [ 110.730428276000055, -7.609950612999967, 0.0 ], [ 110.730420592000087, -7.609950242999957, 0.0 ], [ 110.730418007000083, -7.609949969999946, 0.0 ], [ 110.73041270300007, -7.609949711999946, 0.0 ], [ 110.730407751000087, -7.609949185999938, 0.0 ], [ 110.730404819000057, -7.609949043999961, 0.0 ], [ 110.730397509000056, -7.609948265999947, 0.0 ], [ 110.730396949000067, -7.609948238999948, 0.0 ], [ 110.730389081000055, -7.609947401999932, 0.0 ], [ 110.73038727900007, -7.609947102999968, 0.0 ], [ 110.730381236000085, -7.609946459999946, 0.0 ], [ 110.730377065000084, -7.609945771999946, 0.0 ], [ 110.730373410000084, -7.609945379999942, 0.0 ], [ 110.730366890000084, -7.609944303999953, 0.0 ], [ 110.730365591000066, -7.609944164999945, 0.0 ], [ 110.73035780500004, -7.60994287799997, 0.0 ], [ 110.730356723000057, -7.609942635999971, 0.0 ], [ 110.730350010000052, -7.609941523999964, 0.0 ], [ 110.73034659700005, -7.609940757999937, 0.0 ], [ 110.730342266000036, -7.60994003899998, 0.0 ], [ 110.730336497000053, -7.60993874299993, 0.0 ], [ 110.730334522000078, -7.609938414999931, 0.0 ], [ 110.730326828000045, -7.60993668499998, 0.0 ], [ 110.730326434000062, -7.609936571999981, 0.0 ], [ 110.730319124000061, -7.609934926999927, 0.0 ], [ 110.730316412000036, -7.609934150999948, 0.0 ], [ 110.730311456000038, -7.609933034999926, 0.0 ], [ 110.730306434000056, -7.609931598999935, 0.0 ], [ 110.730303832000061, -7.609931013999926, 0.0 ], [ 110.730296492000036, -7.609928914999955, 0.0 ], [ 110.730296235000083, -7.609928854999964, 0.0 ], [ 110.730288655000038, -7.609926686999927, 0.0 ], [ 110.730286612000043, -7.609925975999943, 0.0 ], [ 110.730281090000062, -7.60992439499995, 0.0 ], [ 110.730276782000033, -7.60992289099994, 0.0 ], [ 110.730273589000035, -7.609921975999953, 0.0 ], [ 110.73026698700005, -7.609919672999979, 0.0 ], [ 110.730266111000049, -7.609919421999962, 0.0 ], [ 110.730258672000048, -7.609916824999971, 0.0 ], [ 110.730257276000088, -7.609916246999944, 0.0 ], [ 110.73025124600008, -7.60991414199998, 0.0 ], [ 110.730247620000057, -7.609912640999937, 0.0 ], [ 110.730243869000049, -7.609911327999953, 0.0 ], [ 110.730238012000086, -7.609908902999962, 0.0 ], [ 110.730236554000044, -7.609908391999966, 0.0 ], [ 110.730229265000048, -7.609905370999968, 0.0 ], [ 110.73022848800008, -7.609904996999944, 0.0 ], [ 110.730221996000068, -7.609902305999981, 0.0 ], [ 110.73021903700004, -7.609900876999973, 0.0 ], [ 110.73021478000004, -7.609899108999969, 0.0 ], [ 110.730209646000048, -7.609896628999934, 0.0 ], [ 110.730207620000044, -7.60989578799996, 0.0 ], [ 110.73020051900005, -7.609892356999978, 0.0 ], [ 110.73020032800008, -7.609892251999952, 0.0 ], [ 110.730193417000066, -7.609888909999938, 0.0 ], [ 110.730191521000052, -7.609887857999979, 0.0 ], [ 110.730191117000061, -7.609887632999971, 0.0 ], [ 110.730186384000035, -7.609885343999963, 0.0 ], [ 110.730181971000036, -7.609882893999952, 0.0 ], [ 110.730179407000037, -7.609881652999945, 0.0 ], [ 110.730172896000056, -7.609878032999973, 0.0 ], [ 110.730172495000033, -7.609877838999978, 0.0 ], [ 110.730165599000088, -7.609874002999959, 0.0 ], [ 110.730163940000068, -7.609872952999979, 0.0 ], [ 110.730158751000033, -7.609870067999964, 0.0 ], [ 110.730155064000087, -7.609867729999962, 0.0 ], [ 110.730151980000073, -7.609866013999977, 0.0 ], [ 110.730146263000051, -7.609862393999947, 0.0 ], [ 110.73014528300007, -7.609861845999944, 0.0 ], [ 110.730138608000061, -7.609857615999942, 0.0 ], [ 110.730137576000061, -7.609856873999945, 0.0 ], [ 110.730131980000067, -7.609853326999939, 0.0 ], [ 110.730129007000073, -7.60985119299994, 0.0 ], [ 110.730125427000075, -7.609848922999959, 0.0 ], [ 110.730120500000055, -7.60984538699995, 0.0 ], [ 110.730118945000072, -7.60984439899994, 0.0 ], [ 110.730112531000088, -7.609839794999971, 0.0 ], [ 110.730112107000082, -7.609839450999971, 0.0 ], [ 110.730106128000045, -7.609835157999953, 0.0 ], [ 110.73010385300006, -7.609833314999946, 0.0 ], [ 110.73009980900008, -7.609830409999972, 0.0 ], [ 110.730095688000063, -7.609827074999941, 0.0 ], [ 110.730093575000069, -7.609825555999976, 0.0 ], [ 110.730087610000055, -7.609820723999974, 0.0 ], [ 110.730087425000079, -7.609820590999959, 0.0 ], [ 110.730081277000068, -7.609815608999952, 0.0 ], [ 110.730079697000065, -7.609814171999972, 0.0 ], [ 110.730075209000063, -7.609810532999973, 0.0 ], [ 110.730071880000082, -7.609807499999931, 0.0 ], [ 110.730069233000052, -7.609805354999935, 0.0 ], [ 110.730064162000076, -7.60980073199994, 0.0 ], [ 110.73006334300004, -7.609800066999981, 0.0 ], [ 110.730057498000065, -7.60979473499998, 0.0 ], [ 110.730056588000082, -7.609793803999935, 0.0 ], [ 110.730051697000079, -7.609789341999942, 0.0 ], [ 110.730049156000064, -7.609786735999933, 0.0 ], [ 110.730045997000047, -7.609783852999954, 0.0 ], [ 110.730041816000039, -7.60977956399995, 0.0 ], [ 110.730040384000063, -7.609778257999949, 0.0 ], [ 110.730034852000074, -7.609772577999934, 0.0 ], [ 110.730034596000053, -7.609772282999927, 0.0 ], [ 110.730029902000069, -7.609767463999958, 0.0 ], [ 110.73002772600006, -7.609764674999951, 0.0 ], [ 110.730025567000041, -7.609762223999951, 0.0 ], [ 110.730021215000079, -7.609756738999977, 0.0 ], [ 110.730020718000048, -7.609756184999981, 0.0 ], [ 110.730016138000053, -7.609750512999938, 0.0 ], [ 110.730014828000037, -7.609748727999943, 0.0 ], [ 110.730011871000045, -7.609745172999965, 0.0 ], [ 110.730008484000052, -7.60974069699995, 0.0 ], [ 110.73000767700006, -7.609739757999932, 0.0 ], [ 110.730003476000036, -7.609734370999945, 0.0 ], [ 110.730002235000086, -7.609732614999928, 0.0 ], [ 110.730000909000069, -7.609730964999926, 0.0 ], [ 110.729998123000087, -7.609727415999942, 0.0 ], [ 110.729996063000044, -7.60972450099996, 0.0 ], [ 110.729994812000086, -7.609722945999977, 0.0 ], [ 110.729993720000039, -7.609721585999978, 0.0 ], [ 110.729989940000053, -7.60971636499994, 0.0 ], [ 110.729989389000082, -7.609715695999967, 0.0 ], [ 110.729985041000077, -7.609709835999979, 0.0 ], [ 110.729983921000041, -7.609708155999954, 0.0 ], [ 110.729980901000033, -7.609704180999927, 0.0 ], [ 110.729978011000071, -7.609699864999925, 0.0 ], [ 110.729975917000047, -7.609697125999958, 0.0 ], [ 110.729972171000043, -7.609691553999937, 0.0 ], [ 110.729970997000066, -7.609690026999942, 0.0 ], [ 110.729966386000058, -7.609683205999943, 0.0 ], [ 110.729966136000087, -7.609682883999938, 0.0 ], [ 110.729961289000073, -7.609675748999962, 0.0 ], [ 110.729960710000057, -7.609674772999938, 0.0 ], [ 110.729956472000083, -7.60966856999994, 0.0 ], [ 110.729955115000053, -7.609666296999933, 0.0 ], [ 110.729924594000067, -7.609611868999934, 0.0 ], [ 110.729920983000056, -7.609604183999977, 0.0 ], [ 110.729920904000039, -7.609603984999978, 0.0 ], [ 110.729917360000059, -7.609596504999956, 0.0 ], [ 110.729917115000035, -7.609595897999952, 0.0 ], [ 110.729913737000061, -7.609588827999971, 0.0 ], [ 110.729913323000062, -7.609587803999943, 0.0 ], [ 110.729910117000088, -7.609581144999936, 0.0 ], [ 110.729909530000043, -7.609579710999981, 0.0 ], [ 110.729906498000048, -7.609573463999936, 0.0 ], [ 110.72990573900006, -7.609571622999965, 0.0 ], [ 110.729902879000065, -7.609565782999937, 0.0 ], [ 110.729901945000051, -7.609563536999929, 0.0 ], [ 110.72989926200006, -7.609558102999927, 0.0 ], [ 110.729898148000075, -7.609555445999945, 0.0 ], [ 110.729895648000081, -7.609550424999952, 0.0 ], [ 110.729894348000073, -7.609547350999947, 0.0 ], [ 110.729892033000056, -7.60954273599998, 0.0 ], [ 110.729890555000054, -7.609539273999928, 0.0 ], [ 110.729888420000066, -7.609535052999945, 0.0 ], [ 110.729886751000038, -7.609531183999934, 0.0 ], [ 110.729884809000055, -7.609527368999977, 0.0 ], [ 110.729882951000036, -7.609523095999975, 0.0 ], [ 110.729881086000034, -7.609519464999948, 0.0 ], [ 110.72987915200008, -7.609515012999964, 0.0 ], [ 110.729877262000059, -7.609511331999954, 0.0 ], [ 110.729875353000068, -7.609506928999963, 0.0 ], [ 110.729873441000052, -7.609503202999974, 0.0 ], [ 110.729871551000087, -7.609498838999968, 0.0 ], [ 110.729869617000077, -7.609495066999955, 0.0 ], [ 110.729867750000039, -7.609490750999953, 0.0 ], [ 110.72986579500008, -7.609486937999975, 0.0 ], [ 110.729863951000084, -7.609482666999952, 0.0 ], [ 110.729861974000073, -7.609478806999959, 0.0 ], [ 110.729860150000036, -7.609474581999962, 0.0 ], [ 110.729858154000055, -7.609470678999969, 0.0 ], [ 110.72985635200007, -7.609466497999961, 0.0 ], [ 110.72985433000008, -7.60946254299995, 0.0 ], [ 110.729852548000054, -7.609458401999973, 0.0 ], [ 110.729850508000084, -7.609454408999966, 0.0 ], [ 110.729848752000066, -7.609450323999965, 0.0 ], [ 110.729846686000087, -7.609446279999929, 0.0 ], [ 110.729844950000086, -7.609442236999939, 0.0 ], [ 110.72984286500008, -7.609438146999935, 0.0 ], [ 110.729841148000048, -7.609434145999955, 0.0 ], [ 110.729839041000048, -7.609430012999951, 0.0 ], [ 110.729837349000036, -7.609426062999944, 0.0 ], [ 110.729835219000051, -7.609421883999971, 0.0 ], [ 110.72983355000008, -7.609417979999932, 0.0 ], [ 110.729831397000055, -7.609413751999966, 0.0 ], [ 110.729829748000043, -7.609409891999974, 0.0 ], [ 110.729827575000058, -7.609405617999926, 0.0 ], [ 110.729825945000073, -7.609401799999944, 0.0 ], [ 110.729823754000051, -7.609397488999946, 0.0 ], [ 110.729822149000086, -7.609393720999947, 0.0 ], [ 110.729819931000065, -7.609389355999951, 0.0 ], [ 110.729818345000069, -7.609385631999942, 0.0 ], [ 110.729816112000037, -7.609381230999929, 0.0 ], [ 110.729814548000036, -7.609377547999941, 0.0 ], [ 110.729812289000051, -7.609373092999931, 0.0 ], [ 110.729810743000087, -7.609369454999978, 0.0 ], [ 110.729808465000076, -7.609364958999947, 0.0 ], [ 110.729806947000043, -7.609361375999981, 0.0 ], [ 110.729804645000058, -7.609356829999967, 0.0 ], [ 110.729803144000073, -7.609353286999976, 0.0 ], [ 110.729800822000072, -7.609348694999937, 0.0 ], [ 110.729799342000035, -7.609345195999936, 0.0 ], [ 110.729797001000065, -7.609340566999947, 0.0 ], [ 110.729795545000059, -7.609337118999974, 0.0 ], [ 110.729793180000058, -7.609332433999953, 0.0 ], [ 110.729791743000078, -7.60932902899998, 0.0 ], [ 110.729789356000083, -7.609324299999969, 0.0 ], [ 110.729787944000066, -7.609320944999979, 0.0 ], [ 110.729785535000076, -7.609316171999978, 0.0 ], [ 110.72978413900006, -7.60931285199996, 0.0 ], [ 110.729781712000033, -7.609308037999938, 0.0 ], [ 110.729780342000083, -7.609304772999963, 0.0 ], [ 110.729777891000083, -7.609299904999943, 0.0 ], [ 110.729776540000046, -7.609296683999958, 0.0 ], [ 110.729774070000076, -7.609291775999964, 0.0 ], [ 110.729772741000033, -7.609288601999936, 0.0 ], [ 110.729770251000048, -7.609283646999927, 0.0 ], [ 110.729768937000074, -7.609280506999937, 0.0 ], [ 110.729766428000062, -7.609275510999964, 0.0 ], [ 110.729765139000051, -7.609272426999951, 0.0 ], [ 110.729762605000076, -7.609267379999949, 0.0 ], [ 110.729761339000049, -7.609264343999939, 0.0 ], [ 110.729758782000033, -7.609259243999929, 0.0 ], [ 110.729757537000069, -7.609256253999945, 0.0 ], [ 110.729754962000072, -7.60925111499995, 0.0 ], [ 110.729753735000088, -7.609248166999976, 0.0 ], [ 110.729751139000086, -7.609242980999966, 0.0 ], [ 110.729749936000076, -7.609240082999975, 0.0 ], [ 110.729747320000058, -7.60923485099994, 0.0 ], [ 110.729746135000084, -7.609231998999974, 0.0 ], [ 110.729743715000041, -7.609227156999964, 0.0 ], [ 110.729742337000062, -7.60922390199994, 0.0 ], [ 110.729740306000053, -7.609219907999943, 0.0 ], [ 110.729738542000064, -7.609215822999943, 0.0 ], [ 110.72973690300006, -7.609212661999948, 0.0 ], [ 110.729734734000033, -7.609207737999952, 0.0 ], [ 110.729696010000055, -7.609125614999925, 0.0 ], [ 110.729692906000082, -7.609118803999934, 0.0 ], [ 110.729692198000066, -7.60911750899993, 0.0 ], [ 110.729689105000034, -7.609110714999929, 0.0 ], [ 110.729688387000067, -7.609109399999966, 0.0 ], [ 110.729685304000043, -7.60910262699997, 0.0 ], [ 110.729684574000089, -7.609101289999955, 0.0 ], [ 110.729681505000087, -7.609094542999969, 0.0 ], [ 110.729680764000079, -7.609093185999939, 0.0 ], [ 110.729677706000075, -7.609086458999968, 0.0 ], [ 110.72967695300008, -7.609085077999964, 0.0 ], [ 110.729673904000038, -7.609078368999974, 0.0 ], [ 110.729673141000035, -7.609076971999968, 0.0 ], [ 110.729670105000082, -7.609070281999948, 0.0 ], [ 110.729669333000061, -7.609068867999952, 0.0 ], [ 110.72966630600007, -7.609062197999947, 0.0 ], [ 110.729665519000037, -7.609060754999973, 0.0 ], [ 110.729661820000047, -7.609052596999959, 0.0 ], [ 110.72966155000006, -7.60905186399998, 0.0 ], [ 110.729658177000033, -7.609044413999925, 0.0 ], [ 110.729657929000041, -7.609043735999933, 0.0 ], [ 110.729654534000076, -7.609036230999948, 0.0 ], [ 110.729654304000064, -7.609035597999934, 0.0 ], [ 110.729650893000041, -7.60902804899996, 0.0 ], [ 110.729650683000045, -7.609027476999927, 0.0 ], [ 110.729647249000038, -7.609019865999926, 0.0 ], [ 110.729647059000058, -7.609019342999943, 0.0 ], [ 110.729643607000071, -7.609011683999938, 0.0 ], [ 110.72964343700005, -7.609011214999953, 0.0 ], [ 110.729639964000057, -7.609003500999961, 0.0 ], [ 110.729639810000037, -7.609003076999954, 0.0 ], [ 110.729636322000033, -7.608995315999948, 0.0 ], [ 110.729636190000065, -7.608994951999932, 0.0 ], [ 110.729632681000055, -7.608987137999975, 0.0 ], [ 110.729632567000067, -7.608986823999942, 0.0 ], [ 110.729629037000052, -7.608978949999937, 0.0 ], [ 110.729628944000069, -7.608978689999958, 0.0 ], [ 110.729625394000038, -7.608970764999981, 0.0 ], [ 110.729625319000036, -7.608970557999953, 0.0 ], [ 110.72962175300006, -7.608962584999972, 0.0 ], [ 110.729621696000038, -7.608962428999973, 0.0 ], [ 110.729618110000047, -7.608954400999949, 0.0 ], [ 110.729618075000076, -7.608954300999926, 0.0 ], [ 110.729614466000044, -7.608946217999971, 0.0 ], [ 110.729614448000063, -7.608946168999978, 0.0 ], [ 110.729610826000055, -7.608938036999973, 0.0 ], [ 110.729609481000068, -7.608935532999965, 0.0 ], [ 110.729607016000045, -7.608929985999964, 0.0 ], [ 110.729605620000086, -7.608927373999961, 0.0 ], [ 110.72960321000005, -7.60892193899997, 0.0 ], [ 110.729601754000043, -7.608919206999929, 0.0 ], [ 110.729599402000076, -7.608913891999975, 0.0 ], [ 110.72959789500004, -7.608911056999943, 0.0 ], [ 110.729595593000056, -7.608905840999967, 0.0 ], [ 110.72959403200008, -7.60890289799994, 0.0 ], [ 110.729591783000046, -7.608897788999968, 0.0 ], [ 110.729590169000062, -7.608894738999936, 0.0 ], [ 110.729587976000062, -7.608889743999953, 0.0 ], [ 110.729586305000055, -7.608886574999929, 0.0 ], [ 110.729584166000052, -7.608881695999969, 0.0 ], [ 110.729582445000062, -7.608878420999929, 0.0 ], [ 110.729580358000078, -7.608873647999928, 0.0 ], [ 110.729578582000045, -7.608870261999925, 0.0 ], [ 110.729576545000043, -7.608865590999926, 0.0 ], [ 110.729574722000052, -7.608862104999957, 0.0 ], [ 110.729572740000037, -7.608857550999971, 0.0 ], [ 110.729570857000056, -7.60885394099995, 0.0 ], [ 110.729568929000038, -7.608849498999973, 0.0 ], [ 110.729566998000053, -7.60884578699995, 0.0 ], [ 110.729565121000064, -7.608841453999958, 0.0 ], [ 110.729563136000081, -7.608837625999968, 0.0 ], [ 110.729561308000086, -7.608833396999955, 0.0 ], [ 110.729559274000053, -7.608829466999964, 0.0 ], [ 110.729557501000045, -7.60882535199994, 0.0 ], [ 110.729555410000046, -7.608821301999967, 0.0 ], [ 110.729553691000035, -7.608817307999971, 0.0 ], [ 110.729551552000089, -7.608813149999946, 0.0 ], [ 110.729549881000082, -7.608809254999926, 0.0 ], [ 110.72954769100005, -7.608804990999943, 0.0 ], [ 110.729546071000073, -7.608801210999957, 0.0 ], [ 110.729543826000054, -7.608796822999977, 0.0 ], [ 110.729542258000038, -7.608793153999954, 0.0 ], [ 110.729539961000057, -7.608788656999934, 0.0 ], [ 110.729538451000053, -7.608785112999954, 0.0 ], [ 110.729536095000071, -7.608780483999965, 0.0 ], [ 110.729534640000054, -7.608777061999945, 0.0 ], [ 110.729532229000085, -7.608772313999964, 0.0 ], [ 110.729530829000055, -7.608769013999961, 0.0 ], [ 110.729528364000089, -7.608764145999942, 0.0 ], [ 110.729527017000066, -7.608760961999963, 0.0 ], [ 110.729524502000061, -7.608755981999934, 0.0 ], [ 110.729523209000035, -7.608752916999947, 0.0 ], [ 110.72952063300005, -7.608747803999961, 0.0 ], [ 110.729519398000036, -7.608744873999967, 0.0 ], [ 110.729516769000043, -7.608739636999928, 0.0 ], [ 110.729515586000048, -7.608736820999979, 0.0 ], [ 110.729512905000036, -7.608731469999952, 0.0 ], [ 110.72951177300007, -7.608728769999971, 0.0 ], [ 110.729509040000039, -7.608723296999926, 0.0 ], [ 110.729507964000049, -7.608720724999955, 0.0 ], [ 110.729505175000043, -7.608715128999961, 0.0 ], [ 110.729504152000061, -7.608712677999961, 0.0 ], [ 110.729501311000035, -7.608706960999939, 0.0 ], [ 110.729500342000051, -7.608704632999945, 0.0 ], [ 110.729497446000039, -7.608698789999949, 0.0 ], [ 110.729496528000084, -7.608696582999926, 0.0 ], [ 110.729493580000053, -7.608690615999933, 0.0 ], [ 110.729492716000038, -7.608688529999938, 0.0 ], [ 110.729489718000082, -7.608682447999968, 0.0 ], [ 110.729488907000075, -7.608680487999948, 0.0 ], [ 110.729485855000064, -7.608674282999971, 0.0 ], [ 110.72948509400004, -7.608672439999964, 0.0 ], [ 110.729481987000042, -7.60866610599993, 0.0 ], [ 110.729481282000052, -7.608664390999934, 0.0 ], [ 110.729478125000071, -7.608657937999965, 0.0 ], [ 110.729477467000038, -7.608656336999957, 0.0 ], [ 110.729474262000053, -7.608649769999943, 0.0 ], [ 110.729473660000053, -7.608648297999935, 0.0 ], [ 110.729470397000057, -7.608641596999973, 0.0 ], [ 110.729469846000086, -7.608640246999926, 0.0 ], [ 110.729466534000039, -7.608633425999926, 0.0 ], [ 110.729466034000041, -7.608632202999956, 0.0 ], [ 110.729462672000068, -7.60862525899995, 0.0 ], [ 110.729462219000084, -7.608624147999933, 0.0 ], [ 110.729458807000071, -7.608617085999981, 0.0 ], [ 110.729458410000063, -7.608616109999957, 0.0 ], [ 110.729454942000075, -7.608608911999966, 0.0 ], [ 110.729454597000085, -7.608608058999948, 0.0 ], [ 110.729307432000041, -7.608315087999927, 0.0 ], [ 110.729304833000072, -7.608310216999939, 0.0 ], [ 110.729303409000067, -7.608307088999936, 0.0 ], [ 110.729300777000049, -7.608302146999961, 0.0 ], [ 110.729299392000087, -7.608299098999964, 0.0 ], [ 110.729296722000072, -7.608294079999951, 0.0 ], [ 110.729295366000088, -7.608291093999981, 0.0 ], [ 110.729292660000056, -7.608285998999975, 0.0 ], [ 110.729291344000046, -7.608283094999933, 0.0 ], [ 110.729288602000054, -7.60827792799995, 0.0 ], [ 110.729287323000051, -7.608275096999932, 0.0 ], [ 110.729284547000077, -7.60826986099994, 0.0 ], [ 110.729283301000066, -7.608267097999942, 0.0 ], [ 110.729280489000075, -7.608261783999978, 0.0 ], [ 110.729279281000061, -7.608259106999981, 0.0 ], [ 110.729276430000084, -7.608253708999939, 0.0 ], [ 110.72927525700004, -7.60825110299993, 0.0 ], [ 110.729272377000086, -7.608245645999943, 0.0 ], [ 110.729271236000045, -7.60824310299995, 0.0 ], [ 110.729268316000059, -7.608237564999968, 0.0 ], [ 110.72926721400006, -7.608235108999963, 0.0 ], [ 110.729264259000047, -7.608229489999928, 0.0 ], [ 110.729263194000055, -7.608227114999977, 0.0 ], [ 110.729260202000034, -7.60822141999995, 0.0 ], [ 110.729259169000045, -7.608219109999936, 0.0 ], [ 110.729256147000058, -7.608213349999971, 0.0 ], [ 110.72925514700006, -7.608211111999935, 0.0 ], [ 110.729252088000067, -7.608205274999932, 0.0 ], [ 110.729251125000076, -7.60820311599997, 0.0 ], [ 110.729248030000065, -7.608197200999939, 0.0 ], [ 110.729247101000055, -7.608195115999933, 0.0 ], [ 110.729243975000088, -7.60818913199995, 0.0 ], [ 110.729243082000039, -7.608187123999926, 0.0 ], [ 110.729239918000076, -7.608181055999978, 0.0 ], [ 110.729239058000076, -7.608179120999978, 0.0 ], [ 110.729235860000074, -7.608172979999949, 0.0 ], [ 110.729235035000045, -7.608171121999931, 0.0 ], [ 110.729231807000076, -7.608164915999964, 0.0 ], [ 110.72923101400005, -7.608163126999955, 0.0 ], [ 110.729227746000049, -7.608156836999967, 0.0 ], [ 110.729226994000044, -7.608155132999968, 0.0 ], [ 110.729223689000037, -7.608148761999928, 0.0 ], [ 110.729222968000045, -7.608147129999963, 0.0 ], [ 110.729219633000071, -7.608140691999949, 0.0 ], [ 110.729218945000071, -7.608139132999952, 0.0 ], [ 110.729215578000037, -7.608132620999982, 0.0 ], [ 110.729214924000075, -7.608131133999962, 0.0 ], [ 110.729211520000035, -7.608124545999942, 0.0 ], [ 110.729210901000044, -7.608123135999961, 0.0 ], [ 110.729207211000073, -7.608115981999958, 0.0 ], [ 110.729206849000036, -7.608115159999954, 0.0 ], [ 110.729203170000062, -7.60810803499993, 0.0 ], [ 110.729202791000034, -7.608107171999961, 0.0 ], [ 110.729199140000048, -7.60810010199998, 0.0 ], [ 110.729198739000083, -7.608099194999966, 0.0 ], [ 110.729195102000062, -7.60809215699993, 0.0 ], [ 110.729194684000049, -7.608091208999952, 0.0 ], [ 110.729191063000087, -7.608084209999959, 0.0 ], [ 110.729190629000072, -7.608083232999945, 0.0 ], [ 110.729187029000059, -7.608076273999927, 0.0 ], [ 110.729186574000039, -7.608075245999942, 0.0 ], [ 110.729182991000073, -7.608068326999955, 0.0 ], [ 110.729182518000073, -7.608067262999953, 0.0 ], [ 110.729178958000034, -7.608060393999949, 0.0 ], [ 110.729175342000076, -7.608052231999977, 0.0 ], [ 110.729175006000048, -7.608051327999931, 0.0 ], [ 110.729171894000046, -7.608044316999951, 0.0 ], [ 110.729171756000085, -7.608044052999958, 0.0 ], [ 110.729168765000054, -7.608037325999931, 0.0 ], [ 110.729168050000055, -7.608035947999952, 0.0 ], [ 110.729165567000052, -7.608030376999977, 0.0 ], [ 110.729164268000034, -7.608027875999937, 0.0 ], [ 110.729162299000052, -7.608023468999932, 0.0 ], [ 110.729160407000052, -7.608019836999972, 0.0 ], [ 110.729158957000038, -7.608016599999928, 0.0 ], [ 110.729156479000039, -7.608011850999958, 0.0 ], [ 110.729155547000062, -7.608009773999981, 0.0 ], [ 110.729152469000041, -7.60800388399997, 0.0 ], [ 110.729152063000072, -7.60800298199996, 0.0 ], [ 110.729148523000049, -7.607996223999976, 0.0 ], [ 110.729148377000058, -7.607995978999952, 0.0 ], [ 110.729144962000078, -7.607989470999939, 0.0 ], [ 110.729144808000058, -7.607989215999964, 0.0 ], [ 110.729141732000073, -7.607983593999961, 0.0 ], [ 110.729141323000079, -7.607982765999964, 0.0 ], [ 110.729138619000082, -7.60797802299993, 0.0 ], [ 110.729137617000049, -7.607976075999943, 0.0 ], [ 110.729133717000082, -7.607969508999929, 0.0 ], [ 110.729133380000064, -7.607969010999966, 0.0 ], [ 110.729129773000068, -7.607962950999934, 0.0 ], [ 110.729127761000086, -7.607959995999977, 0.0 ], [ 110.729125667000062, -7.607956485999978, 0.0 ], [ 110.729121990000067, -7.607951098999933, 0.0 ], [ 110.729121410000062, -7.607950126999981, 0.0 ], [ 110.729117084000052, -7.607943803999945, 0.0 ], [ 110.729115968000087, -7.607942369999932, 0.0 ], [ 110.729112659000066, -7.60793754499997, 0.0 ], [ 110.729109735000065, -7.607933797999976, 0.0 ], [ 110.729108078000081, -7.607931385999962, 0.0 ], [ 110.729103355000063, -7.607925346999934, 0.0 ], [ 110.72909861100004, -7.607919294999931, 0.0 ], [ 110.729096682000034, -7.60791712799994, 0.0 ], [ 110.729093727000077, -7.607913364999945, 0.0 ], [ 110.729089869000063, -7.607909038999935, 0.0 ], [ 110.729088698000055, -7.607907549999936, 0.0 ], [ 110.729083567000089, -7.60790180999993, 0.0 ], [ 110.72908287000007, -7.60790112199993, 0.0 ], [ 110.729078386000083, -7.607896115999949, 0.0 ], [ 110.729075648000048, -7.607893421999961, 0.0 ], [ 110.729073057000051, -7.607890535999957, 0.0 ], [ 110.729068287000075, -7.60788585499995, 0.0 ], [ 110.729067604000079, -7.607885092999936, 0.0 ], [ 110.72906209100006, -7.607879693999962, 0.0 ], [ 110.72906071500006, -7.607878507999942, 0.0 ], [ 110.729056491000051, -7.607874378999952, 0.0 ], [ 110.729052977000038, -7.607871358999944, 0.0 ], [ 110.72905075400007, -7.607869191999953, 0.0 ], [ 110.72904512100007, -7.607864362999976, 0.0 ], [ 110.729044895000072, -7.607864141999926, 0.0 ], [ 110.729039015000069, -7.60785911399995, 0.0 ], [ 110.729037023000046, -7.607857619999947, 0.0 ], [ 110.728887726000039, -7.607781736999925, 0.0 ], [ 110.728880102000062, -7.607780039999966, 0.0 ], [ 110.728878316000078, -7.607779768999933, 0.0 ], [ 110.728874338000082, -7.60777888399997, 0.0 ], [ 110.728868574000046, -7.607778006999979, 0.0 ], [ 110.728866207000067, -7.607777479999982, 0.0 ], [ 110.728858812000055, -7.607776354999942, 0.0 ], [ 110.728858069000069, -7.607776189999981, 0.0 ], [ 110.728849910000065, -7.607774947999928, 0.0 ], [ 110.728849015000037, -7.607774872999926, 0.0 ], [ 110.728841746000057, -7.607773764999934, 0.0 ], [ 110.728839206000089, -7.607773553999948, 0.0 ], [ 110.728833573000088, -7.607772695999927, 0.0 ], [ 110.728829376000078, -7.607772342999965, 0.0 ], [ 110.72882538500005, -7.607771734999972, 0.0 ], [ 110.728819528000088, -7.607771244999981, 0.0 ], [ 110.728817176000064, -7.607770885999969, 0.0 ], [ 110.728809683000065, -7.60777025799996, 0.0 ], [ 110.728808963000063, -7.607770147999929, 0.0 ], [ 110.728800745000058, -7.60776945899994, 0.0 ], [ 110.728799801000036, -7.607769445999963, 0.0 ], [ 110.728792518000034, -7.607768832999966, 0.0 ], [ 110.728789930000062, -7.607768792999934, 0.0 ], [ 110.728784291000068, -7.607768319999934, 0.0 ], [ 110.728780034000067, -7.607768250999925, 0.0 ], [ 110.728776051000068, -7.607767916999933, 0.0 ], [ 110.728770147000034, -7.607767821999971, 0.0 ], [ 110.728767804000086, -7.607767624999951, 0.0 ], [ 110.728760249000061, -7.607767505999959, 0.0 ], [ 110.728759554000078, -7.607767445999968, 0.0 ], [ 110.728751308000085, -7.607767312999954, 0.0 ], [ 110.728750347000073, -7.607767363999926, 0.0 ], [ 110.728743054000063, -7.60776724699997, 0.0 ], [ 110.728740448000053, -7.607767381999963, 0.0 ], [ 110.728734804000055, -7.607767291999949, 0.0 ], [ 110.728730549000034, -7.607767511999953, 0.0 ], [ 110.728726550000033, -7.607767445999968, 0.0 ], [ 110.728720654000085, -7.607767753999951, 0.0 ], [ 110.728718298000047, -7.607767714999966, 0.0 ], [ 110.728710769000088, -7.60776810599998, 0.0 ], [ 110.728710051000064, -7.607768095999973, 0.0 ], [ 110.728701811000064, -7.607768523999937, 0.0 ], [ 110.728700880000076, -7.607768635999946, 0.0 ], [ 110.728693560000067, -7.607769015999963, 0.0 ], [ 110.728691015000038, -7.607769322999957, 0.0 ], [ 110.728685330000076, -7.607769616999974, 0.0 ], [ 110.728681159000075, -7.607770123999956, 0.0 ], [ 110.72867709500008, -7.607770331999973, 0.0 ], [ 110.728671301000077, -7.607771035999974, 0.0 ], [ 110.728668877000075, -7.60777116099996, 0.0 ], [ 110.728661474000035, -7.607772055999931, 0.0 ], [ 110.728660671000057, -7.607772097999941, 0.0 ], [ 110.728652458000056, -7.607773090999956, 0.0 ], [ 110.728651654000089, -7.607773244999976, 0.0 ], [ 110.728644263000035, -7.607774138999957, 0.0 ], [ 110.728641860000039, -7.60777460099996, 0.0 ], [ 110.728636071000039, -7.607775300999947, 0.0 ], [ 110.728632093000044, -7.607776064999939, 0.0 ], [ 110.728627907000089, -7.607776569999942, 0.0 ], [ 110.728622330000064, -7.607777642999963, 0.0 ], [ 110.728619743000081, -7.60777795499996, 0.0 ], [ 110.728612607000059, -7.607779325999957, 0.0 ], [ 110.728611605000083, -7.607779446999928, 0.0 ], [ 110.728603485000065, -7.607781006999971, 0.0 ], [ 110.728602896000041, -7.607781164999949, 0.0 ], [ 110.728595355000039, -7.607782611999937, 0.0 ], [ 110.728593230000058, -7.607783177999977, 0.0 ], [ 110.728587258000061, -7.607784323999965, 0.0 ], [ 110.728583592000064, -7.607785300999979, 0.0 ], [ 110.728579178000075, -7.607786147999946, 0.0 ], [ 110.728573982000057, -7.607787533999954, 0.0 ], [ 110.728571121000073, -7.607788079999978, 0.0 ], [ 110.728564399000049, -7.607789872999945, 0.0 ], [ 110.728563088000044, -7.607790123999962, 0.0 ], [ 110.728555076000077, -7.60779225899995, 0.0 ], [ 110.728554846000065, -7.607792336999978, 0.0 ], [ 110.728547069000058, -7.607794407999961, 0.0 ], [ 110.728545354000062, -7.607795000999943, 0.0 ], [ 110.728539090000083, -7.607796666999946, 0.0 ], [ 110.728535897000086, -7.607797769999934, 0.0 ], [ 110.728531134000036, -7.60779903599996, 0.0 ], [ 110.728526468000041, -7.607800646999976, 0.0 ], [ 110.728523213000074, -7.60780151299997, 0.0 ], [ 110.728517084000089, -7.607803627999942, 0.0 ], [ 110.728515319000053, -7.607804095999938, 0.0 ], [ 110.72850773600004, -7.607806712999945, 0.0 ], [ 110.728507468000089, -7.60780678499998, 0.0 ], [ 110.72849960700006, -7.607809499999973, 0.0 ], [ 110.728498455000079, -7.607809992999933, 0.0 ], [ 110.728491785000074, -7.607812294999974, 0.0 ], [ 110.728489225000033, -7.607813394999937, 0.0 ], [ 110.728483984000036, -7.607815200999937, 0.0 ], [ 110.728480036000065, -7.607816898999943, 0.0 ], [ 110.728476237000052, -7.607818208999959, 0.0 ], [ 110.728470887000071, -7.607820509999954, 0.0 ], [ 110.728468519000046, -7.607821324999975, 0.0 ], [ 110.728461794000054, -7.607824216999973, 0.0 ], [ 110.728460839000036, -7.607824544999971, 0.0 ], [ 110.728453192000075, -7.607827834999966, 0.0 ], [ 110.728309123000088, -7.60791114999995, 0.0 ], [ 110.728308649000041, -7.607911446999935, 0.0 ], [ 110.728301920000035, -7.607916495999973, 0.0 ], [ 110.72830134700007, -7.607917008999948, 0.0 ], [ 110.728295225000068, -7.607921599999941, 0.0 ], [ 110.728293671000074, -7.607922990999953, 0.0 ], [ 110.728288596000084, -7.607926795999958, 0.0 ], [ 110.728286074000039, -7.607929053999953, 0.0 ], [ 110.728282031000049, -7.607932081999934, 0.0 ], [ 110.72827854600007, -7.607935205999979, 0.0 ], [ 110.728275683000049, -7.607937346999961, 0.0 ], [ 110.728275524000082, -7.607937446999927, 0.0 ], [ 110.728268749000051, -7.607942543999968, 0.0 ], [ 110.72826862900007, -7.607942650999973, 0.0 ], [ 110.728261584000052, -7.607947979999949, 0.0 ], [ 110.728254134000053, -7.607952632999968, 0.0 ], [ 110.728250752000065, -7.607954345999929, 0.0 ], [ 110.72824651500008, -7.607957001999978, 0.0 ], [ 110.728242980000061, -7.607958800999938, 0.0 ], [ 110.728238898000086, -7.607961369999941, 0.0 ], [ 110.728235208000058, -7.607963256999938, 0.0 ], [ 110.728231276000088, -7.607965739999941, 0.0 ], [ 110.728227435000065, -7.607967714999972, 0.0 ], [ 110.728223656000068, -7.607970107999961, 0.0 ], [ 110.728219664000051, -7.607972167999947, 0.0 ], [ 110.728216039000074, -7.607974473999946, 0.0 ], [ 110.728211886000054, -7.607976626999971, 0.0 ], [ 110.72820841500004, -7.607978843999945, 0.0 ], [ 110.728204122000079, -7.607981078999956, 0.0 ], [ 110.728200795000078, -7.607983211999965, 0.0 ], [ 110.728196343000036, -7.607985540999948, 0.0 ], [ 110.728193175000058, -7.60798757799995, 0.0 ], [ 110.728188579000062, -7.607989993999979, 0.0 ], [ 110.728185557000074, -7.607991942999945, 0.0 ], [ 110.728180805000079, -7.607994451999957, 0.0 ], [ 110.72817793300004, -7.607996310999965, 0.0 ], [ 110.728173029000061, -7.60799891299996, 0.0 ], [ 110.728170313000078, -7.60800067699995, 0.0 ], [ 110.728165265000086, -7.608003366999981, 0.0 ], [ 110.728162694000048, -7.608005043999981, 0.0 ], [ 110.728157486000043, -7.608007829999963, 0.0 ], [ 110.728155070000071, -7.608009410999955, 0.0 ], [ 110.728149723000058, -7.608012283999926, 0.0 ], [ 110.728147449000062, -7.608013774999961, 0.0 ], [ 110.728141946000051, -7.608016745999976, 0.0 ], [ 110.728139826000074, -7.608018139999956, 0.0 ], [ 110.728134179000051, -7.608021203999954, 0.0 ], [ 110.728132207000044, -7.608022503999962, 0.0 ], [ 110.728126407000047, -7.608025662999978, 0.0 ], [ 110.728124584000057, -7.608026869999946, 0.0 ], [ 110.728118638000069, -7.608030121999946, 0.0 ], [ 110.728116916000033, -7.608031265999955, 0.0 ], [ 110.728110869000034, -7.608034577999945, 0.0 ], [ 110.728109205000067, -7.608035683999958, 0.0 ], [ 110.728103091000037, -7.608039038999948, 0.0 ], [ 110.72810148700006, -7.608040107999955, 0.0 ], [ 110.728095326000073, -7.608043492999968, 0.0 ], [ 110.728093771000033, -7.608044528999926, 0.0 ], [ 110.728087549000065, -7.608047953999971, 0.0 ], [ 110.728086061000056, -7.608048947999976, 0.0 ], [ 110.728079781000076, -7.608052408999981, 0.0 ], [ 110.72807834300005, -7.608053369999936, 0.0 ], [ 110.727997502000051, -7.608099587999959, 0.0 ], [ 110.727730037000072, -7.608252936999975, 0.0 ], [ 110.727722305000043, -7.608257484999967, 0.0 ], [ 110.727719180000065, -7.608259651999958, 0.0 ], [ 110.727714721000041, -7.608262271999934, 0.0 ], [ 110.727712238000038, -7.608263989999955, 0.0 ], [ 110.727707107000072, -7.608267007999928, 0.0 ], [ 110.727705265000054, -7.608268280999937, 0.0 ], [ 110.727699453000071, -7.608271694999928, 0.0 ], [ 110.727698273000044, -7.60827250899996, 0.0 ], [ 110.727691784000058, -7.608276319999959, 0.0 ], [ 110.727691255000082, -7.608276683999975, 0.0 ], [ 110.727684218000036, -7.608280814999944, 0.0 ], [ 110.727684064000073, -7.608280890999936, 0.0 ], [ 110.727677177000089, -7.608284931999947, 0.0 ], [ 110.727676307000081, -7.608285359999968, 0.0 ], [ 110.727670106000062, -7.608288995999942, 0.0 ], [ 110.727668512000037, -7.608289781999929, 0.0 ], [ 110.72766301200005, -7.60829300599994, 0.0 ], [ 110.727660694000065, -7.60829414899996, 0.0 ], [ 110.727655886000036, -7.60829696299993, 0.0 ], [ 110.727652841000065, -7.608298463999972, 0.0 ], [ 110.72764873300008, -7.608300865999979, 0.0 ], [ 110.727644962000056, -7.608302721999962, 0.0 ], [ 110.727641551000033, -7.608304716999953, 0.0 ], [ 110.727634229000046, -7.608308317999956, 0.0 ], [ 110.72763335500008, -7.608308674999932, 0.0 ], [ 110.727626895000071, -7.608311854999954, 0.0 ], [ 110.727624307000042, -7.608312905999981, 0.0 ], [ 110.727619492000088, -7.608315275999928, 0.0 ], [ 110.727615202000038, -7.608317019999959, 0.0 ], [ 110.727612040000054, -7.608318576999977, 0.0 ], [ 110.727606040000069, -7.608321018999959, 0.0 ], [ 110.727604537000047, -7.608321759999967, 0.0 ], [ 110.727596994000066, -7.608324828999969, 0.0 ], [ 110.727596818000052, -7.608324886999981, 0.0 ], [ 110.727589440000088, -7.608327889999941, 0.0 ], [ 110.727587506000077, -7.608328522999955, 0.0 ], [ 110.727581850000036, -7.608330827999964, 0.0 ], [ 110.727578138000069, -7.608332040999926, 0.0 ], [ 110.727574201000039, -7.608333644999959, 0.0 ], [ 110.727568735000034, -7.608335431999933, 0.0 ], [ 110.72756651900005, -7.608336335999979, 0.0 ], [ 110.727559275000033, -7.608338705999927, 0.0 ], [ 110.727558790000046, -7.608338903999936, 0.0 ], [ 110.727551050000045, -7.608341439999947, 0.0 ], [ 110.727549752000073, -7.608341763999931, 0.0 ], [ 110.727543279000088, -7.608343885999943, 0.0 ], [ 110.727540181000052, -7.608344663999958, 0.0 ], [ 110.727535482000064, -7.60834620299994, 0.0 ], [ 110.727530558000069, -7.608347440999978, 0.0 ], [ 110.727527642000041, -7.608348396999929, 0.0 ], [ 110.727520914000081, -7.608350087999952, 0.0 ], [ 110.727519766000057, -7.608350463999955, 0.0 ], [ 110.727511869000068, -7.608352451999963, 0.0 ], [ 110.727511208000067, -7.608352569999965, 0.0 ], [ 110.727503971000033, -7.608354391999967, 0.0 ], [ 110.727501461000088, -7.608354838999958, 0.0 ], [ 110.727496033000079, -7.608356206999929, 0.0 ], [ 110.727491690000079, -7.608356981999975, 0.0 ], [ 110.727488072000085, -7.608357893999937, 0.0 ], [ 110.727481879000038, -7.60835900099994, 0.0 ], [ 110.727480080000078, -7.608359453999981, 0.0 ], [ 110.727472073000058, -7.608360885999957, 0.0 ], [ 110.72747204500007, -7.608360886999947, 0.0 ], [ 110.727464062000081, -7.608362314999965, 0.0 ], [ 110.727462159000083, -7.608362520999947, 0.0 ], [ 110.727456026000084, -7.608363618999931, 0.0 ], [ 110.727452271000061, -7.608364021999932, 0.0 ], [ 110.727447977000054, -7.608364790999929, 0.0 ], [ 110.727442346000089, -7.608365396999943, 0.0 ], [ 110.727439899000046, -7.608365834999972, 0.0 ], [ 110.727432406000048, -7.608366642999954, 0.0 ], [ 110.727431820000049, -7.60836674799998, 0.0 ], [ 110.727423729000066, -7.608367620999957, 0.0 ], [ 110.727422453000088, -7.608367668999961, 0.0 ], [ 110.727415626000038, -7.608368406999944, 0.0 ], [ 110.727412468000068, -7.608368524999946, 0.0 ], [ 110.727407517000074, -7.608369060999962, 0.0 ], [ 110.72740248000008, -7.608369251999932, 0.0 ], [ 110.727399391000063, -7.608369585999981, 0.0 ], [ 110.727392493000082, -7.608369846999949, 0.0 ], [ 110.727391264000062, -7.608369980999953, 0.0 ], [ 110.727383132000057, -7.608370290999972, 0.0 ], [ 110.727382484000088, -7.608370267999931, 0.0 ], [ 110.727374998000073, -7.608370553999976, 0.0 ], [ 110.727372469000045, -7.608370472999979, 0.0 ], [ 110.727366860000075, -7.60837068799998, 0.0 ], [ 110.727362460000052, -7.608370546999936, 0.0 ], [ 110.727358719000051, -7.608370692999927, 0.0 ], [ 110.727352450000069, -7.608370491999949, 0.0 ], [ 110.727350581000053, -7.608370563999927, 0.0 ], [ 110.727342442000065, -7.608370305999927, 0.0 ], [ 110.72733431000006, -7.608370049999962, 0.0 ], [ 110.727332437000086, -7.608369857999946, 0.0 ], [ 110.727326173000051, -7.608369660999927, 0.0 ], [ 110.727322445000084, -7.608369281999956, 0.0 ], [ 110.727318056000058, -7.608369143999937, 0.0 ], [ 110.72731245600005, -7.60836857299995, 0.0 ], [ 110.727309929000057, -7.608368495999969, 0.0 ], [ 110.727302488000078, -7.60836773699998, 0.0 ], [ 110.727301827000076, -7.608367717999954, 0.0 ], [ 110.727293725000038, -7.608366891999935, 0.0 ], [ 110.72729253600005, -7.608366685999954, 0.0 ], [ 110.72728563700008, -7.608365985999967, 0.0 ], [ 110.72728260100007, -7.60836545899997, 0.0 ], [ 110.727277546000039, -7.608364945999938, 0.0 ], [ 110.727272697000046, -7.608364103999975, 0.0 ], [ 110.727269492000062, -7.608363779999934, 0.0 ], [ 110.727262797000037, -7.608362618999934, 0.0 ], [ 110.727261442000042, -7.60836248399994, 0.0 ], [ 110.727253420000068, -7.608361092999928, 0.0 ], [ 110.727252933000045, -7.608360971999957, 0.0 ], [ 110.727245394000079, -7.608359667999935, 0.0 ], [ 110.727243111000064, -7.608359102999941, 0.0 ], [ 110.727237391000074, -7.608358113999941, 0.0 ], [ 110.727233312000067, -7.608357106999961, 0.0 ], [ 110.727229415000068, -7.608356432999926, 0.0 ], [ 110.727223544000083, -7.608354980999934, 0.0 ], [ 110.727221464000081, -7.608354623999958, 0.0 ], [ 110.727213803000041, -7.608352729999979, 0.0 ], [ 110.727213544000051, -7.608352685999932, 0.0 ], [ 110.727205631000061, -7.608350731999963, 0.0 ], [ 110.727204126000061, -7.608350243999951, 0.0 ], [ 110.72719773700004, -7.608348667999962, 0.0 ], [ 110.727194482000073, -7.608347611999932, 0.0 ], [ 110.727189883000051, -7.608346478999977, 0.0 ], [ 110.727184888000068, -7.608344859999931, 0.0 ], [ 110.727182052000046, -7.608344160999934, 0.0 ], [ 110.727175320000072, -7.608341979999977, 0.0 ], [ 110.727174270000035, -7.608341721999977, 0.0 ], [ 110.72716650600006, -7.608339205999926, 0.0 ], [ 110.72716581800006, -7.608338927999966, 0.0 ], [ 110.727158761000055, -7.608336642999973, 0.0 ], [ 110.727156372000081, -7.608335672999942, 0.0 ], [ 110.727151049000042, -7.608333952999942, 0.0 ], [ 110.727146986000037, -7.608332301999951, 0.0 ], [ 110.727143382000065, -7.608331138999972, 0.0 ], [ 110.727137637000055, -7.608328808999943, 0.0 ], [ 110.727135757000042, -7.608328200999949, 0.0 ], [ 110.727128343000061, -7.608325193999974, 0.0 ], [ 110.727128189000041, -7.60832514599997, 0.0 ], [ 110.727120612000078, -7.608322073999943, 0.0 ], [ 110.727119136000056, -7.608321345999968, 0.0 ], [ 110.727113087000077, -7.608318894999968, 0.0 ], [ 110.727109994000045, -7.608317370999941, 0.0 ], [ 110.727105606000066, -7.608315595999954, 0.0 ], [ 110.727104006000047, -7.608314804999964, 0.0 ], [ 110.727100906000089, -7.608313275999933, 0.0 ], [ 110.727098179000052, -7.608312172999945, 0.0 ], [ 110.727091880000046, -7.608309068999972, 0.0 ], [ 110.727090808000071, -7.608308635999947, 0.0 ], [ 110.727083477000065, -7.608305022999957, 0.0 ], [ 110.727082921000033, -7.608304695999948, 0.0 ], [ 110.727076151000063, -7.608301360999974, 0.0 ], [ 110.727074071000061, -7.608300136999958, 0.0 ], [ 110.727068890000055, -7.608297587999971, 0.0 ], [ 110.72706528100008, -7.60829546399998, 0.0 ], [ 110.727061690000085, -7.608293696999965, 0.0 ], [ 110.727056558000072, -7.608290676999957, 0.0 ], [ 110.727054553000073, -7.608289692999961, 0.0 ], [ 110.727047896000045, -7.608285775999946, 0.0 ], [ 110.727047475000063, -7.608285568999975, 0.0 ], [ 110.727040416000079, -7.608281419999969, 0.0 ], [ 110.72703935800007, -7.608280686999933, 0.0 ], [ 110.72703339800006, -7.608277181999938, 0.0 ], [ 110.727030899000056, -7.608275447999972, 0.0 ], [ 110.727026454000054, -7.608272836999959, 0.0 ], [ 110.727022520000048, -7.608270106999953, 0.0 ], [ 110.727019572000074, -7.608268377999934, 0.0 ], [ 110.727014217000033, -7.608264659999975, 0.0 ], [ 110.727012760000036, -7.608263805999968, 0.0 ], [ 110.727006030000041, -7.608259136999948, 0.0 ], [ 110.726999659000057, -7.608253956999931, 0.0 ], [ 110.726993908000054, -7.608248506999928, 0.0 ], [ 110.726993668000034, -7.608248310999954, 0.0 ], [ 110.726988149000078, -7.60824308399998, 0.0 ], [ 110.726987457000064, -7.60824219999995, 0.0 ], [ 110.726982531000033, -7.608236787999942, 0.0 ], [ 110.72698149100006, -7.608235457999967, 0.0 ], [ 110.726976541000056, -7.608230013999957, 0.0 ], [ 110.726975534000076, -7.608228728999961, 0.0 ], [ 110.726970546000075, -7.608223237999937, 0.0 ], [ 110.726969571000041, -7.608221991999926, 0.0 ], [ 110.726964560000056, -7.608216471999981, 0.0 ], [ 110.726963609000052, -7.608215256999927, 0.0 ], [ 110.726958567000054, -7.608209693999981, 0.0 ], [ 110.726957649000042, -7.608208519999948, 0.0 ], [ 110.726952576000087, -7.608202920999929, 0.0 ], [ 110.726951689000089, -7.608201784999949, 0.0 ], [ 110.726946584000075, -7.60819614899998, 0.0 ], [ 110.726945730000068, -7.608195051999928, 0.0 ], [ 110.726940590000083, -7.60818937099998, 0.0 ], [ 110.726939767000033, -7.60818831499995, 0.0 ], [ 110.726934605000054, -7.608182603999978, 0.0 ], [ 110.726933801000087, -7.608181573999957, 0.0 ], [ 110.726928608000037, -7.608175823999943, 0.0 ], [ 110.72692784700007, -7.608174844999951, 0.0 ], [ 110.726922617000071, -7.608169052999926, 0.0 ], [ 110.726921883000045, -7.608168108999962, 0.0 ], [ 110.726916631000051, -7.608162284999935, 0.0 ], [ 110.726915925000071, -7.608161374999952, 0.0 ], [ 110.726910634000035, -7.608155504999957, 0.0 ], [ 110.726909960000057, -7.608154636999927, 0.0 ], [ 110.726904645000047, -7.60814873399994, 0.0 ], [ 110.726903999000058, -7.608147900999938, 0.0 ], [ 110.72689865500007, -7.608141958999965, 0.0 ], [ 110.726898039000048, -7.608141167999975, 0.0 ], [ 110.726892663000058, -7.608135184999981, 0.0 ], [ 110.726892077000059, -7.608134430999939, 0.0 ], [ 110.72688667400007, -7.608128415999943, 0.0 ], [ 110.726886118000039, -7.608127698999965, 0.0 ], [ 110.726880678000043, -7.608121634999975, 0.0 ], [ 110.726880151000046, -7.608120955999937, 0.0 ], [ 110.726874690000045, -7.608114864999948, 0.0 ], [ 110.726874197000086, -7.608114227999977, 0.0 ], [ 110.726868699000079, -7.608108091999952, 0.0 ], [ 110.726868233000062, -7.608107489999952, 0.0 ], [ 110.726862706000077, -7.608101317999967, 0.0 ], [ 110.726862272000062, -7.608100753999963, 0.0 ], [ 110.726856716000043, -7.608094543999925, 0.0 ], [ 110.726856310000073, -7.608094018999964, 0.0 ], [ 110.726850726000066, -7.608087769999941, 0.0 ], [ 110.726850350000063, -7.608087283999964, 0.0 ], [ 110.726844733000064, -7.608080997999934, 0.0 ], [ 110.726844390000053, -7.608080551999933, 0.0 ], [ 110.726838740000062, -7.608074218999946, 0.0 ], [ 110.726838427000075, -7.608073813999965, 0.0 ], [ 110.726832755000089, -7.608067452999933, 0.0 ], [ 110.726832466000076, -7.608067077999976, 0.0 ], [ 110.726826758000072, -7.608060672999954, 0.0 ], [ 110.726826502000051, -7.608060341999931, 0.0 ], [ 110.726820769000085, -7.608053902999927, 0.0 ], [ 110.726820544000077, -7.608053607999977, 0.0 ], [ 110.726814782000076, -7.608047131999967, 0.0 ], [ 110.726814585000056, -7.608046875999946, 0.0 ], [ 110.726760854000077, -7.607986169999947, 0.0 ], [ 110.726754977000041, -7.607979514999954, 0.0 ], [ 110.726754861000074, -7.60797939899993, 0.0 ], [ 110.726749019000067, -7.607972776999929, 0.0 ], [ 110.726748867000083, -7.60797262799997, 0.0 ], [ 110.726743062000082, -7.607966043999966, 0.0 ], [ 110.726742873000035, -7.607965856999954, 0.0 ], [ 110.726737100000037, -7.607959301999927, 0.0 ], [ 110.726736881000079, -7.607959085999937, 0.0 ], [ 110.726731142000062, -7.607952564999948, 0.0 ], [ 110.726730887000087, -7.607952313999931, 0.0 ], [ 110.726725182000052, -7.60794582699998, 0.0 ], [ 110.726724890000071, -7.607945537999967, 0.0 ], [ 110.726719224000078, -7.607939089999945, 0.0 ], [ 110.726718903000062, -7.607938772999944, 0.0 ], [ 110.726713268000083, -7.607932355999935, 0.0 ], [ 110.726712905000056, -7.60793199799997, 0.0 ], [ 110.726707304000058, -7.607925614999942, 0.0 ], [ 110.726706910000075, -7.607925222999938, 0.0 ], [ 110.726701344000048, -7.607918874999939, 0.0 ], [ 110.726700923000067, -7.607918458999961, 0.0 ], [ 110.726695391000078, -7.607912144999943, 0.0 ], [ 110.726694924000071, -7.607911679999972, 0.0 ], [ 110.726689429000089, -7.607905403999951, 0.0 ], [ 110.726688933000048, -7.607904910999935, 0.0 ], [ 110.726683472000047, -7.60789866999994, 0.0 ], [ 110.726682943000071, -7.607898142999943, 0.0 ], [ 110.72667750800008, -7.607891926999969, 0.0 ], [ 110.72667694200004, -7.607891365999933, 0.0 ], [ 110.726671553000074, -7.607885193999948, 0.0 ], [ 110.726670957000067, -7.607884598999931, 0.0 ], [ 110.726665596000089, -7.607878459999938, 0.0 ], [ 110.726664957000082, -7.607877820999931, 0.0 ], [ 110.726659634000043, -7.607871717999956, 0.0 ], [ 110.726658967000049, -7.607871053999929, 0.0 ], [ 110.726653677000058, -7.607864983999946, 0.0 ], [ 110.726652976000082, -7.607864283999959, 0.0 ], [ 110.726647713000034, -7.607858240999974, 0.0 ], [ 110.726646978000076, -7.607857505999959, 0.0 ], [ 110.726641757000039, -7.607851506999964, 0.0 ], [ 110.726640988000042, -7.607850736999978, 0.0 ], [ 110.726635800000054, -7.607844774999933, 0.0 ], [ 110.72663499500004, -7.607843965999962, 0.0 ], [ 110.726629839000054, -7.60783803299995, 0.0 ], [ 110.726629001000049, -7.607837192999966, 0.0 ], [ 110.726623879000044, -7.607831295999972, 0.0 ], [ 110.726623006000068, -7.607830419999971, 0.0 ], [ 110.726617920000081, -7.607824559999926, 0.0 ], [ 110.726617019000059, -7.607823653999958, 0.0 ], [ 110.726611964000085, -7.607817825999973, 0.0 ], [ 110.726611021000053, -7.607816877999937, 0.0 ], [ 110.72660600100005, -7.60781108499998, 0.0 ], [ 110.726605026000072, -7.607810102999963, 0.0 ], [ 110.726600039000061, -7.607804344999977, 0.0 ], [ 110.726599040000053, -7.60780333699995, 0.0 ], [ 110.726594086000034, -7.607797614999981, 0.0 ], [ 110.726593038000033, -7.607796558999951, 0.0 ], [ 110.726588124000045, -7.607790874999978, 0.0 ], [ 110.72658705300006, -7.607789793999927, 0.0 ], [ 110.726582167000061, -7.607784139999978, 0.0 ], [ 110.726581057000033, -7.607783018999953, 0.0 ], [ 110.726576206000061, -7.607777399999975, 0.0 ], [ 110.726575061000062, -7.607776242999932, 0.0 ], [ 110.726570242000037, -7.607770659999971, 0.0 ], [ 110.726569075000043, -7.607769477999966, 0.0 ], [ 110.726564290000056, -7.607763929999976, 0.0 ], [ 110.726563076000048, -7.607762699999967, 0.0 ], [ 110.726558327000077, -7.607757189999973, 0.0 ], [ 110.726557084000035, -7.607755930999929, 0.0 ], [ 110.726552371000082, -7.607750455999962, 0.0 ], [ 110.726551095000048, -7.607749161999948, 0.0 ], [ 110.726546405000079, -7.607743712999934, 0.0 ], [ 110.726545096000052, -7.607742382999959, 0.0 ], [ 110.726540449000083, -7.607736978999981, 0.0 ], [ 110.726539106000075, -7.607735613999978, 0.0 ], [ 110.726534493000088, -7.60773024599996, 0.0 ], [ 110.726533114000063, -7.60772884499994, 0.0 ], [ 110.726528530000053, -7.607723504999967, 0.0 ], [ 110.726527121000061, -7.607722070999955, 0.0 ], [ 110.726522571000089, -7.607716769999968, 0.0 ], [ 110.726521129000048, -7.607715298999949, 0.0 ], [ 110.726516610000033, -7.607710033999979, 0.0 ], [ 110.726515136000046, -7.607708525999954, 0.0 ], [ 110.726510652000059, -7.607703294999965, 0.0 ], [ 110.726509142000054, -7.607701753999947, 0.0 ], [ 110.726504694000084, -7.607696562999934, 0.0 ], [ 110.726503150000042, -7.607694982999931, 0.0 ], [ 110.726498733000085, -7.607689820999951, 0.0 ], [ 110.72649715700004, -7.607688211999971, 0.0 ], [ 110.726492774000064, -7.607683084999962, 0.0 ], [ 110.726491161000069, -7.607681434999961, 0.0 ], [ 110.726486814000054, -7.607676348999973, 0.0 ], [ 110.72648517500005, -7.607674669999938, 0.0 ], [ 110.726480855000034, -7.607669612999928, 0.0 ], [ 110.72647917900008, -7.607667892999928, 0.0 ], [ 110.726474898000049, -7.607662878999975, 0.0 ], [ 110.726473182000063, -7.607661118999943, 0.0 ], [ 110.726468932000046, -7.607656134999957, 0.0 ], [ 110.726467197000034, -7.60765435299993, 0.0 ], [ 110.726462978000086, -7.607649404999961, 0.0 ], [ 110.726461198000038, -7.607647573999941, 0.0 ], [ 110.72645701600004, -7.607642664999958, 0.0 ], [ 110.726455211000086, -7.607640808999975, 0.0 ], [ 110.726451060000045, -7.607635931999937, 0.0 ], [ 110.72644921300008, -7.607634033999943, 0.0 ], [ 110.726445094000042, -7.607629187999976, 0.0 ], [ 110.726443219000089, -7.607627255999944, 0.0 ], [ 110.726439137000057, -7.607622456999934, 0.0 ], [ 110.726437234000059, -7.607620492999956, 0.0 ], [ 110.726433181000061, -7.607615722999981, 0.0 ], [ 110.726431234000074, -7.607613713999967, 0.0 ], [ 110.726427218000083, -7.607608981999931, 0.0 ], [ 110.726425245000087, -7.607606942999951, 0.0 ], [ 110.726421258000073, -7.607602244999953, 0.0 ], [ 110.726419253000074, -7.607600171999934, 0.0 ], [ 110.726415299000053, -7.607595508999964, 0.0 ], [ 110.726413259000083, -7.607593400999974, 0.0 ], [ 110.726409338000053, -7.607588773999964, 0.0 ], [ 110.726407265000034, -7.607586626999932, 0.0 ], [ 110.726403382000058, -7.607582037999975, 0.0 ], [ 110.726401275000057, -7.607579854999926, 0.0 ], [ 110.726397420000069, -7.607575298999961, 0.0 ], [ 110.726395282000055, -7.607573081999931, 0.0 ], [ 110.72639145900007, -7.607568561999926, 0.0 ], [ 110.726389284000049, -7.607566307999946, 0.0 ], [ 110.726385500000049, -7.607561826999927, 0.0 ], [ 110.726383299000076, -7.607559541999933, 0.0 ], [ 110.726379540000039, -7.607555088999959, 0.0 ], [ 110.726377305000085, -7.607552765999969, 0.0 ], [ 110.726373584000044, -7.607548356999928, 0.0 ], [ 110.726371311000037, -7.607545994999953, 0.0 ], [ 110.726367617000051, -7.607541612999967, 0.0 ], [ 110.72636532000007, -7.607539219999978, 0.0 ], [ 110.726361664000081, -7.607534883999961, 0.0 ], [ 110.726359324000043, -7.607532443999958, 0.0 ], [ 110.726355702000035, -7.607528143999957, 0.0 ], [ 110.726353338000081, -7.60752568099997, 0.0 ], [ 110.726349741000035, -7.607521406999979, 0.0 ], [ 110.726347343000043, -7.607518902999971, 0.0 ], [ 110.726343781000082, -7.607514669999944, 0.0 ], [ 110.726341346000083, -7.60751212699995, 0.0 ], [ 110.726337822000062, -7.607507933999955, 0.0 ], [ 110.726335360000064, -7.607505361999927, 0.0 ], [ 110.726331865000077, -7.60750120199998, 0.0 ], [ 110.726329361000069, -7.607498581999948, 0.0 ], [ 110.726325901000052, -7.607494461999977, 0.0 ], [ 110.726323372000081, -7.607491812999967, 0.0 ], [ 110.726319945000057, -7.607487728999956, 0.0 ], [ 110.726317380000069, -7.607485041999951, 0.0 ], [ 110.726313979000054, -7.607480984999938, 0.0 ], [ 110.726311387000067, -7.607478267999966, 0.0 ], [ 110.726308023000058, -7.607474252999964, 0.0 ], [ 110.726305399000069, -7.607471498999928, 0.0 ], [ 110.726302065000084, -7.607467520999933, 0.0 ], [ 110.726299400000073, -7.607464719999939, 0.0 ], [ 110.726296102000049, -7.60746077999994, 0.0 ], [ 110.726293410000039, -7.607457949999969, 0.0 ], [ 110.726290142000039, -7.607454042999962, 0.0 ], [ 110.726287419000073, -7.607451178999952, 0.0 ], [ 110.726284182000086, -7.607447306999973, 0.0 ], [ 110.726281426000071, -7.607444405999956, 0.0 ], [ 110.726278223000065, -7.607440571999973, 0.0 ], [ 110.72627564700008, -7.607437857999969, 0.0 ], [ 110.726272264000045, -7.607433839999942, 0.0 ], [ 110.726270062000083, -7.607431540999926, 0.0 ], [ 110.726266292000048, -7.607427100999928, 0.0 ], [ 110.726264486000048, -7.607425226999965, 0.0 ], [ 110.726260334000074, -7.607420375999936, 0.0 ], [ 110.726258905000066, -7.607418906999953, 0.0 ], [ 110.726254363000066, -7.607413642999973, 0.0 ], [ 110.726253334000035, -7.607412591999946, 0.0 ], [ 110.726247801000056, -7.607406233999939, 0.0 ], [ 110.726242640000066, -7.607399543999975, 0.0 ], [ 110.726241121000044, -7.607397313999968, 0.0 ], [ 110.726237580000088, -7.607392754999978, 0.0 ], [ 110.726236217000064, -7.607390771999974, 0.0 ], [ 110.726232491000076, -7.607386003999977, 0.0 ], [ 110.726231283000061, -7.607384259999947, 0.0 ], [ 110.726227362000088, -7.60737927699995, 0.0 ], [ 110.726226322000059, -7.607377786999962, 0.0 ], [ 110.726222207000035, -7.607372589999954, 0.0 ], [ 110.72622133200008, -7.607371346999969, 0.0 ], [ 110.726218563000089, -7.607367873999976, 0.0 ], [ 110.726216442000066, -7.607364860999951, 0.0 ], [ 110.72621287000004, -7.607360376999964, 0.0 ], [ 110.726211488000047, -7.607358416999944, 0.0 ], [ 110.726207117000058, -7.60735292399994, 0.0 ], [ 110.726206485000034, -7.607352024999955, 0.0 ], [ 110.726201437000043, -7.60734567999998, 0.0 ], [ 110.726201287000038, -7.607345512999927, 0.0 ], [ 110.726196379000044, -7.607339341999932, 0.0 ], [ 110.726195356000062, -7.607338198999969, 0.0 ], [ 110.726191265000068, -7.607333052999934, 0.0 ], [ 110.726189368000064, -7.607330931999968, 0.0 ], [ 110.726186100000064, -7.607326819999969, 0.0 ], [ 110.726183315000071, -7.607323700999927, 0.0 ], [ 110.726180872000043, -7.607320627999968, 0.0 ], [ 110.726177213000085, -7.607316529999935, 0.0 ], [ 110.726175600000033, -7.607314499999973, 0.0 ], [ 110.726171044000068, -7.607309395999948, 0.0 ], [ 110.726170262000039, -7.607308409999973, 0.0 ], [ 110.726164875000052, -7.607302373999971, 0.0 ], [ 110.726164822000044, -7.607302317999938, 0.0 ], [ 110.726159496000037, -7.607296345999941, 0.0 ], [ 110.726158482000073, -7.607295331999978, 0.0 ], [ 110.726154054000062, -7.607290362999947, 0.0 ], [ 110.726152097000067, -7.607288403999974, 0.0 ], [ 110.726148562000049, -7.607284436999976, 0.0 ], [ 110.726145656000085, -7.607281525999952, 0.0 ], [ 110.726143016000037, -7.607278559999941, 0.0 ], [ 110.726139153000076, -7.607274687999961, 0.0 ], [ 110.726137415000039, -7.60727273599997, 0.0 ], [ 110.726084934000085, -7.607222258999968, 0.0 ], [ 110.726079010000035, -7.607216935999929, 0.0 ], [ 110.726077863000057, -7.607216016999928, 0.0 ], [ 110.726072944000066, -7.607211594999967, 0.0 ], [ 110.726070748000041, -7.607209834999935, 0.0 ], [ 110.726066831000082, -7.607206312999949, 0.0 ], [ 110.726063580000073, -7.60720370599995, 0.0 ], [ 110.726060655000083, -7.607201073999931, 0.0 ], [ 110.726056364000044, -7.607197633999931, 0.0 ], [ 110.726054433000058, -7.60719589699994, 0.0 ], [ 110.726049105000072, -7.607191623999938, 0.0 ], [ 110.726048160000062, -7.607190771999967, 0.0 ], [ 110.726041851000048, -7.607185712999978, 0.0 ], [ 110.726041793000036, -7.607185669999978, 0.0 ], [ 110.726035522000075, -7.607180638999978, 0.0 ], [ 110.726034388000073, -7.607179830999939, 0.0 ], [ 110.726030519000062, -7.607176723999942, 0.0 ], [ 110.726026880000063, -7.607174136999959, 0.0 ], [ 110.726023361000045, -7.607171310999945, 0.0 ], [ 110.726019342000086, -7.607168452999929, 0.0 ], [ 110.726016192000088, -7.607165921999979, 0.0 ], [ 110.726011812000081, -7.607162810999966, 0.0 ], [ 110.726009006000083, -7.60716055499995, 0.0 ], [ 110.726004256000067, -7.607157179999945, 0.0 ], [ 110.726001808000035, -7.607155212999942, 0.0 ], [ 110.725996684000052, -7.607151574999932, 0.0 ], [ 110.725994582000055, -7.607149884999956, 0.0 ], [ 110.725989110000057, -7.607145998999954, 0.0 ], [ 110.725987359000044, -7.607144589999962, 0.0 ], [ 110.725981513000079, -7.607140442999935, 0.0 ], [ 110.725980107000055, -7.60713930999998, 0.0 ], [ 110.725973901000089, -7.607134905999942, 0.0 ], [ 110.725972840000054, -7.607134051999935, 0.0 ], [ 110.725965536000047, -7.607128871999976, 0.0 ], [ 110.725963991000071, -7.607127910999964, 0.0 ], [ 110.725958134000052, -7.607123815999955, 0.0 ], [ 110.725957479000044, -7.607123415999979, 0.0 ], [ 110.725950972000078, -7.607118936999939, 0.0 ], [ 110.725950737000062, -7.607118755999977, 0.0 ], [ 110.725944437000067, -7.607114484999954, 0.0 ], [ 110.725943358000052, -7.607113666999965, 0.0 ], [ 110.725937909000038, -7.607110029999944, 0.0 ], [ 110.725935978000052, -7.607108588999949, 0.0 ], [ 110.725931378000041, -7.607105563999937, 0.0 ], [ 110.725928597000063, -7.607103515999938, 0.0 ], [ 110.725924862000056, -7.607101099999966, 0.0 ], [ 110.725921203000041, -7.607098442999927, 0.0 ], [ 110.725917878000075, -7.607096325999976, 0.0 ], [ 110.72591380700004, -7.607093369999973, 0.0 ], [ 110.725910442000043, -7.607091225999966, 0.0 ], [ 110.725906427000041, -7.60708830699997, 0.0 ], [ 110.725903014000039, -7.607086131999949, 0.0 ], [ 110.725899033000076, -7.607083234999948, 0.0 ], [ 110.725895578000063, -7.60708103199994, 0.0 ], [ 110.725891638000064, -7.607078164999962, 0.0 ], [ 110.72588815000006, -7.607075934999955, 0.0 ], [ 110.725884258000065, -7.60707309999998, 0.0 ], [ 110.725880719000088, -7.60707083899996, 0.0 ], [ 110.725876862000064, -7.607068026999968, 0.0 ], [ 110.725873282000066, -7.60706573899995, 0.0 ], [ 110.72586947700006, -7.60706296099994, 0.0 ], [ 110.725865854000062, -7.607060642999954, 0.0 ], [ 110.725862078000034, -7.607057886999939, 0.0 ], [ 110.725858419000076, -7.607055541999955, 0.0 ], [ 110.725854693000088, -7.607052821999957, 0.0 ], [ 110.725850990000083, -7.607050446999949, 0.0 ], [ 110.725847307000038, -7.60704775399995, 0.0 ], [ 110.725843558000065, -7.607045348999975, 0.0 ], [ 110.725839909000058, -7.607042677999971, 0.0 ], [ 110.725836122000089, -7.607040248999965, 0.0 ], [ 110.725832523000065, -7.607037611999942, 0.0 ], [ 110.725828695000075, -7.607035153999959, 0.0 ], [ 110.725825137000072, -7.607032545999971, 0.0 ], [ 110.725821259000043, -7.60703005299996, 0.0 ], [ 110.72581774400004, -7.607027473999949, 0.0 ], [ 110.72581383000005, -7.607024957999954, 0.0 ], [ 110.725810352000053, -7.607022405999942, 0.0 ], [ 110.725806391000049, -7.60701985299994, 0.0 ], [ 110.725802962000046, -7.607017336999945, 0.0 ], [ 110.72579896700006, -7.607014760999959, 0.0 ], [ 110.725795574000074, -7.607012268999938, 0.0 ], [ 110.725791535000042, -7.607009663999975, 0.0 ], [ 110.725788187000035, -7.607007200999931, 0.0 ], [ 110.725784100000055, -7.607004563999965, 0.0 ], [ 110.725780789000055, -7.607002125999941, 0.0 ], [ 110.725776672000052, -7.60699946799997, 0.0 ], [ 110.725773404000051, -7.606997060999959, 0.0 ], [ 110.725769236000076, -7.60699436699997, 0.0 ], [ 110.72576601600008, -7.60699199499993, 0.0 ], [ 110.725761808000073, -7.606989272999954, 0.0 ], [ 110.725758619000032, -7.606986918999951, 0.0 ], [ 110.725754377000044, -7.60698417499998, 0.0 ], [ 110.725751237000054, -7.606981855999948, 0.0 ], [ 110.725746941000068, -7.60697907499997, 0.0 ], [ 110.725743843000089, -7.606976784999972, 0.0 ], [ 110.725739513000065, -7.606973978999974, 0.0 ], [ 110.725736453000081, -7.606971715999975, 0.0 ], [ 110.725732077000089, -7.606968877999975, 0.0 ], [ 110.725729062000084, -7.606966647999968, 0.0 ], [ 110.725724649000085, -7.60696378199998, 0.0 ], [ 110.725721673000066, -7.606961577999925, 0.0 ], [ 110.725717217000067, -7.606958683999949, 0.0 ], [ 110.725714283000059, -7.606956510999964, 0.0 ], [ 110.725709782000081, -7.606953583999939, 0.0 ], [ 110.725706891000073, -7.606951438999943, 0.0 ], [ 110.725702353000088, -7.606948488999933, 0.0 ], [ 110.725699503000044, -7.606946371999925, 0.0 ], [ 110.725694919000034, -7.60694338899998, 0.0 ], [ 110.725692116000062, -7.606941306999943, 0.0 ], [ 110.725687489000052, -7.606938291999938, 0.0 ], [ 110.72568472200004, -7.606936233999932, 0.0 ], [ 110.725680057000034, -7.606933195999943, 0.0 ], [ 110.725677327000085, -7.606931160999977, 0.0 ], [ 110.725672624000083, -7.606928094999944, 0.0 ], [ 110.725669946000039, -7.606926097999974, 0.0 ], [ 110.725665195000033, -7.606922997999959, 0.0 ], [ 110.725662552000074, -7.606921028999977, 0.0 ], [ 110.725657760000047, -7.60691789699996, 0.0 ], [ 110.725655162000066, -7.606915958999934, 0.0 ], [ 110.725650331000054, -7.606912802999943, 0.0 ], [ 110.72564777000008, -7.606910890999927, 0.0 ], [ 110.725642900000082, -7.606907702999933, 0.0 ], [ 110.725640381000062, -7.606905820999941, 0.0 ], [ 110.725635466000085, -7.606902601999934, 0.0 ], [ 110.72563299400008, -7.60690075499997, 0.0 ], [ 110.725628036000046, -7.606897506999928, 0.0 ], [ 110.725625595000054, -7.60689567999998, 0.0 ], [ 110.725620602000049, -7.606892405999929, 0.0 ], [ 110.72561821000005, -7.606890614999941, 0.0 ], [ 110.725613174000046, -7.606887309999934, 0.0 ], [ 110.725610823000068, -7.606885549999959, 0.0 ], [ 110.725605742000084, -7.60688221199996, 0.0 ], [ 110.725603430000035, -7.606880477999937, 0.0 ], [ 110.725598307000041, -7.60687711199995, 0.0 ], [ 110.725596037000059, -7.606875407999951, 0.0 ], [ 110.725590879000038, -7.606872015999954, 0.0 ], [ 110.725588649000088, -7.606870339999944, 0.0 ], [ 110.725583442000072, -7.606866915999944, 0.0 ], [ 110.72558125900008, -7.606865272999926, 0.0 ], [ 110.725576016000048, -7.60686181799997, 0.0 ], [ 110.725573866000047, -7.60686020199995, 0.0 ], [ 110.725568585000076, -7.606856719999939, 0.0 ], [ 110.725566478000076, -7.606855133999943, 0.0 ], [ 110.725561145000086, -7.606851615999972, 0.0 ], [ 110.725559088000068, -7.606850067999972, 0.0 ], [ 110.725553722000086, -7.606846522999945, 0.0 ], [ 110.725551701000086, -7.606845000999954, 0.0 ], [ 110.725546287000043, -7.606841422999935, 0.0 ], [ 110.72554430200006, -7.606839925999964, 0.0 ], [ 110.725538859000039, -7.60683632699994, 0.0 ], [ 110.725536917000056, -7.606834860999982, 0.0 ], [ 110.72547250100007, -7.606788447999975, 0.0 ], [ 110.725465879000069, -7.606783417999964, 0.0 ], [ 110.725465364000058, -7.606782974999931, 0.0 ], [ 110.725458719000073, -7.606777923999971, 0.0 ], [ 110.725458239000034, -7.606777509999972, 0.0 ], [ 110.725451564000082, -7.606772434999925, 0.0 ], [ 110.725451100000043, -7.606772034999949, 0.0 ], [ 110.725444404000086, -7.606766941999979, 0.0 ], [ 110.725443962000043, -7.606766560999972, 0.0 ], [ 110.725437248000048, -7.606761450999954, 0.0 ], [ 110.725436832000071, -7.606761091999942, 0.0 ], [ 110.72543008100007, -7.606755950999968, 0.0 ], [ 110.725429699000074, -7.606755623999959, 0.0 ], [ 110.725422930000036, -7.606750465999937, 0.0 ], [ 110.725422564000041, -7.606750151999961, 0.0 ], [ 110.725415767000072, -7.606744969999966, 0.0 ], [ 110.725415430000055, -7.606744681999942, 0.0 ], [ 110.725408612000081, -7.606739479999931, 0.0 ], [ 110.725408292000054, -7.606739205999929, 0.0 ], [ 110.725401444000056, -7.606733979999944, 0.0 ], [ 110.725401167000086, -7.60673374199996, 0.0 ], [ 110.725394293000079, -7.60672849599996, 0.0 ], [ 110.725394028000039, -7.606728267999927, 0.0 ], [ 110.725387131000048, -7.606723000999978, 0.0 ], [ 110.725386890000038, -7.60672279399995, 0.0 ], [ 110.725379975000067, -7.606717509999953, 0.0 ], [ 110.725379759000077, -7.606717324999977, 0.0 ], [ 110.725372808000088, -7.606712009999967, 0.0 ], [ 110.725372631000084, -7.606711857999926, 0.0 ], [ 110.725365657000054, -7.606706524999936, 0.0 ], [ 110.725365488000079, -7.606706379999935, 0.0 ], [ 110.725358494000034, -7.606701028999964, 0.0 ], [ 110.725358358000051, -7.606700911999951, 0.0 ], [ 110.725351339000042, -7.606695538999929, 0.0 ], [ 110.725351224000065, -7.606695439999953, 0.0 ], [ 110.725344171000074, -7.606690040999979, 0.0 ], [ 110.725344091000068, -7.606689969999934, 0.0 ], [ 110.725337021000087, -7.606684554999958, 0.0 ], [ 110.725336957000081, -7.606684498999925, 0.0 ], [ 110.725329858000066, -7.60667905899993, 0.0 ], [ 110.725329822000049, -7.606679027999974, 0.0 ], [ 110.725322693000066, -7.60667356099998, 0.0 ], [ 110.72531556000007, -7.606668088999982, 0.0 ], [ 110.725315533000071, -7.606668069999955, 0.0 ], [ 110.725308418000054, -7.606662609999944, 0.0 ], [ 110.725308384000073, -7.60666258599997, 0.0 ], [ 110.725301290000061, -7.60665714199996, 0.0 ], [ 110.725301220000063, -7.606657090999931, 0.0 ], [ 110.725294173000066, -7.606651678999981, 0.0 ], [ 110.725287261000062, -7.606646386999955, 0.0 ], [ 110.725287025000057, -7.606646186999967, 0.0 ], [ 110.725280333000057, -7.606641080999964, 0.0 ], [ 110.725279900000089, -7.60664071399998, 0.0 ], [ 110.725273407000088, -7.606635775999962, 0.0 ], [ 110.725272770000061, -7.606635238999957, 0.0 ], [ 110.725266478000037, -7.606630468999981, 0.0 ], [ 110.725265641000078, -7.606629762999944, 0.0 ], [ 110.725259565000044, -7.606625171999951, 0.0 ], [ 110.72525851000006, -7.606624286999931, 0.0 ], [ 110.725252638000086, -7.606619862999935, 0.0 ], [ 110.725251379000042, -7.606618811999965, 0.0 ], [ 110.725245714000039, -7.606614558999979, 0.0 ], [ 110.725244242000088, -7.606613335999953, 0.0 ], [ 110.725238795000053, -7.606609254999967, 0.0 ], [ 110.725237122000067, -7.606607867999969, 0.0 ], [ 110.725231869000083, -7.60660394699994, 0.0 ], [ 110.725229985000055, -7.606602388999931, 0.0 ], [ 110.725224946000083, -7.60659863799998, 0.0 ], [ 110.725222848000044, -7.606596911999929, 0.0 ], [ 110.725218028000086, -7.606593335999946, 0.0 ], [ 110.725215722000087, -7.606591441999967, 0.0 ], [ 110.725211096000066, -7.606588020999936, 0.0 ], [ 110.725208594000037, -7.606585974999973, 0.0 ], [ 110.725204179000059, -7.606582716999981, 0.0 ], [ 110.725201452000078, -7.606580492999967, 0.0 ], [ 110.725197259000083, -7.606577408999954, 0.0 ], [ 110.725194323000039, -7.606575023999937, 0.0 ], [ 110.725190342000076, -7.606572103999952, 0.0 ], [ 110.725187189000053, -7.606569552999929, 0.0 ], [ 110.725183417000039, -7.606566791999967, 0.0 ], [ 110.725180058000035, -7.606564080999931, 0.0 ], [ 110.725176700000077, -7.606561632999956, 0.0 ], [ 110.725172923000059, -7.606558609999979, 0.0 ], [ 110.72517016900008, -7.606556617999956, 0.0 ], [ 110.725165781000044, -7.606553138999971, 0.0 ], [ 110.725163649000081, -7.606551610999929, 0.0 ], [ 110.725158649000036, -7.60654767699998, 0.0 ], [ 110.725157122000041, -7.606546590999926, 0.0 ], [ 110.725151512000082, -7.606542217999959, 0.0 ], [ 110.725150606000057, -7.606541578999952, 0.0 ], [ 110.725144360000058, -7.60653674799994, 0.0 ], [ 110.725144083000089, -7.606536553999945, 0.0 ], [ 110.725137559000075, -7.606531551999979, 0.0 ], [ 110.725137233000055, -7.606531279999956, 0.0 ], [ 110.72513101800007, -7.60652655399997, 0.0 ], [ 110.725130108000087, -7.606525796999961, 0.0 ], [ 110.725124482000069, -7.606521555999961, 0.0 ], [ 110.725122981000084, -7.606520319999959, 0.0 ], [ 110.725121396000077, -7.60651913199996, 0.0 ], [ 110.725117448000049, -7.606515594999962, 0.0 ], [ 110.725116230000083, -7.606514397999945, 0.0 ], [ 110.725110536000045, -7.606509306999953, 0.0 ], [ 110.725109686000053, -7.606508474999941, 0.0 ], [ 110.725103609000087, -7.606503040999939, 0.0 ], [ 110.725103244000081, -7.606502682999974, 0.0 ], [ 110.725096780000058, -7.606496898999978, 0.0 ], [ 110.725096665000081, -7.606496807999974, 0.0 ], [ 110.725090317000081, -7.606491122999955, 0.0 ], [ 110.725089685000057, -7.606490606999955, 0.0 ], [ 110.725083837000057, -7.606485366999948, 0.0 ], [ 110.72508268100006, -7.606484424999962, 0.0 ], [ 110.725077335000037, -7.606479633999982, 0.0 ], [ 110.72507567100007, -7.606478273999926, 0.0 ], [ 110.725070818000063, -7.606473923999943, 0.0 ], [ 110.725068642000053, -7.60647214599993, 0.0 ], [ 110.725064283000052, -7.606468233999976, 0.0 ], [ 110.725061586000038, -7.606466029999979, 0.0 ], [ 110.725057728000081, -7.606462565999948, 0.0 ], [ 110.725054521000061, -7.606459943999937, 0.0 ], [ 110.725051159000088, -7.606456924999975, 0.0 ], [ 110.725047964000055, -7.606454311999926, 0.0 ], [ 110.725044561000061, -7.606451293999953, 0.0 ], [ 110.725041905000069, -7.606449148999957, 0.0 ], [ 110.725037951000047, -7.60644568999993, 0.0 ], [ 110.725035838000053, -7.606444007999926, 0.0 ], [ 110.725031329000046, -7.606440113999952, 0.0 ], [ 110.725029142000039, -7.606438394999941, 0.0 ], [ 110.72502468600004, -7.606434539999952, 0.0 ], [ 110.725021827000035, -7.60643228899994, 0.0 ], [ 110.725018029000069, -7.606428991999962, 0.0 ], [ 110.725014502000079, -7.606426204999934, 0.0 ], [ 110.72501135300007, -7.606423465999967, 0.0 ], [ 110.725007156000061, -7.606420140999944, 0.0 ], [ 110.725004656000067, -7.606417960999977, 0.0 ], [ 110.724999791000073, -7.606414098999949, 0.0 ], [ 110.724997942000073, -7.606412481999939, 0.0 ], [ 110.72499240500008, -7.60640807599998, 0.0 ], [ 110.724991206000084, -7.606407026999932, 0.0 ], [ 110.72498500100005, -7.60640207299997, 0.0 ], [ 110.724984453000047, -7.606401591999941, 0.0 ], [ 110.72497768900007, -7.606396178999944, 0.0 ], [ 110.72497757800005, -7.606396100999973, 0.0 ], [ 110.724970916000075, -7.60639075499995, 0.0 ], [ 110.724970103000089, -7.606390161999968, 0.0 ], [ 110.724969287000079, -7.606389505999971, 0.0 ], [ 110.724962524000034, -7.606384574999936, 0.0 ], [ 110.724962429000072, -7.606384511999977, 0.0 ], [ 110.724955779000084, -7.606379665999953, 0.0 ], [ 110.724954697000044, -7.606378952999933, 0.0 ], [ 110.72494898900004, -7.606374797999933, 0.0 ], [ 110.724946913000053, -7.606373430999952, 0.0 ], [ 110.724942164000083, -7.606369973999961, 0.0 ], [ 110.724939105000033, -7.606367960999933, 0.0 ], [ 110.724935309000045, -7.606365199999971, 0.0 ], [ 110.724931266000056, -7.606362541999943, 0.0 ], [ 110.724928423000051, -7.606360477999942, 0.0 ], [ 110.724923385000068, -7.606357166999942, 0.0 ], [ 110.724921490000042, -7.606355789999952, 0.0 ], [ 110.724915475000046, -7.606351841999981, 0.0 ], [ 110.724914537000075, -7.606351161999953, 0.0 ], [ 110.724907550000069, -7.606346575999964, 0.0 ], [ 110.724900559000048, -7.606341995999969, 0.0 ], [ 110.724899535000077, -7.606341389999955, 0.0 ], [ 110.724893536000081, -7.606337459999963, 0.0 ], [ 110.724891506000063, -7.606336262999946, 0.0 ], [ 110.724886482000045, -7.60633297499993, 0.0 ], [ 110.72488343100008, -7.606331176999959, 0.0 ], [ 110.724879403000045, -7.606328541999972, 0.0 ], [ 110.724875349000058, -7.606326154999977, 0.0 ], [ 110.724872284000071, -7.606324150999967, 0.0 ], [ 110.72486721100006, -7.606321168999955, 0.0 ], [ 110.724865138000041, -7.60631981399996, 0.0 ], [ 110.724859174000073, -7.606316308999965, 0.0 ], [ 110.724857967000048, -7.606315523999967, 0.0 ], [ 110.72485120500005, -7.606311563999952, 0.0 ], [ 110.724850760000038, -7.606311276999975, 0.0 ], [ 110.724843540000052, -7.606307064999953, 0.0 ], [ 110.724843201000056, -7.606306887999949, 0.0 ], [ 110.724836298000071, -7.606302875999972, 0.0 ], [ 110.724835162000034, -7.606302285999959, 0.0 ], [ 110.724829034000038, -7.606298737999964, 0.0 ], [ 110.724827090000076, -7.606297732999963, 0.0 ], [ 110.724821739000049, -7.606294645999981, 0.0 ], [ 110.72481898400008, -7.60629322799997, 0.0 ], [ 110.724814417000061, -7.606290602999934, 0.0 ], [ 110.724810865000052, -7.606288780999932, 0.0 ], [ 110.724807070000054, -7.606286608999937, 0.0 ], [ 110.724802700000055, -7.606284375999962, 0.0 ], [ 110.724799697000037, -7.606282662999945, 0.0 ], [ 110.724701683000035, -7.606235474999949, 0.0 ], [ 110.724694186000079, -7.606232281999951, 0.0 ], [ 110.724693981000087, -7.606232182999975, 0.0 ], [ 110.724686269000074, -7.60622891099996, 0.0 ], [ 110.724685526000087, -7.606228637999948, 0.0 ], [ 110.724678545000074, -7.606225678999976, 0.0 ], [ 110.724676721000037, -7.606225008999957, 0.0 ], [ 110.724670795000065, -7.606222498999955, 0.0 ], [ 110.724667897000074, -7.606221434999952, 0.0 ], [ 110.724663019000047, -7.606219371999941, 0.0 ], [ 110.724659041000052, -7.606217913999956, 0.0 ], [ 110.72465522400006, -7.606216298999925, 0.0 ], [ 110.724650171000064, -7.606214447999946, 0.0 ], [ 110.72464741400006, -7.606213281999942, 0.0 ], [ 110.724641287000054, -7.606211039999948, 0.0 ], [ 110.724639572000058, -7.606210315999931, 0.0 ], [ 110.724632372000087, -7.60620768299998, 0.0 ], [ 110.724631704000046, -7.606207400999949, 0.0 ], [ 110.724623836000035, -7.606204525999942, 0.0 ], [ 110.72462343400008, -7.606204400999957, 0.0 ], [ 110.724615953000068, -7.606201670999951, 0.0 ], [ 110.724614470000063, -7.606201209999938, 0.0 ], [ 110.72460804900004, -7.606198868999968, 0.0 ], [ 110.724605476000079, -7.606198072999973, 0.0 ], [ 110.724600124000062, -7.606196121999972, 0.0 ], [ 110.72459647800008, -7.606194992999974, 0.0 ], [ 110.724592181000048, -7.606193428999973, 0.0 ], [ 110.724587453000083, -7.606191966999972, 0.0 ], [ 110.724584216000039, -7.606190788999982, 0.0 ], [ 110.724578410000049, -7.606188998999926, 0.0 ], [ 110.724576239000044, -7.606188206999946, 0.0 ], [ 110.724569356000075, -7.60618608599998, 0.0 ], [ 110.724568244000068, -7.606185680999943, 0.0 ], [ 110.724560275000044, -7.606183226999974, 0.0 ], [ 110.724560219000068, -7.606183205999969, 0.0 ], [ 110.724552199000073, -7.606180736999931, 0.0 ], [ 110.724551176000034, -7.606180477999942, 0.0 ], [ 110.724544164000065, -7.606178322999938, 0.0 ], [ 110.724542042000053, -7.606177783999954, 0.0 ], [ 110.724536107000063, -7.606175960999963, 0.0 ], [ 110.724532916000044, -7.606175152999981, 0.0 ], [ 110.72452803300007, -7.606173653999974, 0.0 ], [ 110.724523753000085, -7.606172571999934, 0.0 ], [ 110.724519943000075, -7.606171402999962, 0.0 ], [ 110.724514584000076, -7.606170051999925, 0.0 ], [ 110.724511843000073, -7.606169211999941, 0.0 ], [ 110.724505410000063, -7.606167588999938, 0.0 ], [ 110.724503715000083, -7.606167070999959, 0.0 ], [ 110.724496206000083, -7.606165178999959, 0.0 ], [ 110.724495576000038, -7.606164987999932, 0.0 ], [ 110.724487440000075, -7.606162941999969, 0.0 ], [ 110.724486993000085, -7.606162852999944, 0.0 ], [ 110.724479279000036, -7.606160913999929, 0.0 ], [ 110.724477756000056, -7.606160612999929, 0.0 ], [ 110.724471102000052, -7.606158943999958, 0.0 ], [ 110.724468513000033, -7.606158431999972, 0.0 ], [ 110.724462929000083, -7.606157033999978, 0.0 ], [ 110.724459238000065, -7.606156304999956, 0.0 ], [ 110.724454722000075, -7.606155174999969, 0.0 ], [ 110.72444997100007, -7.606154240999956, 0.0 ], [ 110.724446519000082, -7.606153376999941, 0.0 ], [ 110.724440694000066, -7.606152231999943, 0.0 ], [ 110.72443828300004, -7.606151629999943, 0.0 ], [ 110.724431389000074, -7.606150276999927, 0.0 ], [ 110.724430053000049, -7.60614994499997, 0.0 ], [ 110.724422084000082, -7.606148382999947, 0.0 ], [ 110.724421801000062, -7.606148312999949, 0.0 ], [ 110.724413540000057, -7.606146697999975, 0.0 ], [ 110.724412766000057, -7.606146586999955, 0.0 ], [ 110.724405282000077, -7.606145126999934, 0.0 ], [ 110.724403425000048, -7.606144861999951, 0.0 ], [ 110.724397, -7.606143611999926, 0.0 ], [ 110.724394079000035, -7.606143196999938, 0.0 ], [ 110.724388715000089, -7.606142152999951, 0.0 ], [ 110.724384721000035, -7.606141587999957, 0.0 ], [ 110.724380409000048, -7.606140751999931, 0.0 ], [ 110.724375369000086, -7.606140039999957, 0.0 ], [ 110.724372103000064, -7.606139404999965, 0.0 ], [ 110.724365986000066, -7.606138546999944, 0.0 ], [ 110.724363785000037, -7.606138117999933, 0.0 ], [ 110.724356612000065, -7.606137112999932, 0.0 ], [ 110.72435544700005, -7.606136886999934, 0.0 ], [ 110.72434723300006, -7.606135736999931, 0.0 ], [ 110.724347111000043, -7.606135714999937, 0.0 ], [ 110.724338768000052, -7.606134549999979, 0.0 ], [ 110.724337830000081, -7.606134467999937, 0.0 ], [ 110.724330791000057, -7.606133487999955, 0.0 ], [ 110.724330418000079, -7.606133436999926, 0.0 ], [ 110.724328421000052, -7.606133263999936, 0.0 ], [ 110.724322058000041, -7.606132378999973, 0.0 ], [ 110.724319007000076, -7.606132116999959, 0.0 ], [ 110.724313689000041, -7.606131379999965, 0.0 ], [ 110.724309589000086, -7.606131029999972, 0.0 ], [ 110.724305303000051, -7.606130436999933, 0.0 ], [ 110.724300166000035, -7.60613000099994, 0.0 ], [ 110.724296927000069, -7.60612955299996, 0.0 ], [ 110.724296326000058, -7.606129501999931, 0.0 ], [ 110.724288849000061, -7.606129274999944, 0.0 ], [ 110.724287404000052, -7.606129150999948, 0.0 ], [ 110.724279799000044, -7.606128917999968, 0.0 ], [ 110.724278478000087, -7.606128805999958, 0.0 ], [ 110.724270729000068, -7.606128568999964, 0.0 ], [ 110.724269563000064, -7.606128469999931, 0.0 ], [ 110.724260644000083, -7.60612819499994, 0.0 ], [ 110.724254669000061, -7.606128341999977, 0.0 ], [ 110.724251720000041, -7.606128300999956, 0.0 ], [ 110.724248357000079, -7.606128438999974, 0.0 ], [ 110.724242812000057, -7.60612845299994, 0.0 ], [ 110.72424204400005, -7.606128497999975, 0.0 ], [ 110.72423440700004, -7.606128642999977, 0.0 ], [ 110.72423389800008, -7.606128625999929, 0.0 ], [ 110.724225444000069, -7.606128792999925, 0.0 ], [ 110.724224989000049, -7.606128774999945, 0.0 ], [ 110.724216480000052, -7.606128947999935, 0.0 ], [ 110.724216075000072, -7.606128933999969, 0.0 ], [ 110.724207517000082, -7.606129108999937, 0.0 ], [ 110.72420715800007, -7.60612909699995, 0.0 ], [ 110.724198553000065, -7.606129277999969, 0.0 ], [ 110.72419824900004, -7.606129267999961, 0.0 ], [ 110.724189589000048, -7.606129453999927, 0.0 ], [ 110.724189332000037, -7.606129445999954, 0.0 ], [ 110.724180624000041, -7.60612963799997, 0.0 ], [ 110.724180415000035, -7.606129631999977, 0.0 ], [ 110.724171661000071, -7.60612982899994, 0.0 ], [ 110.724171506000062, -7.606129821999957, 0.0 ], [ 110.724162698000043, -7.60613002499997, 0.0 ], [ 110.724162586000034, -7.606130020999956, 0.0 ], [ 110.724153734000083, -7.606130229999962, 0.0 ], [ 110.724153669000088, -7.606130225999948, 0.0 ], [ 110.724144765000062, -7.60613043799998, 0.0 ], [ 110.724135840000088, -7.606130654999959, 0.0 ], [ 110.724135806000049, -7.606130658999973, 0.0 ], [ 110.72412692100005, -7.606130878999977, 0.0 ], [ 110.724126844000068, -7.60613088499997, 0.0 ], [ 110.724118010000041, -7.606131107999943, 0.0 ], [ 110.724117880000051, -7.60613111899994, 0.0 ], [ 110.724109088000034, -7.606131346999973, 0.0 ], [ 110.724108917000081, -7.606131360999939, 0.0 ], [ 110.724100178000072, -7.606131588999972, 0.0 ], [ 110.724099952000074, -7.606131607999941, 0.0 ], [ 110.724091250000072, -7.606131839999932, 0.0 ], [ 110.724090988000057, -7.606131863999963, 0.0 ], [ 110.724082335000048, -7.606132097999932, 0.0 ], [ 110.724082025000087, -7.606132124999931, 0.0 ], [ 110.72407342200006, -7.606132362999972, 0.0 ], [ 110.724073062000059, -7.606132392999939, 0.0 ], [ 110.724064500000054, -7.606132633999948, 0.0 ], [ 110.724064097000053, -7.606132668999976, 0.0 ], [ 110.724055577000058, -7.606132912999954, 0.0 ], [ 110.724055134000082, -7.606132951999939, 0.0 ], [ 110.724047772000063, -7.60613316499996, 0.0 ], [ 110.724046656000041, -7.606133197999952, 0.0 ], [ 110.724046170000065, -7.606133240999952, 0.0 ], [ 110.724037740000085, -7.60613349099998, 0.0 ], [ 110.724037207000038, -7.606133536999948, 0.0 ], [ 110.724028816000043, -7.606133788999955, 0.0 ], [ 110.724028243000078, -7.606133839999927, 0.0 ], [ 110.724019892000058, -7.606134096999938, 0.0 ], [ 110.724019279000061, -7.606134150999935, 0.0 ], [ 110.724010976000045, -7.606134406999956, 0.0 ], [ 110.724010315000044, -7.606134466999947, 0.0 ], [ 110.724002048000045, -7.606134726999926, 0.0 ], [ 110.724001351000084, -7.606134791999978, 0.0 ], [ 110.72399312400006, -7.606135053999935, 0.0 ], [ 110.723992388000056, -7.606135122999945, 0.0 ], [ 110.723984198000039, -7.606135387999927, 0.0 ], [ 110.72398342300005, -7.606135459999962, 0.0 ], [ 110.723975280000047, -7.60613572799997, 0.0 ], [ 110.723974460000079, -7.606135804999951, 0.0 ], [ 110.723972184000047, -7.606135879999954, 0.0 ], [ 110.723966326000038, -7.606135734999953, 0.0 ], [ 110.72396352700008, -7.606135838999933, 0.0 ], [ 110.723957373000076, -7.60613570199996, 0.0 ], [ 110.723954886000058, -7.606135800999937, 0.0 ], [ 110.723946242000068, -7.60613563499993, 0.0 ], [ 110.723939941000083, -7.606135134999931, 0.0 ], [ 110.723937644000046, -7.606135095999946, 0.0 ], [ 110.723930907000067, -7.606134580999935, 0.0 ], [ 110.723929032000058, -7.606134555999972, 0.0 ], [ 110.723921886000085, -7.606134029999964, 0.0 ], [ 110.723920437000061, -7.606134016999931, 0.0 ], [ 110.723912858000062, -7.606133481999962, 0.0 ], [ 110.723911826000062, -7.606133473999932, 0.0 ], [ 110.723903824000047, -7.606132932999969, 0.0 ], [ 110.723903230000076, -7.606132929999944, 0.0 ], [ 110.723894803000064, -7.606132385999956, 0.0 ], [ 110.723894618000088, -7.606132384999967, 0.0 ], [ 110.723886022000045, -7.60613185699998, 0.0 ], [ 110.723885775000042, -7.606131826999956, 0.0 ], [ 110.723877407000089, -7.606131337999955, 0.0 ], [ 110.723876741000083, -7.606131256999959, 0.0 ], [ 110.723868808000077, -7.606130814999972, 0.0 ], [ 110.723867721000033, -7.606130686999961, 0.0 ], [ 110.723860197000079, -7.606130292999978, 0.0 ], [ 110.723858694000057, -7.606130119999932, 0.0 ], [ 110.723851598000067, -7.606129768999949, 0.0 ], [ 110.723849659000052, -7.60612955299996, 0.0 ], [ 110.723842984000044, -7.606129243999931, 0.0 ], [ 110.723343468000053, -7.606116850999967, 0.0 ], [ 110.723336529000051, -7.606116795999981, 0.0 ], [ 110.723334436000073, -7.606116652999958, 0.0 ], [ 110.723327582000081, -7.60611659999995, 0.0 ], [ 110.723325395000074, -7.606116451999981, 0.0 ], [ 110.723318628000072, -7.606116403999977, 0.0 ], [ 110.723316348000083, -7.606116250999946, 0.0 ], [ 110.723309665000045, -7.606116206999957, 0.0 ], [ 110.723307315000056, -7.606116053999926, 0.0 ], [ 110.723300718000075, -7.606116012999962, 0.0 ], [ 110.723298275000047, -7.606115851999959, 0.0 ], [ 110.723291914000072, -7.606115816999932, 0.0 ], [ 110.723289228000056, -7.606115647999957, 0.0 ], [ 110.723286390000055, -7.606115639999928, 0.0 ], [ 110.723283262000052, -7.606115630999966, 0.0 ], [ 110.723280195000086, -7.606115446999979, 0.0 ], [ 110.723274610000033, -7.606115445999933, 0.0 ], [ 110.723271155000077, -7.606115244999955, 0.0 ], [ 110.723265959000059, -7.606115255999953, 0.0 ], [ 110.723262115000068, -7.606115044999967, 0.0 ], [ 110.723257299000068, -7.606115066999962, 0.0 ], [ 110.723253068000076, -7.606114845999969, 0.0 ], [ 110.723248656000067, -7.606114876999925, 0.0 ], [ 110.72324403500005, -7.60611464699997, 0.0 ], [ 110.723240003000058, -7.606114686999945, 0.0 ], [ 110.723234995000041, -7.606114448999961, 0.0 ], [ 110.723231352000084, -7.606114493999939, 0.0 ], [ 110.723225946000071, -7.60611425299993, 0.0 ], [ 110.723225797000055, -7.606114253999976, 0.0 ], [ 110.723217016000035, -7.606113876999927, 0.0 ], [ 110.723216921000073, -7.606113866999976, 0.0 ], [ 110.723208234000083, -7.606113508999954, 0.0 ], [ 110.723207888000047, -7.606113473999926, 0.0 ], [ 110.723199460000046, -7.60611314099998, 0.0 ], [ 110.723198847000049, -7.606113079999943, 0.0 ], [ 110.723126588000071, -7.606109943999968, 0.0 ], [ 110.723121155000058, -7.606109833999938, 0.0 ], [ 110.723117547000072, -7.606109552999953, 0.0 ], [ 110.723112487000037, -7.606109463999928, 0.0 ], [ 110.723108521000086, -7.606109165999953, 0.0 ], [ 110.723103818000084, -7.606109094999965, 0.0 ], [ 110.723099488000059, -7.606108777999964, 0.0 ], [ 110.723095150000063, -7.606108722999977, 0.0 ], [ 110.723090446000072, -7.606108389999974, 0.0 ], [ 110.723086481000053, -7.606108350999932, 0.0 ], [ 110.723081421000074, -7.606108005999943, 0.0 ], [ 110.723077812000042, -7.606107978999944, 0.0 ], [ 110.723072387000059, -7.606107621999968, 0.0 ], [ 110.723069145000068, -7.606107603999931, 0.0 ], [ 110.72306334600006, -7.606107237999936, 0.0 ], [ 110.723060468000085, -7.606107228999974, 0.0 ], [ 110.723054320000074, -7.60610685499995, 0.0 ], [ 110.723051809000083, -7.606106853999961, 0.0 ], [ 110.723045286000058, -7.606106472999954, 0.0 ], [ 110.723043141000062, -7.606106478999948, 0.0 ], [ 110.72303624400007, -7.606106091999948, 0.0 ], [ 110.723034471000062, -7.606106099999977, 0.0 ], [ 110.723027218000084, -7.606105710999941, 0.0 ], [ 110.723025805000077, -7.606105720999949, 0.0 ], [ 110.723018185000058, -7.606105333999949, 0.0 ], [ 110.723016981000058, -7.606105343999957, 0.0 ], [ 110.723009152000088, -7.606104947999938, 0.0 ], [ 110.723008007000033, -7.606104959999925, 0.0 ], [ 110.723000109000054, -7.606104561999928, 0.0 ], [ 110.722999032000075, -7.606104572999925, 0.0 ], [ 110.722991084000057, -7.606104175999974, 0.0 ], [ 110.722990056000071, -7.606104186999971, 0.0 ], [ 110.722982051000088, -7.606103789999963, 0.0 ], [ 110.722981072000039, -7.606103800999961, 0.0 ], [ 110.722973010000089, -7.606103405999932, 0.0 ], [ 110.722972103000075, -7.606103415999939, 0.0 ], [ 110.722963984000046, -7.606103020999967, 0.0 ], [ 110.72296312800006, -7.606103030999975, 0.0 ], [ 110.722954950000087, -7.606102634999957, 0.0 ], [ 110.722954152000057, -7.606102645999954, 0.0 ], [ 110.722945909000089, -7.606102249999935, 0.0 ], [ 110.722945176000053, -7.606102258999954, 0.0 ], [ 110.722936882000056, -7.606101863999982, 0.0 ], [ 110.722936201000039, -7.606101872999943, 0.0 ], [ 110.722927850000076, -7.606101477999971, 0.0 ], [ 110.722927226000081, -7.606101487999979, 0.0 ], [ 110.722918809000078, -7.60610109299995, 0.0 ], [ 110.722918248000042, -7.606101100999979, 0.0 ], [ 110.722909782000045, -7.606100707999929, 0.0 ], [ 110.722909266000045, -7.606100716999947, 0.0 ], [ 110.722900749000075, -7.606100323999954, 0.0 ], [ 110.722900297000081, -7.606100329999947, 0.0 ], [ 110.722891709000066, -7.606099938999932, 0.0 ], [ 110.722891322000066, -7.606099942999947, 0.0 ], [ 110.722882681000044, -7.606099552999979, 0.0 ], [ 110.722882346000063, -7.606099556999936, 0.0 ], [ 110.722873648000075, -7.606099167999957, 0.0 ], [ 110.722873459000084, -7.606099171999972, 0.0 ], [ 110.722864647000051, -7.60609878799994, 0.0 ], [ 110.722864607000076, -7.606098784999972, 0.0 ], [ 110.722855849000041, -7.606098419999967, 0.0 ], [ 110.722855581000033, -7.606098390999932, 0.0 ], [ 110.722847037000065, -7.606098047999978, 0.0 ], [ 110.722846546000085, -7.606097998999928, 0.0 ], [ 110.722838238000065, -7.606097678999959, 0.0 ], [ 110.722837506000076, -7.606097604999945, 0.0 ], [ 110.722829426000033, -7.606097305999981, 0.0 ], [ 110.722828482000068, -7.606097212999941, 0.0 ], [ 110.722820621000039, -7.606096933999936, 0.0 ], [ 110.722819448000052, -7.606096822999973, 0.0 ], [ 110.722811823000086, -7.606096563999927, 0.0 ], [ 110.722810407000054, -7.60609642999998, 0.0 ], [ 110.722803017000047, -7.60609618999996, 0.0 ], [ 110.722801381000068, -7.606096037999976, 0.0 ], [ 110.72279420600006, -7.606095816999925, 0.0 ], [ 110.722792348000041, -7.606095646999961, 0.0 ], [ 110.722785400000078, -7.606095443999948, 0.0 ], [ 110.722783308000089, -7.606095257999925, 0.0 ], [ 110.722776602000067, -7.60609507199996, 0.0 ], [ 110.722774281000056, -7.606094865999978, 0.0 ], [ 110.722769612000036, -7.60609474499995, 0.0 ], [ 110.722765250000066, -7.606094410999958, 0.0 ], [ 110.722761241000057, -7.606094355999971, 0.0 ], [ 110.72275621700004, -7.606094029999952, 0.0 ], [ 110.722752860000071, -7.606094022999969, 0.0 ], [ 110.722747173000073, -7.606093722999958, 0.0 ], [ 110.722743625000078, -7.606093758999975, 0.0 ], [ 110.722738142000082, -7.606093480999959, 0.0 ], [ 110.722733530000085, -7.606093533999967, 0.0 ], [ 110.722729099000048, -7.606093313999963, 0.0 ], [ 110.722723436000081, -7.606093387999977, 0.0 ], [ 110.722720049000088, -7.606093227999963, 0.0 ], [ 110.72271332400004, -7.60609332599995, 0.0 ], [ 110.722711010000069, -7.60609322199997, 0.0 ], [ 110.722703203000037, -7.606093347999945, 0.0 ], [ 110.722701960000052, -7.606093293999947, 0.0 ], [ 110.722693078000077, -7.606093449999946, 0.0 ], [ 110.722692900000084, -7.606093442999963, 0.0 ], [ 110.722683854000081, -7.606093617999932, 0.0 ], [ 110.722682937000059, -7.606093691999945, 0.0 ], [ 110.722674798000071, -7.606093862999955, 0.0 ], [ 110.722672784000054, -7.606094026999926, 0.0 ], [ 110.722665731000063, -7.60609418699994, 0.0 ], [ 110.722662620000051, -7.60609444499994, 0.0 ], [ 110.722656679000067, -7.606094588999952, 0.0 ], [ 110.722652424000046, -7.606094946999974, 0.0 ], [ 110.722647615000085, -7.60609507199996, 0.0 ], [ 110.722642220000068, -7.606095530999937, 0.0 ], [ 110.722638539000059, -7.606095634999974, 0.0 ], [ 110.722631983000042, -7.606096200999957, 0.0 ], [ 110.722629477000055, -7.606096277999939, 0.0 ], [ 110.722621734000086, -7.606096956999977, 0.0 ], [ 110.722620612000071, -7.606096991999948, 0.0 ], [ 110.722613299000045, -7.606097639999973, 0.0 ], [ 110.722611474000075, -7.606097903999967, 0.0 ], [ 110.722606016000043, -7.606098394999947, 0.0 ], [ 110.722601219000069, -7.606099092999955, 0.0 ], [ 110.722598771000037, -7.606099316999973, 0.0 ], [ 110.722591553000086, -7.606100373999936, 0.0 ], [ 110.722590987000046, -7.606100488999971, 0.0 ], [ 110.722584385000062, -7.60610146199997, 0.0 ], [ 110.722582629000044, -7.606101817999956, 0.0 ], [ 110.722577208000075, -7.606102440999962, 0.0 ], [ 110.72257009100008, -7.606103643999973, 0.0 ], [ 110.722563028000081, -7.606105227999933, 0.0 ], [ 110.722556195000038, -7.606107139999949, 0.0 ], [ 110.722556046000079, -7.606107171999952, 0.0 ], [ 110.722551005000071, -7.606108506999931, 0.0 ], [ 110.722549077000053, -7.606108909999932, 0.0 ], [ 110.722542137000062, -7.606110743999977, 0.0 ], [ 110.72254072700008, -7.606111194999926, 0.0 ], [ 110.72253524000007, -7.60611264399995, 0.0 ], [ 110.722530512000048, -7.606114155999933, 0.0 ], [ 110.722528388000057, -7.606114716999969, 0.0 ], [ 110.722521592000078, -7.606116885999938, 0.0 ], [ 110.722520363000058, -7.606117349999977, 0.0 ], [ 110.722514818000036, -7.60611911899997, 0.0 ], [ 110.722510290000059, -7.606120816999976, 0.0 ], [ 110.72250811300006, -7.606121511999959, 0.0 ], [ 110.722501461000036, -7.606124008999927, 0.0 ], [ 110.722500301000082, -7.606124512999941, 0.0 ], [ 110.722494831000063, -7.606126563999965, 0.0 ], [ 110.722490410000034, -7.606128479999938, 0.0 ], [ 110.722488275000046, -7.606129277999969, 0.0 ], [ 110.722481763000076, -7.606132096999943, 0.0 ], [ 110.722480606000033, -7.60613266799993, 0.0 ], [ 110.722475295000038, -7.606134964999967, 0.0 ], [ 110.722470915000088, -7.60613712199995, 0.0 ], [ 110.722468899000035, -7.606137993999937, 0.0 ], [ 110.722462546000088, -7.60614112199994, 0.0 ], [ 110.722461316000079, -7.606141802999957, 0.0 ], [ 110.722456236000085, -7.60614430399994, 0.0 ], [ 110.722451861000081, -7.606146730999967, 0.0 ], [ 110.722450003000063, -7.606147645999954, 0.0 ], [ 110.722443826000074, -7.606151070999942, 0.0 ], [ 110.722442521000062, -7.606151882999939, 0.0 ], [ 110.722437684000056, -7.606154562999961, 0.0 ], [ 110.722433303000059, -7.60615728099998, 0.0 ], [ 110.72243162400008, -7.606158211999968, 0.0 ], [ 110.722425627000064, -7.606161932999953, 0.0 ], [ 110.722424242000045, -7.606162888999961, 0.0 ], [ 110.722419658000035, -7.60616572999993, 0.0 ], [ 110.722415310000088, -7.606168730999968, 0.0 ], [ 110.722413796000069, -7.606169669999929, 0.0 ], [ 110.72240796400007, -7.606173695999928, 0.0 ], [ 110.722406534000072, -7.606174788999965, 0.0 ], [ 110.72240219300005, -7.606177783999954, 0.0 ], [ 110.722397907000072, -7.606181066999966, 0.0 ], [ 110.722396522000054, -7.606182020999938, 0.0 ], [ 110.722390898000072, -7.606186326999932, 0.0 ], [ 110.722389455000041, -7.60618754799998, 0.0 ], [ 110.72238531000005, -7.606190717999937, 0.0 ], [ 110.722381165000058, -7.60619423199995, 0.0 ], [ 110.722379849000049, -7.606195236999952, 0.0 ], [ 110.722374422000087, -7.606199833999938, 0.0 ], [ 110.72237304500004, -7.606201123999938, 0.0 ], [ 110.722372456000073, -7.606201622999947, 0.0 ], [ 110.722369048000076, -7.606204507999962, 0.0 ], [ 110.722365109000066, -7.606208200999959, 0.0 ], [ 110.722363792000067, -7.606209314999944, 0.0 ], [ 110.722358590000056, -7.606214188999957, 0.0 ], [ 110.722357349000049, -7.606215476999978, 0.0 ], [ 110.722353430000055, -7.606219146999933, 0.0 ], [ 110.722349786000052, -7.606222928999955, 0.0 ], [ 110.722348393000061, -7.606224231999931, 0.0 ], [ 110.722343420000072, -7.606229391999932, 0.0 ], [ 110.722342403000084, -7.60623056299994, 0.0 ], [ 110.72233848500008, -7.606234626999935, 0.0 ], [ 110.72233523500006, -7.606238369999971, 0.0 ], [ 110.722333681000066, -7.606239976999973, 0.0 ], [ 110.722328949000087, -7.60624542599993, 0.0 ], [ 110.722328246000075, -7.606246324999972, 0.0 ], [ 110.722324256000036, -7.606250919999979, 0.0 ], [ 110.72232149000007, -7.606254465999939, 0.0 ], [ 110.72231968300008, -7.606256543999962, 0.0 ], [ 110.722314874000062, -7.606262712999978, 0.0 ], [ 110.722312466000062, -7.606265478999944, 0.0 ], [ 110.722308251000072, -7.606270886999937, 0.0 ], [ 110.722306825000089, -7.606272522999973, 0.0 ], [ 110.722301704000074, -7.606279100999927, 0.0 ], [ 110.722301246000086, -7.606279625999946, 0.0 ], [ 110.722295704000089, -7.606286739999973, 0.0 ], [ 110.722295257000042, -7.606287388999931, 0.0 ], [ 110.722290193000049, -7.60629389199994, 0.0 ], [ 110.722288921000086, -7.606295731999978, 0.0 ], [ 110.722284759000047, -7.606301078999934, 0.0 ], [ 110.722282652000047, -7.606304123999962, 0.0 ], [ 110.722279382000067, -7.60630832399994, 0.0 ], [ 110.722276463000071, -7.606312542999945, 0.0 ], [ 110.72227408100008, -7.606315604999963, 0.0 ], [ 110.722270336000065, -7.606321022999964, 0.0 ], [ 110.722268841000073, -7.606322944999931, 0.0 ], [ 110.722264281000037, -7.606329543999948, 0.0 ], [ 110.722263676000068, -7.606330321999963, 0.0 ], [ 110.722258550000049, -7.606337739999958, 0.0 ], [ 110.722258318000058, -7.606338120999965, 0.0 ], [ 110.72225344800006, -7.606345167999962, 0.0 ], [ 110.722252466000043, -7.606346778999978, 0.0 ], [ 110.722248419000039, -7.606352637999976, 0.0 ], [ 110.722246675000065, -7.606355494999946, 0.0 ], [ 110.722243450000065, -7.606360165999945, 0.0 ], [ 110.722240956000064, -7.606364252999981, 0.0 ], [ 110.722238556000036, -7.606367731999967, 0.0 ], [ 110.722235300000079, -7.606373068999972, 0.0 ], [ 110.722233723000045, -7.606375353999965, 0.0 ], [ 110.722229705000075, -7.606381936999981, 0.0 ], [ 110.722228964000067, -7.606383011999981, 0.0 ], [ 110.722224259000086, -7.606390724999926, 0.0 ], [ 110.722224176000054, -7.606390878999946, 0.0 ], [ 110.722219568000071, -7.606398430999946, 0.0 ], [ 110.72221877800007, -7.606399899999928, 0.0 ], [ 110.722214940000072, -7.606406195999966, 0.0 ], [ 110.722213440000075, -7.606408984999973, 0.0 ], [ 110.722210385000039, -7.606413998999926, 0.0 ], [ 110.722208155000033, -7.606418143999974, 0.0 ], [ 110.722205895000059, -7.606421850999936, 0.0 ], [ 110.722202934000052, -7.606427357999962, 0.0 ], [ 110.722201473000041, -7.606429760999958, 0.0 ], [ 110.722197770000037, -7.60643663899998, 0.0 ], [ 110.722197123000058, -7.606437701999937, 0.0 ], [ 110.722192820000089, -7.60644569599998, 0.0 ], [ 110.722192678000056, -7.606445995999934, 0.0 ], [ 110.722188541000037, -7.606453685999952, 0.0 ], [ 110.722187703000088, -7.606455450999931, 0.0 ], [ 110.722184323000079, -7.60646173899994, 0.0 ], [ 110.722182786000076, -7.606464975999927, 0.0 ], [ 110.722180180000066, -7.60646982399993, 0.0 ], [ 110.722177918000057, -7.606474584999944, 0.0 ], [ 110.722176101000059, -7.606477971999936, 0.0 ], [ 110.72217459500007, -7.606481140999961, 0.0 ], [ 110.722172239000088, -7.60648506299998, 0.0 ], [ 110.722171696000089, -7.606485875999965, 0.0 ], [ 110.722168095000086, -7.606491868999967, 0.0 ], [ 110.722166960000038, -7.606493566999973, 0.0 ], [ 110.722163910000063, -7.606498640999973, 0.0 ], [ 110.722162185000059, -7.606501221999963, 0.0 ], [ 110.72215968200004, -7.606505384999934, 0.0 ], [ 110.722157371000037, -7.606508841999926, 0.0 ], [ 110.722155414000042, -7.606512092999935, 0.0 ], [ 110.722152505000054, -7.606516442999975, 0.0 ], [ 110.722151101000065, -7.606518776999962, 0.0 ], [ 110.722147606000078, -7.606524001999958, 0.0 ], [ 110.722146752000072, -7.606525420999958, 0.0 ], [ 110.722142654000038, -7.606531544999939, 0.0 ], [ 110.722142359000088, -7.60653203399994, 0.0 ], [ 110.722137945000043, -7.606538631999967, 0.0 ], [ 110.722137650000036, -7.606539030999954, 0.0 ], [ 110.722133514000063, -7.606545208999933, 0.0 ], [ 110.722132571000088, -7.606546483999978, 0.0 ], [ 110.722129039000038, -7.606551758999956, 0.0 ], [ 110.722127458000045, -7.606553893999944, 0.0 ], [ 110.722124579000081, -7.606558192999955, 0.0 ], [ 110.722124530000087, -7.60655828299997, 0.0 ], [ 110.722120878000055, -7.606564320999951, 0.0 ], [ 110.722120446000076, -7.606565116999946, 0.0 ], [ 110.722116321000044, -7.606571927999937, 0.0 ], [ 110.722115125000073, -7.606573705999949, 0.0 ], [ 110.722112096000046, -7.606578703999958, 0.0 ], [ 110.722109226000043, -7.606582961999948, 0.0 ], [ 110.722107759000039, -7.60658538399997, 0.0 ], [ 110.722103292000043, -7.606592003999936, 0.0 ], [ 110.722103197000081, -7.606592129999967, 0.0 ], [ 110.722098806000076, -7.60659863199993, 0.0 ], [ 110.722096941000075, -7.606601119999937, 0.0 ], [ 110.722094208000044, -7.606605161999937, 0.0 ], [ 110.72209057200007, -7.606610006999972, 0.0 ], [ 110.722089485000083, -7.606611614999963, 0.0 ], [ 110.722084669000083, -7.606618025999978, 0.0 ], [ 110.722084059000053, -7.606618757999968, 0.0 ], [ 110.72207981400004, -7.606624402999955, 0.0 ], [ 110.722077360000071, -7.606627344999936, 0.0 ], [ 110.72207485000007, -7.606630682999935, 0.0 ], [ 110.722070544000076, -7.606635838999978, 0.0 ], [ 110.722069752000039, -7.606636890999937, 0.0 ], [ 110.72206460700005, -7.606643045999931, 0.0 ], [ 110.722063567000077, -7.606644169999981, 0.0 ], [ 110.722059393000052, -7.606649158999971, 0.0 ], [ 110.722056438000038, -7.606652344999929, 0.0 ], [ 110.72205407000007, -7.606655171999932, 0.0 ], [ 110.722049204000086, -7.60666041199994, 0.0 ], [ 110.722048627000049, -7.60666109899995, 0.0 ], [ 110.722043157000087, -7.606666983999958, 0.0 ], [ 110.722041790000048, -7.60666830699995, 0.0 ], [ 110.722037593000039, -7.606672817999936, 0.0 ], [ 110.722034252000071, -7.606676051999955, 0.0 ], [ 110.722031938000043, -7.606678534999958, 0.0 ], [ 110.722026607000089, -7.606683689999954, 0.0 ], [ 110.72202616800007, -7.606684161999965, 0.0 ], [ 110.722020373000078, -7.606689754999934, 0.0 ], [ 110.722018792000085, -7.606691129999945, 0.0 ], [ 110.722014486000035, -7.606695283999954, 0.0 ], [ 110.722010855000065, -7.606698432999963, 0.0 ], [ 110.722008519000042, -7.606700684999964, 0.0 ], [ 110.722002829000076, -7.606705613999964, 0.0 ], [ 110.722002433000057, -7.606705993999981, 0.0 ], [ 110.721996334000039, -7.606711273999963, 0.0 ], [ 110.721994632000076, -7.60671259399993, 0.0 ], [ 110.721990145000063, -7.60671647199996, 0.0 ], [ 110.721986322000078, -7.606719433999956, 0.0 ], [ 110.721983874000045, -7.60672154699995, 0.0 ], [ 110.721977934000051, -7.606726145999971, 0.0 ], [ 110.721977503000062, -7.606726517999959, 0.0 ], [ 110.721971113000052, -7.606731456999967, 0.0 ], [ 110.721969385000079, -7.606732649999969, 0.0 ], [ 110.72196464600006, -7.606736308999928, 0.0 ], [ 110.721960723000052, -7.606739011999935, 0.0 ], [ 110.721958092000079, -7.606741042999943, 0.0 ], [ 110.721951988000058, -7.606745243999967, 0.0 ], [ 110.721951460000071, -7.606745650999926, 0.0 ], [ 110.721944790000066, -7.606750236999972, 0.0 ], [ 110.721943096000075, -7.606751270999951, 0.0 ], [ 110.721938067000053, -7.606754723999927, 0.0 ], [ 110.721934114000078, -7.606757133999963, 0.0 ], [ 110.721931252000047, -7.60675909899993, 0.0 ], [ 110.721925054000053, -7.606762869999955, 0.0 ], [ 110.72192437700005, -7.606763332999947, 0.0 ], [ 110.721917459000053, -7.606767539999964, 0.0 ], [ 110.721915855000077, -7.606768398999975, 0.0 ], [ 110.721910491000074, -7.606771657999957, 0.0 ], [ 110.721906571000034, -7.60677375299997, 0.0 ], [ 110.721903452000049, -7.606775644999971, 0.0 ], [ 110.721897195000054, -7.606778988999963, 0.0 ], [ 110.721896345000062, -7.606779502999927, 0.0 ], [ 110.721889206000071, -7.606783311999948, 0.0 ], [ 110.721887723000066, -7.606784002999973, 0.0 ], [ 110.72188202600006, -7.606787038999926, 0.0 ], [ 110.721878146000051, -7.606788841999958, 0.0 ], [ 110.72187477500006, -7.606790634999925, 0.0 ], [ 110.72186849600007, -7.606793551999942, 0.0 ], [ 110.721867473000088, -7.606794093999952, 0.0 ], [ 110.721860125000035, -7.60679750099996, 0.0 ], [ 110.721858750000081, -7.606798048999963, 0.0 ], [ 110.721852752000075, -7.606800824999937, 0.0 ], [ 110.721848908000084, -7.606802359999961, 0.0 ], [ 110.72184532600005, -7.606804013999977, 0.0 ], [ 110.721839013000078, -7.606806527999936, 0.0 ], [ 110.72183784300006, -7.606807066999977, 0.0 ], [ 110.721830329000056, -7.606810054999926, 0.0 ], [ 110.721829012000057, -7.606810497999959, 0.0 ], [ 110.72182278400004, -7.606812968999975, 0.0 ], [ 110.721818943000073, -7.606814259999965, 0.0 ], [ 110.721815199000048, -7.606815741999981, 0.0 ], [ 110.721808797000051, -7.606817890999935, 0.0 ], [ 110.72180755800008, -7.606818379999936, 0.0 ], [ 110.721799908000037, -7.606820941999956, 0.0 ], [ 110.721798589000059, -7.606821307999951, 0.0 ], [ 110.721792221000044, -7.606823435999956, 0.0 ], [ 110.721788291000053, -7.606824521999954, 0.0 ], [ 110.721784506000063, -7.606825782999977, 0.0 ], [ 110.721777947000078, -7.606827593999981, 0.0 ], [ 110.721776739000063, -7.606827995999936, 0.0 ], [ 110.721768965000081, -7.606830133999949, 0.0 ], [ 110.721767525000075, -7.606830449999961, 0.0 ], [ 110.721761168000057, -7.606832195999971, 0.0 ], [ 110.72175704700004, -7.606833098999971, 0.0 ], [ 110.721753340000078, -7.606834115999959, 0.0 ], [ 110.721746508000081, -7.606835608999972, 0.0 ], [ 110.721745479000049, -7.606835889999957, 0.0 ], [ 110.721737618000077, -7.606837604999953, 0.0 ], [ 110.721735912000042, -7.606837885999937, 0.0 ], [ 110.72172972900006, -7.60683923299996, 0.0 ], [ 110.721725273000061, -7.606839965999939, 0.0 ], [ 110.721721821000074, -7.60684071299994, 0.0 ], [ 110.721714563000035, -7.606841904999953, 0.0 ], [ 110.721713893000071, -7.606842047999976, 0.0 ], [ 110.721705965000069, -7.606843343999969, 0.0 ], [ 110.721703822000052, -7.606843583999932, 0.0 ], [ 110.721698285000059, -7.606844485999943, 0.0 ], [ 110.721693034000054, -7.606845089999979, 0.0 ], [ 110.72169087900005, -7.606845447999945, 0.0 ], [ 110.721683455000061, -7.606846325999925, 0.0 ], [ 110.721682196000074, -7.606846415999939, 0.0 ], [ 110.721679232000042, -7.606846772999972, 0.0 ], [ 110.721673240000086, -7.606847207999976, 0.0 ], [ 110.721671315000037, -7.606847254999934, 0.0 ], [ 110.72166724200008, -7.606847555999934, 0.0 ], [ 110.721522722000088, -7.606819924999968, 0.0 ], [ 110.721520689000045, -7.606819361999953, 0.0 ], [ 110.721511448000058, -7.606816249999952, 0.0 ], [ 110.721505188000037, -7.606813756999941, 0.0 ], [ 110.721502318000034, -7.606812787999957, 0.0 ], [ 110.721497586000055, -7.60681090099996, 0.0 ], [ 110.721493176000081, -7.606809415999976, 0.0 ], [ 110.721489943000051, -7.60680812499993, 0.0 ], [ 110.721483984000088, -7.606806113999937, 0.0 ], [ 110.721482280000089, -7.606805434999956, 0.0 ], [ 110.721474773000068, -7.606802899999934, 0.0 ], [ 110.721474590000071, -7.606802827999957, 0.0 ], [ 110.721466900000053, -7.606800229999976, 0.0 ], [ 110.721465503000047, -7.60679984099994, 0.0 ], [ 110.721459178000089, -7.606797704999963, 0.0 ], [ 110.721456200000034, -7.606796870999972, 0.0 ], [ 110.72145144600006, -7.606795265999949, 0.0 ], [ 110.721446867000054, -7.606793984999968, 0.0 ], [ 110.721443678000071, -7.606792907999932, 0.0 ], [ 110.721437517000084, -7.606791184999963, 0.0 ], [ 110.721435899000085, -7.606790638999939, 0.0 ], [ 110.721428135000053, -7.606788464999966, 0.0 ], [ 110.721428082000045, -7.606788446999929, 0.0 ], [ 110.72142027600006, -7.606786262999947, 0.0 ], [ 110.721418699000083, -7.606785908999939, 0.0 ], [ 110.721412440000051, -7.606784155999947, 0.0 ], [ 110.721409250000079, -7.606783441999937, 0.0 ], [ 110.721404599000039, -7.60678213999995, 0.0 ], [ 110.721399772000041, -7.606781058999957, 0.0 ], [ 110.721396725000034, -7.606780206999929, 0.0 ], [ 110.721390272000065, -7.606778759999941, 0.0 ], [ 110.721388829000034, -7.60677835499996, 0.0 ], [ 110.721380922000037, -7.606776581999952, 0.0 ], [ 110.721380750000037, -7.606776552999975, 0.0 ], [ 110.721373014000051, -7.606774818999952, 0.0 ], [ 110.721371186000056, -7.606774507999944, 0.0 ], [ 110.721365086000048, -7.606773140999962, 0.0 ], [ 110.721361614000045, -7.606772550999949, 0.0 ], [ 110.721357148000038, -7.606771547999926, 0.0 ], [ 110.721352025000044, -7.606770677999975, 0.0 ], [ 110.721349181000051, -7.606770037999979, 0.0 ], [ 110.721342413000059, -7.606768888999966, 0.0 ], [ 110.721341205000044, -7.606768617999933, 0.0 ], [ 110.721333219000087, -7.60676725899998, 0.0 ], [ 110.721332772000039, -7.606767208999941, 0.0 ], [ 110.721325228000069, -7.606765923999944, 0.0 ], [ 110.721323125000083, -7.606765677999931, 0.0 ], [ 110.721317229000078, -7.60676467299993, 0.0 ], [ 110.721313451000071, -7.606764234999957, 0.0 ], [ 110.721309208000037, -7.60676351099994, 0.0 ], [ 110.721303779000039, -7.606762877999927, 0.0 ], [ 110.721301181000058, -7.606762432999972, 0.0 ], [ 110.72129407400007, -7.606761602999939, 0.0 ], [ 110.721293132000085, -7.606761441999936, 0.0 ], [ 110.721285087000069, -7.60676050099994, 0.0 ], [ 110.721284370000035, -7.60676045699995, 0.0 ], [ 110.721277033000035, -7.60675959799994, 0.0 ], [ 110.721274654000069, -7.606759443999977, 0.0 ], [ 110.72126897000004, -7.606758777999971, 0.0 ], [ 110.721264911000048, -7.606758517999936, 0.0 ], [ 110.721260905000065, -7.606758046999971, 0.0 ], [ 110.72125518200005, -7.606757680999976, 0.0 ], [ 110.721252815000071, -7.606757402999961, 0.0 ], [ 110.721245438000039, -7.606756928999971, 0.0 ], [ 110.721244732000059, -7.606756846999929, 0.0 ], [ 110.72123663800005, -7.606756325999982, 0.0 ], [ 110.721235683000089, -7.606756314999927, 0.0 ], [ 110.721228546000077, -7.60675585599995, 0.0 ], [ 110.721225925000056, -7.606755824999937, 0.0 ], [ 110.721220432000052, -7.606755471999975, 0.0 ], [ 110.721216157000072, -7.606755421999935, 0.0 ], [ 110.721212338000043, -7.606755173999943, 0.0 ], [ 110.721206402000064, -7.606755106999969, 0.0 ], [ 110.72120422200004, -7.606754964999936, 0.0 ], [ 110.721196630000065, -7.606754877999947, 0.0 ], [ 110.721196103000068, -7.606754843999965, 0.0 ], [ 110.721187991000079, -7.606754748999947, 0.0 ], [ 110.721186866000039, -7.606754795999962, 0.0 ], [ 110.721179867000046, -7.60675471299993, 0.0 ], [ 110.721114887000056, -7.606757248999941, 0.0 ], [ 110.721108890000039, -7.606757823999942, 0.0 ], [ 110.721106767000038, -7.606757910999931, 0.0 ], [ 110.72109918700005, -7.606758638999963, 0.0 ], [ 110.721098668000081, -7.606758660999958, 0.0 ], [ 110.721090551000088, -7.606759437999926, 0.0 ], [ 110.721089482000082, -7.606759601999954, 0.0 ], [ 110.721082437000064, -7.606760277999967, 0.0 ], [ 110.721079799000051, -7.606760679999979, 0.0 ], [ 110.721074340000087, -7.606761198999948, 0.0 ], [ 110.721070131000033, -7.60676184099998, 0.0 ], [ 110.721066234000034, -7.606762211999978, 0.0 ], [ 110.721060476000048, -7.606763090999948, 0.0 ], [ 110.721058156000083, -7.606763308999973, 0.0 ], [ 110.721050834000039, -7.606764423999948, 0.0 ], [ 110.721050072000082, -7.606764495999926, 0.0 ], [ 110.721041998000089, -7.606765723999956, 0.0 ], [ 110.721041221000064, -7.606765887999927, 0.0 ], [ 110.721033928000054, -7.606766995999976, 0.0 ], [ 110.721031622000055, -7.606767480999963, 0.0 ], [ 110.721025854000061, -7.606768356999964, 0.0 ], [ 110.721022050000045, -7.606769157999963, 0.0 ], [ 110.721017809000045, -7.606769799999938, 0.0 ], [ 110.721012488000042, -7.606770922999942, 0.0 ], [ 110.721009764000087, -7.606771335999952, 0.0 ], [ 110.721002952000049, -7.606772770999953, 0.0 ], [ 110.721001739000087, -7.60677295399995, 0.0 ], [ 110.720993719000035, -7.606774643999927, 0.0 ], [ 110.720993434000036, -7.606774721999955, 0.0 ], [ 110.720985700000085, -7.606776349999961, 0.0 ], [ 110.720983964000084, -7.606776823999951, 0.0 ], [ 110.720977687000072, -7.606778143999975, 0.0 ], [ 110.72097450800004, -7.606779010999958, 0.0 ], [ 110.720969701000058, -7.606780020999963, 0.0 ], [ 110.720965077000074, -7.606781283999965, 0.0 ], [ 110.720961725000052, -7.60678198599993, 0.0 ], [ 110.720955677000063, -7.606783636999978, 0.0 ], [ 110.720953768000072, -7.606784038999933, 0.0 ], [ 110.720946296000079, -7.606786075999935, 0.0 ], [ 110.720945825000058, -7.606786174999968, 0.0 ], [ 110.720937891000062, -7.606788338999934, 0.0 ], [ 110.720936960000074, -7.606788655999935, 0.0 ], [ 110.720929958000056, -7.606790563999937, 0.0 ], [ 110.72092766600008, -7.606791342999941, 0.0 ], [ 110.720918331000064, -7.606793883999956, 0.0 ], [ 110.720908866000059, -7.606795840999951, 0.0 ], [ 110.720903432000057, -7.606796617999976, 0.0 ], [ 110.720899304000056, -7.606797470999936, 0.0 ], [ 110.720892914000046, -7.606798388999948, 0.0 ], [ 110.720889715000055, -7.606799047999971, 0.0 ], [ 110.720882342000039, -7.606800109999938, 0.0 ], [ 110.720880092000073, -7.60680057299993, 0.0 ], [ 110.720871751000061, -7.606801778999966, 0.0 ], [ 110.720871716000033, -7.606801780999945, 0.0 ], [ 110.720864280000058, -7.606802853999966, 0.0 ], [ 110.720861028000058, -7.606803131999925, 0.0 ], [ 110.720856821000041, -7.60680373699995, 0.0 ], [ 110.72085028500004, -7.606804293999971, 0.0 ], [ 110.720849333000046, -7.606804431999933, 0.0 ], [ 110.720841875000076, -7.606805066999925, 0.0 ], [ 110.720839493000085, -7.606805136999981, 0.0 ], [ 110.720834428000046, -7.606805566999981, 0.0 ], [ 110.720828661000041, -7.606805732999931, 0.0 ], [ 110.720826978000048, -7.606805874999964, 0.0 ], [ 110.720819555000048, -7.606806088999974, 0.0 ], [ 110.720817793000037, -7.606806043999939, 0.0 ], [ 110.720812134000084, -7.606806205999931, 0.0 ], [ 110.720806913000047, -7.606806070999937, 0.0 ], [ 110.720804743000087, -7.606806131999974, 0.0 ], [ 110.720797351000044, -7.606805941999937, 0.0 ], [ 110.720796003000089, -7.606805834999932, 0.0 ], [ 110.720790008000051, -7.606805679999979, 0.0 ], [ 110.720785090000049, -7.606805289999954, 0.0 ], [ 110.720782654000061, -7.606805226999938, 0.0 ], [ 110.720775353000079, -7.606804647999979, 0.0 ], [ 110.720774175000088, -7.606804494999949, 0.0 ], [ 110.720768058000033, -7.606804007999926, 0.0 ], [ 110.720763266000063, -7.606803377999938, 0.0 ], [ 110.72076080000005, -7.606803181999965, 0.0 ], [ 110.720753564000063, -7.606802226999946, 0.0 ], [ 110.720752377000053, -7.606802009999967, 0.0 ], [ 110.720746355000074, -7.606801215999951, 0.0 ], [ 110.720741512000075, -7.606800323999948, 0.0 ], [ 110.720739196000068, -7.606800018999934, 0.0 ], [ 110.720732057000077, -7.60679870499996, 0.0 ], [ 110.720730690000039, -7.60679837999993, 0.0 ], [ 110.720724948000054, -7.606797321999977, 0.0 ], [ 110.720719894000069, -7.606796127999928, 0.0 ], [ 110.72071789000006, -7.606795758999965, 0.0 ], [ 110.72071085400006, -7.606794096999977, 0.0 ], [ 110.720709155000065, -7.60679360499995, 0.0 ], [ 110.720703868000044, -7.606792353999936, 0.0 ], [ 110.720698473000084, -7.60679079199997, 0.0 ], [ 110.720696926000073, -7.606790425999975, 0.0 ], [ 110.72069001400007, -7.606788426999969, 0.0 ], [ 110.72068786400007, -7.606787690999965, 0.0 ], [ 110.720683152000049, -7.606786325999963, 0.0 ], [ 110.720677334000072, -7.606784330999972, 0.0 ], [ 110.720676352000055, -7.606784046999962, 0.0 ], [ 110.720669575000045, -7.606781720999948, 0.0 ], [ 110.720666876000053, -7.606780647999926, 0.0 ], [ 110.720662850000053, -7.606779265999933, 0.0 ], [ 110.720656516000076, -7.60677674599998, 0.0 ], [ 110.720656194000071, -7.60677663499996, 0.0 ], [ 110.720649553000044, -7.606773990999955, 0.0 ], [ 110.720646270000088, -7.606772497999941, 0.0 ], [ 110.720642994000059, -7.606771194999965, 0.0 ], [ 110.720636501000058, -7.606768242999976, 0.0 ], [ 110.720636112000079, -7.606768042999931, 0.0 ], [ 110.720630017000076, -7.606765271999961, 0.0 ], [ 110.72062610100005, -7.606763261999959, 0.0 ], [ 110.720623623000051, -7.60676213499994, 0.0 ], [ 110.720617283000081, -7.606758876999947, 0.0 ], [ 110.720616193000069, -7.606758249999928, 0.0 ], [ 110.720610987000043, -7.606755577999934, 0.0 ], [ 110.720606427000064, -7.606752953999944, 0.0 ], [ 110.720604771000069, -7.606752104999941, 0.0 ], [ 110.72059861300005, -7.606748560999961, 0.0 ], [ 110.720596804000081, -7.606747405999954, 0.0 ], [ 110.720592503000034, -7.60674493199997, 0.0 ], [ 110.720587332000036, -7.606741621999959, 0.0 ], [ 110.720586479000076, -7.606741130999978, 0.0 ], [ 110.720580508000069, -7.606737308999925, 0.0 ], [ 110.720578027000045, -7.606735551999975, 0.0 ], [ 110.720574594000084, -7.606733351999935, 0.0 ], [ 110.720568851000053, -7.606729281999947, 0.0 ], [ 110.720568797000055, -7.606729247999965, 0.0 ], [ 110.720562994000034, -7.606725135999966, 0.0 ], [ 110.720559899000079, -7.606722711999964, 0.0 ], [ 110.720557310000061, -7.60672087599994, 0.0 ], [ 110.720551712000088, -7.606716495999933, 0.0 ], [ 110.720551082000043, -7.606715953999981, 0.0 ], [ 110.720546135000063, -7.606712081999945, 0.0 ], [ 110.72054249100006, -7.60670893899993, 0.0 ], [ 110.720540668000069, -7.606707512999947, 0.0 ], [ 110.720535286000086, -7.606702870999925, 0.0 ], [ 110.720534058000055, -7.606701706999957, 0.0 ], [ 110.720529948000035, -7.606698159999951, 0.0 ], [ 110.720525849000069, -7.60669427199997, 0.0 ], [ 110.720524728000044, -7.606693303999975, 0.0 ], [ 110.72051956100006, -7.606688400999928, 0.0 ], [ 110.720517834000077, -7.606686594999928, 0.0 ], [ 110.720514468000033, -7.606683398999962, 0.0 ], [ 110.720510021000052, -7.606678753999972, 0.0 ], [ 110.720509512000035, -7.606678267999939, 0.0 ], [ 110.720504563000077, -7.606673096999941, 0.0 ], [ 110.720502454000041, -7.606670666999946, 0.0 ], [ 110.720499744000051, -7.60666783399995, 0.0 ], [ 110.720495050000068, -7.606662429999972, 0.0 ], [ 110.720490350000034, -7.60665701299996, 0.0 ], [ 110.720487957000046, -7.606653968999979, 0.0 ], [ 110.72048578600004, -7.606651468999928, 0.0 ], [ 110.720481347000089, -7.606645816999958, 0.0 ], [ 110.720481034000045, -7.60664537699995, 0.0 ], [ 110.720476931000064, -7.60664014799994, 0.0 ], [ 110.720474392000085, -7.606636565999963, 0.0 ], [ 110.720472655000037, -7.606634353999937, 0.0 ], [ 110.720468488000051, -7.60662846799994, 0.0 ], [ 110.72046795600005, -7.606627630999981, 0.0 ], [ 110.720464353000068, -7.606622544999937, 0.0 ], [ 110.720412889000045, -7.606545478999976, 0.0 ], [ 110.720398471000067, -7.606538859999944, 0.0 ], [ 110.720304400000089, -7.606495677999931, 0.0 ], [ 110.720280422000087, -7.606454024999948, 0.0 ], [ 110.720259358000078, -7.606423312999937, 0.0 ], [ 110.720254547000081, -7.606416329999945, 0.0 ], [ 110.720254219000083, -7.606415937999941, 0.0 ], [ 110.720249477000038, -7.606409037999981, 0.0 ], [ 110.720249084000045, -7.60640856699996, 0.0 ], [ 110.72024439900008, -7.606401738999978, 0.0 ], [ 110.720243943000071, -7.606401184999982, 0.0 ], [ 110.720239329000037, -7.606394444999978, 0.0 ], [ 110.720238807000044, -7.606393815999979, 0.0 ], [ 110.720234253000058, -7.606387144999928, 0.0 ], [ 110.720183513000052, -7.606314184999974, 0.0 ], [ 110.720182286000068, -7.606312670999955, 0.0 ], [ 110.720178433000058, -7.606306882999945, 0.0 ], [ 110.720177154000055, -7.606305298999928, 0.0 ], [ 110.720173362000082, -7.60629959399995, 0.0 ], [ 110.720172011000045, -7.60629791599996, 0.0 ], [ 110.720168284000067, -7.606292292999967, 0.0 ], [ 110.720166874000085, -7.606290539999975, 0.0 ], [ 110.720163210000067, -7.606284997999978, 0.0 ], [ 110.720161741000084, -7.606283166999958, 0.0 ], [ 110.720158136000066, -7.606277704999968, 0.0 ], [ 110.720156600000053, -7.606275786999959, 0.0 ], [ 110.72015305900004, -7.606270405999965, 0.0 ], [ 110.720151467000051, -7.606268413999942, 0.0 ], [ 110.720147987000075, -7.606263113999944, 0.0 ], [ 110.720146327000066, -7.606261031999964, 0.0 ], [ 110.720142906000035, -7.606255813999951, 0.0 ], [ 110.720141190000049, -7.606253654999932, 0.0 ], [ 110.720137832000034, -7.606248517999973, 0.0 ], [ 110.720136057000047, -7.606246283999951, 0.0 ], [ 110.72013275900008, -7.606241227999931, 0.0 ], [ 110.720130916000073, -7.606238899999937, 0.0 ], [ 110.720127681000065, -7.606233928999927, 0.0 ], [ 110.720125784000061, -7.606231527999967, 0.0 ], [ 110.720122608000054, -7.606226634999928, 0.0 ], [ 110.720120643000087, -7.606224145999931, 0.0 ], [ 110.720117529000049, -7.60621933699997, 0.0 ], [ 110.720115510000085, -7.606216772999971, 0.0 ], [ 110.720112455000049, -7.606212041999981, 0.0 ], [ 110.720110371000033, -7.606209391999926, 0.0 ], [ 110.720107379000069, -7.606204747999925, 0.0 ], [ 110.720105235000062, -7.606202013999962, 0.0 ], [ 110.720102301000054, -7.606197450999957, 0.0 ], [ 110.720100101000071, -7.606194640999945, 0.0 ], [ 110.720097228000043, -7.606190159999926, 0.0 ], [ 110.720094963000065, -7.606187256999931, 0.0 ], [ 110.720092149000038, -7.606182861999969, 0.0 ], [ 110.72009008200007, -7.606180208999945, 0.0 ], [ 110.720089801000086, -7.606179905999966, 0.0 ], [ 110.720084299000064, -7.606172773999958, 0.0 ], [ 110.720083392000049, -7.606171337999967, 0.0 ], [ 110.720078959000034, -7.606165537999971, 0.0 ], [ 110.720076956000071, -7.606162326999936, 0.0 ], [ 110.720073812000066, -7.606158174999962, 0.0 ], [ 110.720070723000049, -7.606153173999928, 0.0 ], [ 110.72006884700005, -7.606150670999966, 0.0 ], [ 110.720064683000089, -7.606143861999954, 0.0 ], [ 110.720064079000053, -7.606143047999979, 0.0 ], [ 110.720059412000069, -7.606135335999966, 0.0 ], [ 110.720059314000082, -7.606135136999967, 0.0 ], [ 110.720058993000066, -7.606134293999958, 0.0 ], [ 110.720055615000035, -7.606127311999956, 0.0 ], [ 110.720054419000064, -7.606124152999939, 0.0 ], [ 110.720052121000037, -7.606119390999936, 0.0 ], [ 110.720050051000044, -7.606113902999937, 0.0 ], [ 110.720048836000046, -7.60611137799998, 0.0 ], [ 110.720045880000043, -7.606103521999955, 0.0 ], [ 110.720045759000072, -7.606103268999959, 0.0 ], [ 110.720044665000046, -7.606100350999952, 0.0 ], [ 110.720042805000048, -7.606093585999929, 0.0 ], [ 110.720042664000061, -7.606092805999936, 0.0 ], [ 110.720041040000069, -7.606086800999947, 0.0 ], [ 110.720040177000044, -7.606081889999928, 0.0 ], [ 110.72003965600004, -7.606079930999954, 0.0 ], [ 110.720038473000045, -7.606073025999933, 0.0 ], [ 110.720038296000041, -7.606070844999977, 0.0 ], [ 110.720037504000061, -7.606066093999971, 0.0 ], [ 110.720037018000085, -7.606059714999958, 0.0 ], [ 110.720036922000077, -7.606059112999958, 0.0 ], [ 110.720036423000067, -7.60605213499997, 0.0 ], [ 110.720036490000041, -7.606048519999945, 0.0 ], [ 110.720036261000075, -7.606045131999963, 0.0 ], [ 110.720036420000042, -7.606038133999959, 0.0 ], [ 110.720036511000046, -7.606037320999974, 0.0 ], [ 110.720036677000053, -7.606031130999952, 0.0 ], [ 110.720037263000052, -7.606026138999937, 0.0 ], [ 110.720037325000078, -7.606024155999933, 0.0 ], [ 110.720038173000034, -7.606017187999953, 0.0 ], [ 110.720038635000037, -7.606015037999953, 0.0 ], [ 110.720039239000073, -7.60601025099993, 0.0 ], [ 110.720040604000076, -7.606004028999962, 0.0 ], [ 110.720040892000043, -7.60600182099995, 0.0 ], [ 110.720043403000034, -7.605990395999982, 0.0 ], [ 110.720046197000045, -7.605981428999939, 0.0 ], [ 110.720046750000051, -7.605978921999963, 0.0 ], [ 110.720047696000051, -7.605975856999976, 0.0 ], [ 110.720048470000052, -7.605972322999946, 0.0 ], [ 110.720048915000064, -7.605970301999946, 0.0 ], [ 110.720049342000038, -7.605967139999962, 0.0 ], [ 110.720049858000039, -7.605964761999928, 0.0 ], [ 110.720050594000043, -7.605959260999953, 0.0 ], [ 110.720050818000061, -7.605955091999931, 0.0 ], [ 110.720050993000086, -7.605953762999945, 0.0 ], [ 110.72005127500006, -7.605948325999975, 0.0 ], [ 110.720051140000066, -7.605942918999972, 0.0 ], [ 110.720050994000076, -7.60593754699994, 0.0 ], [ 110.720050441000069, -7.605932224999947, 0.0 ], [ 110.720050176000086, -7.605930764999925, 0.0 ], [ 110.720049774000074, -7.605926949999969, 0.0 ], [ 110.720048818000066, -7.605921719999969, 0.0 ], [ 110.720048036000037, -7.605918733999943, 0.0 ], [ 110.720047636000061, -7.605916563999926, 0.0 ], [ 110.720046284000034, -7.605911434999939, 0.0 ], [ 110.720044741000038, -7.605906973999936, 0.0 ], [ 110.720044593000068, -7.605906413999946, 0.0 ], [ 110.720042850000084, -7.605901396999968, 0.0 ], [ 110.720040724000057, -7.605896508999933, 0.0 ], [ 110.720040249000078, -7.605895609999948, 0.0 ], [ 110.720038512000087, -7.605891632999942, 0.0 ], [ 110.720035988000063, -7.605886878999968, 0.0 ], [ 110.720034651000049, -7.605884769999932, 0.0 ], [ 110.720033276000038, -7.605882188999942, 0.0 ], [ 110.720030337000082, -7.605877577999934, 0.0 ], [ 110.720028058000082, -7.605874549999953, 0.0 ], [ 110.72002159200008, -7.605864421999968, 0.0 ], [ 110.720021574000043, -7.605864399999973, 0.0 ], [ 110.720016972000053, -7.605857257999958, 0.0 ], [ 110.720014830000082, -7.60585447099993, 0.0 ], [ 110.720012099000087, -7.605850268999973, 0.0 ], [ 110.720010810000076, -7.605848606999928, 0.0 ], [ 110.720007302000056, -7.605843215999926, 0.0 ], [ 110.720005361000062, -7.605840713999953, 0.0 ], [ 110.720002431000069, -7.605836214999954, 0.0 ], [ 110.719999832000042, -7.605832866999947, 0.0 ], [ 110.719997490000083, -7.605829273999973, 0.0 ], [ 110.719994228000076, -7.605825075999974, 0.0 ], [ 110.719992470000079, -7.605822382999975, 0.0 ], [ 110.719988554000054, -7.60581734699997, 0.0 ], [ 110.719987373000038, -7.605815535999966, 0.0 ], [ 110.719982806000075, -7.605809672999953, 0.0 ], [ 110.719982205000065, -7.605808751999973, 0.0 ], [ 110.719976982000048, -7.605802044999962, 0.0 ], [ 110.719976964000068, -7.605802019999942, 0.0 ], [ 110.719971721000036, -7.60579529499995, 0.0 ], [ 110.71997101900007, -7.605794533999926, 0.0 ], [ 110.719966403000058, -7.605788618999952, 0.0 ], [ 110.719964983000068, -7.605787083999928, 0.0 ], [ 110.719961013000045, -7.605782, 0.0 ], [ 110.719958874000042, -7.605779689999963, 0.0 ], [ 110.719955553000034, -7.605775438999956, 0.0 ], [ 110.719952700000078, -7.605772361999925, 0.0 ], [ 110.719950023000081, -7.605768936999937, 0.0 ], [ 110.719946450000066, -7.605765086999952, 0.0 ], [ 110.719944422000083, -7.605762494999965, 0.0 ], [ 110.719940134000069, -7.605757873999949, 0.0 ], [ 110.719938755000044, -7.605756112999927, 0.0 ], [ 110.719933753000078, -7.605750728999965, 0.0 ], [ 110.719933015000038, -7.605749788999958, 0.0 ], [ 110.719927302000087, -7.605743643999972, 0.0 ], [ 110.719927209000048, -7.605743526999959, 0.0 ], [ 110.71992139300005, -7.605737274999967, 0.0 ], [ 110.719920723000087, -7.605736667999963, 0.0 ], [ 110.719915514000036, -7.605731074999937, 0.0 ], [ 110.719914071000062, -7.605729766999957, 0.0 ], [ 110.719909573000052, -7.605724940999949, 0.0 ], [ 110.719907352000064, -7.605722932999981, 0.0 ], [ 110.71990356200007, -7.60571886699995, 0.0 ], [ 110.719900577000033, -7.605716167999958, 0.0 ], [ 110.719897490000051, -7.605712860999972, 0.0 ], [ 110.719893729000034, -7.605709461999936, 0.0 ], [ 110.719891349000079, -7.605706914999928, 0.0 ], [ 110.719886821000046, -7.605702828999938, 0.0 ], [ 110.719885647000069, -7.605701572999976, 0.0 ], [ 110.719885150000039, -7.605701041999964, 0.0 ], [ 110.719879845000037, -7.605696254999941, 0.0 ], [ 110.719878880000067, -7.60569522399993, 0.0 ], [ 110.719872811000073, -7.605689755999947, 0.0 ], [ 110.719872553000073, -7.605689478999977, 0.0 ], [ 110.719866202000048, -7.605683761999956, 0.0 ], [ 110.719865675000051, -7.605683364999948, 0.0 ], [ 110.719859812000038, -7.605678087999934, 0.0 ], [ 110.719858459000079, -7.605677066999931, 0.0 ], [ 110.719853357000034, -7.605672478999963, 0.0 ], [ 110.719851180000035, -7.605670836999934, 0.0 ], [ 110.719846846000053, -7.60566694299996, 0.0 ], [ 110.719843845000071, -7.605664680999951, 0.0 ], [ 110.719840272000056, -7.605661472999941, 0.0 ], [ 110.719836451000049, -7.605658594999966, 0.0 ], [ 110.719833640000047, -7.605656074999956, 0.0 ], [ 110.719828999000072, -7.605652581999948, 0.0 ], [ 110.719826949000037, -7.605650743999945, 0.0 ], [ 110.719821488000036, -7.605646637999939, 0.0 ], [ 110.719820207000055, -7.605645490999962, 0.0 ], [ 110.719813923000061, -7.60564076999998, 0.0 ], [ 110.719813407000061, -7.605640306999931, 0.0 ], [ 110.719806565000056, -7.605635172999939, 0.0 ], [ 110.719806279000068, -7.605634994999946, 0.0 ], [ 110.71979970700005, -7.605630064999957, 0.0 ], [ 110.719798551000054, -7.605629343999965, 0.0 ], [ 110.719792792000078, -7.605625027999963, 0.0 ], [ 110.719790765000084, -7.60562376699994, 0.0 ], [ 110.719785818000048, -7.605620061999957, 0.0 ], [ 110.719782929000075, -7.605618266999954, 0.0 ], [ 110.719778802000064, -7.605615180999962, 0.0 ], [ 110.71977503800008, -7.605612841999971, 0.0 ], [ 110.719771729000058, -7.60561036799993, 0.0 ], [ 110.719767096000055, -7.605607490999944, 0.0 ], [ 110.719764604000034, -7.605605628999967, 0.0 ], [ 110.719759105000037, -7.60560222099997, 0.0 ], [ 110.719757425000068, -7.60560096599994, 0.0 ], [ 110.719751061000068, -7.605597023999962, 0.0 ], [ 110.719750205000082, -7.605596384999956, 0.0 ], [ 110.719742972000063, -7.605591907999951, 0.0 ], [ 110.719742933000077, -7.605591879999963, 0.0 ], [ 110.719735652000054, -7.605587376999949, 0.0 ], [ 110.719734780000067, -7.605586936999941, 0.0 ], [ 110.719728329000077, -7.605582952999953, 0.0 ], [ 110.719726545000071, -7.605582051999932, 0.0 ], [ 110.719720960000075, -7.605578604999948, 0.0 ], [ 110.71971826500004, -7.605577247999975, 0.0 ], [ 110.719713540000043, -7.605574333999925, 0.0 ], [ 110.71970993900004, -7.605572522999978, 0.0 ], [ 110.719706080000037, -7.605570144999945, 0.0 ], [ 110.719701563000058, -7.605567875999952, 0.0 ], [ 110.719698574000063, -7.605566035999971, 0.0 ], [ 110.719693149000079, -7.605563313999937, 0.0 ], [ 110.719691021000074, -7.605562005999957, 0.0 ], [ 110.719684686000051, -7.60555882899996, 0.0 ], [ 110.719683430000089, -7.605558057999929, 0.0 ], [ 110.719676184000036, -7.605554429999927, 0.0 ], [ 110.719675793000079, -7.605554189999964, 0.0 ], [ 110.719668143000035, -7.605550359999938, 0.0 ], [ 110.719667608000066, -7.605550148999953, 0.0 ], [ 110.719660464000071, -7.605546578999963, 0.0 ], [ 110.719658990000084, -7.605545994999943, 0.0 ], [ 110.719652748000044, -7.605542876999948, 0.0 ], [ 110.719650319000039, -7.605541916999925, 0.0 ], [ 110.719644989000074, -7.605539256999975, 0.0 ], [ 110.719641614000068, -7.605537924999965, 0.0 ], [ 110.719637194000086, -7.605535722999946, 0.0 ], [ 110.71963287300008, -7.605534019999936, 0.0 ], [ 110.719629366000049, -7.605532271999948, 0.0 ], [ 110.719624091000071, -7.605530195999961, 0.0 ], [ 110.719621492000044, -7.605528901999946, 0.0 ], [ 110.719615272000055, -7.605526453999971, 0.0 ], [ 110.719613591000041, -7.60552561999998, 0.0 ], [ 110.719606418000069, -7.60552280099995, 0.0 ], [ 110.719605651000052, -7.605522418999954, 0.0 ], [ 110.719597686000043, -7.605519292999929, 0.0 ], [ 110.719597529000055, -7.605519245999972, 0.0 ], [ 110.719589712000072, -7.605516181999974, 0.0 ], [ 110.719588563000059, -7.605515841999932, 0.0 ], [ 110.719582605000085, -7.605513507999945, 0.0 ], [ 110.719581707000088, -7.605513155999972, 0.0 ], [ 110.719579586000066, -7.605512528999952, 0.0 ], [ 110.719573671000035, -7.605510214999981, 0.0 ], [ 110.719570561000069, -7.605509298999948, 0.0 ], [ 110.719565599000077, -7.605507359999933, 0.0 ], [ 110.719561508000083, -7.605506155999933, 0.0 ], [ 110.719557506000058, -7.605504594999957, 0.0 ], [ 110.719552431000068, -7.605503103999979, 0.0 ], [ 110.719549376000089, -7.605501911999966, 0.0 ], [ 110.719545915000083, -7.605500896999956, 0.0 ], [ 110.719543248000036, -7.605500356999926, 0.0 ], [ 110.719537174000038, -7.605498574999956, 0.0 ], [ 110.719533976000037, -7.605497931999935, 0.0 ], [ 110.719528422000053, -7.605496302999939, 0.0 ], [ 110.719524695000075, -7.605495555999937, 0.0 ], [ 110.719519661000049, -7.605494080999961, 0.0 ], [ 110.719511929000078, -7.605492532999961, 0.0 ], [ 110.719510821000085, -7.605492206999941, 0.0 ], [ 110.71950307600008, -7.60549065999993, 0.0 ], [ 110.719501979000086, -7.605490338999971, 0.0 ], [ 110.719494231000056, -7.605488784999977, 0.0 ], [ 110.719493141000044, -7.60548846699993, 0.0 ], [ 110.719485375000033, -7.605486910999957, 0.0 ], [ 110.71948430100008, -7.605486596999981, 0.0 ], [ 110.719476533000034, -7.605485038999973, 0.0 ], [ 110.719475461000059, -7.60548472499994, 0.0 ], [ 110.719467685000041, -7.605483165999942, 0.0 ], [ 110.719466621000038, -7.605482853999945, 0.0 ], [ 110.719458830000065, -7.605481290999933, 0.0 ], [ 110.719457780000084, -7.60548098299995, 0.0 ], [ 110.719449987000075, -7.605479417999959, 0.0 ], [ 110.719448941000053, -7.605479111999955, 0.0 ], [ 110.719441133000089, -7.605477543999939, 0.0 ], [ 110.719440102000078, -7.60547724099996, 0.0 ], [ 110.719432288000064, -7.605475671999955, 0.0 ], [ 110.719431262000057, -7.605475369999965, 0.0 ], [ 110.719423439000082, -7.605473796999945, 0.0 ], [ 110.719422422000036, -7.605473500999949, 0.0 ], [ 110.719414585000038, -7.605471922999925, 0.0 ], [ 110.719413581000083, -7.605471627999975, 0.0 ], [ 110.719405742000049, -7.605470049999951, 0.0 ], [ 110.719404741000062, -7.605469758999959, 0.0 ], [ 110.719396886000084, -7.605468176999977, 0.0 ], [ 110.719395902000088, -7.605467885999929, 0.0 ], [ 110.719388043000038, -7.605466303999947, 0.0 ], [ 110.719387060000088, -7.60546601599998, 0.0 ], [ 110.719379190000041, -7.605464427999948, 0.0 ], [ 110.719378222000046, -7.605464144999928, 0.0 ], [ 110.719370346000062, -7.605462557999942, 0.0 ], [ 110.719369382000082, -7.605462272999944, 0.0 ], [ 110.719361495000044, -7.605460682999933, 0.0 ], [ 110.719360542000061, -7.605460402999938, 0.0 ], [ 110.719352643000036, -7.60545880799998, 0.0 ], [ 110.719351703000086, -7.605458531999943, 0.0 ], [ 110.719343799000058, -7.605456935999939, 0.0 ], [ 110.719342861000086, -7.605456661999938, 0.0 ], [ 110.71933494600006, -7.60545506099993, 0.0 ], [ 110.719334022000055, -7.605454789999953, 0.0 ], [ 110.719326102000082, -7.605453188999945, 0.0 ], [ 110.719325182000034, -7.605452919999948, 0.0 ], [ 110.719317251000064, -7.605451313999936, 0.0 ], [ 110.71931634200007, -7.605451047999964, 0.0 ], [ 110.719308399000056, -7.605449439999973, 0.0 ], [ 110.719307503000039, -7.605449177999958, 0.0 ], [ 110.719299556000067, -7.605447569999967, 0.0 ], [ 110.719298663000075, -7.605447305999974, 0.0 ], [ 110.719290701000034, -7.605445693999968, 0.0 ], [ 110.719289823000054, -7.605445434999979, 0.0 ], [ 110.719281858000045, -7.605443820999938, 0.0 ], [ 110.719280983000033, -7.605443564999973, 0.0 ], [ 110.719273008000073, -7.605441947999964, 0.0 ], [ 110.719272143000069, -7.605441692999932, 0.0 ], [ 110.719264155000076, -7.605440073999944, 0.0 ], [ 110.719263303000048, -7.605439823999973, 0.0 ], [ 110.719255310000051, -7.60543819999998, 0.0 ], [ 110.719254464000073, -7.605437951999932, 0.0 ], [ 110.719246457000054, -7.605436324999971, 0.0 ], [ 110.719245623000063, -7.605436081999926, 0.0 ], [ 110.719237613000075, -7.60543445299993, 0.0 ], [ 110.719236783000042, -7.605434209999942, 0.0 ], [ 110.719228764000036, -7.605432580999945, 0.0 ], [ 110.719227943000078, -7.605432339999936, 0.0 ], [ 110.719219910000049, -7.605430704999947, 0.0 ], [ 110.719219103000057, -7.605430467999952, 0.0 ], [ 110.71921106700006, -7.605428832999962, 0.0 ], [ 110.719210264000083, -7.605428596999957, 0.0 ], [ 110.719202212000084, -7.605426957999953, 0.0 ], [ 110.719201423000072, -7.605426725999962, 0.0 ], [ 110.719193368000049, -7.605425085999968, 0.0 ], [ 110.719192584000041, -7.605424854999967, 0.0 ], [ 110.719184519000066, -7.605423211999948, 0.0 ], [ 110.719183739000073, -7.605422982999926, 0.0 ], [ 110.719175666000069, -7.605421335999949, 0.0 ], [ 110.719174903000066, -7.605421112999977, 0.0 ], [ 110.719166822000034, -7.605419464999954, 0.0 ], [ 110.719166064000035, -7.605419243999961, 0.0 ], [ 110.719157968000047, -7.605417590999934, 0.0 ], [ 110.719157223000082, -7.60541737099993, 0.0 ], [ 110.719149124000069, -7.605415716999971, 0.0 ], [ 110.71914838400005, -7.605415501999971, 0.0 ], [ 110.719140275000086, -7.605413843999941, 0.0 ], [ 110.719139544000086, -7.60541362999993, 0.0 ], [ 110.719131421000043, -7.605411968999931, 0.0 ], [ 110.719130704000065, -7.605411758999935, 0.0 ], [ 110.719122578000054, -7.605410096999947, 0.0 ], [ 110.719121865000034, -7.60540988799994, 0.0 ], [ 110.719113723000078, -7.605408221999937, 0.0 ], [ 110.71911302400008, -7.605408015999956, 0.0 ], [ 110.719104880000089, -7.605406349999953, 0.0 ], [ 110.719104185000049, -7.60540614599995, 0.0 ], [ 110.719096025000056, -7.605404474999943, 0.0 ], [ 110.719095344000038, -7.605404274999955, 0.0 ], [ 110.719087182000067, -7.605402602999959, 0.0 ], [ 110.719086503000085, -7.60540240499995, 0.0 ], [ 110.719078332000038, -7.605400728999939, 0.0 ], [ 110.719077665000043, -7.605400532999965, 0.0 ], [ 110.719069479000041, -7.60539885399993, 0.0 ], [ 110.719068825000079, -7.605398663999949, 0.0 ], [ 110.719060634000073, -7.605396982999935, 0.0 ], [ 110.719059985000058, -7.605396790999976, 0.0 ], [ 110.719051782000065, -7.605395107999925, 0.0 ], [ 110.719051145000037, -7.60539492099997, 0.0 ], [ 110.719042938000086, -7.605393234999951, 0.0 ], [ 110.719042304000084, -7.605393048999929, 0.0 ], [ 110.719034089000047, -7.605391360999931, 0.0 ], [ 110.719033465000052, -7.605391177999934, 0.0 ], [ 110.719025234000071, -7.605389485999979, 0.0 ], [ 110.719024626000078, -7.605389307999928, 0.0 ], [ 110.719016390000036, -7.605387613999937, 0.0 ], [ 110.719015786000057, -7.605387435999944, 0.0 ], [ 110.719007537000039, -7.605385737999939, 0.0 ], [ 110.719006945000046, -7.605385566999928, 0.0 ], [ 110.718998694000049, -7.605383866999944, 0.0 ], [ 110.718998105000082, -7.605383694999944, 0.0 ], [ 110.718989844000077, -7.605381994999959, 0.0 ], [ 110.718989265000062, -7.605381824999938, 0.0 ], [ 110.718980990000034, -7.60538011899996, 0.0 ], [ 110.718980426000087, -7.605379952999954, 0.0 ], [ 110.718972147000045, -7.60537824599993, 0.0 ], [ 110.718971584000087, -7.605378082999948, 0.0 ], [ 110.718963292000069, -7.605376370999977, 0.0 ], [ 110.718962746000045, -7.605376210999964, 0.0 ], [ 110.718954448000034, -7.605374500999972, 0.0 ], [ 110.718953906000081, -7.605374339999969, 0.0 ], [ 110.718945599000051, -7.605372625999962, 0.0 ], [ 110.71894506600006, -7.605372468999974, 0.0 ], [ 110.718821307000042, -7.605346275999977, 0.0 ], [ 110.718812860000071, -7.605344522999928, 0.0 ], [ 110.718812467000078, -7.605344406999961, 0.0 ], [ 110.718804018000071, -7.605342648999965, 0.0 ], [ 110.718803626000067, -7.605342533999931, 0.0 ], [ 110.718795167000053, -7.605340774999945, 0.0 ], [ 110.718794787000036, -7.605340663999925, 0.0 ], [ 110.718786314000056, -7.605338899999936, 0.0 ], [ 110.718785947000072, -7.60533879299993, 0.0 ], [ 110.718777470000077, -7.605337027999951, 0.0 ], [ 110.718777107000051, -7.605336920999946, 0.0 ], [ 110.718768616000034, -7.605335153999931, 0.0 ], [ 110.718768268000076, -7.605335052999976, 0.0 ], [ 110.718759773000045, -7.605333280999957, 0.0 ], [ 110.718759427000066, -7.605333178999956, 0.0 ], [ 110.718750925000052, -7.605331408999973, 0.0 ], [ 110.718750588000034, -7.60533130999994, 0.0 ], [ 110.718742070000076, -7.605329533999964, 0.0 ], [ 110.718741747000081, -7.605329437999956, 0.0 ], [ 110.718733225000051, -7.605327659999944, 0.0 ], [ 110.71873290700006, -7.60532756799995, 0.0 ], [ 110.718724372000054, -7.60532578599998, 0.0 ], [ 110.718724068000085, -7.605325696999955, 0.0 ], [ 110.718715529000065, -7.605323914999929, 0.0 ], [ 110.718715226000086, -7.60532382599996, 0.0 ], [ 110.718706679000036, -7.605322039999976, 0.0 ], [ 110.718706388000044, -7.605321953999976, 0.0 ], [ 110.718697825000049, -7.605320163999977, 0.0 ], [ 110.71869754800008, -7.60532008399997, 0.0 ], [ 110.71868898200006, -7.605318292999925, 0.0 ], [ 110.718688708000059, -7.605318211999929, 0.0 ], [ 110.718680129000063, -7.605316417999973, 0.0 ], [ 110.718679869000084, -7.605316341999981, 0.0 ], [ 110.718671283000049, -7.605314544999942, 0.0 ], [ 110.718671027000084, -7.605314471999975, 0.0 ], [ 110.718662434000066, -7.605312671999968, 0.0 ], [ 110.718662188000053, -7.605312598999944, 0.0 ], [ 110.718653581000069, -7.605310796999959, 0.0 ], [ 110.718653348000089, -7.605310730999975, 0.0 ], [ 110.71864473800008, -7.605308925999964, 0.0 ], [ 110.718644508000068, -7.605308857999944, 0.0 ], [ 110.718635884000037, -7.605307049999965, 0.0 ], [ 110.718635668000047, -7.605306987999938, 0.0 ], [ 110.718627041000047, -7.605305177999981, 0.0 ], [ 110.718626828000083, -7.605305115999954, 0.0 ], [ 110.718618190000086, -7.605303305999939, 0.0 ], [ 110.718617989000052, -7.605303244999959, 0.0 ], [ 110.718609337000089, -7.605301428999951, 0.0 ], [ 110.718609149000088, -7.605301374999954, 0.0 ], [ 110.718600493000054, -7.605299556999967, 0.0 ], [ 110.718600309000067, -7.605299502999969, 0.0 ], [ 110.718591639000067, -7.605297681999957, 0.0 ], [ 110.718591469000046, -7.605297633999953, 0.0 ], [ 110.718582796000078, -7.605295811999952, 0.0 ], [ 110.718582629000082, -7.605295761999969, 0.0 ], [ 110.718573942000035, -7.605293936999942, 0.0 ], [ 110.718573788000072, -7.605293891999963, 0.0 ], [ 110.718565098000056, -7.605292062999979, 0.0 ], [ 110.71856494900004, -7.605292019999979, 0.0 ], [ 110.718556248000084, -7.605290189999948, 0.0 ], [ 110.718556108000087, -7.605290149999973, 0.0 ], [ 110.718547394000041, -7.605288313999949, 0.0 ], [ 110.718547269000055, -7.605288277999932, 0.0 ], [ 110.718538551000051, -7.605286442999954, 0.0 ], [ 110.718538430000081, -7.605286406999937, 0.0 ], [ 110.718529696000076, -7.605284566999956, 0.0 ], [ 110.71852958900007, -7.605284535999942, 0.0 ], [ 110.718520854000076, -7.605282694999971, 0.0 ], [ 110.718520750000039, -7.605282664999947, 0.0 ], [ 110.718512005000036, -7.60528082299993, 0.0 ], [ 110.718511909000085, -7.605280793999952, 0.0 ], [ 110.718503149000071, -7.605278947999977, 0.0 ], [ 110.718503070000054, -7.605278922999958, 0.0 ], [ 110.718494306000082, -7.605277074999947, 0.0 ], [ 110.718494230000033, -7.605277053999941, 0.0 ], [ 110.718485451000049, -7.605275198999948, 0.0 ], [ 110.718485388000033, -7.605275180999968, 0.0 ], [ 110.71847660800006, -7.605273328999942, 0.0 ], [ 110.718476550000048, -7.605273311999952, 0.0 ], [ 110.718467760000067, -7.605271453999933, 0.0 ], [ 110.718467710000084, -7.605271438999978, 0.0 ], [ 110.718458905000034, -7.60526957899998, 0.0 ], [ 110.718458870000063, -7.605269568999972, 0.0 ], [ 110.718450063000034, -7.605267706999939, 0.0 ], [ 110.718450024000049, -7.605267695999942, 0.0 ], [ 110.71844119900004, -7.605265827999972, 0.0 ], [ 110.718432358000086, -7.605263958999956, 0.0 ], [ 110.718423512000072, -7.605262083999946, 0.0 ], [ 110.718414667000047, -7.605260211999962, 0.0 ], [ 110.718405825000048, -7.605258340999967, 0.0 ], [ 110.718396991000077, -7.605256468999926, 0.0 ], [ 110.718396964000078, -7.605256464999968, 0.0 ], [ 110.718388152000045, -7.605254597999931, 0.0 ], [ 110.718388119000053, -7.605254593999973, 0.0 ], [ 110.718379312000081, -7.605252725999947, 0.0 ], [ 110.718379270000071, -7.605252721999932, 0.0 ], [ 110.718370472000061, -7.605250854999952, 0.0 ], [ 110.718370416000084, -7.605250846999979, 0.0 ], [ 110.71836163200004, -7.605248983999957, 0.0 ], [ 110.718361573000038, -7.605248975999928, 0.0 ], [ 110.718352792000076, -7.605247111999972, 0.0 ], [ 110.718352718000062, -7.605247102999954, 0.0 ], [ 110.718343953000044, -7.605245239999931, 0.0 ], [ 110.718343875000073, -7.60524522999998, 0.0 ], [ 110.71833511300008, -7.605243368999936, 0.0 ], [ 110.71833502000004, -7.605243354999971, 0.0 ], [ 110.718326273000059, -7.605241496999952, 0.0 ], [ 110.718326176000062, -7.605241484999965, 0.0 ], [ 110.718317433000038, -7.605239626999946, 0.0 ], [ 110.718317327000079, -7.605239610999945, 0.0 ], [ 110.718308593000074, -7.605237752999926, 0.0 ], [ 110.718308473000036, -7.605237736999925, 0.0 ], [ 110.718299754000043, -7.605235882999978, 0.0 ], [ 110.718299629000057, -7.60523586599993, 0.0 ], [ 110.718290914000079, -7.605234010999936, 0.0 ], [ 110.718290775000071, -7.605233990999977, 0.0 ], [ 110.718282074000058, -7.605232139999941, 0.0 ], [ 110.718281931000035, -7.605232119999926, 0.0 ], [ 110.718273234000037, -7.605230266999968, 0.0 ], [ 110.718273081000063, -7.605230246999952, 0.0 ], [ 110.718264394000073, -7.605228394999926, 0.0 ], [ 110.718264227000077, -7.605228371999942, 0.0 ], [ 110.718255555000042, -7.605226523999931, 0.0 ], [ 110.718255384000088, -7.605226500999947, 0.0 ], [ 110.718246716000067, -7.605224653999926, 0.0 ], [ 110.718246529000055, -7.605224627999974, 0.0 ], [ 110.718237876000046, -7.605222779999963, 0.0 ], [ 110.718237686000066, -7.605222754999943, 0.0 ], [ 110.718229036000082, -7.605220909999957, 0.0 ], [ 110.718228838000073, -7.605220881999969, 0.0 ], [ 110.718220196000061, -7.605219036999927, 0.0 ], [ 110.71821998300004, -7.605219008999939, 0.0 ], [ 110.71821135600004, -7.605217165999932, 0.0 ], [ 110.718211138000072, -7.605217135999965, 0.0 ], [ 110.718202517000066, -7.605215293999947, 0.0 ], [ 110.718202285000075, -7.605215261999945, 0.0 ], [ 110.718193677000045, -7.605213422999952, 0.0 ], [ 110.718193442000086, -7.60521339099995, 0.0 ], [ 110.718184837000081, -7.605211550999968, 0.0 ], [ 110.718184592000057, -7.60521151699993, 0.0 ], [ 110.71817599700006, -7.605209678999927, 0.0 ], [ 110.71817573800007, -7.605209643999956, 0.0 ], [ 110.718167157000039, -7.605207807999932, 0.0 ], [ 110.718166894000035, -7.605207772999961, 0.0 ], [ 110.718158318000064, -7.605205935999948, 0.0 ], [ 110.718158041000038, -7.605205896999962, 0.0 ], [ 110.718149478000043, -7.605204065999942, 0.0 ], [ 110.71814919500008, -7.605204025999967, 0.0 ], [ 110.718140638000079, -7.605202192999968, 0.0 ], [ 110.718140346000041, -7.605202153999926, 0.0 ], [ 110.718131798000059, -7.605200321999973, 0.0 ], [ 110.718131493000044, -7.605200278999973, 0.0 ], [ 110.718122958000038, -7.605198449999932, 0.0 ], [ 110.718122650000055, -7.605198406999932, 0.0 ], [ 110.718114120000052, -7.605196578999937, 0.0 ], [ 110.718113795000079, -7.605196534999948, 0.0 ], [ 110.718105279000042, -7.605194706999953, 0.0 ], [ 110.718104952000033, -7.605194661999974, 0.0 ], [ 110.718096440000068, -7.605192836999947, 0.0 ], [ 110.718096101000071, -7.605192787999954, 0.0 ], [ 110.718087599000057, -7.605190962999927, 0.0 ], [ 110.718024971000034, -7.605179428999975, 0.0 ], [ 110.718017816000042, -7.605177847999926, 0.0 ], [ 110.718016118000037, -7.605177602999959, 0.0 ], [ 110.718008422000082, -7.60517589799997, 0.0 ], [ 110.718007263000061, -7.605175730999974, 0.0 ], [ 110.717999037000084, -7.605173900999944, 0.0 ], [ 110.71799843000008, -7.605173812999965, 0.0 ], [ 110.717989661000047, -7.605171856999959, 0.0 ], [ 110.717989599000077, -7.605171847999941, 0.0 ], [ 110.71798076500005, -7.60516987099993, 0.0 ], [ 110.717980302000058, -7.605169729999943, 0.0 ], [ 110.717971952000084, -7.605167854999934, 0.0 ], [ 110.717970952000087, -7.605167551999955, 0.0 ], [ 110.717963136000037, -7.605165789999944, 0.0 ], [ 110.717961604000038, -7.605165324999973, 0.0 ], [ 110.717954342000041, -7.605163681999954, 0.0 ], [ 110.717952268000033, -7.605163049999931, 0.0 ], [ 110.717942887000049, -7.605160920999936, 0.0 ], [ 110.717942475000086, -7.605160857999977, 0.0 ], [ 110.717934546000038, -7.60515905699998, 0.0 ], [ 110.717933491000053, -7.605158735999964, 0.0 ], [ 110.717926659000057, -7.60515718299996, 0.0 ], [ 110.717924140000036, -7.605156418999968, 0.0 ], [ 110.717918802000042, -7.605155203999971, 0.0 ], [ 110.717914797000049, -7.605153989999963, 0.0 ], [ 110.717910974000063, -7.605153117999976, 0.0 ], [ 110.717905488000042, -7.605151456999977, 0.0 ], [ 110.717903186000058, -7.605150930999969, 0.0 ], [ 110.717896199000052, -7.605148816999929, 0.0 ], [ 110.717895431000045, -7.605148638999935, 0.0 ], [ 110.717887704000077, -7.605146298999955, 0.0 ], [ 110.717886954000051, -7.605146014999946, 0.0 ], [ 110.717880003000062, -7.605143907999945, 0.0 ], [ 110.717877753000039, -7.605143055999974, 0.0 ], [ 110.717872338000063, -7.605141412999956, 0.0 ], [ 110.717868586000066, -7.605139992999966, 0.0 ], [ 110.717864717000054, -7.605138817999944, 0.0 ], [ 110.717859455000053, -7.605136827999956, 0.0 ], [ 110.717857128000048, -7.605136117999962, 0.0 ], [ 110.717850346000034, -7.605133551999927, 0.0 ], [ 110.717849588000036, -7.605133320999926, 0.0 ], [ 110.717842075000078, -7.605130476999932, 0.0 ], [ 110.717841299000042, -7.605130121999935, 0.0 ], [ 110.717834583000069, -7.605127577999951, 0.0 ], [ 110.717832313000088, -7.605126541999937, 0.0 ], [ 110.717827141000043, -7.605124582999963, 0.0 ], [ 110.717823360000068, -7.605122858999948, 0.0 ], [ 110.717819734000045, -7.605121482999948, 0.0 ], [ 110.71781444700008, -7.605119070999933, 0.0 ], [ 110.71781238300008, -7.605118285999936, 0.0 ], [ 110.71780558100005, -7.605115185999978, 0.0 ], [ 110.717805075000058, -7.605114990999937, 0.0 ], [ 110.717797787000052, -7.605111665999971, 0.0 ], [ 110.717796787000054, -7.605111129999955, 0.0 ], [ 110.717790524000065, -7.605108271999939, 0.0 ], [ 110.71778805100007, -7.605106942999953, 0.0 ], [ 110.717783326000074, -7.605104783999934, 0.0 ], [ 110.717779366000059, -7.605102656999975, 0.0 ], [ 110.717776168000057, -7.605101196999954, 0.0 ], [ 110.717770720000033, -7.605098267999949, 0.0 ], [ 110.717769067000063, -7.605097512999976, 0.0 ], [ 110.717762135000044, -7.605093787999976, 0.0 ], [ 110.717762011000048, -7.605093730999954, 0.0 ], [ 110.71775496500004, -7.605089944999975, 0.0 ], [ 110.717753652000056, -7.605089124999949, 0.0 ], [ 110.717747964000068, -7.605086066999945, 0.0 ], [ 110.717745209000043, -7.60508434999997, 0.0 ], [ 110.717741029000081, -7.605082099999947, 0.0 ], [ 110.717736838000064, -7.605079486999955, 0.0 ], [ 110.717734132000089, -7.605078030999948, 0.0 ], [ 110.717728510000086, -7.605074523999974, 0.0 ], [ 110.71772730400005, -7.60507387399997, 0.0 ], [ 110.717720518000078, -7.605069638999964, 0.0 ], [ 110.717720259000089, -7.605069454999978, 0.0 ], [ 110.717713738000043, -7.605065384999932, 0.0 ], [ 110.717712109000047, -7.60506421599996, 0.0 ], [ 110.717707027000074, -7.605061041999932, 0.0 ], [ 110.717704021000088, -7.605058883999959, 0.0 ], [ 110.717700367000077, -7.605056603999969, 0.0 ], [ 110.717695997000078, -7.60505346399998, 0.0 ], [ 110.717693767000071, -7.605052071999978, 0.0 ], [ 110.717688040000041, -7.605047957999943, 0.0 ], [ 110.717687225000077, -7.605047448999926, 0.0 ], [ 110.717680723000058, -7.605042777999927, 0.0 ], [ 110.717680165000047, -7.60504231799996, 0.0 ], [ 110.717674246000058, -7.605038062999938, 0.0 ], [ 110.717672396000069, -7.605036542999926, 0.0 ], [ 110.717667825000035, -7.605033255999956, 0.0 ], [ 110.717664697000089, -7.605030682999939, 0.0 ], [ 110.717661478000082, -7.605028368999967, 0.0 ], [ 110.717657068000051, -7.605024735999962, 0.0 ], [ 110.717655185000069, -7.605023381999956, 0.0 ], [ 110.717649504000065, -7.605018702999928, 0.0 ], [ 110.717648961000066, -7.60501831299996, 0.0 ], [ 110.717642764000061, -7.605013205999967, 0.0 ], [ 110.717642061000049, -7.60501254199994, 0.0 ], [ 110.71763659800007, -7.605008039999973, 0.0 ], [ 110.717634709000038, -7.605006259999925, 0.0 ], [ 110.717630506000035, -7.605002794999962, 0.0 ], [ 110.717627433000075, -7.604999893999945, 0.0 ], [ 110.717624483000066, -7.604997461999972, 0.0 ], [ 110.717620239000041, -7.604993454999942, 0.0 ], [ 110.717618522000066, -7.604992039999956, 0.0 ], [ 110.717613118000088, -7.604986933999953, 0.0 ], [ 110.717612638000048, -7.604986537999935, 0.0 ], [ 110.717606774000046, -7.604980997999974, 0.0 ], [ 110.717606120000085, -7.604980285999943, 0.0 ], [ 110.717600950000076, -7.604975399999944, 0.0 ], [ 110.717599232000055, -7.604973534999942, 0.0 ], [ 110.717595199000073, -7.604969720999975, 0.0 ], [ 110.717592426000067, -7.604966708999939, 0.0 ], [ 110.717589517000079, -7.604963957999928, 0.0 ], [ 110.717585696000071, -7.604959801999939, 0.0 ], [ 110.717583913000055, -7.604958115999978, 0.0 ], [ 110.717579056000034, -7.604952830999935, 0.0 ], [ 110.717578381000067, -7.604952191999928, 0.0 ], [ 110.717572895000046, -7.604946218999942, 0.0 ], [ 110.717572524000047, -7.604945752999981, 0.0 ], [ 110.717567430000088, -7.604940202999956, 0.0 ], [ 110.717566133000048, -7.60493856599993, 0.0 ], [ 110.71756203700005, -7.604934104999927, 0.0 ], [ 110.717559820000076, -7.604931299999976, 0.0 ], [ 110.717556730000069, -7.604927935999967, 0.0 ], [ 110.717553605000035, -7.604923981999946, 0.0 ], [ 110.71755171500007, -7.604921923999939, 0.0 ], [ 110.717547861000071, -7.604916210999932, 0.0 ], [ 110.717545422000057, -7.604913128999954, 0.0 ], [ 110.717542231000039, -7.604908385999977, 0.0 ], [ 110.717538908000051, -7.604904194999961, 0.0 ], [ 110.717536529000085, -7.604900649999934, 0.0 ], [ 110.717532352000035, -7.604895384999963, 0.0 ], [ 110.717530760000045, -7.604893011999934, 0.0 ], [ 110.717525742000078, -7.604886687999965, 0.0 ], [ 110.717524922000052, -7.604885460999981, 0.0 ], [ 110.717519071000083, -7.604878088999953, 0.0 ], [ 110.717519001000085, -7.604877987999942, 0.0 ], [ 110.717513086000054, -7.604870528999982, 0.0 ], [ 110.717512246000069, -7.604869635999933, 0.0 ], [ 110.717507094000041, -7.604863137999928, 0.0 ], [ 110.717505341000049, -7.604861271999937, 0.0 ], [ 110.717501020000043, -7.604855819999955, 0.0 ], [ 110.717498359000047, -7.604852983999933, 0.0 ], [ 110.717495371000041, -7.60484921099993, 0.0 ], [ 110.717491222000035, -7.604844784999955, 0.0 ], [ 110.717490295000061, -7.604843616999972, 0.0 ], [ 110.71748513600005, -7.604838111999925, 0.0 ], [ 110.717483772000037, -7.604836874999933, 0.0 ], [ 110.717479872000069, -7.604832712999951, 0.0 ], [ 110.717476029000068, -7.604829228999961, 0.0 ], [ 110.717474420000087, -7.604827511999929, 0.0 ], [ 110.717468843000063, -7.604822455999965, 0.0 ], [ 110.717468028000042, -7.604821829999935, 0.0 ], [ 110.717463213000087, -7.60481746499994, 0.0 ], [ 110.717459713000039, -7.604814773999976, 0.0 ], [ 110.717457409000076, -7.604812682999977, 0.0 ], [ 110.717451451000045, -7.604808098999968, 0.0 ], [ 110.717451205000089, -7.604807939999944, 0.0 ], [ 110.717445484000052, -7.604803537999942, 0.0 ], [ 110.717442368000036, -7.604801513999973, 0.0 ], [ 110.717439358000036, -7.604799196999977, 0.0 ], [ 110.717433371000084, -7.604795306999961, 0.0 ], [ 110.71743308300006, -7.604795084999978, 0.0 ], [ 110.717426798000076, -7.604791001999956, 0.0 ], [ 110.717424081000047, -7.604789528999959, 0.0 ], [ 110.717420379000089, -7.604787123999927, 0.0 ], [ 110.717414627000039, -7.604784001999974, 0.0 ], [ 110.717413829000066, -7.604783482999949, 0.0 ], [ 110.71740724700004, -7.60477991099998, 0.0 ], [ 110.717404943000076, -7.604778887999942, 0.0 ], [ 110.717400575000056, -7.604776515999959, 0.0 ], [ 110.717395091000071, -7.604774075999956, 0.0 ], [ 110.717393783000034, -7.60477336799994, 0.0 ], [ 110.717386951000037, -7.604770325999937, 0.0 ], [ 110.717385058000048, -7.604769654999927, 0.0 ], [ 110.717380055000035, -7.604767427999946, 0.0 ], [ 110.717374867000046, -7.604765588999953, 0.0 ], [ 110.717373058000078, -7.60476478399994, 0.0 ], [ 110.71736601300006, -7.604762285999925, 0.0 ], [ 110.717364532000033, -7.604761889999963, 0.0 ], [ 110.717358932000081, -7.604759901999955, 0.0 ], [ 110.717354058000069, -7.60475858999996, 0.0 ], [ 110.717351767000082, -7.604757777999964, 0.0 ], [ 110.717344552000043, -7.604755833999945, 0.0 ], [ 110.717343479000078, -7.604755632999968, 0.0 ], [ 110.71733732000007, -7.604753975999927, 0.0 ], [ 110.717332783000074, -7.604753122999966, 0.0 ], [ 110.717330020000077, -7.604752378999933, 0.0 ], [ 110.717322683000077, -7.604751000999954, 0.0 ], [ 110.717322014000047, -7.604750928999977, 0.0 ], [ 110.717315332000055, -7.604749672999958, 0.0 ], [ 110.717311162000044, -7.604749221999953, 0.0 ], [ 110.717307935000065, -7.604748614999949, 0.0 ], [ 110.717300515000034, -7.604747807999956, 0.0 ], [ 110.717300260000059, -7.604747801999963, 0.0 ], [ 110.717293088000076, -7.604747019999934, 0.0 ], [ 110.71728930900008, -7.604746903999967, 0.0 ], [ 110.717285633000074, -7.60474650499998, 0.0 ], [ 110.717278334000071, -7.604746278999926, 0.0 ], [ 110.717278174000057, -7.604746261999935, 0.0 ], [ 110.717270700000086, -7.604746030999934, 0.0 ], [ 110.717267346000085, -7.604746187999979, 0.0 ], [ 110.71726323300004, -7.604746060999958, 0.0 ], [ 110.717256367000061, -7.604746381999973, 0.0 ], [ 110.71725576700004, -7.604746361999958, 0.0 ], [ 110.717248297000083, -7.604746711999951, 0.0 ], [ 110.717245397000056, -7.604747072999942, 0.0 ], [ 110.717240848000074, -7.604747284999974, 0.0 ], [ 110.717234474000065, -7.604748081999958, 0.0 ], [ 110.717233416000056, -7.60474813299993, 0.0 ], [ 110.717225990000088, -7.604749059999961, 0.0 ], [ 110.717223589000071, -7.604749553999966, 0.0 ], [ 110.717218701000036, -7.604750162999949, 0.0 ], [ 110.717212859000085, -7.604751853999971, 0.0 ], [ 110.717210019000049, -7.604752435999956, 0.0 ], [ 110.717202267000062, -7.604754688999947, 0.0 ], [ 110.717201282000076, -7.604754889999981, 0.0 ], [ 110.717192579000084, -7.604757424999946, 0.0 ], [ 110.717191772000035, -7.604757734999964, 0.0 ], [ 110.717183896000051, -7.604760032999934, 0.0 ], [ 110.717181371000038, -7.604761002999965, 0.0 ], [ 110.717175267000073, -7.60476278799996, 0.0 ], [ 110.717171042000075, -7.604764414999977, 0.0 ], [ 110.717166699000074, -7.604765687999929, 0.0 ], [ 110.717160768000042, -7.604767976999938, 0.0 ], [ 110.717158173000087, -7.60476874099993, 0.0 ], [ 110.717156507000084, -7.604769383999951, 0.0 ], [ 110.717149526000071, -7.604771442999947, 0.0 ], [ 110.717147959000044, -7.604772050999941, 0.0 ], [ 110.717140886000038, -7.604774144999965, 0.0 ], [ 110.717139412000051, -7.604774717999931, 0.0 ], [ 110.717132233000086, -7.604776848999961, 0.0 ], [ 110.717130864000069, -7.604777384999977, 0.0 ], [ 110.717123594000043, -7.604779549999932, 0.0 ], [ 110.717122317000076, -7.604780051999967, 0.0 ], [ 110.71711494200008, -7.604782255999964, 0.0 ], [ 110.717113769000036, -7.604782719999946, 0.0 ], [ 110.717106298000033, -7.604784956999936, 0.0 ], [ 110.717105221000054, -7.604785383999968, 0.0 ], [ 110.717097657000068, -7.604787660999932, 0.0 ], [ 110.717096672000082, -7.604788052999936, 0.0 ], [ 110.717089006000037, -7.604790366999964, 0.0 ], [ 110.717088130000036, -7.604790715999968, 0.0 ], [ 110.717080366000062, -7.604793065999957, 0.0 ], [ 110.71707957700005, -7.604793382999958, 0.0 ], [ 110.717071714000042, -7.604795771999932, 0.0 ], [ 110.717071029000067, -7.604796047999969, 0.0 ], [ 110.717063070000052, -7.604798476999974, 0.0 ], [ 110.717062481000085, -7.604798714999959, 0.0 ], [ 110.71705442800004, -7.604801177999946, 0.0 ], [ 110.717053933000045, -7.604801380999959, 0.0 ], [ 110.717045780000035, -7.604803882999931, 0.0 ], [ 110.717045384000073, -7.60480404599997, 0.0 ], [ 110.71703713900007, -7.604806588999963, 0.0 ], [ 110.717036836000034, -7.604806712999959, 0.0 ], [ 110.717028489000086, -7.604809294999939, 0.0 ], [ 110.717028288000051, -7.604809375999935, 0.0 ], [ 110.717019844000049, -7.604811997999946, 0.0 ], [ 110.717019740000069, -7.604812040999946, 0.0 ], [ 110.717011197000033, -7.604814702999931, 0.0 ], [ 110.716741020000086, -7.604899744999955, 0.0 ], [ 110.716737852000051, -7.604900741999927, 0.0 ], [ 110.716676944000085, -7.604923237999969, 0.0 ], [ 110.716614092000043, -7.604939560999981, 0.0 ], [ 110.71654992200007, -7.604949549999958, 0.0 ], [ 110.716537672000072, -7.604950221999957, 0.0 ], [ 110.716485073000058, -7.604953104999936, 0.0 ], [ 110.716420192000044, -7.604950190999944, 0.0 ], [ 110.716355925000073, -7.604940837999948, 0.0 ], [ 110.716292914000064, -7.604925134999974, 0.0 ], [ 110.716231785000048, -7.604903242999967, 0.0 ], [ 110.716173151000078, -7.604875378999964, 0.0 ], [ 110.716117592000046, -7.604841818999944, 0.0 ], [ 110.716065664000041, -7.604802899999981, 0.0 ], [ 110.71602075900006, -7.604768645999968, 0.0 ], [ 110.715989250000064, -7.604739500999926, 0.0 ], [ 110.715979307000055, -7.604730303999929, 0.0 ], [ 110.715941681000061, -7.604688214999953, 0.0 ], [ 110.715908221000063, -7.60464276099998, 0.0 ], [ 110.715879227000073, -7.604594348999967, 0.0 ], [ 110.715854959000069, -7.604543413999977, 0.0 ], [ 110.715838965000046, -7.604508031999956, 0.0 ], [ 110.715799310000079, -7.604420307999931, 0.0 ], [ 110.715794522000067, -7.60440932399996, 0.0 ], [ 110.715775411000038, -7.604365485999949, 0.0 ], [ 110.715728072000047, -7.604255911999928, 0.0 ], [ 110.715703831000042, -7.60420991999996, 0.0 ], [ 110.715673860000038, -7.604167421999932, 0.0 ], [ 110.71563866200006, -7.604129125999975, 0.0 ], [ 110.715598816000067, -7.604095664999932, 0.0 ], [ 110.715554986000086, -7.604067595999936, 0.0 ], [ 110.71550790200007, -7.604045386999928, 0.0 ], [ 110.715458346000048, -7.604029405999938, 0.0 ], [ 110.715407140000082, -7.604019919999928, 0.0 ], [ 110.715347068000085, -7.604021270999965, 0.0 ], [ 110.715308493000066, -7.604021142999954, 0.0 ], [ 110.715270427000064, -7.604014907999954, 0.0 ], [ 110.715233836000039, -7.60400272499993, 0.0 ], [ 110.715199645000041, -7.603984900999933, 0.0 ], [ 110.715168725000069, -7.603961889999937, 0.0 ], [ 110.715141856000059, -7.603934270999957, 0.0 ], [ 110.715119721000065, -7.603902748999928, 0.0 ], [ 110.715102880000074, -7.603868122999927, 0.0 ], [ 110.715091761000053, -7.603831266999975, 0.0 ], [ 110.715086645000042, -7.603793115999963, 0.0 ], [ 110.715087663000077, -7.603754641999956, 0.0 ], [ 110.715090325000062, -7.603696642999978, 0.0 ], [ 110.715099767000083, -7.60363935099997, 0.0 ], [ 110.715114447000076, -7.603603516999954, 0.0 ], [ 110.715119401000038, -7.603582208999967, 0.0 ], [ 110.715123214000073, -7.603565806999939, 0.0 ], [ 110.715125843000067, -7.603527181999937, 0.0 ], [ 110.715122268000073, -7.603488635999952, 0.0 ], [ 110.715118042000086, -7.603443026999969, 0.0 ], [ 110.715120480000053, -7.603397288999929, 0.0 ], [ 110.715129531000059, -7.603352386999973, 0.0 ], [ 110.715145005000068, -7.603309263999961, 0.0 ], [ 110.715166577000048, -7.603268833999948, 0.0 ], [ 110.715193789000068, -7.603231947999973, 0.0 ], [ 110.715233826000087, -7.603155472999958, 0.0 ], [ 110.71525428800004, -7.603108944999974, 0.0 ], [ 110.715268571000081, -7.603076466999937, 0.0 ], [ 110.715297862000057, -7.602995288999978, 0.0 ], [ 110.715321568000036, -7.602912315999959, 0.0 ], [ 110.715333635000036, -7.602812443999937, 0.0 ], [ 110.715340727000068, -7.602712097999927, 0.0 ], [ 110.71534282600004, -7.602611524999929, 0.0 ], [ 110.715342500000077, -7.602566969999941, 0.0 ], [ 110.715342342000042, -7.602560939999933, 0.0 ], [ 110.715342462000081, -7.602558058999932, 0.0 ], [ 110.715342285000077, -7.602553236999938, 0.0 ], [ 110.715342411000051, -7.602549150999948, 0.0 ], [ 110.715342213000042, -7.602544936999948, 0.0 ], [ 110.715342357000054, -7.602540230999978, 0.0 ], [ 110.715342160000034, -7.60253602399996, 0.0 ], [ 110.715342302000067, -7.602531318999979, 0.0 ], [ 110.715342124000074, -7.602527515999952, 0.0 ], [ 110.71534224800007, -7.602522405999935, 0.0 ], [ 110.715342083000053, -7.602519299999926, 0.0 ], [ 110.715342190000058, -7.60251349999993, 0.0 ], [ 110.715342047000036, -7.602511079999942, 0.0 ], [ 110.715342127000042, -7.602504580999948, 0.0 ], [ 110.715342109000062, -7.602504304999968, 0.0 ], [ 110.715341905000059, -7.602502865999952, 0.0 ], [ 110.715341373000058, -7.602495330999943, 0.0 ], [ 110.715341275000071, -7.602494672999967, 0.0 ], [ 110.715340641000068, -7.602486478999936, 0.0 ], [ 110.715340640000079, -7.602486356999975, 0.0 ], [ 110.715339960000051, -7.60247828699994, 0.0 ], [ 110.715339948000064, -7.602477378999936, 0.0 ], [ 110.715339719000042, -7.602474860999962, 0.0 ], [ 110.71533960000005, -7.602468357999953, 0.0 ], [ 110.715339420000078, -7.602466498999945, 0.0 ], [ 110.715339248000078, -7.60245933799996, 0.0 ], [ 110.715339123000035, -7.602458135999939, 0.0 ], [ 110.715338892000034, -7.602450313999952, 0.0 ], [ 110.715338832000043, -7.602449772999933, 0.0 ], [ 110.715338531000043, -7.602441300999942, 0.0 ], [ 110.715338272000054, -7.602439110999967, 0.0 ], [ 110.715338006000081, -7.602432303999933, 0.0 ], [ 110.715337789000046, -7.602430537999965, 0.0 ], [ 110.715337478000038, -7.602423303999956, 0.0 ], [ 110.715337309000063, -7.602421978999928, 0.0 ], [ 110.715336947000083, -7.602414305999957, 0.0 ], [ 110.715336830000069, -7.602413412999965, 0.0 ], [ 110.71533641700006, -7.60240530599998, 0.0 ], [ 110.715336354000044, -7.602404846999946, 0.0 ], [ 110.715335884000069, -7.602396307999925, 0.0 ], [ 110.715335878000076, -7.602396272999954, 0.0 ], [ 110.715335371000037, -7.602387713999974, 0.0 ], [ 110.715335381000045, -7.602387306999958, 0.0 ], [ 110.715334863000066, -7.602379146999965, 0.0 ], [ 110.715334879000068, -7.602378306999981, 0.0 ], [ 110.715334355000039, -7.602370575999942, 0.0 ], [ 110.715334374000065, -7.602369303999978, 0.0 ], [ 110.715333847000068, -7.602362013999937, 0.0 ], [ 110.715333872000087, -7.602360301999965, 0.0 ], [ 110.715333181000062, -7.602351321999947, 0.0 ], [ 110.715332927000077, -7.602349814999968, 0.0 ], [ 110.715332320000073, -7.602342363999981, 0.0 ], [ 110.715332132000071, -7.602341285999955, 0.0 ], [ 110.715331458000037, -7.602333403999978, 0.0 ], [ 110.715329871000051, -7.602324525999961, 0.0 ], [ 110.715329584000074, -7.602323479999939, 0.0 ], [ 110.715328180000085, -7.602315670999928, 0.0 ], [ 110.715327623000064, -7.602313633999927, 0.0 ], [ 110.715326392000065, -7.602306819999967, 0.0 ], [ 110.715325558000075, -7.602303773999949, 0.0 ], [ 110.71532450400008, -7.602297980999936, 0.0 ], [ 110.715323392000073, -7.602293905999943, 0.0 ], [ 110.715322521000076, -7.602289155999927, 0.0 ], [ 110.715321121000045, -7.602284031999943, 0.0 ], [ 110.715320439000038, -7.602280341999972, 0.0 ], [ 110.715318744000058, -7.602274134999959, 0.0 ], [ 110.71531826000006, -7.602271535999932, 0.0 ], [ 110.715316491000067, -7.602265061999958, 0.0 ], [ 110.715316198000039, -7.602264255999955, 0.0 ], [ 110.715314381000042, -7.602257617999953, 0.0 ], [ 110.715313243000082, -7.602254473999949, 0.0 ], [ 110.715312078000068, -7.602250248999951, 0.0 ], [ 110.715310086000045, -7.602244735999932, 0.0 ], [ 110.715309594000075, -7.602242950999937, 0.0 ], [ 110.715306978000058, -7.602235723999968, 0.0 ], [ 110.715306680000083, -7.602235062999966, 0.0 ], [ 110.71530431900004, -7.602228551999929, 0.0 ], [ 110.715302942000051, -7.602225494999971, 0.0 ], [ 110.715301474000057, -7.602221455999938, 0.0 ], [ 110.715299010000081, -7.60221598499993, 0.0 ], [ 110.71529845200007, -7.602214459999971, 0.0 ], [ 110.715295325000056, -7.602207524999926, 0.0 ], [ 110.715294807000078, -7.602206567999929, 0.0 ], [ 110.715292132000059, -7.602200645999972, 0.0 ], [ 110.715290311000047, -7.602197283999942, 0.0 ], [ 110.715288764000036, -7.602193865999936, 0.0 ], [ 110.715285624000046, -7.602188068999965, 0.0 ], [ 110.715285221000045, -7.602187183999945, 0.0 ], [ 110.715281627000081, -7.602180558999976, 0.0 ], [ 110.715280635000056, -7.602179000999968, 0.0 ], [ 110.715277928000035, -7.602174012999967, 0.0 ], [ 110.715275408000082, -7.602170058999945, 0.0 ], [ 110.715274052000041, -7.60216756899996, 0.0 ], [ 110.715270020000048, -7.60216123999993, 0.0 ], [ 110.715269991000071, -7.60216120299998, 0.0 ], [ 110.715265991000081, -7.602154932999952, 0.0 ], [ 110.715264239000078, -7.602152560999969, 0.0 ], [ 110.71526179600005, -7.602148737999926, 0.0 ], [ 110.715258313000049, -7.602144021999948, 0.0 ], [ 110.715257448000045, -7.602142672999946, 0.0 ], [ 110.715253011000073, -7.602136669999936, 0.0 ], [ 110.715252140000075, -7.60213564299994, 0.0 ], [ 110.715248514000052, -7.602130746999933, 0.0 ], [ 110.715245717000073, -7.602127451999934, 0.0 ], [ 110.715243851000082, -7.60212493299997, 0.0 ], [ 110.715239127000075, -7.602119372999937, 0.0 ], [ 110.715239045000033, -7.602119263999953, 0.0 ], [ 110.71523423900004, -7.602113608999957, 0.0 ], [ 110.715232246000085, -7.602111555999954, 0.0 ], [ 110.715229282000053, -7.602108075999979, 0.0 ], [ 110.715225190000069, -7.602103862999968, 0.0 ], [ 110.715224186000057, -7.602102683999931, 0.0 ], [ 110.715219021000053, -7.602097371999946, 0.0 ], [ 110.715217921000033, -7.602096376999953, 0.0 ], [ 110.715213783000081, -7.602092126999935, 0.0 ], [ 110.715210434000085, -7.602089103999958, 0.0 ], [ 110.715208412000038, -7.60208703099994, 0.0 ], [ 110.715202910000073, -7.602082070999927, 0.0 ], [ 110.715202796000085, -7.602081982999948, 0.0 ], [ 110.715197401000069, -7.602077124999937, 0.0 ], [ 110.715195149000067, -7.602075347999971, 0.0 ], [ 110.715194902000064, -7.60207515299993, 0.0 ], [ 110.715191755000035, -7.602072323999948, 0.0 ], [ 110.715186867000057, -7.602068470999939, 0.0 ], [ 110.715185987000041, -7.602067679999948, 0.0 ], [ 110.715180172000089, -7.602063101999931, 0.0 ], [ 110.715178637000065, -7.602062046999947, 0.0 ], [ 110.715174277000074, -7.602058616999955, 0.0 ], [ 110.715170230000069, -7.602055839999935, 0.0 ], [ 110.715168253000058, -7.602054284999952, 0.0 ], [ 110.715162140000075, -7.602050094999981, 0.0 ], [ 110.715161703000035, -7.602049835999935, 0.0 ], [ 110.715155997000068, -7.602045928999928, 0.0 ], [ 110.715152954000075, -7.602044126999942, 0.0 ], [ 110.715149741000062, -7.602041926999959, 0.0 ], [ 110.715144111000086, -7.602038596999932, 0.0 ], [ 110.715143376000071, -7.602038092999976, 0.0 ], [ 110.715136979000079, -7.602034310999954, 0.0 ], [ 110.715135094000061, -7.602033357999971, 0.0 ], [ 110.715130491000082, -7.602030639999953, 0.0 ], [ 110.715125954000086, -7.60202835299998, 0.0 ], [ 110.715123910000045, -7.602027145999955, 0.0 ], [ 110.71511724800007, -7.602023790999965, 0.0 ], [ 110.715116701000056, -7.602023559999964, 0.0 ], [ 110.715110553000045, -7.602020467999978, 0.0 ], [ 110.715107296000042, -7.602019096999925, 0.0 ], [ 110.715103758000055, -7.60201731799998, 0.0 ], [ 110.715097822000075, -7.602014822999934, 0.0 ], [ 110.715096883000058, -7.60201435099998, 0.0 ], [ 110.715089959000068, -7.602011445999949, 0.0 ], [ 110.715088212000069, -7.602010848999953, 0.0 ], [ 110.71508297400004, -7.602008652999928, 0.0 ], [ 110.715078525000081, -7.602007140999945, 0.0 ], [ 110.715075908000074, -7.602006044999939, 0.0 ], [ 110.715068771000062, -7.602003622999973, 0.0 ], [ 110.715061594000076, -7.602001191999932, 0.0 ], [ 110.715058899000041, -7.602000487999931, 0.0 ], [ 110.715054356000053, -7.601998950999928, 0.0 ], [ 110.715048976000048, -7.601997551999943, 0.0 ], [ 110.715047046000052, -7.601996899999961, 0.0 ], [ 110.71503967700005, -7.601994985999966, 0.0 ], [ 110.715039015000059, -7.601994864999938, 0.0 ], [ 110.715032275000056, -7.601993120999964, 0.0 ], [ 110.715028964000055, -7.601992517999975, 0.0 ], [ 110.715024807000077, -7.601991442999974, 0.0 ], [ 110.71501889700005, -7.601990376999936, 0.0 ], [ 110.71501728700008, -7.601989959999969, 0.0 ], [ 110.715009724000083, -7.601988601999949, 0.0 ], [ 110.715008788000034, -7.601988507999977, 0.0 ], [ 110.715002111000047, -7.601987311999949, 0.0 ], [ 110.714998640000033, -7.601986967999949, 0.0 ], [ 110.714994455000067, -7.601986216999933, 0.0 ], [ 110.714988481000034, -7.601985628999955, 0.0 ], [ 110.714986760000045, -7.601985319999926, 0.0 ], [ 110.714979017000076, -7.601984564999952, 0.0 ], [ 110.714978318000078, -7.601984552999966, 0.0 ], [ 110.714971239000079, -7.601983866999944, 0.0 ], [ 110.714968144000068, -7.601983822999955, 0.0 ], [ 110.714963427000043, -7.601983364999967, 0.0 ], [ 110.714957970000057, -7.601983295999958, 0.0 ], [ 110.714955585000041, -7.601983063999967, 0.0 ], [ 110.714947824000035, -7.601982974999942, 0.0 ], [ 110.714947713000072, -7.601982964999934, 0.0 ], [ 110.714937704000079, -7.60198285599995, 0.0 ], [ 110.714931802000081, -7.601982268999961, 0.0 ], [ 110.71492767400008, -7.601982224999972, 0.0 ], [ 110.714922891000072, -7.601981744999932, 0.0 ], [ 110.714917660000083, -7.601981689999946, 0.0 ], [ 110.714913982000041, -7.601981320999926, 0.0 ], [ 110.714907652000079, -7.601981251999973, 0.0 ], [ 110.714905070000043, -7.601980990999948, 0.0 ], [ 110.714897635000057, -7.601980909999952, 0.0 ], [ 110.714896155000076, -7.601980759999947, 0.0 ], [ 110.714887624000085, -7.601980662999949, 0.0 ], [ 110.714887238000074, -7.601980624999953, 0.0 ], [ 110.714878320000082, -7.601980521999963, 0.0 ], [ 110.714877607000062, -7.601980577999939, 0.0 ], [ 110.71486940300008, -7.601980481999931, 0.0 ], [ 110.714867586000082, -7.601980623999964, 0.0 ], [ 110.714860482000063, -7.601980536999974, 0.0 ], [ 110.714854613000057, -7.601980991999937, 0.0 ], [ 110.714851553000074, -7.601980976999926, 0.0 ], [ 110.714849568000034, -7.601981143999978, 0.0 ], [ 110.714842624000084, -7.601981129999956, 0.0 ], [ 110.714840906000063, -7.601981277999926, 0.0 ], [ 110.714833708000072, -7.60198128299993, 0.0 ], [ 110.714832254000044, -7.60198141199993, 0.0 ], [ 110.714824784000086, -7.601981437999939, 0.0 ], [ 110.714823592000073, -7.601981545999934, 0.0 ], [ 110.714815863000069, -7.601981590999969, 0.0 ], [ 110.714814940000053, -7.601981677999959, 0.0 ], [ 110.714806940000074, -7.601981746999968, 0.0 ], [ 110.714806277000037, -7.601981809999927, 0.0 ], [ 110.714798109000071, -7.601981902999967, 0.0 ], [ 110.714798018000067, -7.601981895999927, 0.0 ], [ 110.714790434000065, -7.601982072999931, 0.0 ], [ 110.714789096000061, -7.601982005999957, 0.0 ], [ 110.714781451000079, -7.601982272999976, 0.0 ], [ 110.714780173000065, -7.601982216999943, 0.0 ], [ 110.71477318400008, -7.601982502999931, 0.0 ], [ 110.714771248000034, -7.601982432999932, 0.0 ], [ 110.714764912000078, -7.601982730999964, 0.0 ], [ 110.714762324000048, -7.601982652999936, 0.0 ], [ 110.714756633000036, -7.601982953999936, 0.0 ], [ 110.714753401000053, -7.601982876999955, 0.0 ], [ 110.714748367000084, -7.601983171999962, 0.0 ], [ 110.714744477000067, -7.601983105999977, 0.0 ], [ 110.714740088000042, -7.601983387999951, 0.0 ], [ 110.714735553000082, -7.601983337999968, 0.0 ], [ 110.714731821000044, -7.601983599999926, 0.0 ], [ 110.714726628000051, -7.601983572999927, 0.0 ], [ 110.714723541000069, -7.601983805999964, 0.0 ], [ 110.714722602000052, -7.601983807999943, 0.0 ], [ 110.714717710000059, -7.601983485999938, 0.0 ], [ 110.714715149000085, -7.601983522999944, 0.0 ], [ 110.714708797000071, -7.601983188999952, 0.0 ], [ 110.714707698000041, -7.601983218999976, 0.0 ], [ 110.714699883000037, -7.601982911999926, 0.0 ], [ 110.714698619000046, -7.601982962999955, 0.0 ], [ 110.71469096800007, -7.601982653999926, 0.0 ], [ 110.714689621000048, -7.601982708999969, 0.0 ], [ 110.714682054000036, -7.601982397999961, 0.0 ], [ 110.714680629000043, -7.601982456999963, 0.0 ], [ 110.714673140000059, -7.60198214299993, 0.0 ], [ 110.714671627000087, -7.601982200999942, 0.0 ], [ 110.714664219000042, -7.601981885999976, 0.0 ], [ 110.714662629000088, -7.601981947999946, 0.0 ], [ 110.714655312000048, -7.601981629999955, 0.0 ], [ 110.714653634000058, -7.601981692999971, 0.0 ], [ 110.714646397000081, -7.601981375999969, 0.0 ], [ 110.71464463600006, -7.601981438999928, 0.0 ], [ 110.714637482000057, -7.601981118999959, 0.0 ], [ 110.714635639000051, -7.601981186999978, 0.0 ], [ 110.71462856800008, -7.601980863999927, 0.0 ], [ 110.714626648000035, -7.601980931999947, 0.0 ], [ 110.714619654000046, -7.601980607999963, 0.0 ], [ 110.714617644000043, -7.601980677999961, 0.0 ], [ 110.714610739000079, -7.601980350999952, 0.0 ], [ 110.71460864800008, -7.601980422999929, 0.0 ], [ 110.714602812000066, -7.601980142999935, 0.0 ], [ 110.714601825000045, -7.601980071999947, 0.0 ], [ 110.714597117000039, -7.601980115999936, 0.0 ], [ 110.714592910000079, -7.601979817999961, 0.0 ], [ 110.714588379000077, -7.601979866999955, 0.0 ], [ 110.714583997000034, -7.601979563999976, 0.0 ], [ 110.714579639000078, -7.601979618999962, 0.0 ], [ 110.714575082000067, -7.601979311999969, 0.0 ], [ 110.714570900000069, -7.601979369999981, 0.0 ], [ 110.714566152000089, -7.601979054999958, 0.0 ], [ 110.714562155000067, -7.601979119999953, 0.0 ], [ 110.71455721500007, -7.601978802999952, 0.0 ], [ 110.714553422000051, -7.601978870999972, 0.0 ], [ 110.714548267000055, -7.601978548999966, 0.0 ], [ 110.714544682000053, -7.601978620999944, 0.0 ], [ 110.714539326000079, -7.601978294999981, 0.0 ], [ 110.714535944000033, -7.601978369999927, 0.0 ], [ 110.71453039000005, -7.601978043999964, 0.0 ], [ 110.714527205000081, -7.601978119999956, 0.0 ], [ 110.714521442000034, -7.601977790999968, 0.0 ], [ 110.714518465000083, -7.601977867999949, 0.0 ], [ 110.714512498000033, -7.601977538999961, 0.0 ], [ 110.714509728000053, -7.601977615999942, 0.0 ], [ 110.714503563000051, -7.601977287999944, 0.0 ], [ 110.714500988000054, -7.601977364999925, 0.0 ], [ 110.714494615000035, -7.601977035999937, 0.0 ], [ 110.714492248000056, -7.601977111999929, 0.0 ], [ 110.71448567300007, -7.601976784999977, 0.0 ], [ 110.714483511000083, -7.601976858999933, 0.0 ], [ 110.714476737000041, -7.601976534999949, 0.0 ], [ 110.71447476600008, -7.601976605999937, 0.0 ], [ 110.714467789000082, -7.601976285999967, 0.0 ], [ 110.714466032000075, -7.601976352999941, 0.0 ], [ 110.714458848000049, -7.601976036999929, 0.0 ], [ 110.714457293000066, -7.601976097999966, 0.0 ], [ 110.714449911000088, -7.601975787999947, 0.0 ], [ 110.714448554000057, -7.60197584499997, 0.0 ], [ 110.714440963000072, -7.601975538999966, 0.0 ], [ 110.714439815000048, -7.601975588999949, 0.0 ], [ 110.714432026000054, -7.601975291999963, 0.0 ], [ 110.714431039000033, -7.601975336999942, 0.0 ], [ 110.714423079000085, -7.601975041999935, 0.0 ], [ 110.714422225000078, -7.601975079999931, 0.0 ], [ 110.714414136000073, -7.601974790999975, 0.0 ], [ 110.714413407000052, -7.601974824999957, 0.0 ], [ 110.714405199000055, -7.601974541999937, 0.0 ], [ 110.71440460000008, -7.601974569999925, 0.0 ], [ 110.714396253000075, -7.601974291999966, 0.0 ], [ 110.714395786000068, -7.60197431499995, 0.0 ], [ 110.714387311000053, -7.601974041999938, 0.0 ], [ 110.714386973000046, -7.601974059999975, 0.0 ], [ 110.714378373000045, -7.601973791999967, 0.0 ], [ 110.714378154000087, -7.601973802999964, 0.0 ], [ 110.714369426000076, -7.601973541999939, 0.0 ], [ 110.714369347000058, -7.601973546999943, 0.0 ], [ 110.714360534000036, -7.601973294999937, 0.0 ], [ 110.714360484000053, -7.601973290999979, 0.0 ], [ 110.714351719000035, -7.60197304999997, 0.0 ], [ 110.714351548000081, -7.601973029999954, 0.0 ], [ 110.714342901000066, -7.601972802999967, 0.0 ], [ 110.714342599000076, -7.601972769999975, 0.0 ], [ 110.714334093000048, -7.601972558999933, 0.0 ], [ 110.714333657000054, -7.601972509999939, 0.0 ], [ 110.714325278000047, -7.60197231199993, 0.0 ], [ 110.714324722000072, -7.60197225099995, 0.0 ], [ 110.714316626000084, -7.601972068999942, 0.0 ], [ 110.714315774000056, -7.601971980999963, 0.0 ], [ 110.714308133000088, -7.601971841999955, 0.0 ], [ 110.714306832000034, -7.601971712999955, 0.0 ], [ 110.714299642000071, -7.601971612999932, 0.0 ], [ 110.714297897000051, -7.601971445999936, 0.0 ], [ 110.714291150000065, -7.601971382999977, 0.0 ], [ 110.714288949000036, -7.601971182999932, 0.0 ], [ 110.714282657000069, -7.601971148999951, 0.0 ], [ 110.71428000800006, -7.601970918999939, 0.0 ], [ 110.714274166000052, -7.601970915999971, 0.0 ], [ 110.714271070000052, -7.60197065899996, 0.0 ], [ 110.714265673000057, -7.601970678999976, 0.0 ], [ 110.714262124000072, -7.601970399999971, 0.0 ], [ 110.714257176000046, -7.601970440999935, 0.0 ], [ 110.714253183000039, -7.60197014299996, 0.0 ], [ 110.714248690000034, -7.601970200999972, 0.0 ], [ 110.714244244000042, -7.601969888999975, 0.0 ], [ 110.714240199000074, -7.601969958999973, 0.0 ], [ 110.714235298000062, -7.601969637999957, 0.0 ], [ 110.714231708000057, -7.60196971299996, 0.0 ], [ 110.71422635600004, -7.60196938699994, 0.0 ], [ 110.714223214000071, -7.601969465999957, 0.0 ], [ 110.714217419000079, -7.601969137999959, 0.0 ], [ 110.714214725000033, -7.601969218999955, 0.0 ], [ 110.714208471000063, -7.601968889999966, 0.0 ], [ 110.714206233000084, -7.601968967999937, 0.0 ], [ 110.714199533000055, -7.601968646999978, 0.0 ], [ 110.714197799000033, -7.601968712999962, 0.0 ], [ 110.714190587000076, -7.601968405999969, 0.0 ], [ 110.714189430000033, -7.601968458999977, 0.0 ], [ 110.714181644000064, -7.601968169999964, 0.0 ], [ 110.714181051000082, -7.601968199999931, 0.0 ], [ 110.714172708000035, -7.60196793199998, 0.0 ], [ 110.714164592000088, -7.601967735999949, 0.0 ], [ 110.714163760000076, -7.60196764899996, 0.0 ], [ 110.714156411000033, -7.601967528999978, 0.0 ], [ 110.714155215000062, -7.601967412999954, 0.0 ], [ 110.714154825000037, -7.601966992999962, 0.0 ], [ 110.714154190000045, -7.601966413999946, 0.0 ], [ 110.714117476000069, -7.601964515999953, 0.0 ], [ 110.714104569000085, -7.601963849999947, 0.0 ], [ 110.714104727000063, -7.601960190999932, 0.0 ], [ 110.714105081000071, -7.601952026999982, 0.0 ], [ 110.714105436000068, -7.601943861999928, 0.0 ], [ 110.714105789000087, -7.601935695999941, 0.0 ], [ 110.714106069000081, -7.601929235999933, 0.0 ], [ 110.714106348000087, -7.601922772999956, 0.0 ], [ 110.714106628000081, -7.601916311999958, 0.0 ], [ 110.714106649000087, -7.601915854999959, 0.0 ], [ 110.714107522000063, -7.601895669999976, 0.0 ], [ 110.714107768000076, -7.601889961999973, 0.0 ], [ 110.71410959800005, -7.601847752999959, 0.0 ], [ 110.714106056000048, -7.601761590999956, 0.0 ], [ 110.714109733000043, -7.601643123999963, 0.0 ], [ 110.714112408000062, -7.60153405899996, 0.0 ], [ 110.714109911000037, -7.601373874999979, 0.0 ], [ 110.714110123000069, -7.601372768999966, 0.0 ], [ 110.714124353000045, -7.60129849499998, 0.0 ], [ 110.714124660000039, -7.601298130999965, 0.0 ], [ 110.714131517000055, -7.601219267999966, 0.0 ], [ 110.714146565000078, -7.601046234999956, 0.0 ], [ 110.714152637000041, -7.600976406999962, 0.0 ], [ 110.714154440000073, -7.60095569799995, 0.0 ], [ 110.714166218000059, -7.600820253999927, 0.0 ], [ 110.714167755000062, -7.600802579999936, 0.0 ], [ 110.714174799000034, -7.600721574999966, 0.0 ], [ 110.714189912000052, -7.600547804999962, 0.0 ], [ 110.714192336000053, -7.600519920999943, 0.0 ], [ 110.714198104000047, -7.600480902999948, 0.0 ], [ 110.714198149000083, -7.600479342999961, 0.0 ], [ 110.714198435000071, -7.600469613999962, 0.0 ], [ 110.714198827000075, -7.60045618099997, 0.0 ], [ 110.714268106000077, -7.600195195999959, 0.0 ], [ 110.714279347000058, -7.600199032999967, 0.0 ], [ 110.714313513000036, -7.600210691999962, 0.0 ], [ 110.714343026000051, -7.600221296999962, 0.0 ], [ 110.714345951000041, -7.600222346999942, 0.0 ], [ 110.714364515000057, -7.600229018999926, 0.0 ], [ 110.714430502000084, -7.60025272799993, 0.0 ], [ 110.714469532000066, -7.600266751999925, 0.0 ], [ 110.714497687000062, -7.60027686899997, 0.0 ], [ 110.714508677000083, -7.600285104999955, 0.0 ], [ 110.714514948000044, -7.600289803999942, 0.0 ], [ 110.714517365000063, -7.600302849999935, 0.0 ], [ 110.71451925000008, -7.600313022999956, 0.0 ], [ 110.714517539000042, -7.600361365999959, 0.0 ], [ 110.714524550000078, -7.600396462999981, 0.0 ], [ 110.714524711000081, -7.600397271999952, 0.0 ], [ 110.714543881000054, -7.600426003999928, 0.0 ], [ 110.714569015000052, -7.600439607999931, 0.0 ], [ 110.714649153000039, -7.600482988999943, 0.0 ], [ 110.714658976000067, -7.600488304999942, 0.0 ], [ 110.714685361000079, -7.600488322999979, 0.0 ], [ 110.714711754000064, -7.600476373999925, 0.0 ], [ 110.714712018000057, -7.600476140999945, 0.0 ], [ 110.714733354000089, -7.600457240999958, 0.0 ], [ 110.714757357000053, -7.600433323999937, 0.0 ], [ 110.714769312000044, -7.600424586999964, 0.0 ], [ 110.714793354000051, -7.600407020999967, 0.0 ], [ 110.714836544000036, -7.600385509999967, 0.0 ], [ 110.714856481000083, -7.600386163999929, 0.0 ], [ 110.714882841000076, -7.600387029999979, 0.0 ], [ 110.714910901000053, -7.600387950999959, 0.0 ], [ 110.714956467000036, -7.600399946999971, 0.0 ], [ 110.714958416000059, -7.600401155999975, 0.0 ], [ 110.715065898000034, -7.600467753999965, 0.0 ], [ 110.715092883000068, -7.600484471999948, 0.0 ], [ 110.715123942000048, -7.600492211999949, 0.0 ], [ 110.715531705000046, -7.600755153999955, 0.0 ], [ 110.715666016000057, -7.600792501999933, 0.0 ], [ 110.715780159000076, -7.600824243999966, 0.0 ], [ 110.71578779500004, -7.600825346999954, 0.0 ], [ 110.715795133000086, -7.600827713999934, 0.0 ], [ 110.715801968000051, -7.60083128399998, 0.0 ], [ 110.715808100000061, -7.600835951999954, 0.0 ], [ 110.715813360000084, -7.600841584999955, 0.0 ], [ 110.715817591000075, -7.600848017999965, 0.0 ], [ 110.715820676000078, -7.600855073999981, 0.0 ], [ 110.715822525000078, -7.600862545999973, 0.0 ], [ 110.715823085000068, -7.60087022099998, 0.0 ], [ 110.715822341000035, -7.600877881999963, 0.0 ], [ 110.715745112000036, -7.601294172999928, 0.0 ], [ 110.715697057000057, -7.601505412999927, 0.0 ], [ 110.715910379000036, -7.601611429999934, 0.0 ], [ 110.715930573000037, -7.601603073999968, 0.0 ], [ 110.716240584000047, -7.601495787999966, 0.0 ], [ 110.716256143000066, -7.601505088999943, 0.0 ], [ 110.716263862000062, -7.601509704999955, 0.0 ], [ 110.716275677000056, -7.601510796999946, 0.0 ], [ 110.716317825000033, -7.601514690999977, 0.0 ], [ 110.716352870000037, -7.601517930999933, 0.0 ], [ 110.716368196000076, -7.601519345999975, 0.0 ], [ 110.716377182000087, -7.60151332199996, 0.0 ], [ 110.716459090000058, -7.601458391999927, 0.0 ], [ 110.716461786000082, -7.601456581999969, 0.0 ], [ 110.716469622000034, -7.601453982999942, 0.0 ], [ 110.716501373000085, -7.601443444999973, 0.0 ], [ 110.716731691000064, -7.601373231999958, 0.0 ], [ 110.716870563000043, -7.601388398999973, 0.0 ], [ 110.716882792000035, -7.601389746999928, 0.0 ], [ 110.716980680000063, -7.601400513999977, 0.0 ], [ 110.717063970000083, -7.601409676999936, 0.0 ], [ 110.717133197000067, -7.601417291999951, 0.0 ], [ 110.71716080200008, -7.601420109999935, 0.0 ], [ 110.717248785000038, -7.601429086999929, 0.0 ], [ 110.717305277000037, -7.601434851999954, 0.0 ], [ 110.717342734000056, -7.60143867499994, 0.0 ], [ 110.717438587000061, -7.601448455999957, 0.0 ], [ 110.717444762000071, -7.601449087999981, 0.0 ], [ 110.717536856000038, -7.601458932999947, 0.0 ], [ 110.71763112800005, -7.601469012999928, 0.0 ], [ 110.717719105000072, -7.601478418999932, 0.0 ], [ 110.717808174000083, -7.601487943999928, 0.0 ], [ 110.717919933000076, -7.601499891999936, 0.0 ], [ 110.717964996000035, -7.601504710999961, 0.0 ], [ 110.718021190000059, -7.601509370999963, 0.0 ], [ 110.718057469000087, -7.601512378999928, 0.0 ], [ 110.718353243000081, -7.601536905999978, 0.0 ], [ 110.718370340000035, -7.601538464999976, 0.0 ], [ 110.71839510600006, -7.601263846999927, 0.0 ], [ 110.718402705000074, -7.601208507999957, 0.0 ], [ 110.718415279000055, -7.601154077999979, 0.0 ], [ 110.718432727000049, -7.601101003999929, 0.0 ], [ 110.718454903000065, -7.601049716999967, 0.0 ], [ 110.718481628000063, -7.60100063699997, 0.0 ], [ 110.718518048000078, -7.600941322999972, 0.0 ], [ 110.718548886000065, -7.600878940999962, 0.0 ], [ 110.718573884000079, -7.600814004999961, 0.0 ], [ 110.718592836000084, -7.600747063999961, 0.0 ], [ 110.718605579000041, -7.600678675999973, 0.0 ], [ 110.718612009000083, -7.600609412999972, 0.0 ], [ 110.718645353000056, -7.600245618999963, 0.0 ], [ 110.718655495000064, -7.600134964999938, 0.0 ], [ 110.718663993000064, -7.600080898999977, 0.0 ], [ 110.718678690000047, -7.600028168999927, 0.0 ], [ 110.718699386000083, -7.599977485999943, 0.0 ], [ 110.718725808000045, -7.599929525999926, 0.0 ], [ 110.71875760100005, -7.599884928999927, 0.0 ], [ 110.718757962000041, -7.599884584999927, 0.0 ], [ 110.71876343100007, -7.599879376999979, 0.0 ], [ 110.718782750000059, -7.599860976999935, 0.0 ], [ 110.718811389000052, -7.599841306999963, 0.0 ], [ 110.718842793000078, -7.599826417999964, 0.0 ], [ 110.718876166000086, -7.599816687999976, 0.0 ], [ 110.718910663000088, -7.599812364999934, 0.0 ], [ 110.719012156000076, -7.599832212999956, 0.0 ], [ 110.719042463000051, -7.599849211999981, 0.0 ], [ 110.719530404000068, -7.600093591999951, 0.0 ], [ 110.719550211000069, -7.600103510999929, 0.0 ], [ 110.719556640000064, -7.600083649999931, 0.0 ], [ 110.719560862000037, -7.600070606999964, 0.0 ], [ 110.719885824000073, -7.599066534999963, 0.0 ], [ 110.720025879000048, -7.598633792999976, 0.0 ], [ 110.720033124000054, -7.598611411999968, 0.0 ], [ 110.720074280000063, -7.598484246999931, 0.0 ], [ 110.720086544000083, -7.598488919999966, 0.0 ], [ 110.720098075000067, -7.598493314999928, 0.0 ], [ 110.72022286400005, -7.598540877999937, 0.0 ], [ 110.720253823000064, -7.598552677999976, 0.0 ], [ 110.720323033000057, -7.598579055999949, 0.0 ], [ 110.720388356000058, -7.598607545999926, 0.0 ], [ 110.720728449000035, -7.598755863999941, 0.0 ], [ 110.720937064000054, -7.59886010799994, 0.0 ], [ 110.721055740000054, -7.598948736999944, 0.0 ], [ 110.721081210000079, -7.598973583999964, 0.0 ], [ 110.721167965000063, -7.599090435999926, 0.0 ], [ 110.72119671300004, -7.599146934999965, 0.0 ], [ 110.721244640000066, -7.599217808999981, 0.0 ], [ 110.721293549000052, -7.599255175999929, 0.0 ], [ 110.72134245500007, -7.599296371999969, 0.0 ], [ 110.721413433000066, -7.599328966999963, 0.0 ], [ 110.721493757000076, -7.599339981999947, 0.0 ], [ 110.721511077000059, -7.599342357999944, 0.0 ], [ 110.721663850000084, -7.599332000999937, 0.0 ], [ 110.721733197000049, -7.599329054999941, 0.0 ], [ 110.721740697000087, -7.599328736999951, 0.0 ], [ 110.721819287000073, -7.599325399999941, 0.0 ], [ 110.721990062000089, -7.599338909999972, 0.0 ], [ 110.722231814000054, -7.599388846999943, 0.0 ], [ 110.722615536000035, -7.599484823999944, 0.0 ], [ 110.723037146000081, -7.599598536999963, 0.0 ], [ 110.723378879000052, -7.599713633999954, 0.0 ], [ 110.723682512000039, -7.599803083999973, 0.0 ], [ 110.723696401000041, -7.599807175999956, 0.0 ], [ 110.72404236400007, -7.599883526999974, 0.0 ], [ 110.724164073000054, -7.599910386999966, 0.0 ], [ 110.724337928000068, -7.599983493999957, 0.0 ], [ 110.724409869000056, -7.600013456999932, 0.0 ], [ 110.724439865000079, -7.599993131999952, 0.0 ], [ 110.724467228000037, -7.599965147999967, 0.0 ], [ 110.724488358000087, -7.59993021799994, 0.0 ], [ 110.724492567000084, -7.599909337999975, 0.0 ], [ 110.72449367300004, -7.599903858999937, 0.0 ], [ 110.724525873000061, -7.599778983999954, 0.0 ], [ 110.724532404000058, -7.599754754999935, 0.0 ], [ 110.724555812000062, -7.599667924999949, 0.0 ], [ 110.724573479000071, -7.599602385999958, 0.0 ], [ 110.724608573000069, -7.599487050999926, 0.0 ], [ 110.724688343000082, -7.599276010999972, 0.0 ], [ 110.724713801000064, -7.599224809999953, 0.0 ], [ 110.724715571000047, -7.599221492999959, 0.0 ], [ 110.724790168000084, -7.59908173599996, 0.0 ], [ 110.724820916000056, -7.599026907999928, 0.0 ], [ 110.724865572000056, -7.598947279999948, 0.0 ], [ 110.724955996000062, -7.598781847999931, 0.0 ], [ 110.724958697000034, -7.598776905999955, 0.0 ], [ 110.724971236000044, -7.598753965999947, 0.0 ], [ 110.725139229000035, -7.598616215999925, 0.0 ], [ 110.725245758000085, -7.598570331999952, 0.0 ], [ 110.725326854000059, -7.598535440999967, 0.0 ], [ 110.725493810000046, -7.598518791999936, 0.0 ], [ 110.725503553000067, -7.598518584999965, 0.0 ], [ 110.725646846000075, -7.598515538999948, 0.0 ], [ 110.725800752000055, -7.59850926799993, 0.0 ], [ 110.725855054000078, -7.598507053999981, 0.0 ], [ 110.726057003000051, -7.598533028999952, 0.0 ], [ 110.726163965000069, -7.598562294999965, 0.0 ], [ 110.726287693000074, -7.598625556999934, 0.0 ], [ 110.726374956000086, -7.598702677999938, 0.0 ], [ 110.726435840000079, -7.598769251999954, 0.0 ], [ 110.726477552000063, -7.598806612999965, 0.0 ], [ 110.726528399000074, -7.598814302999926, 0.0 ], [ 110.726715971000033, -7.598818249999965, 0.0 ], [ 110.726717869000083, -7.598850321999976, 0.0 ], [ 110.726741838000066, -7.598877141999935, 0.0 ], [ 110.726838713000063, -7.598925547999954, 0.0 ], [ 110.726925517000041, -7.59896963999995, 0.0 ], [ 110.726938196000049, -7.598993681999957, 0.0 ], [ 110.726941719000081, -7.59900036099998, 0.0 ], [ 110.726944204000063, -7.59900507499998, 0.0 ], [ 110.726942743000052, -7.599040493999951, 0.0 ], [ 110.726934087000075, -7.599071123999977, 0.0 ], [ 110.726923515000067, -7.599100315999976, 0.0 ], [ 110.726913428000046, -7.599115688999973, 0.0 ], [ 110.726907189000087, -7.599125194999942, 0.0 ], [ 110.726900464000039, -7.599136199999975, 0.0 ], [ 110.726888913000039, -7.599197940999943, 0.0 ], [ 110.726890880000042, -7.599207605999936, 0.0 ], [ 110.726894174000051, -7.599223791999975, 0.0 ], [ 110.726905678000037, -7.599238158999981, 0.0 ], [ 110.727054544000055, -7.599310223999964, 0.0 ], [ 110.727059144000066, -7.599312448999967, 0.0 ], [ 110.727032578000035, -7.599422834999928, 0.0 ], [ 110.727022065000085, -7.599466527999937, 0.0 ], [ 110.726958137000054, -7.599732175999975, 0.0 ], [ 110.726970742000049, -7.59973987199993, 0.0 ], [ 110.727007531000083, -7.599762335999969, 0.0 ], [ 110.727070350000076, -7.599800694999942, 0.0 ], [ 110.727124058000072, -7.599836148999941, 0.0 ], [ 110.727947896000046, -7.600154791999955, 0.0 ], [ 110.727973795000082, -7.600164808999978, 0.0 ], [ 110.728137363000087, -7.600214995999977, 0.0 ], [ 110.728213235000055, -7.600238273999935, 0.0 ], [ 110.728360597000062, -7.600283486999956, 0.0 ], [ 110.728501399000038, -7.600326689999974, 0.0 ], [ 110.728638121000074, -7.600366158999975, 0.0 ], [ 110.728885998000067, -7.600437721999981, 0.0 ], [ 110.728907787000082, -7.600422550999951, 0.0 ], [ 110.728925555000046, -7.600427471999978, 0.0 ], [ 110.728980222000075, -7.600436385999956, 0.0 ], [ 110.72864270000008, -7.600676465999925, 0.0 ], [ 110.728575528000079, -7.60072424599997, 0.0 ], [ 110.728573954000069, -7.600725375999957, 0.0 ], [ 110.728530377000084, -7.600756708999938, 0.0 ], [ 110.728496007000047, -7.600781420999965, 0.0 ] ] ] ] } }
]
}
