{
"type": "FeatureCollection",
"name": "iniSungai",
"crs": { "type": "name", "properties": { "name": "urn:ogc:def:crs:OGC:1.3:CRS84" } },
"features": [
{ "type": "Feature", "properties": { "fid": 1, "NAMOBJ": null, "FCODE": null, "REMARK": "Alur Sungai", "METADATA": null, "SRS_ID": null, "ADATGL": 0.0, "DMAX": 0.0, "FNGAIR": 0.0, "JNSSNG": 0.0, "KLSSNG": 0.0, "LTKSGI": 0.0, "NAMWS": null, "STATUS": null, "UKRSGI": 0.0, "WMAX": 0.0, "DBTMXS": 0.0, "NAMDAS": null, "SHAPE_Leng": 0.0046624219504430003 }, "geometry": { "type": "MultiLineString", "coordinates": [ [ [ 110.483917749000057, -7.536969039999974 ], [ 110.483929624000041, -7.536967664999963 ], [ 110.484302624000065, -7.536954039999955 ], [ 110.484506124000063, -7.536971976999951 ], [ 110.484539312000038, -7.536973164999949 ], [ 110.484696124000038, -7.53701628999994 ], [ 110.484879749000072, -7.537074601999961 ], [ 110.48509593700004, -7.537058226999932 ], [ 110.485320749000039, -7.537001476999933 ], [ 110.485488124000085, -7.536966289999953 ], [ 110.485756749000075, -7.536886976999938 ], [ 110.485835562000034, -7.536870289999968 ], [ 110.486103749000051, -7.536864476999938 ], [ 110.486300687000039, -7.536871601999962 ], [ 110.486335249000035, -7.536871976999976 ], [ 110.486589437000077, -7.536878476999959 ], [ 110.486654437000084, -7.536886726999967 ], [ 110.487005062000037, -7.536905414999978 ], [ 110.487035249000087, -7.536905101999935 ], [ 110.487202062000051, -7.53693353999995 ], [ 110.487284437000085, -7.536946289999946 ], [ 110.487498062000043, -7.536894664999977 ], [ 110.487621249000085, -7.536876164999967 ], [ 110.487647124000034, -7.536869789999969 ], [ 110.487698249000061, -7.53685810199994 ], [ 110.487726937000048, -7.536844726999959 ], [ 110.487762874000055, -7.536827914999947 ], [ 110.487806812000088, -7.536810601999946 ], [ 110.48785556200005, -7.536786664999966 ], [ 110.487921687000039, -7.53676335199998 ], [ 110.487981249000086, -7.536728101999927 ], [ 110.488027874000068, -7.536700289999942 ], [ 110.488068124000051, -7.536680289999936 ], [ 110.488110499000072, -7.536662539999952 ], [ 110.488154312000063, -7.536641789999976 ], [ 110.488208874000065, -7.536610289999942 ], [ 110.488214624000079, -7.536607351999976 ], [ 110.488268499000071, -7.536556726999947 ], [ 110.488271437000037, -7.536550226999964 ], [ 110.488294187000065, -7.536381039999981 ] ] ] } },
{ "type": "Feature", "properties": { "fid": 2, "NAMOBJ": null, "FCODE": null, "REMARK": "Alur Sungai", "METADATA": null, "SRS_ID": null, "ADATGL": 0.0, "DMAX": 0.0, "FNGAIR": 0.0, "JNSSNG": 0.0, "KLSSNG": 0.0, "LTKSGI": 0.0, "NAMWS": null, "STATUS": null, "UKRSGI": 0.0, "WMAX": 0.0, "DBTMXS": 0.0, "NAMDAS": null, "SHAPE_Leng": 0.011504531356009 }, "geometry": { "type": "MultiLineString", "coordinates": [ [ [ 110.472606312000039, -7.543127101999971 ], [ 110.472759312000051, -7.543131289999963 ], [ 110.472881374000053, -7.543102664999935 ], [ 110.472914187000072, -7.543082476999928 ], [ 110.473015874000055, -7.543053351999959 ], [ 110.473148187000049, -7.543060726999954 ], [ 110.473192999000048, -7.543065976999969 ], [ 110.473377249000066, -7.543069789999947 ], [ 110.473460749000083, -7.543068289999951 ], [ 110.473703937000039, -7.543070101999945 ], [ 110.473909437000088, -7.543055101999926 ], [ 110.473997937000036, -7.543036789999974 ], [ 110.474182062000068, -7.543021976999967 ], [ 110.474349999000083, -7.543018789999962 ], [ 110.474505687000033, -7.543015664999928 ], [ 110.474632249000081, -7.543015226999955 ], [ 110.47471574900004, -7.543017976999977 ], [ 110.474809312000048, -7.543014164999931 ], [ 110.474943624000048, -7.54299985199998 ], [ 110.475070437000056, -7.542975851999927 ], [ 110.475118499000075, -7.542959476999954 ], [ 110.475185624000062, -7.542935726999929 ], [ 110.475292437000064, -7.54291128999995 ], [ 110.475308687000052, -7.542907476999972 ], [ 110.475475437000057, -7.542872164999949 ], [ 110.475608687000033, -7.542850226999974 ], [ 110.475711499000056, -7.542842601999951 ], [ 110.47584174900004, -7.542845476999958 ], [ 110.475938437000082, -7.542849414999978 ], [ 110.476120624000089, -7.542839414999946 ], [ 110.476234499000043, -7.542820476999964 ], [ 110.476385937000089, -7.542773226999941 ], [ 110.476442999000085, -7.542755414999931 ], [ 110.476585124000053, -7.542657351999935 ], [ 110.476761062000037, -7.542465351999965 ], [ 110.476937624000072, -7.542309351999961 ], [ 110.476947812000049, -7.542301101999954 ], [ 110.477029062000042, -7.542250851999938 ], [ 110.477093312000079, -7.542218289999937 ], [ 110.477243749000081, -7.542146039999977 ], [ 110.477385999000035, -7.542078914999934 ], [ 110.477521187000036, -7.542024789999971 ], [ 110.477534374000072, -7.542020539999953 ], [ 110.477639749000048, -7.541990914999928 ], [ 110.477741499000047, -7.54196647699996 ], [ 110.477808624000033, -7.54196247699997 ], [ 110.477939124000045, -7.542000601999973 ], [ 110.47805618700005, -7.542025664999926 ], [ 110.478175999000086, -7.541958601999966 ], [ 110.478295937000041, -7.541904789999933 ], [ 110.478309187000036, -7.541905351999958 ], [ 110.478451749000044, -7.54194072699994 ], [ 110.478691937000065, -7.54203141499994 ], [ 110.478816687000062, -7.542102976999956 ], [ 110.478992624000057, -7.542240601999936 ], [ 110.479108249000035, -7.542330976999949 ], [ 110.479271062000066, -7.542328726999926 ], [ 110.479504874000042, -7.542351914999927 ], [ 110.479671374000077, -7.542432289999965 ], [ 110.479871437000043, -7.542594789999953 ], [ 110.480084874000056, -7.542841851999981 ], [ 110.480254437000042, -7.543035226999962 ], [ 110.480351124000038, -7.543147664999935 ], [ 110.480437124000048, -7.543234539999958 ], [ 110.480472124000073, -7.543279101999929 ], [ 110.480473187000086, -7.543295039999975 ], [ 110.480474937000054, -7.543316726999933 ], [ 110.480487812000035, -7.543354539999939 ], [ 110.480502749000038, -7.54338497699996 ], [ 110.480572437000035, -7.543483539999954 ], [ 110.480623937000075, -7.543549414999973 ], [ 110.480711374000066, -7.543649664999975 ], [ 110.480828874000053, -7.543773164999948 ], [ 110.480872812000086, -7.543815914999925 ], [ 110.481026937000081, -7.54394210199996 ], [ 110.481057499000087, -7.543958226999962 ], [ 110.48121756200004, -7.544043726999973 ], [ 110.481381624000051, -7.544094289999975 ], [ 110.481609499000058, -7.544073539999943 ], [ 110.481768124000041, -7.544074226999953 ], [ 110.481770937000078, -7.544075039999939 ], [ 110.482171374000075, -7.544154726999977 ], [ 110.482236812000053, -7.544176101999938 ], [ 110.482544374000042, -7.544227601999978 ], [ 110.482869624000045, -7.544231976999981 ], [ 110.48289668700005, -7.544233664999979 ] ] ] } },
{ "type": "Feature", "properties": { "fid": 3, "NAMOBJ": null, "FCODE": null, "REMARK": "Alur Sungai", "METADATA": null, "SRS_ID": null, "ADATGL": 0.0, "DMAX": 0.0, "FNGAIR": 0.0, "JNSSNG": 0.0, "KLSSNG": 0.0, "LTKSGI": 0.0, "NAMWS": null, "STATUS": null, "UKRSGI": 0.0, "WMAX": 0.0, "DBTMXS": 0.0, "NAMDAS": null, "SHAPE_Leng": 0.0073746302691199998 }, "geometry": { "type": "MultiLineString", "coordinates": [ [ [ 110.486763312000051, -7.551353664999965 ], [ 110.486866749000058, -7.551349226999946 ], [ 110.487111999000035, -7.55144753999997 ], [ 110.487368249000042, -7.551576164999972 ], [ 110.487486249000085, -7.551591289999976 ], [ 110.487809937000065, -7.551586851999957 ], [ 110.487854749000064, -7.551590289999979 ], [ 110.488012937000065, -7.551629539999965 ], [ 110.488130874000035, -7.551643976999969 ], [ 110.488351249000061, -7.551736601999949 ], [ 110.48877056200007, -7.551919039999973 ], [ 110.489325187000077, -7.551937976999966 ], [ 110.489612062000049, -7.551967101999935 ], [ 110.489858687000037, -7.552108601999976 ], [ 110.489872812000044, -7.552116914999942 ], [ 110.490101812000034, -7.552209664999964 ], [ 110.490383999000073, -7.552197914999965 ], [ 110.490673687000083, -7.552310101999979 ], [ 110.490956874000062, -7.552465789999928 ], [ 110.49118756200005, -7.552512226999966 ], [ 110.491384562000064, -7.55252735199997 ], [ 110.491709874000037, -7.552631914999949 ], [ 110.491764624000041, -7.552640789999941 ], [ 110.49184312400007, -7.552653476999978 ], [ 110.492175874000054, -7.552612226999941 ], [ 110.492691249000075, -7.552740226999958 ], [ 110.493063999000071, -7.552828851999948 ], [ 110.493208999000046, -7.552831226999956 ], [ 110.493239624000068, -7.55281516499997 ], [ 110.49326962400005, -7.552799476999951 ], [ 110.493282687000033, -7.552788351999936 ], [ 110.493304562000048, -7.552769664999971 ], [ 110.493414999000038, -7.552668476999941 ], [ 110.49350981200007, -7.552512164999939 ], [ 110.493530374000045, -7.552425601999971 ], [ 110.493574562000049, -7.552328101999933 ] ] ] } },
{ "type": "Feature", "properties": { "fid": 4, "NAMOBJ": null, "FCODE": null, "REMARK": "Alur Sungai", "METADATA": null, "SRS_ID": null, "ADATGL": 0.0, "DMAX": 0.0, "FNGAIR": 0.0, "JNSSNG": 0.0, "KLSSNG": 0.0, "LTKSGI": 0.0, "NAMWS": null, "STATUS": null, "UKRSGI": 0.0, "WMAX": 0.0, "DBTMXS": 0.0, "NAMDAS": null, "SHAPE_Leng": 0.021768100384365 }, "geometry": { "type": "MultiLineString", "coordinates": [ [ [ 110.453993062000052, -7.537465851999968 ], [ 110.454018437000059, -7.537434601999962 ], [ 110.454020124000067, -7.537428164999938 ], [ 110.454024687000071, -7.537393976999965 ], [ 110.454031499000052, -7.537374289999946 ], [ 110.454048124000053, -7.537347851999925 ], [ 110.454055819599745, -7.5373374034985 ] ] ] } },
{ "type": "Feature", "properties": { "fid": 5, "NAMOBJ": null, "FCODE": null, "REMARK": "Alur Sungai", "METADATA": null, "SRS_ID": null, "ADATGL": 0.0, "DMAX": 0.0, "FNGAIR": 0.0, "JNSSNG": 0.0, "KLSSNG": 0.0, "LTKSGI": 0.0, "NAMWS": null, "STATUS": null, "UKRSGI": 0.0, "WMAX": 0.0, "DBTMXS": 0.0, "NAMDAS": null, "SHAPE_Leng": 0.0053175153277790002 }, "geometry": { "type": "MultiLineString", "coordinates": [ [ [ 110.482288999000048, -7.549454601999969 ], [ 110.482337437000069, -7.54946535199997 ], [ 110.482371312000055, -7.549465101999942 ], [ 110.482763999000042, -7.549475226999959 ], [ 110.48290537400004, -7.549480539999934 ], [ 110.483099687000049, -7.549482976999968 ], [ 110.483137874000079, -7.549482226999942 ], [ 110.483333124000069, -7.549550726999939 ], [ 110.483504312000036, -7.549590226999953 ], [ 110.483515124000064, -7.549590664999926 ], [ 110.483732624000083, -7.54964141499994 ], [ 110.483771562000072, -7.549655289999976 ], [ 110.483974312000043, -7.549702039999943 ], [ 110.484038124000051, -7.549709101999952 ], [ 110.48428468700007, -7.549700414999961 ], [ 110.484351687000071, -7.549698539999952 ], [ 110.484552312000062, -7.549863976999973 ], [ 110.484802187000071, -7.549999726999943 ], [ 110.485201124000071, -7.550248851999982 ], [ 110.485318312000061, -7.550296039999978 ], [ 110.485363749000044, -7.550298851999969 ], [ 110.48563099900008, -7.550175039999942 ], [ 110.48572056200004, -7.550150664999933 ], [ 110.485837624000055, -7.550246414999947 ], [ 110.485953124000048, -7.550373726999965 ], [ 110.486045562000072, -7.550453851999976 ], [ 110.48605593700006, -7.550471351999931 ], [ 110.486074999000039, -7.550519914999938 ], [ 110.486111187000063, -7.55061197699996 ], [ 110.486147687000084, -7.550713851999944 ], [ 110.486195249000048, -7.550870289999978 ], [ 110.486207499000045, -7.550896851999937 ], [ 110.486317187000054, -7.551031914999953 ], [ 110.486391874000049, -7.551086664999957 ], [ 110.486482999000089, -7.551121851999937 ], [ 110.486560499000063, -7.55115928999993 ], [ 110.486763312000051, -7.551353664999965 ] ] ] } },
{ "type": "Feature", "properties": { "fid": 6, "NAMOBJ": null, "FCODE": null, "REMARK": "Alur Sungai", "METADATA": null, "SRS_ID": null, "ADATGL": 0.0, "DMAX": 0.0, "FNGAIR": 0.0, "JNSSNG": 0.0, "KLSSNG": 0.0, "LTKSGI": 0.0, "NAMWS": null, "STATUS": null, "UKRSGI": 0.0, "WMAX": 0.0, "DBTMXS": 0.0, "NAMDAS": null, "SHAPE_Leng": 0.0042355533902630003 }, "geometry": { "type": "MultiLineString", "coordinates": [ [ [ 110.479890624000063, -7.537264789999938 ], [ 110.479923062000069, -7.537289976999944 ], [ 110.479973187000041, -7.537333664999949 ], [ 110.480069687000082, -7.537411539999937 ], [ 110.48016024900005, -7.537465601999941 ], [ 110.480166749000034, -7.537469039999962 ], [ 110.480243124000083, -7.537527976999968 ], [ 110.48026193700008, -7.537555914999928 ], [ 110.480366249000042, -7.537747226999954 ], [ 110.48050218700007, -7.537871664999955 ], [ 110.480665312000042, -7.537982101999944 ], [ 110.480772499000068, -7.537991289999979 ], [ 110.480912874000069, -7.537925789999974 ], [ 110.481115062000072, -7.537912664999965 ], [ 110.481133499000066, -7.537918914999977 ], [ 110.481348437000065, -7.538022851999926 ], [ 110.481604812000057, -7.538151726999956 ], [ 110.481624249000049, -7.538157289999958 ], [ 110.481936437000059, -7.538240789999975 ], [ 110.482096624000064, -7.538259039999957 ], [ 110.48238787400004, -7.538295976999962 ], [ 110.482404124000084, -7.538303539999959 ], [ 110.482620999000062, -7.53836985199996 ], [ 110.482806874000062, -7.538355664999926 ], [ 110.483155687000078, -7.538290914999948 ], [ 110.483370624000088, -7.538251039999977 ], [ 110.483448499000076, -7.538208601999941 ], [ 110.483607499000072, -7.538121726999975 ], [ 110.483639499000049, -7.538114914999937 ], [ 110.483683374000066, -7.538100164999946 ] ] ] } },
{ "type": "Feature", "properties": { "fid": 7, "NAMOBJ": null, "FCODE": null, "REMARK": "Alur Sungai", "METADATA": null, "SRS_ID": null, "ADATGL": 0.0, "DMAX": 0.0, "FNGAIR": 0.0, "JNSSNG": 0.0, "KLSSNG": 0.0, "LTKSGI": 0.0, "NAMWS": null, "STATUS": null, "UKRSGI": 0.0, "WMAX": 0.0, "DBTMXS": 0.0, "NAMDAS": null, "SHAPE_Leng": 0.003106871061288 }, "geometry": { "type": "MultiLineString", "coordinates": [ [ [ 110.493574562000049, -7.552328101999933 ], [ 110.493680874000063, -7.552259226999979 ], [ 110.493816062000064, -7.552223851999941 ], [ 110.493929999000045, -7.552250976999971 ], [ 110.494023374000051, -7.552312789999974 ], [ 110.494106499000054, -7.552687351999964 ], [ 110.49414831200005, -7.552808789999972 ], [ 110.49422637400005, -7.552908914999932 ], [ 110.494292937000068, -7.552945976999979 ], [ 110.494693812000037, -7.552913789999934 ], [ 110.49483643700006, -7.552910414999928 ], [ 110.494874812000035, -7.552925976999973 ], [ 110.495028624000042, -7.553131914999938 ], [ 110.495154624000065, -7.553271351999967 ], [ 110.495236812000087, -7.55331610199994 ], [ 110.49533849900007, -7.553340101999936 ], [ 110.495497562000082, -7.553524789999926 ], [ 110.495634874000075, -7.553600914999947 ], [ 110.495896874000039, -7.553647351999928 ] ] ] } },
{ "type": "Feature", "properties": { "fid": 8, "NAMOBJ": null, "FCODE": null, "REMARK": "Alur Sungai", "METADATA": null, "SRS_ID": null, "ADATGL": 0.0, "DMAX": 0.0, "FNGAIR": 0.0, "JNSSNG": 0.0, "KLSSNG": 0.0, "LTKSGI": 0.0, "NAMWS": null, "STATUS": null, "UKRSGI": 0.0, "WMAX": 0.0, "DBTMXS": 0.0, "NAMDAS": null, "SHAPE_Leng": 0.0092543862083560007 }, "geometry": { "type": "MultiLineString", "coordinates": [ [ [ 110.463249749000056, -7.543705039999963 ], [ 110.463281624000047, -7.543709039999953 ], [ 110.463364499000079, -7.543730039999957 ], [ 110.463403874000051, -7.543745851999972 ], [ 110.463469812000085, -7.543780351999942 ], [ 110.463533062000067, -7.543823539999948 ], [ 110.463583999000036, -7.543846164999934 ], [ 110.463656999000079, -7.543862351999962 ], [ 110.463758874000064, -7.543882851999967 ], [ 110.463846499000056, -7.543907789999935 ], [ 110.463935124000045, -7.543937289999974 ], [ 110.463945312000078, -7.54394022699995 ], [ 110.464020687000072, -7.543962289999968 ], [ 110.464069249000033, -7.543979164999939 ], [ 110.464100374000054, -7.544017664999956 ], [ 110.464157687000068, -7.544083226999931 ], [ 110.464247312000055, -7.544102101999954 ], [ 110.464266999000074, -7.544106101999944 ], [ 110.464390624000089, -7.54414247699998 ], [ 110.464470124000059, -7.544178289999934 ], [ 110.464549749000071, -7.544238164999967 ], [ 110.464582374000088, -7.544268039999963 ], [ 110.464649749000046, -7.544315851999954 ], [ 110.464695937000045, -7.544337664999944 ], [ 110.464704124000036, -7.544339039999954 ], [ 110.464845874000048, -7.544333101999939 ], [ 110.464865187000044, -7.544331039999975 ], [ 110.465079812000056, -7.544292976999941 ], [ 110.465162187000033, -7.544270726999969 ], [ 110.46529349900004, -7.544274101999974 ], [ 110.465395374000082, -7.54431597699994 ], [ 110.465435187000082, -7.544335289999935 ], [ 110.465541124000083, -7.54437291499994 ], [ 110.46561549900008, -7.54438860199997 ], [ 110.465623624000045, -7.544390039999939 ], [ 110.465709874000083, -7.544403414999977 ], [ 110.46586699900007, -7.544416289999958 ], [ 110.466002687000071, -7.544425914999977 ], [ 110.466147249000073, -7.54443497699998 ], [ 110.466277624000043, -7.544469789999937 ], [ 110.46639906200005, -7.544552851999981 ], [ 110.466494999000076, -7.544639539999935 ], [ 110.46662056200006, -7.544752914999947 ], [ 110.466731687000049, -7.544801226999937 ], [ 110.466861999000059, -7.544818164999981 ], [ 110.466955437000081, -7.544858351999949 ], [ 110.46697518700006, -7.544875351999963 ], [ 110.467125187000079, -7.544991539999955 ], [ 110.467280937000055, -7.545141414999932 ], [ 110.467433687000039, -7.545272851999925 ], [ 110.467465249000043, -7.545289226999955 ], [ 110.467579374000081, -7.545317101999956 ], [ 110.467593562000047, -7.545319476999964 ], [ 110.467716874000075, -7.545338851999929 ], [ 110.467811562000065, -7.545356539999943 ], [ 110.467898124000044, -7.545370726999977 ], [ 110.467977687000086, -7.54541353999997 ], [ 110.467989874000068, -7.545423539999945 ], [ 110.468106187000046, -7.545502539999973 ], [ 110.468187749000037, -7.545548164999957 ], [ 110.468290749000062, -7.545605164999927 ], [ 110.468353812000089, -7.54565497699997 ], [ 110.468375687000048, -7.545684039999969 ], [ 110.468378937000068, -7.545688789999929 ], [ 110.468416749000085, -7.545721664999974 ], [ 110.468446999000037, -7.545735226999966 ], [ 110.468567249000046, -7.545776601999933 ], [ 110.468694624000079, -7.545829414999957 ], [ 110.468786374000047, -7.545879351999929 ], [ 110.468855812000072, -7.545928601999947 ], [ 110.468971062000037, -7.546017914999936 ], [ 110.469070124000041, -7.546111351999969 ], [ 110.469098687000042, -7.546135851999964 ], [ 110.469213062000051, -7.546232414999963 ], [ 110.469317124000042, -7.546306601999959 ], [ 110.46944368700008, -7.546414351999942 ], [ 110.469575999000085, -7.546517914999981 ], [ 110.469745624000041, -7.546619851999935 ], [ 110.469831687000067, -7.54667272699993 ], [ 110.46995512400008, -7.546765726999979 ], [ 110.470091874000047, -7.546876414999929 ], [ 110.470271499000035, -7.547019851999949 ], [ 110.470412249000049, -7.547108101999981 ], [ 110.470504062000089, -7.547160914999949 ], [ 110.470559124000033, -7.547194164999951 ], [ 110.470691749000082, -7.547283476999951 ], [ 110.470802937000087, -7.547363914999949 ], [ 110.470814187000087, -7.547372414999927 ], [ 110.470898562000059, -7.547440476999952 ], [ 110.470977124000058, -7.547532914999977 ], [ 110.471020499000076, -7.547618539999974 ], [ 110.471020812000063, -7.547623164999948 ], [ 110.471075437000081, -7.54761935199997 ], [ 110.471247687000073, -7.547590539999931 ] ] ] } },
{ "type": "Feature", "properties": { "fid": 9, "NAMOBJ": null, "FCODE": null, "REMARK": "Alur Sungai", "METADATA": null, "SRS_ID": null, "ADATGL": 0.0, "DMAX": 0.0, "FNGAIR": 0.0, "JNSSNG": 0.0, "KLSSNG": 0.0, "LTKSGI": 0.0, "NAMWS": null, "STATUS": null, "UKRSGI": 0.0, "WMAX": 0.0, "DBTMXS": 0.0, "NAMDAS": null, "SHAPE_Leng": 0.0033124873373959998 }, "geometry": { "type": "MultiLineString", "coordinates": [ [ [ 110.481883624000034, -7.542397101999939 ], [ 110.48191274900006, -7.542386414999953 ], [ 110.482016437000084, -7.542368539999927 ], [ 110.482043124000086, -7.54236685199993 ], [ 110.482169874000078, -7.542356539999957 ], [ 110.482285749000084, -7.542320539999935 ], [ 110.482293624000079, -7.542317351999941 ], [ 110.482407187000035, -7.542270414999962 ], [ 110.482539562000056, -7.542234039999926 ], [ 110.482602124000039, -7.542224851999947 ], [ 110.482828937000079, -7.542173976999948 ], [ 110.482898687000045, -7.542150976999949 ], [ 110.483051812000042, -7.542140101999962 ], [ 110.483238249000067, -7.542139601999963 ], [ 110.483326499000043, -7.542139351999936 ], [ 110.483484499000042, -7.542151101999934 ], [ 110.483623374000047, -7.542209351999929 ], [ 110.483634249000033, -7.542216289999942 ], [ 110.483763624000062, -7.54232178999996 ], [ 110.483784687000082, -7.542351164999957 ], [ 110.483832937000045, -7.542452914999956 ], [ 110.483871187000034, -7.542537539999955 ], [ 110.48396781200006, -7.542664101999947 ], [ 110.484061999000062, -7.542724039999939 ], [ 110.484158937000075, -7.542761226999971 ], [ 110.484214562000034, -7.542777351999973 ], [ 110.484270249000076, -7.542805039999962 ], [ 110.484320874000048, -7.542852914999969 ], [ 110.484361437000075, -7.542923851999944 ], [ 110.484372062000034, -7.542959726999925 ], [ 110.484391812000069, -7.543012789999977 ], [ 110.484456124000076, -7.54325929099997 ], [ 110.484523249000063, -7.543345851999959 ] ] ] } },
{ "type": "Feature", "properties": { "fid": 10, "NAMOBJ": null, "FCODE": null, "REMARK": "Alur Sungai", "METADATA": null, "SRS_ID": null, "ADATGL": 0.0, "DMAX": 0.0, "FNGAIR": 0.0, "JNSSNG": 0.0, "KLSSNG": 0.0, "LTKSGI": 0.0, "NAMWS": null, "STATUS": null, "UKRSGI": 0.0, "WMAX": 0.0, "DBTMXS": 0.0, "NAMDAS": null, "SHAPE_Leng": 0.0061383058643720003 }, "geometry": { "type": "MultiLineString", "coordinates": [ [ [ 110.491829687000063, -7.546017164999967 ], [ 110.491859187000045, -7.546084539999981 ], [ 110.491961374000084, -7.546145914999954 ], [ 110.492315999000084, -7.546125914999948 ], [ 110.49259081200006, -7.546050039999955 ], [ 110.492653374000042, -7.546033914999953 ], [ 110.49276799900008, -7.546118664999938 ], [ 110.492816437000045, -7.546211101999972 ], [ 110.49284556200007, -7.546327476999977 ], [ 110.492960562000064, -7.546382601999937 ], [ 110.49306449900007, -7.54646360199996 ], [ 110.493156999000064, -7.546528289999969 ], [ 110.493338249000033, -7.546485976999975 ], [ 110.493508749000057, -7.546435601999974 ], [ 110.493622687000084, -7.546435226999961 ], [ 110.493755812000074, -7.546490414999937 ], [ 110.493803687000081, -7.546526664999931 ], [ 110.493924062000076, -7.54661428999998 ], [ 110.494110749000072, -7.546772726999961 ], [ 110.494199062000064, -7.546819914999958 ], [ 110.494222874000059, -7.546822664999979 ], [ 110.494401499000048, -7.546796789999973 ], [ 110.494430249000061, -7.546787914999925 ], [ 110.49458024900008, -7.546698789999937 ], [ 110.494608749000065, -7.546645976999969 ], [ 110.494722499000034, -7.546685164999928 ], [ 110.494792562000043, -7.546808476999956 ], [ 110.494824749000088, -7.546940476999964 ], [ 110.494854874000055, -7.546991726999977 ], [ 110.494855249000068, -7.547107289999929 ], [ 110.494889999000065, -7.54716228999996 ], [ 110.495283124000082, -7.547170039999969 ], [ 110.495417499000041, -7.547187101999953 ], [ 110.495606687000077, -7.547276476999969 ], [ 110.495830937000051, -7.547324164999964 ], [ 110.496011687000077, -7.547655414999952 ], [ 110.496088124000039, -7.547794726999939 ], [ 110.496129874000076, -7.547883101999957 ], [ 110.49617149900007, -7.548165476999941 ], [ 110.496235437000053, -7.54837897699997 ], [ 110.496247124000035, -7.54840147699997 ], [ 110.496320249000064, -7.548442414999954 ] ] ] } },
{ "type": "Feature", "properties": { "fid": 11, "NAMOBJ": null, "FCODE": null, "REMARK": "Alur Sungai", "METADATA": null, "SRS_ID": null, "ADATGL": 0.0, "DMAX": 0.0, "FNGAIR": 0.0, "JNSSNG": 0.0, "KLSSNG": 0.0, "LTKSGI": 0.0, "NAMWS": null, "STATUS": null, "UKRSGI": 0.0, "WMAX": 0.0, "DBTMXS": 0.0, "NAMDAS": null, "SHAPE_Leng": 0.002721296510708 }, "geometry": { "type": "MultiLineString", "coordinates": [ [ [ 110.450666562000038, -7.536680851999961 ], [ 110.450702187000047, -7.536687914999959 ], [ 110.450768749000076, -7.536744539999972 ], [ 110.450857812000038, -7.536800976999928 ], [ 110.451117937000049, -7.536941164999973 ], [ 110.451181624000071, -7.537263976999952 ], [ 110.45121262400005, -7.537453414999959 ], [ 110.451283312000044, -7.537613601999965 ], [ 110.451322124000058, -7.537773289999961 ], [ 110.451320749000047, -7.537863976999972 ], [ 110.451304562000075, -7.538145726999971 ], [ 110.45131056200006, -7.538172789999976 ], [ 110.451364437000052, -7.538521976999959 ], [ 110.451322562000087, -7.53872591499993 ], [ 110.451279187000068, -7.538864226999976 ], [ 110.451279874000079, -7.538908851999963 ], [ 110.451281499000061, -7.539093351999952 ] ] ] } },
{ "type": "Feature", "properties": { "fid": 12, "NAMOBJ": null, "FCODE": null, "REMARK": "Alur Sungai", "METADATA": null, "SRS_ID": null, "ADATGL": 0.0, "DMAX": 0.0, "FNGAIR": 0.0, "JNSSNG": 0.0, "KLSSNG": 0.0, "LTKSGI": 0.0, "NAMWS": null, "STATUS": null, "UKRSGI": 0.0, "WMAX": 0.0, "DBTMXS": 0.0, "NAMDAS": null, "SHAPE_Leng": 0.012423795046613 }, "geometry": { "type": "MultiLineString", "coordinates": [ [ [ 110.461494062000043, -7.538574101999927 ], [ 110.461547374000077, -7.538578101999974 ], [ 110.461552124000036, -7.53857847699993 ], [ 110.461626812000077, -7.53859553999996 ], [ 110.46173062400004, -7.538610601999949 ], [ 110.461799874000064, -7.538610851999977 ], [ 110.461877249000054, -7.53861591499998 ], [ 110.461989562000042, -7.538610976999962 ], [ 110.462100437000061, -7.538609851999979 ], [ 110.462185937000072, -7.538612414999932 ], [ 110.462256437000065, -7.538608789999955 ], [ 110.462263249000046, -7.538607851999927 ], [ 110.462301187000037, -7.538594601999932 ], [ 110.462344562000055, -7.53857847699993 ], [ 110.462375749000046, -7.538569914999925 ], [ 110.462400812000055, -7.538569351999968 ], [ 110.462435499000037, -7.538576914999965 ], [ 110.462475562000066, -7.538595726999972 ], [ 110.462493937000033, -7.538606601999959 ], [ 110.46251974900008, -7.538622289999978 ], [ 110.462554374000035, -7.53863003999993 ], [ 110.46260393700004, -7.538650101999963 ], [ 110.462694062000082, -7.538705726999979 ], [ 110.462800187000084, -7.538774539999963 ], [ 110.462904249000076, -7.538857976999964 ], [ 110.462964999000064, -7.538920351999934 ], [ 110.463008562000084, -7.538982476999934 ], [ 110.463022874000046, -7.539023726999972 ], [ 110.463026687000081, -7.539050101999976 ], [ 110.463059187000056, -7.539092664999941 ], [ 110.463068062000048, -7.539100226999949 ], [ 110.463155124000082, -7.539175664999959 ], [ 110.46325618700007, -7.539262851999979 ], [ 110.463329374000068, -7.539322914999957 ], [ 110.463384437000059, -7.53936622699996 ], [ 110.463430687000084, -7.539392726999949 ], [ 110.46348843700008, -7.539416976999973 ], [ 110.463568937000048, -7.539447289999941 ], [ 110.463592374000086, -7.539455539999949 ], [ 110.46364462400004, -7.539449976999947 ], [ 110.463651374000051, -7.539449039999965 ], [ 110.463711062000073, -7.539447914999926 ], [ 110.463768749000053, -7.539449601999934 ], [ 110.463839312000061, -7.539451289999931 ], [ 110.463848812000037, -7.539451226999972 ], [ 110.463947249000057, -7.539462539999931 ], [ 110.464019874000087, -7.539479039999947 ], [ 110.464028749000079, -7.539481414999955 ], [ 110.464105499000084, -7.539508414999943 ], [ 110.464191062000054, -7.539535289999947 ], [ 110.464275999000051, -7.539573351999934 ], [ 110.464290249000044, -7.539582289999942 ], [ 110.464336312000057, -7.53964303999993 ], [ 110.464353999000082, -7.539750289999972 ], [ 110.464375062000045, -7.539763726999979 ], [ 110.464444937000053, -7.539816476999931 ], [ 110.464485062000051, -7.539831101999937 ], [ 110.464531249000061, -7.539851914999929 ], [ 110.464582874000087, -7.539876851999963 ], [ 110.464588999000057, -7.539878976999944 ], [ 110.464671062000036, -7.539873414999931 ], [ 110.464776812000082, -7.53983803999995 ], [ 110.464907999000047, -7.539817851999942 ], [ 110.464967062000085, -7.539823726999941 ], [ 110.465161624000075, -7.539886476999925 ], [ 110.465293249000069, -7.539969914999972 ], [ 110.465408499000034, -7.540044789999968 ], [ 110.465594124000063, -7.540150664999942 ], [ 110.465791937000063, -7.540264601999979 ], [ 110.46594181200004, -7.540358414999957 ], [ 110.466053937000083, -7.54040497699998 ], [ 110.466085562000046, -7.540409101999956 ], [ 110.466218937000065, -7.540424039999948 ], [ 110.466320374000077, -7.54042822699995 ], [ 110.466418687000044, -7.540428351999935 ], [ 110.466553124000086, -7.540428476999978 ], [ 110.466580562000047, -7.540428351999935 ], [ 110.466723062000085, -7.540426039999943 ], [ 110.466856374000088, -7.540424601999973 ], [ 110.466952999000057, -7.540418414999976 ], [ 110.467071687000043, -7.540398726999967 ], [ 110.467079187000081, -7.540398226999969 ], [ 110.46721074900006, -7.540392351999969 ], [ 110.467237874000034, -7.540388101999952 ], [ 110.467254124000078, -7.54038247699998 ], [ 110.467278562000047, -7.540370539999969 ], [ 110.467311062000078, -7.540355164999937 ], [ 110.467376812000055, -7.540334851999944 ], [ 110.467386187000045, -7.540327476999948 ], [ 110.467440687000078, -7.540259539999965 ], [ 110.467531374000089, -7.540201664999927 ], [ 110.467635812000083, -7.540185914999938 ], [ 110.467667374000087, -7.540185289999954 ], [ 110.467899312000043, -7.540155726999956 ], [ 110.467913562000035, -7.540150726999968 ], [ 110.468015499000046, -7.540085039999951 ], [ 110.468110999000089, -7.539965914999925 ], [ 110.468242874000055, -7.539848351999979 ], [ 110.468294624000066, -7.539801851999925 ], [ 110.468340687000079, -7.539777851999929 ], [ 110.468362374000037, -7.539781539999979 ], [ 110.468440187000056, -7.539811226999973 ], [ 110.468578687000047, -7.539838914999962 ], [ 110.468717124000079, -7.53984272699995 ], [ 110.468786312000077, -7.539844664999976 ], [ 110.468852249000065, -7.539854726999977 ], [ 110.468931624000049, -7.539876414999981 ], [ 110.468944874000044, -7.539879851999956 ], [ 110.469103812000071, -7.539920476999953 ], [ 110.469249499000057, -7.539973101999976 ], [ 110.469325937000065, -7.540005726999937 ], [ 110.469416312000078, -7.540037914999971 ], [ 110.46948356200005, -7.540056601999936 ], [ 110.469560624000053, -7.540088226999956 ], [ 110.46969518700007, -7.540142101999947 ], [ 110.469828749000044, -7.540206414999943 ], [ 110.469965312000056, -7.540275726999937 ], [ 110.470062687000052, -7.540333914999962 ], [ 110.470094062000044, -7.540371664999952 ], [ 110.470259812000052, -7.540525351999975 ], [ 110.470348374000082, -7.540635789999953 ], [ 110.470351812000047, -7.540644976999943 ], [ 110.470422562000067, -7.540727914999934 ], [ 110.470527062000087, -7.54083110199997 ], [ 110.470594749000043, -7.540936851999959 ], [ 110.470610687000033, -7.541028851999954 ], [ 110.470638124000061, -7.541108289999954 ], [ 110.470655687000033, -7.541197601999954 ], [ 110.470671374000062, -7.541265289999956 ], [ 110.470686999000065, -7.541358664999962 ], [ 110.470700687000033, -7.541479476999939 ], [ 110.470702749000054, -7.541489601999956 ], [ 110.47073143700004, -7.541611414999977 ], [ 110.470763874000056, -7.541703351999956 ], [ 110.47077687400008, -7.541716226999938 ], [ 110.47085306200006, -7.541765476999956 ], [ 110.470884937000051, -7.541773289999981 ], [ 110.470937249000087, -7.541779289999965 ], [ 110.47098268700006, -7.541778664999981 ], [ 110.471016624000072, -7.541779039999938 ], [ 110.471048812000049, -7.541778601999965 ], [ 110.471078687000045, -7.541777164999928 ], [ 110.471086812000067, -7.541776039999945 ], [ 110.471128187000033, -7.541768101999935 ], [ 110.471179062000033, -7.541757351999934 ], [ 110.47121493700007, -7.541749914999968 ], [ 110.471247437000045, -7.541747164999947 ], [ 110.47127637400007, -7.541743664999956 ], [ 110.471289562000038, -7.541735976999973 ], [ 110.471289874000036, -7.541720726999927 ], [ 110.471294187000069, -7.541707476999932 ], [ 110.471304562000057, -7.541680351999958 ], [ 110.471328374000052, -7.541653789999941 ], [ 110.471347249000075, -7.54163835199995 ], [ 110.471494874000086, -7.541486476999978 ], [ 110.471554437000066, -7.541420039999934 ], [ 110.471785562000036, -7.541248476999954 ] ] ] } },
{ "type": "Feature", "properties": { "fid": 13, "NAMOBJ": null, "FCODE": null, "REMARK": "Alur Sungai", "METADATA": null, "SRS_ID": null, "ADATGL": 0.0, "DMAX": 0.0, "FNGAIR": 0.0, "JNSSNG": 0.0, "KLSSNG": 0.0, "LTKSGI": 0.0, "NAMWS": null, "STATUS": null, "UKRSGI": 0.0, "WMAX": 0.0, "DBTMXS": 0.0, "NAMDAS": null, "SHAPE_Leng": 0.019627824643476999 }, "geometry": { "type": "MultiLineString", "coordinates": [ [ [ 110.453350624000052, -7.538824414999965 ], [ 110.453796437000051, -7.538751476999948 ], [ 110.453947437000068, -7.53877816499994 ], [ 110.454071499000065, -7.538821101999929 ], [ 110.454138312000055, -7.538905289999946 ], [ 110.454202749000046, -7.538912789999927 ], [ 110.454363812000054, -7.538945101999957 ], [ 110.454433187000063, -7.538964976999978 ], [ 110.454485187000046, -7.539004664999936 ], [ 110.454509937000068, -7.53901953999997 ], [ 110.454532312000083, -7.539024476999941 ], [ 110.454628603330775, -7.539069780275411 ] ], [ [ 110.454732340812924, -7.539091252262485 ], [ 110.45474942664633, -7.539094787857462 ] ], [ [ 110.454833178988238, -7.539099941650615 ], [ 110.45486549900005, -7.539103414999943 ], [ 110.454898812000067, -7.539114351999956 ], [ 110.454991937000045, -7.539164601999971 ], [ 110.455045937000079, -7.539196164999964 ], [ 110.455046025268842, -7.539196245438821 ] ], [ [ 110.45520822713307, -7.539326838725261 ], [ 110.455208249000066, -7.539326851999931 ], [ 110.455288437000036, -7.539372164999975 ], [ 110.455404562000069, -7.539391789999968 ], [ 110.455407413790454, -7.53939160016611 ] ], [ [ 110.455514552956956, -7.539416473656948 ], [ 110.455514562000076, -7.539416476999975 ], [ 110.455519312000035, -7.539420226999937 ], [ 110.455548584673153, -7.539436007968373 ] ], [ [ 110.455687386206918, -7.539549907180803 ], [ 110.455694187000063, -7.539556226999935 ], [ 110.455708878849208, -7.539565612308941 ] ], [ [ 110.456013181551555, -7.539625294829628 ], [ 110.45605568700006, -7.539625789999945 ], [ 110.456196187000046, -7.53963291499997 ], [ 110.456223999000088, -7.539643289999958 ], [ 110.45628044955194, -7.539675326516673 ] ], [ [ 110.45639703331598, -7.539756159247188 ], [ 110.456412374000081, -7.539768164999941 ], [ 110.456515687000035, -7.539816539999947 ], [ 110.456530624000038, -7.539818351999941 ], [ 110.456585277669419, -7.539843251080586 ] ], [ [ 110.4566856158973, -7.539934757354826 ], [ 110.456742499000086, -7.540007351999975 ], [ 110.456822846559319, -7.540090311298876 ] ], [ [ 110.456911961912212, -7.540188274317463 ], [ 110.457013562000043, -7.540312664999931 ], [ 110.457115499000054, -7.540447726999957 ], [ 110.457189812000081, -7.540566664999972 ], [ 110.45720162306192, -7.540582676598052 ] ], [ [ 110.457438468631835, -7.540986075044428 ], [ 110.457448178765105, -7.541039744484035 ] ], [ [ 110.45750146869581, -7.541108859614627 ], [ 110.457531687000085, -7.541144851999945 ], [ 110.457547177032637, -7.54114436155163 ] ], [ [ 110.457647702725538, -7.541102479945093 ], [ 110.457707437000067, -7.541055164999932 ], [ 110.457731750850456, -7.54104765085382 ] ], [ [ 110.457912720497092, -7.541077510437007 ], [ 110.457933499000035, -7.541086976999964 ], [ 110.45812199900007, -7.541152039999929 ], [ 110.458123746697368, -7.541152034579516 ] ], [ [ 110.458327289867313, -7.541137759459749 ], [ 110.45836412400007, -7.541130414999941 ], [ 110.458401124000034, -7.541127039999935 ], [ 110.458455562374809, -7.541152450757494 ] ], [ [ 110.458592002355459, -7.541229723820468 ], [ 110.458634249000056, -7.541253289999929 ], [ 110.458710396384447, -7.541311629793566 ] ], [ [ 110.458840817029568, -7.541471815789589 ], [ 110.458903562000046, -7.541576539999937 ], [ 110.45891256200008, -7.541589726999973 ], [ 110.458999522798152, -7.541673744528272 ] ], [ [ 110.459048253138448, -7.542022625174047 ], [ 110.459051187000057, -7.542026101999966 ], [ 110.459166377970917, -7.542138075285111 ] ], [ [ 110.459176016607145, -7.542144941308241 ], [ 110.459200124000063, -7.542161289999967 ], [ 110.459278874000063, -7.542224351999948 ], [ 110.459278750550027, -7.542232385574662 ] ] ] } },
{ "type": "Feature", "properties": { "fid": 14, "NAMOBJ": null, "FCODE": null, "REMARK": "Alur Sungai", "METADATA": null, "SRS_ID": null, "ADATGL": 0.0, "DMAX": 0.0, "FNGAIR": 0.0, "JNSSNG": 0.0, "KLSSNG": 0.0, "LTKSGI": 0.0, "NAMWS": null, "STATUS": null, "UKRSGI": 0.0, "WMAX": 0.0, "DBTMXS": 0.0, "NAMDAS": null, "SHAPE_Leng": 0.0050788392990879999 }, "geometry": { "type": "MultiLineString", "coordinates": [ [ [ 110.488388249000081, -7.543651976999968 ], [ 110.488479624000036, -7.543666851999944 ], [ 110.488525999000046, -7.543757914999958 ], [ 110.488515499000073, -7.544001914999967 ], [ 110.488592999000048, -7.544126476999963 ], [ 110.488682374000064, -7.54420553999995 ], [ 110.488784249000048, -7.544235039999933 ], [ 110.488897749000046, -7.544184789999974 ], [ 110.489133812000034, -7.544085601999939 ], [ 110.489147874000082, -7.544081851999977 ], [ 110.489584624000088, -7.544191539999929 ], [ 110.489826937000089, -7.544332664999956 ], [ 110.489979187000074, -7.544439226999941 ], [ 110.490108062000047, -7.544539476999944 ], [ 110.490492249000056, -7.544895414999928 ], [ 110.490572374000067, -7.544955976999972 ], [ 110.490791124000054, -7.544900351999956 ], [ 110.490883937000035, -7.54487778999993 ], [ 110.49098762400007, -7.544944976999943 ], [ 110.491087187000062, -7.545149976999937 ], [ 110.491199249000033, -7.545389414999931 ], [ 110.491261499000075, -7.545443851999948 ], [ 110.491455124000083, -7.545450226999947 ], [ 110.49166381200007, -7.545440664999944 ], [ 110.491762812000047, -7.545482039999968 ], [ 110.491899999000054, -7.545675039999935 ], [ 110.491968937000081, -7.545814476999965 ], [ 110.491902437000078, -7.545931664999955 ], [ 110.491829687000063, -7.546017164999967 ] ] ] } },
{ "type": "Feature", "properties": { "fid": 15, "NAMOBJ": null, "FCODE": null, "REMARK": "Alur Sungai", "METADATA": null, "SRS_ID": null, "ADATGL": 0.0, "DMAX": 0.0, "FNGAIR": 0.0, "JNSSNG": 0.0, "KLSSNG": 0.0, "LTKSGI": 0.0, "NAMWS": null, "STATUS": null, "UKRSGI": 0.0, "WMAX": 0.0, "DBTMXS": 0.0, "NAMDAS": null, "SHAPE_Leng": 0.0078319967203680004 }, "geometry": { "type": "MultiLineString", "coordinates": [ [ [ 110.46863941621001, -7.534652053585607 ], [ 110.469084062000036, -7.534542664999947 ], [ 110.469097562000059, -7.534538101999942 ], [ 110.469180937000033, -7.534512289999952 ], [ 110.469276562000061, -7.534491164999963 ], [ 110.469386374000067, -7.534461789999966 ], [ 110.469460562000052, -7.534435039999948 ], [ 110.469515437000041, -7.534411164999938 ], [ 110.469598499000085, -7.534396039999933 ], [ 110.46961174900008, -7.534394289999966 ], [ 110.469737874000089, -7.53437497699997 ], [ 110.469890437000061, -7.53435835199997 ], [ 110.470070187000033, -7.534344601999976 ], [ 110.470231499000079, -7.534295914999973 ], [ 110.470259937000037, -7.53427116499995 ], [ 110.470328812000048, -7.534186664999936 ], [ 110.470428312000081, -7.534108101999948 ], [ 110.470561374000056, -7.534044351999967 ], [ 110.470727374000035, -7.533977414999981 ], [ 110.470823999000061, -7.533962476999932 ], [ 110.470991999000034, -7.533974164999961 ], [ 110.47104293700005, -7.533982914999967 ], [ 110.471199312000067, -7.533990351999932 ], [ 110.471275624000043, -7.533986289999973 ], [ 110.471458812000037, -7.533970414999942 ], [ 110.471661187000052, -7.533946726999943 ], [ 110.471783312000071, -7.533929039999975 ], [ 110.471816874000069, -7.533924476999971 ], [ 110.471960312000078, -7.533905164999965 ], [ 110.472103687000072, -7.53388603999997 ], [ 110.472220749000087, -7.533881414999939 ], [ 110.472290999000052, -7.533896789999972 ], [ 110.47229406200006, -7.533898664999981 ], [ 110.472376999000062, -7.53393503999996 ], [ 110.472464624000054, -7.533967914999948 ], [ 110.472600062000083, -7.533995351999977 ], [ 110.47272743700006, -7.534040351999977 ], [ 110.472807249000084, -7.534068164999951 ], [ 110.47287043700004, -7.534087601999943 ], [ 110.472914562000085, -7.534093351999957 ], [ 110.472979687000077, -7.534096101999978 ], [ 110.473098874000073, -7.534131351999974 ], [ 110.473296624000056, -7.53422003999998 ], [ 110.473426312000072, -7.534247851999964 ], [ 110.473494187000085, -7.534250039999961 ], [ 110.47353724900006, -7.534248226999978 ], [ 110.473684687000059, -7.534216226999945 ], [ 110.47374774900004, -7.534201164999956 ], [ 110.473829499000033, -7.534185039999954 ], [ 110.473881624000057, -7.534170101999962 ], [ 110.473927062000087, -7.534150976999967 ], [ 110.474011499000085, -7.534133164999957 ], [ 110.474151937000045, -7.534142039999949 ], [ 110.474172249000048, -7.534144726999955 ], [ 110.474304687000085, -7.534176976999959 ], [ 110.474395374000039, -7.534201664999955 ], [ 110.474508312000069, -7.534204289999934 ], [ 110.474543937000078, -7.534202164999954 ], [ 110.474689499000078, -7.53419385199993 ], [ 110.474887999000089, -7.53421822699994 ], [ 110.474910062000049, -7.53422547699995 ], [ 110.475071874000037, -7.534309851999978 ], [ 110.475191124000048, -7.534377164999967 ], [ 110.475282937000088, -7.534437476999926 ], [ 110.475389062000033, -7.534518726999977 ], [ 110.475401312000088, -7.534528164999927 ], [ 110.475518749000059, -7.534630976999949 ], [ 110.475560874000053, -7.534687726999948 ], [ 110.475670187000048, -7.534786726999926 ], [ 110.475927374000037, -7.535040726999966 ] ] ] } },
{ "type": "Feature", "properties": { "fid": 16, "NAMOBJ": null, "FCODE": null, "REMARK": "Alur Sungai", "METADATA": null, "SRS_ID": null, "ADATGL": 0.0, "DMAX": 0.0, "FNGAIR": 0.0, "JNSSNG": 0.0, "KLSSNG": 0.0, "LTKSGI": 0.0, "NAMWS": null, "STATUS": null, "UKRSGI": 0.0, "WMAX": 0.0, "DBTMXS": 0.0, "NAMDAS": null, "SHAPE_Leng": 0.001535953609631 }, "geometry": { "type": "MultiLineString", "coordinates": [ [ [ 110.49657837400008, -7.542311914999971 ], [ 110.496591374000047, -7.542311789999928 ], [ 110.496717749000084, -7.54233560199998 ], [ 110.496756687000072, -7.542337976999931 ], [ 110.497033437000084, -7.542324914999938 ], [ 110.497316624000064, -7.542304664999961 ], [ 110.497574937000081, -7.54224378999993 ], [ 110.497753499000055, -7.542201976999934 ], [ 110.497817749000035, -7.54215441499997 ], [ 110.497991874000036, -7.542025539999941 ], [ 110.49802737400006, -7.541991726999981 ] ] ] } },
{ "type": "Feature", "properties": { "fid": 17, "NAMOBJ": null, "FCODE": null, "REMARK": "Alur Sungai", "METADATA": null, "SRS_ID": null, "ADATGL": 0.0, "DMAX": 0.0, "FNGAIR": 0.0, "JNSSNG": 0.0, "KLSSNG": 0.0, "LTKSGI": 0.0, "NAMWS": null, "STATUS": null, "UKRSGI": 0.0, "WMAX": 0.0, "DBTMXS": 0.0, "NAMDAS": null, "SHAPE_Leng": 0.0069542036414960004 }, "geometry": { "type": "MultiLineString", "coordinates": [ [ [ 110.480724812000062, -7.549035539999977 ], [ 110.480810874000042, -7.548984539999935 ], [ 110.480915374000062, -7.54892747699995 ], [ 110.481103124000072, -7.548876476999965 ], [ 110.481339562000073, -7.548821539999949 ], [ 110.481554937000055, -7.548838414999977 ], [ 110.481697374000078, -7.548847476999981 ], [ 110.481888062000053, -7.548794226999973 ], [ 110.482040249000079, -7.548755851999942 ], [ 110.48217474900008, -7.548718476999966 ], [ 110.482258874000081, -7.548691226999949 ], [ 110.482419624000045, -7.548683976999939 ], [ 110.482432624000069, -7.548683851999954 ], [ 110.482667374000073, -7.548690726999951 ], [ 110.48281137400005, -7.548707039999954 ], [ 110.482979562000082, -7.548690101999966 ], [ 110.483264937000058, -7.548669101999963 ], [ 110.483317937000038, -7.548669976999975 ], [ 110.483529937000071, -7.548674414999937 ], [ 110.483753437000075, -7.548628601999951 ], [ 110.48377393700008, -7.548625539999932 ], [ 110.484068999000044, -7.548597039999947 ], [ 110.484125124000059, -7.548583976999964 ], [ 110.484315249000076, -7.54855435199994 ], [ 110.484344437000061, -7.548552289999975 ], [ 110.484585437000078, -7.548532664999925 ], [ 110.484598437000045, -7.548530164999931 ], [ 110.48486106200005, -7.548687164999933 ], [ 110.484971749000067, -7.548734164999928 ], [ 110.485161749000042, -7.548686601999975 ], [ 110.485326624000038, -7.548619601999974 ], [ 110.485443437000072, -7.548618476999934 ], [ 110.485577937000073, -7.54866285199995 ], [ 110.485874624000076, -7.548707726999965 ], [ 110.486001687000055, -7.54876922699998 ], [ 110.486128999000073, -7.548864414999969 ], [ 110.486162624000087, -7.548877476999962 ], [ 110.486510749000047, -7.548860539999964 ], [ 110.486700812000038, -7.548909601999981 ], [ 110.486934312000074, -7.549029914999949 ], [ 110.486949437000078, -7.549035726999932 ], [ 110.48720187400005, -7.54908710199993 ], [ 110.487425687000041, -7.549052789999962 ] ] ] } },
{ "type": "Feature", "properties": { "fid": 18, "NAMOBJ": null, "FCODE": null, "REMARK": "Alur Sungai", "METADATA": null, "SRS_ID": null, "ADATGL": 0.0, "DMAX": 0.0, "FNGAIR": 0.0, "JNSSNG": 0.0, "KLSSNG": 0.0, "LTKSGI": 0.0, "NAMWS": null, "STATUS": null, "UKRSGI": 0.0, "WMAX": 0.0, "DBTMXS": 0.0, "NAMDAS": null, "SHAPE_Leng": 0.004057617807151 }, "geometry": { "type": "MultiLineString", "coordinates": [ [ [ 110.479270749000079, -7.54480485199997 ], [ 110.479342937000069, -7.544881789999977 ], [ 110.47939406200004, -7.544940414999928 ], [ 110.479535999000063, -7.545042789999968 ], [ 110.479670249000037, -7.545063039999945 ], [ 110.479865874000041, -7.545042101999968 ], [ 110.480048812000064, -7.545067039999935 ], [ 110.480078062000075, -7.545070539999926 ], [ 110.480316187000085, -7.545094226999936 ], [ 110.480544499000075, -7.545114726999941 ], [ 110.480619124000043, -7.545103851999954 ], [ 110.480818687000067, -7.545039851999945 ], [ 110.480977499000062, -7.545011101999933 ], [ 110.481237187000033, -7.545032164999952 ], [ 110.481296624000038, -7.545026789999952 ], [ 110.481492249000041, -7.54496966499994 ], [ 110.481711749000056, -7.544874414999981 ], [ 110.48185974900008, -7.544850039999972 ], [ 110.482018499000048, -7.544821726999942 ], [ 110.482166312000061, -7.544779726999934 ], [ 110.482252999000082, -7.544748226999957 ], [ 110.482314062000057, -7.544727414999954 ], [ 110.482386749000057, -7.544709914999942 ], [ 110.482478124000068, -7.544686976999969 ], [ 110.482573187000071, -7.544671164999954 ], [ 110.482627937000075, -7.544659976999981 ], [ 110.482690499000057, -7.544638039999938 ], [ 110.48275912400004, -7.54456741499996 ], [ 110.482805437000081, -7.544515601999933 ], [ 110.482840374000034, -7.544443414999932 ], [ 110.48289668700005, -7.544233664999979 ] ] ] } },
{ "type": "Feature", "properties": { "fid": 19, "NAMOBJ": null, "FCODE": null, "REMARK": "Alur Sungai", "METADATA": null, "SRS_ID": null, "ADATGL": 0.0, "DMAX": 0.0, "FNGAIR": 0.0, "JNSSNG": 0.0, "KLSSNG": 0.0, "LTKSGI": 0.0, "NAMWS": null, "STATUS": null, "UKRSGI": 0.0, "WMAX": 0.0, "DBTMXS": 0.0, "NAMDAS": null, "SHAPE_Leng": 0.0037014162985950002 }, "geometry": { "type": "MultiLineString", "coordinates": [ [ [ 110.494562749000067, -7.55128091499995 ], [ 110.494743937000067, -7.55128960199994 ], [ 110.494879499000035, -7.551296226999966 ], [ 110.495028062000074, -7.551379476999955 ], [ 110.495211062000067, -7.551532101999953 ], [ 110.495480124000039, -7.551584039999966 ], [ 110.495757749000063, -7.551621226999941 ], [ 110.495922437000047, -7.55161160199998 ], [ 110.496229874000051, -7.551650726999981 ], [ 110.496504999000081, -7.55167728999993 ], [ 110.496535874000074, -7.551676789999931 ], [ 110.496752374000039, -7.55167328999994 ], [ 110.496898312000042, -7.551672039999971 ], [ 110.497231687000067, -7.551700664999942 ], [ 110.497410874000082, -7.551716976999955 ], [ 110.497480187000065, -7.551724351999951 ], [ 110.497541437000052, -7.551694664999957 ], [ 110.49757474900008, -7.551680226999963 ], [ 110.497609812000064, -7.551662289999967 ], [ 110.497655812000062, -7.551634914999966 ], [ 110.497731687000055, -7.551606851999964 ], [ 110.49786143700004, -7.551564539999958 ], [ 110.498082499000077, -7.551517414999978 ], [ 110.498134124000046, -7.551511101999949 ] ] ] } },
{ "type": "Feature", "properties": { "fid": 20, "NAMOBJ": null, "FCODE": null, "REMARK": "Alur Sungai", "METADATA": null, "SRS_ID": null, "ADATGL": 0.0, "DMAX": 0.0, "FNGAIR": 0.0, "JNSSNG": 0.0, "KLSSNG": 0.0, "LTKSGI": 0.0, "NAMWS": null, "STATUS": null, "UKRSGI": 0.0, "WMAX": 0.0, "DBTMXS": 0.0, "NAMDAS": null, "SHAPE_Leng": 0.000926994654712 }, "geometry": { "type": "MultiLineString", "coordinates": [ [ [ 110.471513249000054, -7.542095914999948 ], [ 110.471524999000053, -7.542073164999977 ], [ 110.471536624000066, -7.542007789999957 ], [ 110.471538812000063, -7.541963101999954 ], [ 110.471539374000088, -7.541930226999966 ], [ 110.471539687000075, -7.54192616499995 ], [ 110.471539999000072, -7.541913976999979 ], [ 110.471542624000051, -7.54189097699998 ], [ 110.471546624000041, -7.541872351999928 ], [ 110.471565874000078, -7.541851976999965 ], [ 110.47158081200007, -7.541845351999939 ], [ 110.471663812000088, -7.541779664999979 ], [ 110.471699499000067, -7.541686726999956 ], [ 110.471702624000045, -7.54167722699998 ], [ 110.471732562000057, -7.541493664999962 ], [ 110.471762312000067, -7.541292476999956 ], [ 110.471785562000036, -7.541248476999954 ] ] ] } },
{ "type": "Feature", "properties": { "fid": 21, "NAMOBJ": null, "FCODE": null, "REMARK": "Alur Sungai", "METADATA": null, "SRS_ID": null, "ADATGL": 0.0, "DMAX": 0.0, "FNGAIR": 0.0, "JNSSNG": 0.0, "KLSSNG": 0.0, "LTKSGI": 0.0, "NAMWS": null, "STATUS": null, "UKRSGI": 0.0, "WMAX": 0.0, "DBTMXS": 0.0, "NAMDAS": null, "SHAPE_Leng": 0.0027878201019159998 }, "geometry": { "type": "MultiLineString", "coordinates": [ [ [ 110.481274124000038, -7.536826351999935 ], [ 110.481308437000052, -7.536878351999974 ], [ 110.481402999000068, -7.536966976999963 ], [ 110.481548062000059, -7.537073039999939 ], [ 110.481630687000063, -7.537124226999936 ], [ 110.481783999000072, -7.537222539999959 ], [ 110.481829499000071, -7.537238601999945 ], [ 110.482113437000066, -7.537314414999969 ], [ 110.482374874000072, -7.537398789999941 ], [ 110.482619187000068, -7.537525039999935 ], [ 110.482723812000074, -7.537630414999967 ], [ 110.482842624000057, -7.537760289999937 ], [ 110.483065249000049, -7.53791935199996 ], [ 110.483099937000077, -7.537929851999934 ], [ 110.483335374000035, -7.538017914999955 ], [ 110.483437374000061, -7.538058601999978 ], [ 110.483683374000066, -7.538100164999946 ] ] ] } },
{ "type": "Feature", "properties": { "fid": 22, "NAMOBJ": null, "FCODE": null, "REMARK": "Alur Sungai", "METADATA": null, "SRS_ID": null, "ADATGL": 0.0, "DMAX": 0.0, "FNGAIR": 0.0, "JNSSNG": 0.0, "KLSSNG": 0.0, "LTKSGI": 0.0, "NAMWS": null, "STATUS": null, "UKRSGI": 0.0, "WMAX": 0.0, "DBTMXS": 0.0, "NAMDAS": null, "SHAPE_Leng": 0.0038161697455060001 }, "geometry": { "type": "MultiLineString", "coordinates": [ [ [ 110.49206812400007, -7.544238164999967 ], [ 110.492084312000088, -7.544246414999975 ], [ 110.492331999000044, -7.544376851999971 ], [ 110.492430687000081, -7.544418414999939 ], [ 110.49288518700007, -7.544579039999974 ], [ 110.493041437000045, -7.54463422699996 ], [ 110.493150124000067, -7.544705289999968 ], [ 110.49359512400008, -7.545028226999932 ], [ 110.493631937000089, -7.545035351999957 ], [ 110.493759374000035, -7.545019164999928 ], [ 110.494012999000063, -7.544953351999936 ], [ 110.494056374000081, -7.544964289999939 ], [ 110.494206312000074, -7.545040226999959 ], [ 110.494392187000074, -7.545163289999948 ], [ 110.494499374000043, -7.545218789999979 ], [ 110.494546249000052, -7.54522047699993 ], [ 110.494639249000045, -7.545221226999956 ], [ 110.494754562000082, -7.545213351999962 ], [ 110.494878874000051, -7.545206101999952 ], [ 110.495027062000077, -7.545205726999939 ], [ 110.495071812000049, -7.545210539999971 ], [ 110.495178562000035, -7.545218101999978 ], [ 110.495278124000038, -7.545223289999967 ], [ 110.495309499000086, -7.545224101999963 ], [ 110.495531437000068, -7.54520703999998 ], [ 110.495583812000064, -7.54516816499995 ] ] ] } },
{ "type": "Feature", "properties": { "fid": 23, "NAMOBJ": null, "FCODE": null, "REMARK": "Alur Sungai", "METADATA": null, "SRS_ID": null, "ADATGL": 0.0, "DMAX": 0.0, "FNGAIR": 0.0, "JNSSNG": 0.0, "KLSSNG": 0.0, "LTKSGI": 0.0, "NAMWS": null, "STATUS": null, "UKRSGI": 0.0, "WMAX": 0.0, "DBTMXS": 0.0, "NAMDAS": null, "SHAPE_Leng": 0.0025042104295049999 }, "geometry": { "type": "MultiLineString", "coordinates": [ [ [ 110.485299124000051, -7.549666976999958 ], [ 110.485328749000075, -7.549636351999936 ], [ 110.485407749000046, -7.549597539999979 ], [ 110.485620187000052, -7.549560976999942 ], [ 110.485934187000055, -7.549606539999957 ], [ 110.486140124000087, -7.549615414999948 ], [ 110.486370812000075, -7.549652351999953 ], [ 110.486557937000043, -7.54965266499994 ], [ 110.486567937000075, -7.549649414999976 ], [ 110.486704562000057, -7.549603101999935 ], [ 110.486729812000078, -7.54956660199997 ], [ 110.486764624000045, -7.549530226999934 ], [ 110.486800187000085, -7.549493039999959 ], [ 110.486877249000088, -7.549487476999957 ], [ 110.48706168700005, -7.54951110199994 ], [ 110.487106062000066, -7.549503289999961 ], [ 110.487246312000082, -7.549449976999938 ], [ 110.487256499000068, -7.549439351999979 ], [ 110.487341124000068, -7.549349101999951 ], [ 110.487417687000061, -7.549209601999962 ], [ 110.487425687000041, -7.549052789999962 ] ] ] } },
{ "type": "Feature", "properties": { "fid": 24, "NAMOBJ": null, "FCODE": null, "REMARK": "Alur Sungai", "METADATA": null, "SRS_ID": null, "ADATGL": 0.0, "DMAX": 0.0, "FNGAIR": 0.0, "JNSSNG": 0.0, "KLSSNG": 0.0, "LTKSGI": 0.0, "NAMWS": null, "STATUS": null, "UKRSGI": 0.0, "WMAX": 0.0, "DBTMXS": 0.0, "NAMDAS": null, "SHAPE_Leng": 0.012102861433779 }, "geometry": { "type": "MultiLineString", "coordinates": [ [ [ 110.487425687000041, -7.549052789999962 ], [ 110.487468187000047, -7.549057164999965 ], [ 110.487715374000061, -7.549124789999951 ], [ 110.487888499000064, -7.549262539999972 ], [ 110.488037812000073, -7.549358101999928 ], [ 110.488145687000042, -7.54932591499994 ], [ 110.488403624000057, -7.549260351999976 ], [ 110.488706749000073, -7.549299164999979 ], [ 110.48892599900006, -7.549387101999969 ], [ 110.489134499000045, -7.549453039999946 ], [ 110.489148562000082, -7.549451101999978 ], [ 110.489334124000038, -7.549394789999951 ], [ 110.489618499000073, -7.549253289999967 ], [ 110.489654499000039, -7.549243539999964 ], [ 110.48981337400005, -7.54923916499996 ], [ 110.490086187000088, -7.549264851999965 ], [ 110.490104687000041, -7.549270289999981 ], [ 110.490166124000041, -7.54930385199998 ], [ 110.490257812000038, -7.549353914999926 ], [ 110.490592937000088, -7.549603164999951 ], [ 110.49088774900008, -7.549813039999947 ], [ 110.49109681200008, -7.549998976999973 ], [ 110.491300562000049, -7.550181164999969 ], [ 110.49138793700007, -7.550243164999927 ], [ 110.49157312400007, -7.550315351999927 ], [ 110.491644999000073, -7.550254664999954 ], [ 110.491892312000061, -7.549947476999932 ], [ 110.491969874000063, -7.549908289999962 ], [ 110.492219562000059, -7.549764914999969 ], [ 110.492493124000077, -7.549615976999974 ], [ 110.492661437000038, -7.549610476999931 ], [ 110.492887124000049, -7.549598851999974 ], [ 110.492951624000057, -7.549603101999935 ], [ 110.493341749000081, -7.549571414999946 ], [ 110.493716562000088, -7.549534851999965 ], [ 110.493871937000051, -7.549592789999963 ], [ 110.494132624000088, -7.549701226999957 ], [ 110.494362999000089, -7.549840789999962 ], [ 110.494717187000049, -7.550134664999973 ], [ 110.495093499000063, -7.550502539999968 ], [ 110.495180812000058, -7.550551664999944 ], [ 110.495338874000083, -7.550604289999967 ], [ 110.495652874000086, -7.55067435199993 ], [ 110.496184999000036, -7.550909101999935 ], [ 110.496271749000073, -7.550932039999964 ], [ 110.49640962400008, -7.550928789999944 ], [ 110.496565562000058, -7.550882164999962 ], [ 110.496603374000074, -7.550871101999974 ], [ 110.496803249000038, -7.550824726999963 ], [ 110.496915437000041, -7.55085691499994 ], [ 110.497029124000051, -7.550950976999957 ], [ 110.497228249000045, -7.55109903999994 ], [ 110.497420499000043, -7.551172601999951 ], [ 110.497727187000066, -7.551323226999955 ], [ 110.497915437000074, -7.55144097699997 ], [ 110.497942812000076, -7.551476476999937 ], [ 110.498021312000049, -7.551514664999956 ], [ 110.498134124000046, -7.551511101999949 ] ] ] } },
{ "type": "Feature", "properties": { "fid": 25, "NAMOBJ": null, "FCODE": null, "REMARK": "Alur Sungai", "METADATA": null, "SRS_ID": null, "ADATGL": 0.0, "DMAX": 0.0, "FNGAIR": 0.0, "JNSSNG": 0.0, "KLSSNG": 0.0, "LTKSGI": 0.0, "NAMWS": null, "STATUS": null, "UKRSGI": 0.0, "WMAX": 0.0, "DBTMXS": 0.0, "NAMDAS": null, "SHAPE_Leng": 0.0061199269701060002 }, "geometry": { "type": "MultiLineString", "coordinates": [ [ [ 110.479159249000077, -7.551478164999935 ], [ 110.479194999000072, -7.551500164999936 ], [ 110.479249499000048, -7.551581726999927 ], [ 110.479348874000038, -7.551712726999938 ], [ 110.479489062000084, -7.551862789999973 ], [ 110.479505312000072, -7.551881351999953 ], [ 110.479652187000056, -7.552018789999977 ], [ 110.479738499000064, -7.552080726999975 ], [ 110.479972562000057, -7.552138601999957 ], [ 110.48006487400005, -7.552202726999951 ], [ 110.480212624000046, -7.552424601999974 ], [ 110.48028118700006, -7.552571851999971 ], [ 110.480350249000082, -7.552657851999982 ], [ 110.480532937000078, -7.552689664999946 ], [ 110.480667499000049, -7.552702414999942 ], [ 110.480808749000062, -7.552788039999939 ], [ 110.480949624000061, -7.55286203999998 ], [ 110.48109706200006, -7.552949539999929 ], [ 110.481358999000065, -7.553110851999975 ], [ 110.481520874000068, -7.553241664999973 ], [ 110.481720187000064, -7.553412226999967 ], [ 110.481854187000067, -7.553489289999959 ], [ 110.481979812000077, -7.553506914999957 ], [ 110.482065999000042, -7.55351203999993 ], [ 110.482311437000078, -7.553733851999937 ], [ 110.482419999000058, -7.553858164999951 ], [ 110.482653562000053, -7.554111039999952 ], [ 110.482809437000071, -7.554256476999967 ], [ 110.482833562000053, -7.554286414999979 ], [ 110.482998999000074, -7.554450101999976 ], [ 110.483037062000051, -7.554482226999937 ], [ 110.483217062000051, -7.554690476999951 ], [ 110.483227562000081, -7.554704476999973 ], [ 110.48344512400007, -7.554879164999932 ], [ 110.483671437000055, -7.555157476999966 ], [ 110.483753249000074, -7.555242851999935 ] ] ] } },
{ "type": "Feature", "properties": { "fid": 26, "NAMOBJ": null, "FCODE": null, "REMARK": "Alur Sungai", "METADATA": null, "SRS_ID": null, "ADATGL": 0.0, "DMAX": 0.0, "FNGAIR": 0.0, "JNSSNG": 0.0, "KLSSNG": 0.0, "LTKSGI": 0.0, "NAMWS": null, "STATUS": null, "UKRSGI": 0.0, "WMAX": 0.0, "DBTMXS": 0.0, "NAMDAS": null, "SHAPE_Leng": 0.001469028131771 }, "geometry": { "type": "MultiLineString", "coordinates": [ [ [ 110.471785562000036, -7.541248476999954 ], [ 110.47191693700006, -7.54116322699997 ], [ 110.472027937000064, -7.541075476999936 ], [ 110.472039249000034, -7.541061914999943 ], [ 110.472154437000086, -7.540965976999928 ], [ 110.472266187000059, -7.540900226999952 ], [ 110.472363749000067, -7.540857101999961 ], [ 110.472445687000061, -7.540831039999944 ], [ 110.472539999000048, -7.540816289999952 ], [ 110.472698624000088, -7.540770726999938 ], [ 110.47283456200006, -7.540679164999972 ], [ 110.472996249000062, -7.540479851999976 ] ] ] } },
{ "type": "Feature", "properties": { "fid": 27, "NAMOBJ": null, "FCODE": null, "REMARK": "Alur Sungai", "METADATA": null, "SRS_ID": null, "ADATGL": 0.0, "DMAX": 0.0, "FNGAIR": 0.0, "JNSSNG": 0.0, "KLSSNG": 0.0, "LTKSGI": 0.0, "NAMWS": null, "STATUS": null, "UKRSGI": 0.0, "WMAX": 0.0, "DBTMXS": 0.0, "NAMDAS": null, "SHAPE_Leng": 0.0081578177639710005 }, "geometry": { "type": "MultiLineString", "coordinates": [ [ [ 110.463632124000071, -7.543041539999933 ], [ 110.463667437000083, -7.543039976999978 ], [ 110.463771187000077, -7.543025726999929 ], [ 110.463833562000048, -7.543011726999964 ], [ 110.46392374900006, -7.542995789999964 ], [ 110.464018374000034, -7.542987664999941 ], [ 110.464040812000064, -7.542987101999927 ], [ 110.464124249000065, -7.542986289999931 ], [ 110.464198874000033, -7.542981664999957 ], [ 110.464248999000063, -7.542970976999925 ], [ 110.464308374000041, -7.542959164999957 ], [ 110.464321562000066, -7.542957351999974 ], [ 110.464424312000062, -7.542951789999961 ], [ 110.46455049900004, -7.542948226999954 ], [ 110.464628874000084, -7.542943664999939 ], [ 110.464726562000067, -7.542942601999926 ], [ 110.464833374000079, -7.542941101999929 ], [ 110.464934062000054, -7.542916789999936 ], [ 110.46498387400004, -7.542897601999925 ], [ 110.465092624000079, -7.542852914999969 ], [ 110.465202437000073, -7.542815289999965 ], [ 110.465293874000054, -7.542790226999955 ], [ 110.465371312000059, -7.542774101999953 ], [ 110.465384437000068, -7.542771726999945 ], [ 110.465475062000053, -7.542770226999949 ], [ 110.46554218700004, -7.542771726999945 ], [ 110.465666374000079, -7.542769976999978 ], [ 110.46576718700004, -7.542766976999928 ], [ 110.46586887400008, -7.542767351999942 ], [ 110.465965499000049, -7.542764664999936 ], [ 110.466073437000034, -7.54276060199993 ], [ 110.466187374000071, -7.542753976999961 ], [ 110.466308437000066, -7.542741476999936 ], [ 110.466390874000069, -7.542731226999933 ], [ 110.466457999000056, -7.542722476999927 ], [ 110.466533312000081, -7.542719101999978 ], [ 110.466628999000079, -7.542708726999933 ], [ 110.466709249000075, -7.542695789999925 ], [ 110.466798812000036, -7.542689851999967 ], [ 110.466877499000077, -7.542687789999945 ], [ 110.466935249000073, -7.542696726999964 ], [ 110.466946437000047, -7.542700539999942 ], [ 110.467042249000087, -7.542740914999968 ], [ 110.467134999000052, -7.542757414999926 ], [ 110.467193937000047, -7.542752226999937 ], [ 110.467287562000081, -7.542751351999925 ], [ 110.467385249000074, -7.542758664999951 ], [ 110.467398499000069, -7.542760351999959 ], [ 110.46748406200004, -7.542768789999968 ], [ 110.467573624000067, -7.542771351999932 ], [ 110.46767131200005, -7.542772789999958 ], [ 110.467729312000074, -7.542773226999941 ], [ 110.46784331200007, -7.542775726999935 ], [ 110.467937999000071, -7.542784101999928 ], [ 110.46804587400004, -7.542799289999948 ], [ 110.468060187000049, -7.542800414999931 ], [ 110.468169062000072, -7.542801226999927 ], [ 110.468252249000045, -7.542802539999968 ], [ 110.468316687000083, -7.54280272699998 ], [ 110.468386187000078, -7.54279735199998 ], [ 110.468396374000065, -7.542796351999925 ], [ 110.468469624000079, -7.54278891499996 ], [ 110.468558124000083, -7.542777976999957 ], [ 110.468637499000067, -7.542760101999932 ], [ 110.468716749000066, -7.542736601999934 ], [ 110.468726249000042, -7.542733601999942 ], [ 110.468779749000078, -7.542715914999974 ], [ 110.468822437000085, -7.542700039999943 ], [ 110.468862437000041, -7.542688226999928 ], [ 110.468920749000063, -7.542677539999943 ], [ 110.469006187000048, -7.542665601999943 ], [ 110.469049937000079, -7.54266003999993 ], [ 110.469149687000083, -7.542654414999959 ], [ 110.469249374000071, -7.542647539999962 ], [ 110.469343062000064, -7.542650289999926 ], [ 110.469455999000047, -7.542650476999938 ], [ 110.469589312000039, -7.542645101999938 ], [ 110.469717562000085, -7.542649539999957 ], [ 110.469848937000052, -7.542661601999953 ], [ 110.47000156200005, -7.542663601999948 ], [ 110.470137562000048, -7.542649789999928 ], [ 110.470189624000056, -7.542613789999962 ], [ 110.470191937000038, -7.542595539999979 ], [ 110.470191249000038, -7.542583351999951 ], [ 110.470191187000069, -7.542570164999972 ], [ 110.470190124000055, -7.542563726999958 ], [ 110.470188437000047, -7.542559664999942 ], [ 110.470189124000058, -7.542557976999944 ], [ 110.470191124000053, -7.542559664999942 ], [ 110.470193874000074, -7.542558976999942 ], [ 110.470206749000056, -7.542558539999959 ], [ 110.470220062000067, -7.542557851999959 ], [ 110.470250499000088, -7.542556976999947 ], [ 110.47032174900005, -7.542552289999946 ], [ 110.470439749000036, -7.542541039999946 ], [ 110.470518437000067, -7.542528976999961 ], [ 110.47059431200006, -7.54250978999994 ], [ 110.470682062000037, -7.542470664999939 ], [ 110.47081606200004, -7.542377164999948 ], [ 110.47091262400005, -7.542308601999935 ], [ 110.47095618700007, -7.542278976999967 ], [ 110.470968624000079, -7.542254601999957 ], [ 110.470980624000049, -7.542233539999927 ], [ 110.470988812000087, -7.542220664999945 ], [ 110.471006812000041, -7.542211476999967 ], [ 110.471026749000089, -7.542204539999943 ], [ 110.471064062000039, -7.542202101999976 ], [ 110.471093249000035, -7.542203851999943 ], [ 110.471251374000076, -7.542214851999972 ], [ 110.471307624000076, -7.542196914999977 ], [ 110.471450624000056, -7.542132539999955 ], [ 110.471513249000054, -7.542095914999948 ] ] ] } },
{ "type": "Feature", "properties": { "fid": 28, "NAMOBJ": null, "FCODE": null, "REMARK": "Alur Sungai", "METADATA": null, "SRS_ID": null, "ADATGL": 0.0, "DMAX": 0.0, "FNGAIR": 0.0, "JNSSNG": 0.0, "KLSSNG": 0.0, "LTKSGI": 0.0, "NAMWS": null, "STATUS": null, "UKRSGI": 0.0, "WMAX": 0.0, "DBTMXS": 0.0, "NAMDAS": null, "SHAPE_Leng": 0.0028809059472579999 }, "geometry": { "type": "MultiLineString", "coordinates": [ [ [ 110.499052187000075, -7.547280726999929 ], [ 110.499080562000074, -7.547286851999957 ], [ 110.499233624000055, -7.547351914999979 ], [ 110.499332437000078, -7.547451851999938 ], [ 110.499413437000044, -7.547569101999954 ], [ 110.499632562000045, -7.547781851999957 ], [ 110.499643437000088, -7.547833601999969 ], [ 110.499660624000057, -7.548161039999968 ], [ 110.499675062000051, -7.548214539999947 ], [ 110.499766999000087, -7.548430851999967 ], [ 110.499853249000068, -7.548689226999954 ], [ 110.499878312000078, -7.548898101999953 ], [ 110.499879999000086, -7.548921289999953 ], [ 110.499884874000088, -7.548989789999951 ], [ 110.499897187000045, -7.549058789999947 ], [ 110.499908812000058, -7.549095601999966 ], [ 110.499919999000042, -7.549113664999936 ], [ 110.499947312000074, -7.549147101999949 ], [ 110.499960999000052, -7.549213101999953 ], [ 110.499961374000065, -7.549220851999962 ], [ 110.499962124000035, -7.549299476999977 ], [ 110.499962812000035, -7.549379289999933 ], [ 110.499962999000047, -7.549441289999947 ], [ 110.499963062000063, -7.549449289999927 ], [ 110.499953812000058, -7.549460289999956 ], [ 110.499949749000052, -7.549464789999945 ], [ 110.499896687000046, -7.549558789999935 ], [ 110.499855374000049, -7.54966203999993 ], [ 110.499722437000059, -7.549684851999928 ] ] ] } },
{ "type": "Feature", "properties": { "fid": 29, "NAMOBJ": null, "FCODE": null, "REMARK": "Alur Sungai", "METADATA": null, "SRS_ID": null, "ADATGL": 0.0, "DMAX": 0.0, "FNGAIR": 0.0, "JNSSNG": 0.0, "KLSSNG": 0.0, "LTKSGI": 0.0, "NAMWS": null, "STATUS": null, "UKRSGI": 0.0, "WMAX": 0.0, "DBTMXS": 0.0, "NAMDAS": null, "SHAPE_Leng": 0.003708315552424 }, "geometry": { "type": "MultiLineString", "coordinates": [ [ [ 110.458939437000083, -7.538388851999969 ], [ 110.458941687000049, -7.53832953999995 ], [ 110.458956124000053, -7.538293664999969 ], [ 110.458966874000055, -7.538265164999927 ], [ 110.458991937000064, -7.538180476999969 ], [ 110.459015937000061, -7.538110226999947 ], [ 110.45904362400006, -7.538048601999947 ], [ 110.459085812000069, -7.537967226999967 ], [ 110.459128812000074, -7.537880726999958 ], [ 110.459156749000044, -7.537803476999954 ], [ 110.459174687000086, -7.53772553999994 ], [ 110.459200562000035, -7.537653664999937 ], [ 110.459223749000046, -7.537589289999971 ], [ 110.459245999000075, -7.537524851999933 ], [ 110.459248624000054, -7.537447976999943 ], [ 110.459243249000053, -7.537395226999934 ], [ 110.459235312000033, -7.537280476999968 ], [ 110.459236124000086, -7.53716366499998 ], [ 110.459236562000058, -7.537129164999953 ], [ 110.459242187000086, -7.537066164999942 ], [ 110.459248499000068, -7.53701672699998 ], [ 110.459260749000066, -7.536965914999939 ], [ 110.459264562000044, -7.536948289999941 ], [ 110.459278874000063, -7.536874476999969 ], [ 110.459292187000074, -7.536800914999958 ], [ 110.459297374000073, -7.536756226999955 ], [ 110.459297312000047, -7.536734539999941 ], [ 110.459297187000061, -7.53669660199995 ], [ 110.459298437000086, -7.536649914999941 ], [ 110.459307687000035, -7.53658622699993 ], [ 110.459323374000064, -7.536520476999954 ], [ 110.459338312000057, -7.536483226999962 ], [ 110.45938112400006, -7.536408914999981 ], [ 110.45943012400005, -7.536298039999963 ], [ 110.459457950738653, -7.536208743995863 ] ] ] } },
{ "type": "Feature", "properties": { "fid": 30, "NAMOBJ": null, "FCODE": null, "REMARK": "Alur Sungai", "METADATA": null, "SRS_ID": null, "ADATGL": 0.0, "DMAX": 0.0, "FNGAIR": 0.0, "JNSSNG": 0.0, "KLSSNG": 0.0, "LTKSGI": 0.0, "NAMWS": null, "STATUS": null, "UKRSGI": 0.0, "WMAX": 0.0, "DBTMXS": 0.0, "NAMDAS": null, "SHAPE_Leng": 0.0047699449677160001 }, "geometry": { "type": "MultiLineString", "coordinates": [ [ [ 110.489260499000068, -7.550576664999937 ], [ 110.489365624000072, -7.550557914999956 ], [ 110.489538562000064, -7.550550351999959 ], [ 110.489726312000073, -7.550622539999949 ], [ 110.489907062000043, -7.550640976999944 ], [ 110.48997487400004, -7.550641851999956 ], [ 110.490147124000089, -7.550723664999964 ], [ 110.490296562000083, -7.55084353999996 ], [ 110.49044456200005, -7.550986476999981 ], [ 110.49060537400004, -7.551077476999978 ], [ 110.490853687000083, -7.551152664999961 ], [ 110.490932562000069, -7.551177289999941 ], [ 110.491106312000056, -7.551231664999932 ], [ 110.491227749000075, -7.551271476999943 ], [ 110.491435749000061, -7.55130741499994 ], [ 110.491446562000078, -7.551308976999962 ], [ 110.491683187000035, -7.551415101999964 ], [ 110.49206881200007, -7.551618226999949 ], [ 110.49226924900006, -7.551663351999935 ], [ 110.492450812000072, -7.551688101999957 ], [ 110.492487749000077, -7.551699539999959 ], [ 110.49266018700007, -7.55177385199994 ], [ 110.492863874000079, -7.551962414999934 ], [ 110.493040687000075, -7.552042539999945 ], [ 110.493208249000077, -7.55209353999993 ], [ 110.49325762400008, -7.552128539999956 ], [ 110.493391937000069, -7.552223914999956 ], [ 110.493574562000049, -7.552328101999933 ] ] ] } },
{ "type": "Feature", "properties": { "fid": 31, "NAMOBJ": null, "FCODE": null, "REMARK": "Alur Sungai", "METADATA": null, "SRS_ID": null, "ADATGL": 0.0, "DMAX": 0.0, "FNGAIR": 0.0, "JNSSNG": 0.0, "KLSSNG": 0.0, "LTKSGI": 0.0, "NAMWS": null, "STATUS": null, "UKRSGI": 0.0, "WMAX": 0.0, "DBTMXS": 0.0, "NAMDAS": null, "SHAPE_Leng": 0.0042698203010300001 }, "geometry": { "type": "MultiLineString", "coordinates": [ [ [ 110.484986187000061, -7.542007914999942 ], [ 110.485020124000073, -7.542013226999927 ], [ 110.485186312000053, -7.542060226999979 ], [ 110.485279624000043, -7.542096039999933 ], [ 110.485414874000071, -7.542103539999971 ], [ 110.485747374000084, -7.54211203999995 ], [ 110.485933062000072, -7.542119601999957 ], [ 110.486131624000052, -7.542111476999935 ], [ 110.486402374000079, -7.542111851999948 ], [ 110.486661999000034, -7.542120976999968 ], [ 110.486682562000055, -7.542122164999967 ], [ 110.486893374000033, -7.542156414999965 ], [ 110.486935687000084, -7.542166914999939 ], [ 110.487142874000085, -7.542245726999965 ], [ 110.487170062000075, -7.542259976999958 ], [ 110.487307499000053, -7.542360539999947 ], [ 110.487327812000046, -7.542379039999958 ], [ 110.487459687000069, -7.542455226999948 ], [ 110.487637249000045, -7.542475226999954 ], [ 110.487760249000075, -7.542531039999972 ], [ 110.48779206200004, -7.542565414999956 ], [ 110.487841999000068, -7.542658539999934 ], [ 110.487865062000083, -7.542715101999931 ], [ 110.487930062000089, -7.542788726999959 ], [ 110.487950999000077, -7.542819539999925 ], [ 110.48795606200008, -7.542887851999978 ], [ 110.487963437000076, -7.543026664999957 ], [ 110.488052124000035, -7.543102101999978 ], [ 110.488085124000065, -7.543133226999942 ], [ 110.488085499000078, -7.543133601999955 ], [ 110.488163562000068, -7.54320703999997 ], [ 110.488274499000056, -7.543289414999947 ], [ 110.488290437000046, -7.543299289999936 ], [ 110.488335437000046, -7.543335289999959 ], [ 110.488373124000077, -7.543378726999947 ], [ 110.488380062000033, -7.543392664999942 ], [ 110.488417749000064, -7.543481601999929 ], [ 110.48841781200008, -7.543567351999968 ], [ 110.488388249000081, -7.543651976999968 ] ] ] } },
{ "type": "Feature", "properties": { "fid": 32, "NAMOBJ": null, "FCODE": null, "REMARK": "Alur Sungai", "METADATA": null, "SRS_ID": null, "ADATGL": 0.0, "DMAX": 0.0, "FNGAIR": 0.0, "JNSSNG": 0.0, "KLSSNG": 0.0, "LTKSGI": 0.0, "NAMWS": null, "STATUS": null, "UKRSGI": 0.0, "WMAX": 0.0, "DBTMXS": 0.0, "NAMDAS": null, "SHAPE_Leng": 0.0059524904606090001 }, "geometry": { "type": "MultiLineString", "coordinates": [ [ [ 110.484523249000063, -7.543345851999959 ], [ 110.484652937000078, -7.543332414999952 ], [ 110.484941562000074, -7.543490601999963 ], [ 110.485290624000072, -7.543725351999967 ], [ 110.485552749000078, -7.543867726999963 ], [ 110.485704687000066, -7.543886726999972 ], [ 110.486012437000056, -7.54382303999995 ], [ 110.486220437000043, -7.543745039999976 ], [ 110.486322937000068, -7.54370653999996 ], [ 110.486622999000076, -7.543624726999951 ], [ 110.486655374000065, -7.543619914999965 ], [ 110.486891812000067, -7.543657101999941 ], [ 110.487043374000052, -7.543680914999925 ], [ 110.487436499000069, -7.543741101999956 ], [ 110.488036624000074, -7.543765664999967 ], [ 110.488240437000059, -7.543694226999946 ], [ 110.488388249000081, -7.543651976999968 ] ], [ [ 110.48289668700005, -7.544233664999979 ], [ 110.48297874900004, -7.54422122699998 ], [ 110.482990937000068, -7.544215914999938 ], [ 110.483228249000035, -7.544010789999959 ], [ 110.483528749000072, -7.543815351999967 ], [ 110.483829562000039, -7.543646726999953 ], [ 110.483901624000055, -7.543604101999961 ], [ 110.484195937000038, -7.543483914999968 ], [ 110.484394124000062, -7.543406851999976 ], [ 110.484419124000055, -7.543397101999972 ], [ 110.484523249000063, -7.543345851999959 ] ] ] } },
{ "type": "Feature", "properties": { "fid": 33, "NAMOBJ": null, "FCODE": null, "REMARK": "Alur Sungai", "METADATA": null, "SRS_ID": null, "ADATGL": 0.0, "DMAX": 0.0, "FNGAIR": 0.0, "JNSSNG": 0.0, "KLSSNG": 0.0, "LTKSGI": 0.0, "NAMWS": null, "STATUS": null, "UKRSGI": 0.0, "WMAX": 0.0, "DBTMXS": 0.0, "NAMDAS": null, "SHAPE_Leng": 0.0077962738903769998 }, "geometry": { "type": "MultiLineString", "coordinates": [ [ [ 110.484439624000061, -7.545051039999976 ], [ 110.484472062000066, -7.545050726999932 ], [ 110.484744312000089, -7.545015039999953 ], [ 110.484900312000036, -7.544942851999963 ], [ 110.484969499000044, -7.54491078999996 ], [ 110.485008937000089, -7.544881726999961 ], [ 110.485154687000033, -7.544805351999969 ], [ 110.485306499000046, -7.544811351999954 ], [ 110.485504874000071, -7.544867976999967 ], [ 110.485704312000053, -7.544913289999954 ], [ 110.485910312000044, -7.54494172699998 ], [ 110.486056874000042, -7.544969539999954 ], [ 110.486092499000051, -7.544953226999951 ], [ 110.486200562000079, -7.544937664999964 ], [ 110.486427312000046, -7.544898476999947 ], [ 110.486657687000047, -7.544900664999943 ], [ 110.486803187000078, -7.544961039999976 ], [ 110.487081124000042, -7.545100476999949 ], [ 110.48708931200008, -7.54511047699998 ], [ 110.487249749000057, -7.545251414999939 ], [ 110.487369624000053, -7.545234789999938 ], [ 110.487645812000039, -7.545142914999929 ], [ 110.487903687000085, -7.545071414999938 ], [ 110.487919937000072, -7.545071226999937 ], [ 110.488097499000048, -7.545100351999963 ], [ 110.488273749000086, -7.545183601999952 ], [ 110.488575249000064, -7.545326664999948 ], [ 110.488720124000054, -7.545319789999951 ], [ 110.489068624000083, -7.545305476999943 ], [ 110.489090249000071, -7.545308164999938 ], [ 110.489337187000046, -7.545346476999953 ], [ 110.489441312000054, -7.545385851999981 ], [ 110.489692312000045, -7.545527164999953 ], [ 110.489709749000042, -7.545538851999936 ], [ 110.490030187000059, -7.545711414999971 ], [ 110.490328312000088, -7.545799414999976 ], [ 110.490628187000084, -7.545882039999981 ], [ 110.490892687000041, -7.545956351999962 ], [ 110.491021812000042, -7.546009914999956 ], [ 110.491071749000071, -7.546030664999932 ], [ 110.491158999000049, -7.546032914999955 ], [ 110.491285499000071, -7.546021601999939 ], [ 110.491338124000038, -7.546023351999963 ], [ 110.491464312000062, -7.546014414999945 ], [ 110.491508812000063, -7.546010789999968 ], [ 110.491829687000063, -7.546017164999967 ] ] ] } },
{ "type": "Feature", "properties": { "fid": 34, "NAMOBJ": null, "FCODE": null, "REMARK": "Alur Sungai", "METADATA": null, "SRS_ID": null, "ADATGL": 0.0, "DMAX": 0.0, "FNGAIR": 0.0, "JNSSNG": 0.0, "KLSSNG": 0.0, "LTKSGI": 0.0, "NAMWS": null, "STATUS": null, "UKRSGI": 0.0, "WMAX": 0.0, "DBTMXS": 0.0, "NAMDAS": null, "SHAPE_Leng": 0.0020858152192459998 }, "geometry": { "type": "MultiLineString", "coordinates": [ [ [ 110.470801124000047, -7.543999914999972 ], [ 110.470803124000042, -7.543989414999942 ], [ 110.470809812000084, -7.543962664999981 ], [ 110.47081537400004, -7.543946351999978 ], [ 110.470847999000057, -7.543890726999962 ], [ 110.470882937000056, -7.54383172699994 ], [ 110.470893124000042, -7.543810726999936 ], [ 110.470918124000036, -7.543756414999962 ], [ 110.470939999000052, -7.543700851999972 ], [ 110.470962812000039, -7.543650726999942 ], [ 110.470989874000054, -7.543594351999957 ], [ 110.471026687000062, -7.543522476999954 ], [ 110.471058124000081, -7.543464164999932 ], [ 110.471094812000047, -7.543388851999964 ], [ 110.471147687000041, -7.54331016499998 ], [ 110.471171062000053, -7.543275539999968 ], [ 110.471201687000075, -7.54323072699998 ], [ 110.471237749000068, -7.543172351999942 ], [ 110.471256999000047, -7.543103914999961 ], [ 110.471265624000068, -7.543068664999964 ], [ 110.471289812000066, -7.542993476999925 ], [ 110.471338062000086, -7.54290728999996 ], [ 110.471345624000037, -7.542897101999927 ], [ 110.471409999000059, -7.542808539999953 ], [ 110.471447749000049, -7.54272072699996 ], [ 110.471453187000066, -7.542704476999972 ], [ 110.471472812000059, -7.542645476999951 ], [ 110.471492624000064, -7.542585164999934 ], [ 110.471525749000079, -7.542496351999944 ], [ 110.471534812000073, -7.542392726999935 ], [ 110.471532374000049, -7.542352101999938 ], [ 110.471528249000073, -7.542252601999962 ], [ 110.471525124000038, -7.542190289999951 ], [ 110.471516437000048, -7.542160851999938 ], [ 110.471503999000049, -7.542132476999939 ], [ 110.471513249000054, -7.542095914999948 ] ] ] } },
{ "type": "Feature", "properties": { "fid": 35, "NAMOBJ": null, "FCODE": null, "REMARK": "Alur Sungai", "METADATA": null, "SRS_ID": null, "ADATGL": 0.0, "DMAX": 0.0, "FNGAIR": 0.0, "JNSSNG": 0.0, "KLSSNG": 0.0, "LTKSGI": 0.0, "NAMWS": null, "STATUS": null, "UKRSGI": 0.0, "WMAX": 0.0, "DBTMXS": 0.0, "NAMDAS": null, "SHAPE_Leng": 0.008458981924704 }, "geometry": { "type": "MultiLineString", "coordinates": [ [ [ 110.474749124000084, -7.547707539999976 ], [ 110.474776562000045, -7.547698726999954 ], [ 110.474852499000065, -7.54767372699996 ], [ 110.474927687000047, -7.547649476999936 ], [ 110.475015187000054, -7.547633101999963 ], [ 110.475112562000049, -7.54763128999997 ], [ 110.475161374000038, -7.547631101999968 ], [ 110.475260124000044, -7.547638476999964 ], [ 110.47532299900007, -7.547662289999948 ], [ 110.475406874000043, -7.547699101999967 ], [ 110.475485687000059, -7.547715414999971 ], [ 110.475493812000082, -7.547718414999963 ], [ 110.475545437000051, -7.547735289999935 ], [ 110.475588187000085, -7.547736039999961 ], [ 110.475627499000041, -7.547744226999953 ], [ 110.475666999000055, -7.547758226999974 ], [ 110.475688687000059, -7.547760414999971 ], [ 110.475757874000067, -7.547758289999933 ], [ 110.475833499000089, -7.54775103999998 ], [ 110.47586606200008, -7.547743039999943 ], [ 110.475939312000037, -7.547739726999964 ], [ 110.47600106200008, -7.547741476999931 ], [ 110.476012249000064, -7.547741414999962 ], [ 110.476120187000049, -7.547746914999948 ], [ 110.476224062000085, -7.547766789999969 ], [ 110.476236312000083, -7.547770789999959 ], [ 110.476324937000072, -7.547796289999951 ], [ 110.476466499000082, -7.547833726999954 ], [ 110.476643062000051, -7.547877414999959 ], [ 110.476665124000078, -7.547881601999961 ], [ 110.476860999000053, -7.54790672699994 ], [ 110.476934249000067, -7.547903226999949 ], [ 110.477044124000088, -7.547893101999932 ], [ 110.477099062000036, -7.547886289999951 ], [ 110.477143187000081, -7.547894851999956 ], [ 110.477192437000042, -7.547911476999957 ], [ 110.477349312000058, -7.54796672699996 ], [ 110.477501249000056, -7.548029226999972 ], [ 110.477582812000037, -7.548076101999925 ], [ 110.477714749000086, -7.548191414999962 ], [ 110.477725999000086, -7.548201789999951 ], [ 110.477907687000084, -7.548368914999969 ], [ 110.478063124000073, -7.548474726999927 ], [ 110.478143374000069, -7.548426664999965 ], [ 110.478331749000063, -7.548233164999942 ], [ 110.478454624000051, -7.548133289999953 ], [ 110.478633499000068, -7.548043851999978 ], [ 110.478841937000084, -7.548006226999973 ], [ 110.479009687000087, -7.547951664999971 ], [ 110.479160124000089, -7.547887351999975 ], [ 110.47941512400007, -7.547778039999969 ], [ 110.47961837400004, -7.547688226999981 ], [ 110.47989281200006, -7.547575914999925 ], [ 110.479969062000066, -7.547562851999942 ], [ 110.480118187000073, -7.547515539999949 ], [ 110.480117687000075, -7.547510414999977 ], [ 110.48021037400008, -7.547489789999929 ], [ 110.480334687000038, -7.547435164999968 ], [ 110.480383687000085, -7.547431101999962 ], [ 110.480509874000063, -7.547394289999943 ], [ 110.480740687000036, -7.547314789999973 ], [ 110.480918874000054, -7.547282414999927 ], [ 110.481138749000081, -7.547315726999955 ], [ 110.481450937000034, -7.547415289999947 ], [ 110.481696999000064, -7.547471476999931 ], [ 110.481715374000089, -7.547474664999982 ], [ 110.481995687000051, -7.547494789999973 ], [ 110.482347874000084, -7.547490539999956 ], [ 110.482495749000066, -7.547457476999966 ], [ 110.482647937000081, -7.547413414999937 ] ] ] } },
{ "type": "Feature", "properties": { "fid": 36, "NAMOBJ": null, "FCODE": null, "REMARK": "Alur Sungai", "METADATA": null, "SRS_ID": null, "ADATGL": 0.0, "DMAX": 0.0, "FNGAIR": 0.0, "JNSSNG": 0.0, "KLSSNG": 0.0, "LTKSGI": 0.0, "NAMWS": null, "STATUS": null, "UKRSGI": 0.0, "WMAX": 0.0, "DBTMXS": 0.0, "NAMDAS": null, "SHAPE_Leng": 0.00365951466765 }, "geometry": { "type": "MultiLineString", "coordinates": [ [ [ 110.457918374000087, -7.53837385199995 ], [ 110.458007687000077, -7.538285101999975 ], [ 110.458038374000068, -7.538230789999943 ], [ 110.458050999000079, -7.538201226999945 ], [ 110.458093187000088, -7.538126039999952 ], [ 110.458114999000088, -7.538078539999958 ], [ 110.458145999000067, -7.538013414999966 ], [ 110.458156187000043, -7.537972101999969 ], [ 110.458166562000088, -7.537937539999973 ], [ 110.458175312000037, -7.537901601999977 ], [ 110.458186999000077, -7.537867726999934 ], [ 110.458213312000055, -7.537824289999946 ], [ 110.458259812000051, -7.537764539999955 ], [ 110.458301937000044, -7.537722726999959 ], [ 110.458361499000034, -7.537681976999977 ], [ 110.458427874000051, -7.53764210199995 ], [ 110.458465687000057, -7.537595539999927 ], [ 110.45847731200007, -7.537552851999976 ], [ 110.458487562000073, -7.537512164999953 ], [ 110.458509062000076, -7.537447101999931 ], [ 110.458531187000062, -7.537384101999976 ], [ 110.458553437000035, -7.537315601999978 ], [ 110.458572812000057, -7.537244476999945 ], [ 110.458588687000088, -7.537192226999935 ], [ 110.458612124000069, -7.537147476999962 ], [ 110.458615249000047, -7.537142039999935 ], [ 110.458639374000086, -7.537090539999951 ], [ 110.458663374000082, -7.53702678999997 ], [ 110.458692437000082, -7.536958976999927 ], [ 110.458699812000077, -7.53693866499998 ], [ 110.458729124000058, -7.536846164999929 ], [ 110.458749437000051, -7.536773601999926 ], [ 110.458768312000075, -7.536703789999933 ], [ 110.458786187000044, -7.536638101999927 ], [ 110.458800249000035, -7.536583851999978 ], [ 110.458820187000072, -7.536512664999975 ], [ 110.458830062000061, -7.536445664999974 ], [ 110.458827874000065, -7.536377226999946 ], [ 110.458827874000065, -7.536369789999981 ], [ 110.458824562000075, -7.53630822699995 ], [ 110.458814312000072, -7.536235789999978 ], [ 110.458811648141165, -7.536205786213619 ] ] ] } },
{ "type": "Feature", "properties": { "fid": 37, "NAMOBJ": null, "FCODE": null, "REMARK": "Alur Sungai", "METADATA": null, "SRS_ID": null, "ADATGL": 0.0, "DMAX": 0.0, "FNGAIR": 0.0, "JNSSNG": 0.0, "KLSSNG": 0.0, "LTKSGI": 0.0, "NAMWS": null, "STATUS": null, "UKRSGI": 0.0, "WMAX": 0.0, "DBTMXS": 0.0, "NAMDAS": null, "SHAPE_Leng": 0.0052036507894579996 }, "geometry": { "type": "MultiLineString", "coordinates": [ [ [ 110.481954749000067, -7.549870101999943 ], [ 110.481986624000058, -7.549888039999928 ], [ 110.482086312000035, -7.549915226999929 ], [ 110.482095062000042, -7.549917726999979 ], [ 110.482182312000077, -7.549975476999975 ], [ 110.482247437000069, -7.55009985199996 ], [ 110.482362999000088, -7.550176914999952 ], [ 110.482583937000072, -7.55021310199993 ], [ 110.48271406200007, -7.550255539999966 ], [ 110.482871374000069, -7.550312476999977 ], [ 110.483017124000071, -7.550366726999926 ], [ 110.483225437000044, -7.550448851999931 ], [ 110.483319937000033, -7.550502664999954 ], [ 110.483561999000074, -7.550605476999976 ], [ 110.483792687000062, -7.550652351999929 ], [ 110.484018562000074, -7.550762539999937 ], [ 110.484270249000076, -7.550863664999952 ], [ 110.484490874000073, -7.550992289999954 ], [ 110.484647249000034, -7.55106785199996 ], [ 110.484844187000078, -7.55117235199998 ], [ 110.484878999000045, -7.551194039999928 ], [ 110.485108499000034, -7.551302914999951 ], [ 110.485343062000084, -7.551382851999961 ], [ 110.485652812000069, -7.551441164999972 ], [ 110.485877812000069, -7.551447789999941 ], [ 110.48596593700006, -7.551450351999961 ], [ 110.486146499000085, -7.551451351999958 ], [ 110.486348437000061, -7.55144966499995 ], [ 110.486427249000087, -7.551442976999965 ], [ 110.486444999000071, -7.551439726999945 ], [ 110.486561187000063, -7.551418789999957 ], [ 110.486720124000044, -7.551371289999963 ], [ 110.486763312000051, -7.551353664999965 ] ] ] } },
{ "type": "Feature", "properties": { "fid": 38, "NAMOBJ": null, "FCODE": null, "REMARK": "Alur Sungai", "METADATA": null, "SRS_ID": null, "ADATGL": 0.0, "DMAX": 0.0, "FNGAIR": 0.0, "JNSSNG": 0.0, "KLSSNG": 0.0, "LTKSGI": 0.0, "NAMWS": null, "STATUS": null, "UKRSGI": 0.0, "WMAX": 0.0, "DBTMXS": 0.0, "NAMDAS": null, "SHAPE_Leng": 0.016303723711965 }, "geometry": { "type": "MultiLineString", "coordinates": [ [ [ 110.475669312000036, -7.549784976999945 ], [ 110.475746312000069, -7.549793789999967 ], [ 110.475868812000044, -7.54979891499994 ], [ 110.475922499000035, -7.54981485199994 ], [ 110.47601049900004, -7.549851289999935 ], [ 110.476125687000035, -7.549902601999975 ], [ 110.476219437000054, -7.549935539999979 ], [ 110.476324249000072, -7.549946039999952 ], [ 110.476415187000043, -7.549945101999981 ], [ 110.476464749000058, -7.549945914999967 ], [ 110.476531937000061, -7.549953351999932 ], [ 110.476613437000083, -7.549975789999962 ], [ 110.476738687000079, -7.550016164999931 ], [ 110.476837562000071, -7.550035789999981 ], [ 110.476907812000036, -7.550043164999977 ], [ 110.476979687000039, -7.550041101999966 ], [ 110.477012187000071, -7.55002322699994 ], [ 110.477085312000042, -7.549967414999969 ], [ 110.477187312000069, -7.54993316499997 ], [ 110.477200499000048, -7.549930851999932 ], [ 110.477339937000067, -7.549924351999948 ], [ 110.477413187000082, -7.549922351999953 ], [ 110.477546437000058, -7.549895851999963 ], [ 110.477578999000059, -7.549887601999956 ], [ 110.47779624900005, -7.549826726999981 ], [ 110.477988499000048, -7.54980941499997 ], [ 110.478153249000059, -7.549866476999966 ], [ 110.478370812000037, -7.549991664999936 ], [ 110.478524874000072, -7.550143289999937 ], [ 110.478608437000048, -7.550168351999957 ], [ 110.478665249000073, -7.55013216499998 ], [ 110.478720687000077, -7.550043664999976 ], [ 110.47877081200005, -7.54991653999997 ], [ 110.478791499000067, -7.549900414999968 ], [ 110.47886481200004, -7.549891914999932 ], [ 110.479075374000047, -7.54987810199998 ], [ 110.479095812000082, -7.549880664999932 ], [ 110.479190312000071, -7.549905164999927 ], [ 110.479311374000076, -7.549936539999976 ], [ 110.479581499000062, -7.550056914999971 ], [ 110.479746124000087, -7.550177351999935 ], [ 110.479946187000053, -7.550352851999946 ], [ 110.480141124000056, -7.550541101999954 ], [ 110.480338312000072, -7.550754039999958 ], [ 110.480526999000062, -7.55086935199995 ], [ 110.480716624000081, -7.550955539999961 ], [ 110.480830937000064, -7.551044789999935 ], [ 110.481085437000047, -7.551290976999951 ], [ 110.481213999000033, -7.551436726999952 ], [ 110.481299499000045, -7.551436601999967 ], [ 110.481409187000054, -7.55143628999997 ], [ 110.481488812000066, -7.551436039999942 ], [ 110.481645687000082, -7.551472789999934 ], [ 110.481734249000056, -7.551555039999926 ], [ 110.481759124000064, -7.551591101999975 ], [ 110.481792187000053, -7.551635414999964 ], [ 110.481921374000081, -7.551768039999956 ], [ 110.481955999000036, -7.55177266499993 ], [ 110.482171374000075, -7.551744726999971 ], [ 110.482234937000044, -7.551760414999933 ], [ 110.482495499000038, -7.551878039999963 ], [ 110.482548687000076, -7.551905789999978 ], [ 110.482736562000071, -7.552042476999929 ], [ 110.482867312000053, -7.55212191499993 ], [ 110.483144999000046, -7.552215601999933 ], [ 110.483157999000071, -7.552223664999929 ], [ 110.483401624000066, -7.552390351999975 ], [ 110.483551249000072, -7.552431476999971 ], [ 110.483777624000084, -7.552477039999928 ], [ 110.483993374000079, -7.552537914999959 ], [ 110.48427812400007, -7.552579039999955 ], [ 110.484473312000034, -7.55262935199994 ], [ 110.484911437000051, -7.552783851999948 ], [ 110.485089937000055, -7.552919851999945 ], [ 110.485284562000061, -7.553045539999971 ], [ 110.485394187000054, -7.553120414999967 ], [ 110.485459999000057, -7.553165226999965 ], [ 110.48548499900005, -7.553181164999955 ], [ 110.485743749000051, -7.553347726999959 ], [ 110.485831562000044, -7.553372851999939 ], [ 110.486118499000042, -7.553412664999939 ], [ 110.486468499000068, -7.553488976999972 ], [ 110.486690499000076, -7.553524351999954 ], [ 110.48686643700006, -7.553485789999968 ], [ 110.487148312000045, -7.553435226999966 ], [ 110.487162499000078, -7.553436289999979 ], [ 110.487314187000038, -7.553477226999973 ], [ 110.487463562000073, -7.553495226999928 ], [ 110.487599437000085, -7.553446914999938 ], [ 110.48788856200008, -7.553351164999981 ], [ 110.488032624000084, -7.553381976999958 ], [ 110.488136937000036, -7.55348885199993 ], [ 110.488288812000064, -7.553587164999954 ], [ 110.488795562000064, -7.553799226999956 ], [ 110.488811812000051, -7.553801039999939 ], [ 110.489068687000042, -7.553861726999969 ], [ 110.489310624000041, -7.553956851999942 ], [ 110.489373374000081, -7.553956226999958 ], [ 110.489615437000054, -7.553932101999976 ], [ 110.489905312000076, -7.553897039999981 ], [ 110.490089124000065, -7.553805851999925 ], [ 110.490126624000084, -7.553802164999979 ], [ 110.490311687000087, -7.553763789999948 ] ] ] } },
{ "type": "Feature", "properties": { "fid": 39, "NAMOBJ": null, "FCODE": null, "REMARK": "Alur Sungai", "METADATA": null, "SRS_ID": null, "ADATGL": 0.0, "DMAX": 0.0, "FNGAIR": 0.0, "JNSSNG": 0.0, "KLSSNG": 0.0, "LTKSGI": 0.0, "NAMWS": null, "STATUS": null, "UKRSGI": 0.0, "WMAX": 0.0, "DBTMXS": 0.0, "NAMDAS": null, "SHAPE_Leng": 0.044819512749484001 }, "geometry": { "type": "MultiLineString", "coordinates": [ [ [ 110.471295062000081, -7.548835414999928 ], [ 110.471392562000062, -7.548883101999934 ], [ 110.471462624000083, -7.548927851999963 ], [ 110.471603437000056, -7.549034226999936 ], [ 110.471719749000044, -7.549119789999963 ], [ 110.471823749000066, -7.549173664999955 ], [ 110.471894062000047, -7.549193976999959 ], [ 110.472016312000051, -7.549225476999936 ], [ 110.472164062000047, -7.549278226999945 ], [ 110.472191562000035, -7.549295289999975 ], [ 110.47225162400008, -7.549367851999932 ], [ 110.472260187000074, -7.549378976999947 ], [ 110.472374624000054, -7.549483101999954 ], [ 110.472386812000082, -7.549486351999974 ], [ 110.472470249000082, -7.549480164999977 ], [ 110.472616749000053, -7.549459476999971 ], [ 110.47270637400004, -7.549466226999925 ], [ 110.472866249000049, -7.549498539999945 ], [ 110.472992562000059, -7.549529976999963 ], [ 110.473025187000076, -7.549540914999966 ], [ 110.47318518700007, -7.549609101999977 ], [ 110.473257624000041, -7.549653976999934 ], [ 110.473443312000086, -7.549787101999925 ], [ 110.47355762400008, -7.549881851999942 ], [ 110.473572562000072, -7.549896039999965 ], [ 110.473615374000076, -7.549913226999934 ], [ 110.473630624000066, -7.549909414999945 ], [ 110.473707999000055, -7.549910789999956 ], [ 110.473746687000073, -7.549914039999976 ], [ 110.473924874000033, -7.549938164999958 ], [ 110.474045062000073, -7.549971101999972 ], [ 110.474180749000084, -7.550058226999965 ], [ 110.47438618700005, -7.550216414999966 ], [ 110.474477999000044, -7.550265789999969 ], [ 110.474741249000033, -7.550364351999974 ], [ 110.474991124000042, -7.550507664999941 ], [ 110.475140374000034, -7.550607164999974 ], [ 110.475296249000053, -7.550674226999945 ], [ 110.475476812000068, -7.550767101999952 ], [ 110.475531874000069, -7.550801976999935 ], [ 110.475684499000067, -7.550942164999981 ], [ 110.475685562000081, -7.551008164999928 ], [ 110.475639249000039, -7.551213476999976 ], [ 110.475583937000067, -7.551522726999963 ], [ 110.475574687000062, -7.551596601999961 ], [ 110.475574937000033, -7.551664914999947 ], [ 110.475575499000058, -7.551715039999976 ], [ 110.475576624000041, -7.551771289999976 ], [ 110.475576999000054, -7.551775351999936 ], [ 110.475582874000054, -7.551807414999928 ], [ 110.475601562000065, -7.551836164999941 ], [ 110.475614562000032, -7.551851039999974 ], [ 110.475639249000039, -7.551896289999945 ], [ 110.475640499000065, -7.55192335199996 ], [ 110.475639749000038, -7.551925726999968 ], [ 110.475640812000051, -7.55193322699995 ], [ 110.475651437000067, -7.551964664999957 ], [ 110.475669374000063, -7.551999101999968 ], [ 110.475671624000086, -7.552004539999928 ], [ 110.47571068700006, -7.552076289999945 ], [ 110.475741249000066, -7.552098226999931 ], [ 110.475843187000066, -7.552149289999932 ], [ 110.476024874000075, -7.552282476999949 ], [ 110.476202499000067, -7.552439851999964 ], [ 110.476428499000065, -7.55267360199997 ], [ 110.476562437000041, -7.552787851999938 ], [ 110.476638874000059, -7.552812789999962 ], [ 110.47684349900004, -7.552833789999966 ], [ 110.476861812000038, -7.55283441499995 ], [ 110.47707974900004, -7.552859601999955 ], [ 110.47712656200008, -7.552871351999954 ], [ 110.477250624000078, -7.552938101999928 ], [ 110.477564187000041, -7.553146351999942 ], [ 110.477672124000037, -7.553172789999962 ], [ 110.477910499000075, -7.553232351999952 ], [ 110.477932562000035, -7.553242164999972 ], [ 110.478160312000057, -7.553372789999969 ], [ 110.478379812000071, -7.553558601999953 ], [ 110.478752062000069, -7.553913289999969 ], [ 110.478791437000041, -7.553921414999934 ], [ 110.479101874000037, -7.553913039999941 ], [ 110.479295312000033, -7.55394985199996 ], [ 110.47945543700007, -7.554029539999931 ], [ 110.47973274900005, -7.554179726999962 ], [ 110.479932499000085, -7.55434147699998 ], [ 110.479947437000078, -7.554353539999966 ], [ 110.48000787400008, -7.554458976999967 ], [ 110.480124749000083, -7.554618414999936 ] ], [ [ 110.480124749000083, -7.554618414999936 ], [ 110.48025612400005, -7.554635664999978 ], [ 110.480540687000087, -7.554619351999975 ], [ 110.480650624000077, -7.554618851999976 ] ], [ [ 110.480650624000077, -7.554618851999976 ], [ 110.48077293700004, -7.554774039999927 ], [ 110.480802312000037, -7.55483653999994 ], [ 110.480901749000054, -7.555042476999972 ], [ 110.481003187000056, -7.555144851999955 ], [ 110.481025312000043, -7.555155101999958 ], [ 110.48105606200005, -7.555162039999971 ], [ 110.481122499000037, -7.555235226999969 ], [ 110.481166312000084, -7.555320476999952 ], [ 110.481169062000049, -7.555333539999936 ], [ 110.481188499000041, -7.555407976999959 ], [ 110.481228249000083, -7.555505039999957 ], [ 110.481311062000088, -7.555609039999979 ], [ 110.481498499000054, -7.55578391499995 ], [ 110.481602249000048, -7.55582960199996 ], [ 110.481753562000051, -7.555846226999961 ], [ 110.481818937000071, -7.55589785199993 ], [ 110.481999562000055, -7.556098289999966 ], [ 110.482088812000086, -7.556250414999965 ], [ 110.482163062000041, -7.556430476999935 ], [ 110.482301062000033, -7.556498164999937 ], [ 110.482510937000086, -7.556562351999958 ], [ 110.482662749000042, -7.556623789999946 ], [ 110.482870437000088, -7.556741289999934 ], [ 110.482880187000035, -7.55674391499997 ], [ 110.483006812000042, -7.556749664999927 ], [ 110.483200312000065, -7.556772664999926 ], [ 110.483471249000047, -7.556857914999966 ], [ 110.483553499000038, -7.556916789999946 ], [ 110.483814874000075, -7.557150976999935 ], [ 110.48381568700006, -7.557152601999974 ], [ 110.48387924900004, -7.557216976999939 ], [ 110.483888249000074, -7.557222476999925 ], [ 110.484094062000054, -7.557383601999959 ], [ 110.484160562000056, -7.557559664999928 ], [ 110.484134249000078, -7.557674601999963 ], [ 110.484052874000042, -7.557784414999958 ], [ 110.484009874000037, -7.557860289999951 ], [ 110.484024499000043, -7.557965414999956 ], [ 110.48409881200007, -7.55810147699998 ], [ 110.484247187000051, -7.558295789999931 ], [ 110.484249999000042, -7.558420726999941 ], [ 110.484275874000048, -7.558863164999934 ], [ 110.484376312000052, -7.559128039999962 ], [ 110.484527624000066, -7.559282164999956 ], [ 110.484656124000082, -7.559348101999944 ], [ 110.484729062000042, -7.559400351999955 ], [ 110.484867187000077, -7.559540414999958 ], [ 110.485025687000075, -7.559783289999928 ], [ 110.485017312000082, -7.559904664999976 ], [ 110.485047249000047, -7.560078289999979 ], [ 110.485115687000075, -7.560201351999979 ], [ 110.485206312000059, -7.560261601999969 ], [ 110.485605562000046, -7.56047372699993 ], [ 110.485743562000039, -7.560633664999955 ], [ 110.485785624000073, -7.560751851999953 ], [ 110.485845874000063, -7.560921851999979 ], [ 110.485919437000064, -7.561062601999936 ], [ 110.485953124000048, -7.561141414999952 ], [ 110.485950812000056, -7.561246476999941 ], [ 110.485904874000084, -7.561361414999965 ], [ 110.485867312000039, -7.561466476999954 ], [ 110.485938874000055, -7.561640914999941 ], [ 110.486037562000035, -7.56172135199995 ], [ 110.486442249000049, -7.561906101999966 ], [ 110.486607437000089, -7.56202766499996 ], [ 110.486871624000059, -7.562251101999948 ], [ 110.48695974900005, -7.562330601999975 ], [ 110.487054062000084, -7.562491976999979 ], [ 110.487155437000069, -7.562845914999968 ], [ 110.48722437400005, -7.562881664999964 ], [ 110.487451562000047, -7.562897101999965 ], [ 110.487608624000075, -7.562926726999933 ], [ 110.487913687000059, -7.56315503999997 ], [ 110.487912624000046, -7.563250351999955 ], [ 110.487885812000059, -7.56334841499995 ], [ 110.487884062000035, -7.563354664999963 ], [ 110.487882999000078, -7.563474726999971 ], [ 110.487926437000056, -7.563656476999938 ], [ 110.487990749000062, -7.563691539999979 ], [ 110.488219687000083, -7.563769226999966 ], [ 110.488304437000068, -7.563863289999972 ], [ 110.488340124000047, -7.563979851999932 ], [ 110.488402812000061, -7.564120789999947 ], [ 110.488525499000048, -7.56422835199993 ], [ 110.488650437000047, -7.564277039999979 ], [ 110.48882356200005, -7.564351726999973 ], [ 110.48889949900007, -7.564460101999941 ], [ 110.488907999000048, -7.564608164999981 ], [ 110.48890818700005, -7.564617851999969 ], [ 110.488881437000089, -7.564659476999964 ], [ 110.488774437000075, -7.565032101999975 ], [ 110.488825374000044, -7.565054789999976 ], [ 110.489022312000088, -7.565056289999973 ], [ 110.489144749000047, -7.565083351999931 ], [ 110.489201249000075, -7.565152164999972 ], [ 110.489416874000085, -7.565525101999981 ], [ 110.489489937000087, -7.565533039999934 ], [ 110.489631374000055, -7.565563601999941 ], [ 110.489684374000035, -7.56562828999995 ], [ 110.489781249000089, -7.565952914999968 ], [ 110.489850624000042, -7.565989539999975 ], [ 110.489947499000039, -7.56597635199995 ], [ 110.490130562000047, -7.56587978999994 ], [ 110.490232812000045, -7.565842351999947 ], [ 110.490283749000071, -7.565881726999976 ], [ 110.490332812000077, -7.565980414999956 ], [ 110.49040287400004, -7.566076414999941 ], [ 110.490632187000074, -7.56633091499998 ], [ 110.490709437000078, -7.566433914999948 ], [ 110.490797687000054, -7.566454289999967 ], [ 110.490937062000057, -7.566484726999931 ], [ 110.490996062000079, -7.566556976999948 ], [ 110.49097312400005, -7.566660789999958 ], [ 110.49093537400006, -7.566779414999928 ], [ 110.490967999000077, -7.566867039999977 ] ], [ [ 110.490967999000077, -7.566867039999977 ], [ 110.49098362400008, -7.566910289999953 ], [ 110.491046062000066, -7.566970539999943 ], [ 110.491180374000066, -7.567061039999942 ], [ 110.491351249000047, -7.567176226999948 ], [ 110.491356999000061, -7.567178726999941 ], [ 110.491515812000046, -7.567276976999949 ], [ 110.491590374000054, -7.567412664999949 ], [ 110.491670749000036, -7.567533664999928 ], [ 110.491754249000053, -7.567564726999933 ], [ 110.491964374000077, -7.567540601999951 ], [ 110.492040437000071, -7.567568976999951 ], [ 110.492096812000057, -7.567646289999971 ], [ 110.492094062000035, -7.567741351999928 ], [ 110.492119124000055, -7.567918289999966 ], [ 110.49216212400006, -7.568148789999952 ], [ 110.492180624000071, -7.568348976999971 ], [ 110.492244499000037, -7.568436664999979 ], [ 110.492411687000072, -7.56849060199994 ], [ 110.492623062000064, -7.56849172699998 ] ], [ [ 110.492623062000064, -7.56849172699998 ], [ 110.492650812000079, -7.568494289999933 ], [ 110.492747937000047, -7.568540664999944 ], [ 110.492821999000057, -7.568661539999937 ], [ 110.492854062000049, -7.568828039999971 ], [ 110.492869874000064, -7.569120664999957 ], [ 110.492940187000045, -7.569183414999941 ], [ 110.493080374000044, -7.569237164999947 ], [ 110.493448312000055, -7.569339726999942 ], [ 110.493527499000038, -7.569413851999968 ], [ 110.49359512400008, -7.569550851999963 ], [ 110.493564374000073, -7.569630664999977 ], [ 110.493415312000081, -7.569966414999953 ], [ 110.49347137400008, -7.570107101999952 ], [ 110.493571687000042, -7.570370664999928 ], [ 110.493575687000089, -7.570502601999976 ], [ 110.493631374000074, -7.570754101999967 ], [ 110.493572562000054, -7.570889539999939 ], [ 110.493496624000045, -7.571101976999955 ], [ 110.493518062000078, -7.571234039999979 ], [ 110.493572812000082, -7.571316664999927 ], [ 110.493664874000046, -7.571366414999943 ], [ 110.493756937000057, -7.571450664999929 ], [ 110.49381362400004, -7.571624351999958 ], [ 110.493752999000037, -7.571931101999951 ] ], [ [ 110.493752999000037, -7.571931101999951 ], [ 110.493809749000036, -7.57199185199994 ], [ 110.493961624000065, -7.572084226999948 ], [ 110.494028999000079, -7.572106539999936 ], [ 110.494110062000061, -7.572166914999968 ], [ 110.494140624000067, -7.572247039999979 ], [ 110.494184187000087, -7.572339601999943 ], [ 110.494284187000062, -7.572520414999929 ], [ 110.494250187000034, -7.572593664999943 ], [ 110.494141687000081, -7.572692289999964 ], [ 110.493984562000037, -7.572838351999962 ], [ 110.494027562000042, -7.572922601999949 ], [ 110.494192249000037, -7.57311003999996 ], [ 110.494308999000054, -7.573147914999936 ], [ 110.494435062000036, -7.573124289999953 ], [ 110.49470543700005, -7.573120289999963 ], [ 110.494775624000056, -7.573177101999931 ], [ 110.494784937000077, -7.573246101999928 ], [ 110.494714187000056, -7.573434039999938 ], [ 110.494723124000075, -7.573512164999954 ], [ 110.494795874000033, -7.573537414999976 ], [ 110.495013437000068, -7.573537976999944 ], [ 110.495298499000057, -7.573565851999945 ], [ 110.495450812000058, -7.573683039999935 ], [ 110.495738499000083, -7.573928664999926 ], [ 110.495836374000078, -7.574014601999977 ], [ 110.496070749000069, -7.574245601999962 ], [ 110.496225437000078, -7.574422976999927 ], [ 110.496342249000065, -7.574466414999961 ], [ 110.496494437000081, -7.57446103999996 ], [ 110.496640812000066, -7.574405976999969 ], [ 110.496756937000043, -7.574374789999979 ], [ 110.49686293700006, -7.574411039999973 ], [ 110.496944374000066, -7.574485601999982 ], [ 110.496934249000049, -7.574567289999948 ], [ 110.496879374000059, -7.574686601999929 ], [ 110.496827249000034, -7.574835664999966 ], [ 110.496871999000064, -7.57493472699997 ], [ 110.496933812000066, -7.57496991499994 ], [ 110.497068999000078, -7.574972976999959 ], [ 110.497518749000051, -7.574996226999929 ], [ 110.497693749000064, -7.575042851999967 ], [ 110.498019187000068, -7.575189226999953 ], [ 110.498346937000065, -7.57539603999993 ], [ 110.498681937000072, -7.575444539999978 ] ] ] } },
{ "type": "Feature", "properties": { "fid": 40, "NAMOBJ": null, "FCODE": null, "REMARK": "Alur Sungai", "METADATA": null, "SRS_ID": null, "ADATGL": 0.0, "DMAX": 0.0, "FNGAIR": 0.0, "JNSSNG": 0.0, "KLSSNG": 0.0, "LTKSGI": 0.0, "NAMWS": null, "STATUS": null, "UKRSGI": 0.0, "WMAX": 0.0, "DBTMXS": 0.0, "NAMDAS": null, "SHAPE_Leng": 0.0055303040597099997 }, "geometry": { "type": "MultiLineString", "coordinates": [ [ [ 110.467077937000056, -7.537132351999958 ], [ 110.467099749000056, -7.537109851999958 ], [ 110.467179749000081, -7.537079664999965 ], [ 110.467199374000074, -7.537070851999943 ], [ 110.467304999000078, -7.537018914999976 ], [ 110.467379874000073, -7.536980851999942 ], [ 110.46745681200008, -7.536952289999931 ], [ 110.467532062000089, -7.536928414999977 ], [ 110.467559812000047, -7.536920789999954 ], [ 110.467634749000069, -7.536907601999928 ], [ 110.467728374000046, -7.536906226999974 ], [ 110.467884187000038, -7.536927164999952 ], [ 110.467969062000066, -7.536944914999935 ], [ 110.468114687000082, -7.536979851999945 ], [ 110.468207687000074, -7.537006976999976 ], [ 110.468294312000069, -7.537040914999977 ], [ 110.468321874000083, -7.53705116499998 ], [ 110.468409499000074, -7.537084601999936 ], [ 110.468496187000085, -7.537135664999937 ], [ 110.468520624000064, -7.537150914999927 ], [ 110.468610437000052, -7.537215414999935 ], [ 110.468679812000062, -7.537273164999931 ], [ 110.468716562000054, -7.537305726999932 ], [ 110.46877362400005, -7.537334101999932 ], [ 110.468787937000059, -7.537331789999939 ], [ 110.46890393700005, -7.53732191499995 ], [ 110.468981312000039, -7.537324289999958 ], [ 110.469116687000053, -7.537340789999973 ], [ 110.469197187000077, -7.537361414999964 ], [ 110.469308374000036, -7.537425789999929 ], [ 110.469321562000061, -7.537435476999974 ], [ 110.469411312000034, -7.537521539999943 ], [ 110.469479374000059, -7.537585351999951 ], [ 110.469603749000044, -7.53765003999996 ], [ 110.469619062000049, -7.537654476999933 ], [ 110.469712749000053, -7.537678539999945 ], [ 110.46982693700005, -7.537714476999952 ], [ 110.469943937000039, -7.537731664999967 ], [ 110.469982562000041, -7.537728664999975 ], [ 110.470083312000042, -7.537726601999964 ], [ 110.470245812000087, -7.53772878999996 ], [ 110.47030862400004, -7.537726476999978 ], [ 110.470478437000054, -7.537707601999955 ], [ 110.470578187000058, -7.537696164999943 ], [ 110.470625749000078, -7.537703539999939 ], [ 110.470678749000058, -7.537723914999958 ], [ 110.470722874000046, -7.537739476999946 ], [ 110.470804687000054, -7.537759039999969 ], [ 110.470920874000058, -7.537807976999943 ], [ 110.47104218700008, -7.537863039999934 ], [ 110.471072812000045, -7.537879601999975 ], [ 110.471148062000054, -7.537943476999942 ], [ 110.471150062000049, -7.537952289999964 ], [ 110.471151249000059, -7.538022414999944 ], [ 110.471149374000049, -7.538074164999955 ], [ 110.471142062000069, -7.538141914999926 ], [ 110.471136687000069, -7.538202539999929 ], [ 110.471136312000056, -7.538256664999949 ], [ 110.471136499000067, -7.538291226999945 ], [ 110.471135874000083, -7.538311851999936 ], [ 110.471136562000083, -7.538327101999926 ], [ 110.471137312000053, -7.53834403999997 ], [ 110.471138749000033, -7.538366726999925 ], [ 110.471138499000062, -7.538386664999962 ], [ 110.471139249000089, -7.538400914999954 ], [ 110.471141999000054, -7.53841885199995 ], [ 110.471143374000064, -7.538425601999961 ], [ 110.471161437000035, -7.538476976999959 ], [ 110.471193249000066, -7.538533414999961 ], [ 110.47128968700008, -7.53868341499998 ], [ 110.471380999000075, -7.53885947699996 ], [ 110.471401312000069, -7.538940289999971 ], [ 110.471410312000046, -7.539011976999973 ] ] ] } },
{ "type": "Feature", "properties": { "fid": 41, "NAMOBJ": "Kali Woro", "FCODE": null, "REMARK": "Alur Sungai", "METADATA": null, "SRS_ID": null, "ADATGL": 0.0, "DMAX": 0.0, "FNGAIR": 0.0, "JNSSNG": 0.0, "KLSSNG": 0.0, "LTKSGI": 0.0, "NAMWS": null, "STATUS": null, "UKRSGI": 0.0, "WMAX": 0.0, "DBTMXS": 0.0, "NAMDAS": null, "SHAPE_Leng": 0.059026548505921997 }, "geometry": { "type": "MultiLineString", "coordinates": [ [ [ 110.447386624000046, -7.539811914999973 ], [ 110.44740549900007, -7.539734664999969 ], [ 110.447414311000045, -7.539709539999933 ], [ 110.44743881100004, -7.539655976999939 ], [ 110.447483874000056, -7.539582039999971 ], [ 110.447507686000051, -7.539544726999964 ], [ 110.447552061000067, -7.539483601999962 ], [ 110.447604436000063, -7.53942647699995 ], [ 110.447653311000067, -7.539370664999979 ], [ 110.447659374000068, -7.539365101999977 ], [ 110.447706749000076, -7.539323039999942 ], [ 110.447766374000082, -7.539284414999941 ], [ 110.447829936000062, -7.539242789999946 ], [ 110.44784756100006, -7.539230976999931 ], [ 110.447926749000032, -7.539169539999932 ], [ 110.447997874000066, -7.539097414999958 ], [ 110.448049124000079, -7.53903291499995 ], [ 110.448090874000059, -7.53897453999997 ], [ 110.44813137400007, -7.538917539999943 ], [ 110.448183249000067, -7.538866664999944 ], [ 110.448250311000038, -7.538836789999948 ], [ 110.44825912400006, -7.538835289999952 ], [ 110.448339124000086, -7.538820351999959 ], [ 110.448401499000056, -7.538797539999962 ], [ 110.448469936000038, -7.538777726999967 ], [ 110.448497124000085, -7.538766851999981 ], [ 110.448569561000056, -7.538705601999936 ], [ 110.448573624000062, -7.538699539999925 ], [ 110.448619561000044, -7.538651039999934 ], [ 110.448663686000089, -7.538616476999948 ], [ 110.448757811000064, -7.538582726999948 ], [ 110.448781186000076, -7.538579976999927 ], [ 110.448897186000067, -7.538576726999963 ], [ 110.449028499000065, -7.53857628999998 ], [ 110.449112874000036, -7.538576039999953 ], [ 110.449180811000076, -7.538577101999977 ], [ 110.449270312000067, -7.538582539999936 ], [ 110.449419937000073, -7.538581976999978 ], [ 110.449542687000076, -7.538574851999954 ], [ 110.449636312000052, -7.538548476999949 ], [ 110.449641062000069, -7.538546851999968 ], [ 110.449693937000063, -7.538531789999979 ], [ 110.449768562000088, -7.538522664999959 ], [ 110.449809249000054, -7.538521039999978 ], [ 110.449923937000051, -7.538523726999927 ], [ 110.450043999000059, -7.538530476999938 ], [ 110.450174374000085, -7.538536664999981 ], [ 110.450279374000047, -7.538504164999949 ], [ 110.450395312000069, -7.538492726999948 ], [ 110.450583437000034, -7.538539976999971 ], [ 110.450603812000054, -7.538545976999956 ], [ 110.450793374000057, -7.538633351999977 ], [ 110.450934062000044, -7.538759726999956 ], [ 110.451006312000061, -7.538856601999953 ], [ 110.451007374000085, -7.538878976999968 ], [ 110.45102862400006, -7.538940476999926 ], [ 110.451281499000061, -7.539093351999952 ] ], [ [ 110.451281499000061, -7.539093351999952 ], [ 110.451281249000033, -7.539145164999979 ], [ 110.451279624000051, -7.539163476999931 ], [ 110.451270124000075, -7.539217976999964 ], [ 110.451280687000065, -7.539266726999927 ], [ 110.451335249000067, -7.539366101999974 ], [ 110.451342937000049, -7.539416789999962 ], [ 110.45139852851544, -7.539459537023002 ] ] ] } },
{ "type": "Feature", "properties": { "fid": 42, "NAMOBJ": null, "FCODE": null, "REMARK": "Alur Sungai", "METADATA": null, "SRS_ID": null, "ADATGL": 0.0, "DMAX": 0.0, "FNGAIR": 0.0, "JNSSNG": 0.0, "KLSSNG": 0.0, "LTKSGI": 0.0, "NAMWS": null, "STATUS": null, "UKRSGI": 0.0, "WMAX": 0.0, "DBTMXS": 0.0, "NAMDAS": null, "SHAPE_Leng": 0.0038863718926840001 }, "geometry": { "type": "MultiLineString", "coordinates": [ [ [ 110.494393937000041, -7.540767351999932 ], [ 110.494708062000086, -7.540880601999959 ], [ 110.49472112400008, -7.540884851999976 ], [ 110.494970937000062, -7.541021226999931 ], [ 110.494993812000075, -7.541037726999946 ], [ 110.495219687000088, -7.541153914999938 ], [ 110.495260937000069, -7.541171539999937 ], [ 110.495527249000077, -7.54128653999993 ], [ 110.495804249000059, -7.541398164999976 ], [ 110.495832624000059, -7.541409726999973 ], [ 110.495930874000067, -7.541449789999945 ], [ 110.495961687000033, -7.541467851999926 ], [ 110.495994374000077, -7.541494164999961 ], [ 110.496096374000047, -7.541536726999936 ], [ 110.496373812000058, -7.541609789999939 ], [ 110.496717124000043, -7.541797289999977 ], [ 110.496743249000076, -7.541816539999957 ], [ 110.49683974900006, -7.541849351999929 ], [ 110.497164999000063, -7.541856414999927 ], [ 110.497518624000065, -7.541896226999938 ], [ 110.497809062000044, -7.541964851999978 ], [ 110.497946624000065, -7.541993539999964 ], [ 110.49802737400006, -7.541991726999981 ] ] ] } },
{ "type": "Feature", "properties": { "fid": 43, "NAMOBJ": null, "FCODE": null, "REMARK": "Alur Sungai", "METADATA": null, "SRS_ID": null, "ADATGL": 0.0, "DMAX": 0.0, "FNGAIR": 0.0, "JNSSNG": 0.0, "KLSSNG": 0.0, "LTKSGI": 0.0, "NAMWS": null, "STATUS": null, "UKRSGI": 0.0, "WMAX": 0.0, "DBTMXS": 0.0, "NAMDAS": null, "SHAPE_Leng": 0.0048198043066459998 }, "geometry": { "type": "MultiLineString", "coordinates": [ [ [ 110.470914437000033, -7.545384164999973 ], [ 110.47095762400005, -7.545415414999979 ], [ 110.471088874000088, -7.545493914999952 ], [ 110.471142562000068, -7.545511289999979 ], [ 110.471224687000074, -7.545555539999953 ], [ 110.471279812000034, -7.545589476999965 ], [ 110.471414374000062, -7.545653226999946 ], [ 110.471499062000078, -7.545710851999957 ], [ 110.471567499000059, -7.545775101999936 ], [ 110.47165018700008, -7.54585097699993 ], [ 110.471686187000046, -7.545868164999945 ], [ 110.471699062000084, -7.545867101999931 ], [ 110.47172824900008, -7.545869164999942 ], [ 110.47178662400006, -7.545872414999963 ], [ 110.471847062000052, -7.545881164999969 ], [ 110.471972312000048, -7.545905914999935 ], [ 110.472113874000058, -7.545919039999944 ], [ 110.472185062000051, -7.545919976999926 ], [ 110.472326499000076, -7.54590722699993 ], [ 110.472397687000068, -7.545888851999962 ], [ 110.472550187000081, -7.545843101999935 ], [ 110.472648874000072, -7.545841226999926 ], [ 110.472831749000079, -7.545841664999955 ], [ 110.472857187000045, -7.545838539999977 ], [ 110.473060624000084, -7.545812226999942 ], [ 110.473218374000055, -7.545813664999969 ], [ 110.473287624000079, -7.545814039999925 ], [ 110.473432124000055, -7.545812914999942 ], [ 110.473516937000056, -7.545813726999938 ], [ 110.473536312000078, -7.545814976999964 ], [ 110.473616374000073, -7.545810539999934 ], [ 110.473778124000034, -7.545810039999935 ], [ 110.473890124000036, -7.545811539999931 ], [ 110.473947124000063, -7.545809039999938 ], [ 110.47404068700007, -7.545791976999965 ], [ 110.474144437000064, -7.545780039999954 ], [ 110.474270624000042, -7.54577753999996 ], [ 110.474410062000061, -7.545775789999936 ], [ 110.474537249000036, -7.545773101999941 ], [ 110.474632937000081, -7.545769226999937 ], [ 110.474645124000062, -7.545764789999964 ], [ 110.474652562000074, -7.545753914999977 ], [ 110.474670124000056, -7.545736414999965 ], [ 110.474697874000071, -7.545711601999926 ], [ 110.474701249000077, -7.545709101999932 ], [ 110.474725937000073, -7.545698164999976 ], [ 110.474742937000087, -7.545698476999974 ], [ 110.474748687000044, -7.54569810199996 ], [ 110.474758187000077, -7.545700164999971 ], [ 110.474846624000065, -7.545758414999966 ], [ 110.475008874000082, -7.545876476999979 ], [ 110.47505981200004, -7.545903414999941 ], [ 110.475190999000063, -7.545976351999968 ], [ 110.475400562000061, -7.546035289999963 ], [ 110.475453687000083, -7.546032351999941 ] ] ] } },
{ "type": "Feature", "properties": { "fid": 44, "NAMOBJ": null, "FCODE": null, "REMARK": "Alur Sungai", "METADATA": null, "SRS_ID": null, "ADATGL": 0.0, "DMAX": 0.0, "FNGAIR": 0.0, "JNSSNG": 0.0, "KLSSNG": 0.0, "LTKSGI": 0.0, "NAMWS": null, "STATUS": null, "UKRSGI": 0.0, "WMAX": 0.0, "DBTMXS": 0.0, "NAMDAS": null, "SHAPE_Leng": 0.0064665245371839999 }, "geometry": { "type": "MultiLineString", "coordinates": [ [ [ 110.483683374000066, -7.538100164999946 ], [ 110.483866187000046, -7.538066539999932 ], [ 110.483938812000076, -7.538121039999965 ], [ 110.48401024900005, -7.53814622699997 ], [ 110.484072562000051, -7.538168226999971 ], [ 110.484232562000045, -7.538161101999947 ], [ 110.484406249000074, -7.538106476999928 ], [ 110.484516062000068, -7.538088476999974 ], [ 110.484633624000082, -7.538175539999941 ], [ 110.484813937000069, -7.538275976999955 ], [ 110.485121624000044, -7.538340476999963 ], [ 110.485314874000039, -7.53834803999996 ], [ 110.485698312000068, -7.538288601999966 ], [ 110.485904249000043, -7.53820435199998 ], [ 110.486099437000064, -7.538047789999951 ], [ 110.486229312000034, -7.538064289999966 ], [ 110.486427249000087, -7.538065789999962 ], [ 110.486653187000059, -7.538050789999943 ], [ 110.486725499000045, -7.538033789999929 ], [ 110.48682943700004, -7.538048101999948 ], [ 110.486966874000075, -7.538052851999964 ], [ 110.487086437000073, -7.537994914999956 ], [ 110.487186187000077, -7.53788747699997 ], [ 110.487261499000056, -7.537839039999938 ], [ 110.487400624000088, -7.537794039999937 ], [ 110.487514124000086, -7.537781601999939 ], [ 110.487690249000082, -7.53776260199993 ], [ 110.487782062000065, -7.537750476999975 ], [ 110.487924624000073, -7.537724726999954 ], [ 110.488031374000059, -7.537686664999967 ], [ 110.488176812000063, -7.537613164999925 ], [ 110.488261437000062, -7.537556664999954 ], [ 110.48830349900004, -7.537516164999943 ], [ 110.488310562000038, -7.537506039999926 ], [ 110.488340812000047, -7.537506789999952 ], [ 110.488366124000038, -7.537512164999953 ], [ 110.488549687000045, -7.537568539999938 ], [ 110.488726249000081, -7.537601289999941 ], [ 110.488842999000042, -7.537590914999953 ], [ 110.48886781200008, -7.537587789999975 ], [ 110.488982624000073, -7.537562101999981 ], [ 110.489030687000081, -7.537535226999978 ], [ 110.489182124000081, -7.537407664999932 ], [ 110.489188437000053, -7.537328414999934 ], [ 110.489208124000072, -7.537115289999974 ], [ 110.489213374000087, -7.537108726999975 ], [ 110.48942968700004, -7.536954164999941 ] ] ] } },
{ "type": "Feature", "properties": { "fid": 45, "NAMOBJ": null, "FCODE": null, "REMARK": "Alur Sungai", "METADATA": null, "SRS_ID": null, "ADATGL": 0.0, "DMAX": 0.0, "FNGAIR": 0.0, "JNSSNG": 0.0, "KLSSNG": 0.0, "LTKSGI": 0.0, "NAMWS": null, "STATUS": null, "UKRSGI": 0.0, "WMAX": 0.0, "DBTMXS": 0.0, "NAMDAS": null, "SHAPE_Leng": 0.0090130800927939996 }, "geometry": { "type": "MultiLineString", "coordinates": [ [ [ 110.482215374000077, -7.550861789999942 ], [ 110.482234874000085, -7.550861976999954 ], [ 110.482372062000081, -7.550883976999955 ], [ 110.482509124000046, -7.550888476999944 ], [ 110.482633187000033, -7.550886539999965 ], [ 110.482699437000065, -7.55088997699994 ], [ 110.482872999000051, -7.550948851999976 ], [ 110.482906624000066, -7.550962351999942 ], [ 110.483041374000038, -7.551038226999935 ], [ 110.483177749000049, -7.551142164999931 ], [ 110.483353749000059, -7.551281351999933 ], [ 110.48344656200004, -7.551349039999934 ], [ 110.483609124000054, -7.551434039999947 ], [ 110.483724124000048, -7.551479789999973 ], [ 110.483984312000075, -7.551549726999951 ], [ 110.484099124000068, -7.551575664999973 ], [ 110.484371374000034, -7.551667914999939 ], [ 110.484506874000033, -7.551712601999952 ], [ 110.484830937000083, -7.551739289999944 ], [ 110.485073562000082, -7.55178903999996 ], [ 110.485088749000056, -7.551794164999933 ], [ 110.485367374000077, -7.551877289999936 ], [ 110.485574499000052, -7.551947101999929 ], [ 110.485583187000088, -7.551952039999946 ], [ 110.48583418700008, -7.552095601999952 ], [ 110.486128062000034, -7.552362539999933 ], [ 110.486310562000085, -7.552456726999935 ], [ 110.486547874000053, -7.552512289999981 ], [ 110.486856124000042, -7.552517601999966 ], [ 110.487060437000082, -7.552462539999965 ], [ 110.487232812000059, -7.552342726999939 ], [ 110.487289562000058, -7.552303289999941 ], [ 110.487365749000048, -7.552277351999976 ], [ 110.487525624000057, -7.552399851999951 ], [ 110.487584187000039, -7.552464164999947 ], [ 110.487988937000068, -7.552818851999973 ], [ 110.488244062000035, -7.55294222699996 ], [ 110.488455499000054, -7.553002039999967 ], [ 110.488468437000051, -7.553003664999949 ], [ 110.488762749000045, -7.553057226999954 ], [ 110.489123562000088, -7.553138289999936 ], [ 110.489453249000064, -7.553253601999927 ], [ 110.489610437000067, -7.55330485199994 ], [ 110.489850312000044, -7.553402226999935 ], [ 110.490048874000081, -7.553478601999927 ], [ 110.490143749000083, -7.553530351999939 ], [ 110.490168624000034, -7.553555351999933 ], [ 110.490223687000082, -7.553632601999936 ], [ 110.490277312000046, -7.553725726999971 ], [ 110.490311687000087, -7.553763789999948 ] ] ] } },
{ "type": "Feature", "properties": { "fid": 46, "NAMOBJ": null, "FCODE": null, "REMARK": "Alur Sungai", "METADATA": null, "SRS_ID": null, "ADATGL": 0.0, "DMAX": 0.0, "FNGAIR": 0.0, "JNSSNG": 0.0, "KLSSNG": 0.0, "LTKSGI": 0.0, "NAMWS": null, "STATUS": null, "UKRSGI": 0.0, "WMAX": 0.0, "DBTMXS": 0.0, "NAMDAS": null, "SHAPE_Leng": 0.0053795592479200004 }, "geometry": { "type": "MultiLineString", "coordinates": [ [ [ 110.477297624000073, -7.550681039999972 ], [ 110.477365249000059, -7.550702039999976 ], [ 110.477401187000055, -7.550708789999931 ], [ 110.477521312000079, -7.550728539999966 ], [ 110.477606999000045, -7.550750039999969 ], [ 110.477664749000041, -7.550786851999931 ], [ 110.477721187000043, -7.550868351999952 ], [ 110.477728187000082, -7.550881476999962 ], [ 110.477797187000078, -7.551028414999962 ], [ 110.477820999000073, -7.551118789999975 ], [ 110.477892437000037, -7.551282101999959 ], [ 110.477913499000067, -7.551321601999973 ], [ 110.47798793700008, -7.55148485199993 ], [ 110.478069249000043, -7.551654226999972 ], [ 110.478206187000069, -7.551803351999979 ], [ 110.47822349900008, -7.551817226999958 ], [ 110.478450812000062, -7.552013039999963 ], [ 110.478536937000058, -7.552106914999968 ], [ 110.478669687000036, -7.552246539999942 ], [ 110.478833562000034, -7.55240897699997 ], [ 110.478973999000061, -7.552580039999953 ], [ 110.479081749000045, -7.552746289999959 ], [ 110.479094187000044, -7.552765539999939 ], [ 110.479255499000033, -7.553025351999963 ], [ 110.479425624000044, -7.553224476999958 ], [ 110.479544999000041, -7.553394726999954 ], [ 110.479686687000083, -7.553687851999939 ], [ 110.479825437000045, -7.553774476999934 ], [ 110.480002624000065, -7.55381085199997 ], [ 110.480122999000059, -7.553879601999938 ], [ 110.480206437000049, -7.553993039999966 ], [ 110.480323187000067, -7.554171351999969 ], [ 110.48043281200006, -7.554322289999959 ], [ 110.48056499900008, -7.554465289999939 ], [ 110.480601062000062, -7.554489351999962 ], [ 110.480659124000056, -7.554552101999946 ], [ 110.480650624000077, -7.554618851999976 ] ] ] } },
{ "type": "Feature", "properties": { "fid": 47, "NAMOBJ": null, "FCODE": null, "REMARK": "Alur Sungai", "METADATA": "2017; RBI KSP SK 24.4 2021", "SRS_ID": null, "ADATGL": 0.0, "DMAX": 0.0, "FNGAIR": 0.0, "JNSSNG": 0.0, "KLSSNG": 0.0, "LTKSGI": 0.0, "NAMWS": null, "STATUS": null, "UKRSGI": 0.0, "WMAX": 0.0, "DBTMXS": 0.0, "NAMDAS": null, "SHAPE_Leng": 0.0026128857661290002 }, "geometry": { "type": "MultiLineString", "coordinates": [ [ [ 110.521002687000077, -7.540240039999958 ], [ 110.521042937000061, -7.540246539999941 ], [ 110.521245374000046, -7.54044885199994 ], [ 110.521646062000059, -7.54083178999997 ], [ 110.521931687000063, -7.541142101999981 ], [ 110.52211999900004, -7.541496476999953 ], [ 110.522149437000053, -7.541667976999975 ], [ 110.522149499000079, -7.54166878999996 ], [ 110.522194124000066, -7.54192941499997 ], [ 110.522191062000047, -7.541966601999945 ], [ 110.522065187000067, -7.54237991499997 ] ] ] } },
{ "type": "Feature", "properties": { "fid": 48, "NAMOBJ": null, "FCODE": null, "REMARK": "Sungai Satu Garis", "METADATA": "2017; RBI KSP SK 24.4 2021", "SRS_ID": null, "ADATGL": 0.0, "DMAX": 0.0, "FNGAIR": 0.0, "JNSSNG": 0.0, "KLSSNG": 0.0, "LTKSGI": 0.0, "NAMWS": null, "STATUS": null, "UKRSGI": 0.0, "WMAX": 0.0, "DBTMXS": 0.0, "NAMDAS": null, "SHAPE_Leng": 0.016810913794202 }, "geometry": { "type": "MultiLineString", "coordinates": [ [ [ 110.515521058421044, -7.534031512599717 ], [ 110.516545749000045, -7.533976664999955 ], [ 110.516963312000087, -7.533963851999943 ], [ 110.517184374000067, -7.53401053999994 ], [ 110.517369562000056, -7.534113914999978 ], [ 110.517772812000032, -7.534816726999964 ], [ 110.518270562000055, -7.535085226999968 ], [ 110.518479187000082, -7.535308289999932 ], [ 110.518735562000074, -7.535589476999974 ], [ 110.518851562000066, -7.535681476999969 ], [ 110.519166624000036, -7.535699664999981 ], [ 110.519710499000041, -7.535817664999968 ], [ 110.519910499000048, -7.535830164999936 ], [ 110.520090812000035, -7.535849101999929 ], [ 110.520098249000057, -7.535849914999972 ], [ 110.520196249000037, -7.535863414999938 ], [ 110.520287937000035, -7.535931976999962 ], [ 110.52042137400008, -7.536145664999935 ], [ 110.520548437000059, -7.536431039999968 ], [ 110.520701312000085, -7.536627851999981 ], [ 110.520730187000083, -7.536654101999943 ], [ 110.521771499000067, -7.53705653999998 ], [ 110.522151312000062, -7.537293101999978 ], [ 110.522380062000082, -7.537415351999925 ], [ 110.522788374000072, -7.537455289999968 ], [ 110.522996999000043, -7.53748385199998 ], [ 110.523281249000036, -7.537629476999939 ], [ 110.523491437000075, -7.537797601999955 ], [ 110.523629874000051, -7.538000101999955 ], [ 110.523741624000081, -7.538325914999973 ], [ 110.523776124000051, -7.538660039999968 ] ] ] } },
{ "type": "Feature", "properties": { "fid": 49, "NAMOBJ": null, "FCODE": null, "REMARK": "Alur Sungai", "METADATA": "2017; RBI KSP SK 24.4 2021", "SRS_ID": null, "ADATGL": 0.0, "DMAX": 0.0, "FNGAIR": 0.0, "JNSSNG": 0.0, "KLSSNG": 0.0, "LTKSGI": 0.0, "NAMWS": null, "STATUS": null, "UKRSGI": 0.0, "WMAX": 0.0, "DBTMXS": 0.0, "NAMDAS": null, "SHAPE_Leng": 0.0126772950356 }, "geometry": { "type": "MultiLineString", "coordinates": [ [ [ 110.503581562000079, -7.546651976999954 ], [ 110.503652812000041, -7.546662101999971 ], [ 110.50373462400006, -7.546673914999928 ], [ 110.503980624000064, -7.546709039999939 ], [ 110.50431612400007, -7.546850289999952 ], [ 110.504478687000073, -7.546907289999979 ], [ 110.504827062000061, -7.547032164999962 ], [ 110.505493749000038, -7.547426539999947 ], [ 110.505616562000057, -7.547498851999933 ], [ 110.505832999000063, -7.547650851999947 ], [ 110.506039687000055, -7.547798726999929 ], [ 110.506280312000058, -7.548061289999964 ], [ 110.506503562000034, -7.548312414999941 ], [ 110.506649499000048, -7.548411289999933 ], [ 110.506960062000076, -7.548600101999966 ], [ 110.507179437000048, -7.548736539999936 ], [ 110.507415562000062, -7.548883414999978 ], [ 110.507631874000083, -7.549043164999944 ], [ 110.507885687000055, -7.549193164999963 ], [ 110.508067562000065, -7.549242101999937 ], [ 110.508135312000036, -7.549241539999969 ], [ 110.508271687000047, -7.549240414999929 ], [ 110.508654124000088, -7.549253601999965 ], [ 110.508761562000075, -7.549323226999945 ], [ 110.508823249000045, -7.549463476999961 ], [ 110.509119374000079, -7.549658789999967 ], [ 110.509471937000058, -7.549875226999973 ], [ 110.509682374000079, -7.549887101999957 ], [ 110.510078499000088, -7.549916601999939 ], [ 110.510273062000067, -7.550008914999978 ], [ 110.510676874000069, -7.550313539999934 ], [ 110.51108981200008, -7.550544976999959 ], [ 110.511556562000067, -7.550840601999937 ], [ 110.511832374000051, -7.550975476999952 ], [ 110.512143749000074, -7.55104066499996 ], [ 110.512617624000086, -7.551187664999929 ], [ 110.513414499000078, -7.551503664999927 ], [ 110.513827312000046, -7.551723851999952 ], [ 110.514147874000059, -7.552010289999942 ], [ 110.514283937000073, -7.552197539999952 ], [ 110.514327062000064, -7.552283726999974 ], [ 110.514410999000063, -7.552482789999942 ] ] ] } },
{ "type": "Feature", "properties": { "fid": 50, "NAMOBJ": null, "FCODE": null, "REMARK": "Alur Sungai", "METADATA": "2017; RBI KSP SK 24.4 2021", "SRS_ID": null, "ADATGL": 0.0, "DMAX": 0.0, "FNGAIR": 0.0, "JNSSNG": 0.0, "KLSSNG": 0.0, "LTKSGI": 0.0, "NAMWS": null, "STATUS": null, "UKRSGI": 0.0, "WMAX": 0.0, "DBTMXS": 0.0, "NAMDAS": null, "SHAPE_Leng": 0.0064824854925789998 }, "geometry": { "type": "MultiLineString", "coordinates": [ [ [ 110.49929843700005, -7.543449101999954 ], [ 110.499369499000068, -7.54345528999994 ], [ 110.499692687000049, -7.543435664999947 ], [ 110.49986799900006, -7.543447539999931 ], [ 110.5, -7.543459697999936 ], [ 110.500000268000065, -7.543459722999955 ], [ 110.500000312000054, -7.54345972699997 ], [ 110.50023924900006, -7.54348178999993 ], [ 110.500266249000049, -7.543479976999947 ], [ 110.500479187000053, -7.543468601999962 ], [ 110.500784562000035, -7.543436414999974 ], [ 110.500986687000079, -7.543400476999977 ], [ 110.50110931200004, -7.54335660199996 ], [ 110.501446749000081, -7.543235914999968 ], [ 110.501449062000063, -7.543235476999939 ], [ 110.501543937000065, -7.54321716499993 ], [ 110.501675624000086, -7.543229976999953 ], [ 110.501721624000083, -7.543246101999955 ], [ 110.501884937000057, -7.543302851999954 ], [ 110.502029874000073, -7.54333666499997 ], [ 110.502269562000038, -7.543344601999934 ], [ 110.502360249000048, -7.543344164999951 ], [ 110.502474124000059, -7.543354101999967 ], [ 110.502601249000065, -7.543379351999931 ], [ 110.50284793700007, -7.543391664999945 ], [ 110.502894937000065, -7.543402164999975 ], [ 110.502896062000048, -7.543402414999946 ], [ 110.503024374000063, -7.543431601999941 ], [ 110.503051624000079, -7.54343722699997 ], [ 110.503269749000083, -7.543526351999958 ], [ 110.50339918700007, -7.543582726999944 ], [ 110.503575999000077, -7.543612914999926 ], [ 110.503903312000034, -7.543633789999944 ], [ 110.50405874900008, -7.543680851999966 ], [ 110.504377124000086, -7.543825351999942 ], [ 110.504700374000038, -7.543982414999959 ], [ 110.50475606200007, -7.544015101999946 ], [ 110.504936624000038, -7.54415516499995 ], [ 110.505016812000065, -7.544239351999977 ], [ 110.505098624000084, -7.54433303999997 ], [ 110.505180687000063, -7.544379914999979 ], [ 110.505250999000054, -7.544415164999975 ], [ 110.505297874000064, -7.544461914999943 ], [ 110.505344624000088, -7.54459066499993 ] ] ] } },
{ "type": "Feature", "properties": { "fid": 51, "NAMOBJ": null, "FCODE": null, "REMARK": "Sungai Satu Garis", "METADATA": "2017; RBI KSP SK 24.4 2021", "SRS_ID": null, "ADATGL": 0.0, "DMAX": 0.0, "FNGAIR": 0.0, "JNSSNG": 0.0, "KLSSNG": 0.0, "LTKSGI": 0.0, "NAMWS": null, "STATUS": null, "UKRSGI": 0.0, "WMAX": 0.0, "DBTMXS": 0.0, "NAMDAS": null, "SHAPE_Leng": 0.037264423292484 }, "geometry": { "type": "MultiLineString", "coordinates": [ [ [ 110.49802737400006, -7.541991726999981 ], [ 110.498142124000083, -7.541959976999976 ], [ 110.498408624000035, -7.541883914999971 ], [ 110.498703062000061, -7.541912164999928 ], [ 110.499106187000052, -7.541961539999932 ], [ 110.499240624000038, -7.542011351999975 ], [ 110.499589437000054, -7.542206976999978 ], [ 110.499690187000056, -7.542232101999957 ], [ 110.49988062400007, -7.542240851999964 ], [ 110.5, -7.542239729999949 ], [ 110.50000026400005, -7.54223972799997 ], [ 110.500000312000054, -7.542239726999981 ], [ 110.50014993700006, -7.54223835199997 ], [ 110.500547624000035, -7.542297101999964 ], [ 110.500829249000049, -7.542338726999958 ], [ 110.501109937000081, -7.542276601999959 ], [ 110.501273499000035, -7.542178726999964 ], [ 110.501450374000058, -7.542050601999961 ], [ 110.501705374000039, -7.541865851999944 ], [ 110.501814499000034, -7.541845789999968 ], [ 110.501968249000072, -7.541869414999951 ], [ 110.50207587400007, -7.541942289999952 ], [ 110.502225812000063, -7.542026289999967 ], [ 110.502340374000084, -7.542017164999947 ], [ 110.502553999000042, -7.541991726999981 ], [ 110.502857812000059, -7.541969039999969 ], [ 110.50305049900004, -7.541934789999971 ], [ 110.503064312000049, -7.541931914999964 ], [ 110.503225937000082, -7.541991164999956 ], [ 110.503335812000046, -7.542019539999956 ], [ 110.503467499000067, -7.542053476999968 ], [ 110.503583999000057, -7.542086851999954 ], [ 110.503630999000052, -7.542100601999948 ], [ 110.50369031200006, -7.542120789999956 ], [ 110.503730937000057, -7.542106414999978 ], [ 110.503960812000059, -7.542002289999971 ], [ 110.504136437000057, -7.541922726999928 ], [ 110.504415312000049, -7.541860664999945 ], [ 110.504697374000045, -7.541800164999927 ], [ 110.504733999000052, -7.541790664999951 ], [ 110.504783124000085, -7.541778601999965 ], [ 110.504864374000078, -7.541755601999967 ], [ 110.504920437000067, -7.541730539999946 ], [ 110.504943499000035, -7.541715851999982 ], [ 110.504957312000045, -7.541705539999953 ], [ 110.504974687000072, -7.541690039999935 ], [ 110.50502749900005, -7.541619226999956 ], [ 110.505123624000078, -7.541581414999939 ], [ 110.505158249000033, -7.54156760199993 ], [ 110.505182499000057, -7.541559039999981 ], [ 110.505309749000048, -7.541542226999979 ], [ 110.505371812000078, -7.541534101999957 ] ], [ [ 110.505371812000078, -7.541534101999957 ], [ 110.505720499000063, -7.54156285199997 ], [ 110.505945687000064, -7.541575414999954 ], [ 110.506178187000046, -7.541585726999926 ], [ 110.506220624000036, -7.541579976999969 ], [ 110.50631893700006, -7.541489851999927 ], [ 110.506415687000072, -7.541226664999954 ], [ 110.506470687000046, -7.541126601999963 ], [ 110.506646249000084, -7.541031914999962 ], [ 110.506759437000085, -7.541028851999954 ], [ 110.506898062000062, -7.541127039999935 ], [ 110.507007874000067, -7.541227289999938 ], [ 110.50716643700008, -7.541103914999951 ], [ 110.507257999000046, -7.541034601999968 ], [ 110.507681687000058, -7.54101185199994 ], [ 110.508253312000079, -7.54130010199998 ], [ 110.508573062000039, -7.541459539999948 ], [ 110.509104437000076, -7.541586914999925 ], [ 110.509442374000059, -7.541712414999949 ], [ 110.509721374000037, -7.541911351999943 ], [ 110.510174562000088, -7.542242914999974 ], [ 110.510479749000069, -7.542412601999956 ], [ 110.51078562400005, -7.542509851999966 ], [ 110.511264999000048, -7.542562726999961 ], [ 110.511643062000076, -7.542574351999974 ], [ 110.511842312000056, -7.542564226999957 ], [ 110.512535374000038, -7.543023914999935 ], [ 110.512703687000055, -7.543128914999954 ], [ 110.512851499000078, -7.543139851999968 ], [ 110.513071124000078, -7.543116039999973 ], [ 110.513208312000074, -7.543159414999934 ], [ 110.513521437000065, -7.54348478999998 ], [ 110.513767249000068, -7.543657164999956 ], [ 110.514260437000075, -7.543786226999941 ], [ 110.514413562000072, -7.543802601999971 ], [ 110.51453837400004, -7.543548289999933 ], [ 110.514592749000087, -7.543456539999966 ], [ 110.51469256200005, -7.543431976999955 ], [ 110.514836499000069, -7.543518664999965 ], [ 110.515104749000045, -7.54386003999997 ], [ 110.515390312000079, -7.544197414999928 ], [ 110.51602106200005, -7.544552476999968 ], [ 110.516311999000038, -7.544711851999978 ], [ 110.516521687000079, -7.544891914999937 ], [ 110.516601624000089, -7.545005601999947 ], [ 110.516600062000066, -7.545149976999937 ], [ 110.516528749000088, -7.545357789999969 ], [ 110.516553687000055, -7.54544941499995 ], [ 110.516725937000047, -7.545595851999963 ], [ 110.516861624000057, -7.545750039999973 ], [ 110.517028187000051, -7.545851414999959 ], [ 110.517182249000086, -7.545890226999973 ], [ 110.517485312000076, -7.54567703999993 ], [ 110.517887749000067, -7.545510289999982 ], [ 110.518025499000089, -7.545453164999969 ], [ 110.518146499000068, -7.545383726999944 ], [ 110.518247624000082, -7.545194976999937 ], [ 110.518259312000055, -7.544976664999979 ], [ 110.518248062000055, -7.544818539999937 ], [ 110.518296187000033, -7.544698914999969 ], [ 110.518503624000061, -7.544535414999928 ], [ 110.518777562000082, -7.544382976999941 ], [ 110.518973062000043, -7.54426978999993 ], [ 110.519122124000035, -7.544245476999947 ], [ 110.519260687000042, -7.544302476999974 ], [ 110.519393687000047, -7.544458851999934 ], [ 110.519463937000069, -7.54463278999998 ], [ 110.519463874000053, -7.544825414999934 ], [ 110.51942968700007, -7.545025601999953 ], [ 110.519542124000054, -7.545240601999978 ], [ 110.519659562000072, -7.545592476999957 ], [ 110.519711249000068, -7.545710601999929 ], [ 110.519794124000043, -7.54576235199994 ], [ 110.520372812000062, -7.545482976999949 ], [ 110.520545749000064, -7.545414164999954 ], [ 110.520831937000082, -7.545424976999925 ], [ 110.521796624000046, -7.545394289999933 ], [ 110.521896499000036, -7.54541028999995 ], [ 110.521978624000042, -7.545529476999945 ], [ 110.521965999000088, -7.545712789999925 ], [ 110.521936874000062, -7.545866976999946 ], [ 110.522325562000049, -7.546092101999932 ], [ 110.522520499000052, -7.546293976999948 ], [ 110.522879812000042, -7.546468664999963 ], [ 110.523220062000064, -7.547120289999953 ], [ 110.523260312000048, -7.547397414999978 ], [ 110.523268937000068, -7.547593601999949 ], [ 110.523322874000087, -7.547690476999946 ], [ 110.523486749000085, -7.547780976999945 ], [ 110.523827124000036, -7.547799726999926 ], [ 110.524005124000041, -7.547805101999927 ], [ 110.524246187000074, -7.547888601999944 ], [ 110.524341937000088, -7.547970789999965 ], [ 110.52434893700007, -7.54826835199998 ], [ 110.52433187400004, -7.548538601999951 ], [ 110.524374249000061, -7.548779789999969 ], [ 110.524497687000064, -7.548988976999965 ], [ 110.524681249000082, -7.549138226999958 ], [ 110.524958812000079, -7.54925441499995 ], [ 110.52535799900005, -7.549381601999926 ], [ 110.525827937000088, -7.549658601999965 ], [ 110.525981687000069, -7.549749289999966 ], [ 110.526148062000061, -7.549739664999947 ], [ 110.526289124000073, -7.549712476999957 ], [ 110.526390374000073, -7.549746351999943 ], [ 110.526467624000077, -7.550136226999939 ], [ 110.526499562000083, -7.55036772699998 ], [ 110.526555249000069, -7.550468601999967 ], [ 110.526858562000086, -7.550597226999969 ] ] ] } },
{ "type": "Feature", "properties": { "fid": 52, "NAMOBJ": null, "FCODE": null, "REMARK": "Alur Sungai", "METADATA": "2017; RBI KSP SK 24.4 2021", "SRS_ID": null, "ADATGL": 0.0, "DMAX": 0.0, "FNGAIR": 0.0, "JNSSNG": 0.0, "KLSSNG": 0.0, "LTKSGI": 0.0, "NAMWS": null, "STATUS": null, "UKRSGI": 0.0, "WMAX": 0.0, "DBTMXS": 0.0, "NAMDAS": null, "SHAPE_Leng": 0.070760065037577993 }, "geometry": { "type": "MultiLineString", "coordinates": [ [ [ 110.497196652231608, -7.585186437108837 ], [ 110.49721687400006, -7.585204476999934 ], [ 110.497256062000076, -7.585286976999953 ], [ 110.497266519563965, -7.585493180030896 ] ], [ [ 110.497853449058098, -7.586471117672799 ], [ 110.497919312000079, -7.586483789999932 ], [ 110.49801824900004, -7.586442164999937 ], [ 110.498277687000041, -7.586298476999957 ], [ 110.498316749000082, -7.586348351999959 ], [ 110.498413624000079, -7.586534664999931 ], [ 110.498525501715079, -7.586629599096627 ] ], [ [ 110.498935530088886, -7.587628493894367 ], [ 110.499062374000061, -7.587807789999943 ], [ 110.499202187000037, -7.587820976999978 ], [ 110.499356937000073, -7.587798226999951 ], [ 110.49955037400008, -7.587699789999931 ], [ 110.499707124000054, -7.587578664999967 ], [ 110.499726062000036, -7.58748791499994 ], [ 110.499685812000052, -7.587350664999974 ], [ 110.499637499000073, -7.587275164999937 ], [ 110.499637187000076, -7.587259976999974 ], [ 110.49963605423099, -7.587201097798943 ] ], [ [ 110.499635449167997, -7.587167773734253 ], [ 110.499634312000069, -7.587104789999955 ], [ 110.499661562000085, -7.587033101999964 ], [ 110.499762812000085, -7.586968789999958 ], [ 110.499849312000038, -7.586965289999966 ], [ 110.5, -7.587009947999945 ], [ 110.500000250000085, -7.587010021999959 ], [ 110.500000312000054, -7.587010039999939 ], [ 110.500396187000035, -7.587199039999973 ], [ 110.500405582602141, -7.587242997697128 ] ], [ [ 110.500537185019567, -7.587660839646684 ], [ 110.500593499000047, -7.587765289999936 ], [ 110.50059714216718, -7.58776929554248 ] ], [ [ 110.501121960421813, -7.588932985994916 ], [ 110.501136374000055, -7.588931914999932 ], [ 110.501211624000064, -7.588874476999933 ], [ 110.50134156200005, -7.588749351999979 ], [ 110.501462562000086, -7.588689789999933 ], [ 110.501511937000089, -7.588666789999934 ], [ 110.501654812000083, -7.58862441499997 ], [ 110.501836187000038, -7.588592726999934 ], [ 110.501863499000081, -7.588587976999975 ], [ 110.502320499000064, -7.588454476999971 ], [ 110.502341312000055, -7.588461664999954 ], [ 110.502400187000035, -7.588516476999928 ], [ 110.502588624000055, -7.588727414999937 ], [ 110.502788249000048, -7.588795851999976 ], [ 110.502952874000073, -7.588803476999942 ], [ 110.50363337400006, -7.588791164999975 ], [ 110.503666374000034, -7.58880260199993 ], [ 110.503733404448354, -7.588831214400642 ] ], [ [ 110.503822994849443, -7.588869400723277 ], [ 110.503907687000037, -7.588905476999969 ], [ 110.503991874000064, -7.589008476999936 ], [ 110.503990948135012, -7.589013780801886 ] ], [ [ 110.503943250709781, -7.589324754437057 ], [ 110.503960124000059, -7.589391976999934 ], [ 110.504002687000082, -7.589459289999979 ], [ 110.504040187000044, -7.589467351999929 ], [ 110.504164812000056, -7.589432726999974 ], [ 110.504317999000079, -7.589385164999953 ], [ 110.504422812000087, -7.589399476999972 ], [ 110.504440249000083, -7.589406164999957 ], [ 110.504498374000036, -7.589501664999943 ], [ 110.504562124000074, -7.589635289999933 ], [ 110.50458074900007, -7.589670976999969 ], [ 110.504747624000061, -7.589844351999943 ], [ 110.504910124000048, -7.589916414999948 ], [ 110.505044312000052, -7.589935351999941 ], [ 110.505478999000047, -7.589987414999939 ] ], [ [ 110.490842270241416, -7.580321767246777 ], [ 110.490908624000042, -7.580397226999935 ], [ 110.490966687000082, -7.580520726999964 ], [ 110.490949386269406, -7.580584461816003 ] ], [ [ 110.490546011368934, -7.581836094256583 ], [ 110.490565272382995, -7.581901823595079 ] ], [ [ 110.49059204084611, -7.581941309597036 ], [ 110.490678312000057, -7.582013851999932 ], [ 110.49088312400005, -7.582104539999932 ], [ 110.491117874000054, -7.582130914999937 ], [ 110.491628437000088, -7.58216247699994 ], [ 110.492135062000045, -7.582217789999959 ], [ 110.492176499000038, -7.582179226999926 ], [ 110.492202018691515, -7.582142726479671 ] ], [ [ 110.492423171513778, -7.581826414149804 ], [ 110.492436499000064, -7.581807351999942 ], [ 110.492456530875359, -7.581795439841097 ] ], [ [ 110.49248884132254, -7.581776226104304 ], [ 110.492539499000088, -7.581746101999954 ], [ 110.492595714098243, -7.581764286484234 ] ], [ [ 110.49262841578863, -7.581774864841198 ], [ 110.492645187000051, -7.581780289999926 ], [ 110.492660135112104, -7.581789675891563 ] ], [ [ 110.492760769188905, -7.581852863840444 ], [ 110.492866062000076, -7.58191897699993 ], [ 110.492892320366025, -7.581958654772572 ] ], [ [ 110.493249397744819, -7.583778783707201 ], [ 110.493269874000077, -7.583757164999952 ], [ 110.49353093700006, -7.583639351999977 ], [ 110.493625999000074, -7.583588789999965 ], [ 110.493763624000053, -7.583485726999982 ], [ 110.49379113422485, -7.583479531003404 ] ], [ [ 110.493927531624223, -7.583448810868402 ], [ 110.493930124000087, -7.583448226999963 ], [ 110.4939375144141, -7.583454170693645 ] ], [ [ 110.494293021340752, -7.583740084888594 ], [ 110.494295374000046, -7.583741976999931 ], [ 110.494454249000057, -7.583883601999958 ], [ 110.494821312000056, -7.583908726999937 ], [ 110.49521031200004, -7.583889476999957 ], [ 110.495445499000084, -7.583812226999953 ], [ 110.495588937000036, -7.583762976999935 ], [ 110.495673124000064, -7.583744476999925 ], [ 110.495684937000078, -7.583741851999946 ], [ 110.495747437000034, -7.583728101999952 ], [ 110.49584737400005, -7.583690789999935 ], [ 110.495909062000067, -7.583714664999945 ], [ 110.495921171105266, -7.583733706771697 ] ], [ [ 110.495687597975163, -7.585070306740063 ], [ 110.495690499000034, -7.585072039999943 ], [ 110.495913374000054, -7.585203164999939 ], [ 110.496128562000081, -7.585233289999962 ], [ 110.496213999000076, -7.585209164999981 ], [ 110.496471749000079, -7.584899851999978 ], [ 110.496570374000044, -7.584795726999971 ], [ 110.496663249000051, -7.584768726999926 ], [ 110.496680807333846, -7.584774875903014 ] ], [ [ 110.488473312000053, -7.576146226999981 ], [ 110.488475632055952, -7.576193743580282 ] ], [ [ 110.488560357002811, -7.576962353193419 ], [ 110.488567437000086, -7.577000914999928 ], [ 110.488567436403471, -7.577000922301526 ] ], [ [ 110.488696580977617, -7.577470839151307 ], [ 110.488816687000053, -7.577488164999977 ], [ 110.488898829148226, -7.577518211011377 ] ], [ [ 110.489106833973409, -7.577738240248887 ], [ 110.489169187000073, -7.577816539999958 ], [ 110.489265874000068, -7.577910414999963 ], [ 110.489383407598766, -7.57811931595824 ] ], [ [ 110.489440940836374, -7.578217135419457 ], [ 110.489473812000085, -7.578271726999958 ], [ 110.489484142659521, -7.578279657583969 ] ], [ [ 110.489697268023789, -7.578400039804587 ], [ 110.48974187400006, -7.578422601999932 ], [ 110.489784458388613, -7.578473145582332 ] ], [ [ 110.489879114094336, -7.578764546866232 ], [ 110.489886374000037, -7.578808039999956 ], [ 110.489948290193141, -7.579042285436096 ] ], [ [ 110.485465687000044, -7.569851226999958 ], [ 110.485579437000069, -7.570071539999958 ], [ 110.485588249000045, -7.570084226999938 ], [ 110.486058249000052, -7.570760164999967 ], [ 110.486192034543365, -7.570945564136978 ] ], [ [ 110.48632014399422, -7.571131448238457 ], [ 110.486353562000033, -7.571185976999971 ], [ 110.486450119323763, -7.571451714130287 ] ], [ [ 110.486515057734024, -7.571489118179055 ], [ 110.486518937000085, -7.571491351999953 ], [ 110.48652785963921, -7.571498136798171 ] ], [ [ 110.486642379119445, -7.571633102060307 ], [ 110.486782687000073, -7.571841101999951 ], [ 110.4871769062254, -7.572175731007524 ] ], [ [ 110.487389198150296, -7.572536289039847 ], [ 110.487398349547334, -7.572535501040283 ] ], [ [ 110.487635236918166, -7.572480748456863 ], [ 110.487700999000083, -7.572469226999942 ], [ 110.487780124000039, -7.57250978999997 ], [ 110.487808856443039, -7.572553534079055 ] ], [ [ 110.487835746301542, -7.572594472891559 ], [ 110.487835749000055, -7.572594476999939 ], [ 110.487836116794682, -7.572617690612389 ] ], [ [ 110.48783897088974, -7.572821876842263 ], [ 110.487841436579828, -7.573014632149964 ] ], [ [ 110.48812052654003, -7.573108616964745 ], [ 110.488246374000084, -7.573218289999943 ], [ 110.48828349508257, -7.573295378114632 ] ], [ [ 110.488238018730641, -7.573776562667593 ], [ 110.488240187000088, -7.573785976999943 ], [ 110.488353562000043, -7.574149851999948 ], [ 110.488445812000066, -7.574247476999972 ], [ 110.488538249000044, -7.574370476999945 ], [ 110.48853825043085, -7.574370498242521 ] ], [ [ 110.488538619356873, -7.574375975555495 ], [ 110.488552562000052, -7.574582976999977 ], [ 110.488619312000083, -7.574678914999936 ], [ 110.488723103054113, -7.574812825105414 ] ], [ [ 110.488728909494057, -7.574820316511985 ], [ 110.488728937000076, -7.574820351999961 ], [ 110.488686306363618, -7.574947617283185 ] ], [ [ 110.48863565848896, -7.575075895242342 ], [ 110.488592812000036, -7.575157101999935 ], [ 110.488490062000039, -7.575366539999948 ], [ 110.488588999000058, -7.575546039999949 ], [ 110.488588991106624, -7.575546068307424 ] ], [ [ 110.488473596710563, -7.576112306521045 ], [ 110.488473312000053, -7.576146226999981 ] ], [ [ 110.483006641047467, -7.565505283040519 ], [ 110.483016312000075, -7.565512601999956 ], [ 110.483034788421989, -7.565559286277055 ] ], [ [ 110.48324049314428, -7.565993554948088 ], [ 110.483255937000081, -7.566016226999977 ], [ 110.483389437000085, -7.566242789999933 ], [ 110.483452988536868, -7.566347585842183 ] ], [ [ 110.483568717362829, -7.566443647847742 ], [ 110.48358156200004, -7.566449664999936 ], [ 110.483610095421994, -7.566459231370008 ] ], [ [ 110.483936959769309, -7.566614537319575 ], [ 110.48395987400005, -7.566646289999937 ], [ 110.483971687000064, -7.566743289999977 ], [ 110.483992312000055, -7.567038289999971 ], [ 110.484030099878055, -7.567256195377349 ] ], [ [ 110.48402383772175, -7.567748428742513 ], [ 110.484003124000083, -7.567805039999939 ], [ 110.484034374000089, -7.567944414999943 ], [ 110.48407625109752, -7.568014616789619 ] ], [ [ 110.484235060183394, -7.568235663050032 ], [ 110.484363312000085, -7.568401164999955 ], [ 110.484392755565082, -7.568496200665228 ] ], [ [ 110.484505441212647, -7.568908855272758 ], [ 110.484511508115389, -7.56891356873643 ] ], [ [ 110.485163935713288, -7.569421311868656 ], [ 110.485296187000074, -7.569558976999929 ], [ 110.485362460576141, -7.569622682191953 ] ], [ [ 110.485406503936247, -7.569699631412574 ], [ 110.485465687000044, -7.569851226999958 ] ], [ [ 110.467753694652302, -7.54764053199085 ], [ 110.467756874000088, -7.54764253999997 ], [ 110.467771773911025, -7.54766393401322 ] ], [ [ 110.467924274688443, -7.547890041004947 ], [ 110.467941499000062, -7.547921914999961 ], [ 110.467956425889042, -7.547939740449935 ] ], [ [ 110.468139508590028, -7.54812812952854 ], [ 110.468213562000074, -7.548181976999956 ], [ 110.468228874000033, -7.548187664999944 ], [ 110.468359249000059, -7.548233851999953 ], [ 110.468417300198638, -7.548273924860128 ] ], [ [ 110.468572781373908, -7.548369481067509 ], [ 110.46860812400007, -7.548389851999957 ], [ 110.468611597123129, -7.548391105834995 ] ], [ [ 110.468898167436308, -7.548493227391345 ], [ 110.468920937000064, -7.54849947699995 ], [ 110.468942568560252, -7.548501056447207 ] ], [ [ 110.469359488775879, -7.548564223969313 ], [ 110.469359499000063, -7.548564226999929 ], [ 110.469371105874387, -7.548570154231965 ] ], [ [ 110.469544850729946, -7.548661851278333 ], [ 110.46955224900006, -7.548666664999928 ], [ 110.469595660794326, -7.548712131324125 ] ], [ [ 110.469636358777834, -7.548756320767261 ], [ 110.469638624000083, -7.548762539999927 ], [ 110.469645812000067, -7.548865789999979 ], [ 110.469645812000067, -7.54887860595784 ] ], [ [ 110.469645854659007, -7.548890758034148 ], [ 110.46964618700008, -7.54898253999994 ], [ 110.469656562000068, -7.549128789999941 ], [ 110.469674499000064, -7.549265851999962 ], [ 110.469687819023122, -7.549376237873177 ] ], [ [ 110.469697928849357, -7.549421313124804 ], [ 110.46972499900005, -7.549514539999961 ], [ 110.46972975189054, -7.549525253170892 ] ], [ [ 110.469765617248868, -7.549582652996299 ], [ 110.469809437000038, -7.549650289999931 ], [ 110.469819745007015, -7.549663433834156 ] ], [ [ 110.469893849930102, -7.549749173008893 ], [ 110.469985562000033, -7.549851726999975 ], [ 110.470104638435956, -7.549971623574359 ] ], [ [ 110.470209269320065, -7.55006177971477 ], [ 110.470259437000038, -7.550103539999952 ], [ 110.470364499000084, -7.55017128999998 ], [ 110.470378749000076, -7.55017935199993 ], [ 110.470424177121515, -7.550200271649874 ] ], [ [ 110.470544095482396, -7.550259853334732 ], [ 110.470578624000041, -7.550278289999937 ], [ 110.470698999000035, -7.550368851999963 ], [ 110.470766081305968, -7.550418777605041 ] ], [ [ 110.470923615656389, -7.550505448216944 ], [ 110.470991624000078, -7.550531851999949 ], [ 110.471011999000041, -7.550537414999951 ], [ 110.471025699097808, -7.550541011924468 ] ], [ [ 110.471266075426001, -7.55061209295144 ], [ 110.471308874000044, -7.55062647699998 ], [ 110.471396525152073, -7.550661017780798 ] ], [ [ 110.471623527428818, -7.550758901690769 ], [ 110.471682562000069, -7.550785726999948 ], [ 110.471877999000071, -7.550881414999935 ], [ 110.471927312000048, -7.550911914999972 ], [ 110.472039237284633, -7.550992387489415 ] ], [ [ 110.472149427442446, -7.55107758662913 ], [ 110.472216437000043, -7.551134601999934 ], [ 110.472412326377366, -7.551304349761351 ] ], [ [ 110.473151590488811, -7.551940459548153 ], [ 110.473231062000082, -7.551992164999945 ], [ 110.473335187000089, -7.552068101999964 ], [ 110.473364439249451, -7.552079835744343 ] ], [ [ 110.473439738215433, -7.552102977888319 ], [ 110.473449249000055, -7.552104226999973 ], [ 110.473490777877828, -7.552105384113146 ] ], [ [ 110.474220351917211, -7.552210722394208 ], [ 110.474226499000054, -7.552215976999946 ], [ 110.474311562000082, -7.552327414999979 ], [ 110.474338975908623, -7.552397412176929 ] ], [ [ 110.474386521435051, -7.552520013870154 ], [ 110.474389249000069, -7.552527539999971 ], [ 110.474435040863909, -7.552644977050702 ] ], [ [ 110.474455189590941, -7.55269541696054 ], [ 110.474510874000089, -7.552826664999941 ], [ 110.474546479894485, -7.552899638812993 ] ], [ [ 110.47465790139708, -7.553146715152047 ], [ 110.474668437000048, -7.553189789999976 ], [ 110.474685499000088, -7.553293351999969 ], [ 110.474687774143916, -7.553310746374065 ] ], [ [ 110.474894859280397, -7.553620284621379 ], [ 110.474937374000035, -7.553674039999976 ], [ 110.475031574295883, -7.553786324593291 ] ], [ [ 110.475451762967239, -7.55407868354399 ], [ 110.475502812000059, -7.554104351999968 ], [ 110.475556272647779, -7.554135379569352 ] ], [ [ 110.476295858499753, -7.554690102408802 ], [ 110.476486374000046, -7.554869726999925 ], [ 110.476513687000079, -7.554900226999962 ], [ 110.476647948892776, -7.555071797792012 ] ], [ [ 110.476761891643704, -7.555217699933256 ], [ 110.476775874000055, -7.555236101999981 ], [ 110.476889753072385, -7.555366049562786 ] ], [ [ 110.477004385492151, -7.555485566472901 ], [ 110.477008242458353, -7.555488721648548 ] ], [ [ 110.477192913264844, -7.555597514390819 ], [ 110.477203062000058, -7.555600289999973 ], [ 110.477267701871128, -7.555614145760813 ] ], [ [ 110.477447553582266, -7.555649177334435 ], [ 110.477476999000089, -7.555658226999981 ], [ 110.477481435079838, -7.555666772948411 ] ], [ [ 110.477483019366829, -7.555679122913891 ], [ 110.477481874000034, -7.555690351999942 ], [ 110.477486520062584, -7.555703000933339 ] ], [ [ 110.477529507078302, -7.555794841457752 ], [ 110.477531733362682, -7.555799507227718 ] ], [ [ 110.477542433930893, -7.555817001778398 ], [ 110.477601812000046, -7.555914039999948 ], [ 110.477676187000043, -7.556057976999966 ], [ 110.477742812000088, -7.556294726999965 ], [ 110.477743581650017, -7.556298385336019 ] ], [ [ 110.47778773147752, -7.556687279705294 ], [ 110.477786437000077, -7.556694476999951 ], [ 110.477731812000059, -7.556865226999946 ], [ 110.477730022438564, -7.556869423859477 ] ], [ [ 110.477620295747016, -7.557197132014665 ], [ 110.477618687000074, -7.557205164999971 ], [ 110.477607124000087, -7.557374789999926 ], [ 110.47760687400006, -7.55749160199997 ], [ 110.477609363268058, -7.557549388578689 ] ], [ [ 110.477608566571519, -7.558246219480694 ], [ 110.477610437000067, -7.558253289999925 ], [ 110.47764131200006, -7.558303289999969 ], [ 110.477793479522788, -7.558481702326397 ] ], [ [ 110.478142877362473, -7.558948307718108 ], [ 110.478167864360728, -7.558972905510784 ] ], [ [ 110.478276868978796, -7.558978279867818 ], [ 110.478280874000063, -7.558978476999926 ], [ 110.478525187000059, -7.558997726999962 ], [ 110.478574675924762, -7.559033666386975 ] ], [ [ 110.478604603215331, -7.55905539990583 ], [ 110.47860462400007, -7.559055414999932 ], [ 110.478621631944804, -7.559097539803521 ] ], [ [ 110.478688052938296, -7.559431254484769 ], [ 110.478688812000087, -7.559703414999944 ], [ 110.478732689493683, -7.55977957576197 ] ], [ [ 110.478757887996778, -7.559823295584124 ], [ 110.478772772597381, -7.55982923399991 ] ], [ [ 110.479081425600953, -7.560065045349153 ], [ 110.479106812000055, -7.560154226999941 ], [ 110.47917631200005, -7.560326664999934 ], [ 110.479230395494184, -7.56042752355886 ] ], [ [ 110.47936294084586, -7.560770512986783 ], [ 110.479377749000037, -7.560842914999967 ], [ 110.479439249000052, -7.561240851999969 ], [ 110.479445437000038, -7.561298664999981 ], [ 110.479464685355453, -7.561403553927454 ] ], [ [ 110.479659543188703, -7.561778019319457 ], [ 110.479699874000062, -7.561799789999952 ], [ 110.479710893131085, -7.561804519323589 ] ], [ [ 110.480012515743255, -7.561961983545233 ], [ 110.480018999000038, -7.561966414999972 ], [ 110.480046658044088, -7.561989458138673 ] ], [ [ 110.4802748901256, -7.562182800872289 ], [ 110.480304999000055, -7.562212414999976 ], [ 110.480363499000077, -7.562246101999961 ], [ 110.480364427013626, -7.562246597833912 ] ], [ [ 110.480469576372073, -7.56232853489814 ], [ 110.480509187000052, -7.562363976999961 ], [ 110.480518687000085, -7.562373414999968 ], [ 110.480595624000046, -7.562491976999979 ], [ 110.480792582602746, -7.562847016135798 ] ], [ [ 110.480972900184597, -7.56307308463615 ], [ 110.481048249000082, -7.563133789999938 ], [ 110.481158347670572, -7.563181591550568 ] ], [ [ 110.481407509944148, -7.563349782990202 ], [ 110.481416437000064, -7.563357039999971 ], [ 110.481416439475638, -7.563357042695571 ] ], [ [ 110.481429889338926, -7.563371687978108 ], [ 110.481621062000045, -7.563579851999975 ], [ 110.481653210041145, -7.563626036142251 ] ], [ [ 110.482105205780968, -7.563928834256653 ], [ 110.482146187000069, -7.56397816499998 ], [ 110.48217523884108, -7.564061161257252 ] ], [ [ 110.482241069387669, -7.564199207306793 ], [ 110.482287062000069, -7.564268851999941 ], [ 110.482358187000045, -7.564377539999953 ], [ 110.48237262400005, -7.56450953999996 ], [ 110.482378437000079, -7.564674101999969 ], [ 110.482406761206377, -7.564771146792814 ] ], [ [ 110.482415972341286, -7.564809586462096 ], [ 110.48243274128258, -7.564898561051733 ] ] ] } },
{ "type": "Feature", "properties": { "fid": 53, "NAMOBJ": null, "FCODE": null, "REMARK": "Alur Sungai", "METADATA": "2017; RBI KSP SK 24.4 2021", "SRS_ID": null, "ADATGL": 0.0, "DMAX": 0.0, "FNGAIR": 0.0, "JNSSNG": 0.0, "KLSSNG": 0.0, "LTKSGI": 0.0, "NAMWS": null, "STATUS": null, "UKRSGI": 0.0, "WMAX": 0.0, "DBTMXS": 0.0, "NAMDAS": null, "SHAPE_Leng": 0.0033918135774459999 }, "geometry": { "type": "MultiLineString", "coordinates": [ [ [ 110.498134124000046, -7.551511101999949 ], [ 110.498358874000076, -7.55150847699997 ], [ 110.498483812000075, -7.551567164999938 ], [ 110.498564874000067, -7.551656664999939 ], [ 110.498745624000037, -7.551861914999961 ], [ 110.498757874000034, -7.551875914999925 ], [ 110.498883874000057, -7.551887726999951 ], [ 110.499033624000049, -7.551912039999934 ], [ 110.49928974900007, -7.551920351999968 ], [ 110.499541999000087, -7.551916414999937 ], [ 110.49968612400005, -7.551913101999958 ], [ 110.499828437000076, -7.551906039999949 ], [ 110.499894124000036, -7.551905476999934 ], [ 110.49990574900005, -7.551907164999932 ], [ 110.5, -7.551917815999957 ], [ 110.500000245000081, -7.551917843999945 ], [ 110.500000287000034, -7.551917848999949 ], [ 110.500000313000044, -7.551917851999974 ], [ 110.500019562000034, -7.551919976999955 ], [ 110.500251312000046, -7.551905226999963 ], [ 110.500370374000056, -7.551898914999981 ], [ 110.500462562000052, -7.551894039999979 ], [ 110.500485687000037, -7.551890601999958 ], [ 110.50055356200005, -7.551874164999958 ], [ 110.500741124000058, -7.551806101999944 ], [ 110.50093256200006, -7.551711539999928 ], [ 110.500983187000088, -7.551682164999932 ], [ 110.500996437000083, -7.551672914999926 ], [ 110.501046874000053, -7.551622664999968 ], [ 110.501065249000078, -7.551564101999929 ], [ 110.501032687000077, -7.551373414999944 ] ] ] } },
{ "type": "Feature", "properties": { "fid": 54, "NAMOBJ": null, "FCODE": null, "REMARK": "Sungai Satu Garis", "METADATA": "2017; RBI KSP SK 24.4 2021", "SRS_ID": null, "ADATGL": 0.0, "DMAX": 0.0, "FNGAIR": 0.0, "JNSSNG": 0.0, "KLSSNG": 0.0, "LTKSGI": 0.0, "NAMWS": null, "STATUS": null, "UKRSGI": 0.0, "WMAX": 0.0, "DBTMXS": 0.0, "NAMDAS": null, "SHAPE_Leng": 0.055280514788997002 }, "geometry": { "type": "MultiLineString", "coordinates": [ [ [ 110.514944982849613, -7.536363393284483 ], [ 110.514964249000059, -7.536367351999957 ], [ 110.514968999000075, -7.536368351999954 ], [ 110.515298562000055, -7.536425476999966 ], [ 110.515515562000076, -7.536461976999931 ], [ 110.515750062000052, -7.536580164999975 ], [ 110.515798374000042, -7.536627476999968 ], [ 110.516019999000036, -7.536744601999942 ], [ 110.516842374000078, -7.53673028999998 ], [ 110.517135249000034, -7.536734914999954 ], [ 110.517341749000082, -7.536807726999939 ], [ 110.517594999000039, -7.536996914999975 ], [ 110.517810999000062, -7.537186414999951 ], [ 110.518053374000033, -7.537271164999936 ], [ 110.518113374000052, -7.537282289999951 ], [ 110.518569874000036, -7.537245476999942 ], [ 110.518693687000052, -7.537256851999928 ], [ 110.519045624000057, -7.537504789999957 ], [ 110.519140437000033, -7.537574476999964 ], [ 110.519244249000053, -7.537650664999944 ], [ 110.519416062000062, -7.537712226999929 ], [ 110.519704437000087, -7.537694664999947 ], [ 110.519950749000088, -7.537665789999949 ], [ 110.520367874000044, -7.537714226999981 ], [ 110.521053624000047, -7.53785985199994 ], [ 110.52171706200005, -7.537877664999939 ], [ 110.521946124000067, -7.537881351999943 ], [ 110.522465812000064, -7.538183476999961 ], [ 110.522764312000049, -7.538334414999952 ], [ 110.523008437000044, -7.538402539999936 ], [ 110.523776124000051, -7.538660039999968 ] ], [ [ 110.523776124000051, -7.538660039999968 ], [ 110.524066374000085, -7.538913414999968 ], [ 110.524066812000058, -7.538913914999966 ], [ 110.524540687000069, -7.539327476999972 ], [ 110.525004624000076, -7.539516976999948 ], [ 110.525421687000062, -7.539650476999952 ] ], [ [ 110.525421687000062, -7.539650476999952 ], [ 110.52572056200006, -7.539714226999934 ], [ 110.525823937000041, -7.539748789999976 ], [ 110.525919687000055, -7.539782539999976 ], [ 110.525934374000087, -7.53978835199996 ], [ 110.526321749000033, -7.539774914999953 ], [ 110.526512062000052, -7.539756351999927 ], [ 110.52689556200005, -7.539797601999965 ], [ 110.527149874000088, -7.539831351999965 ], [ 110.527802124000061, -7.540035226999976 ], [ 110.528217312000038, -7.540210539999975 ], [ 110.52841274900004, -7.540313476999927 ], [ 110.528836624000064, -7.540364101999955 ], [ 110.529721749000089, -7.540299101999949 ], [ 110.530019437000078, -7.540271289999964 ], [ 110.530210937000049, -7.54015635199994 ], [ 110.530347874000086, -7.54005435199997 ], [ 110.530505374000086, -7.540016289999926 ], [ 110.530621187000065, -7.540039164999939 ], [ 110.53072562400007, -7.540155914999957 ], [ 110.530801187000066, -7.54029535199993 ], [ 110.531186374000072, -7.540367164999964 ], [ 110.531586874000084, -7.540496101999963 ], [ 110.531964062000043, -7.540763226999957 ], [ 110.532121937000056, -7.540900664999981 ], [ 110.532226312000034, -7.541132914999935 ], [ 110.532237562000034, -7.541321601999925 ], [ 110.532191562000037, -7.541566101999933 ], [ 110.532226249000075, -7.541840539999953 ], [ 110.532283187000075, -7.541948039999966 ], [ 110.532600312000056, -7.542125789999943 ], [ 110.532730437000055, -7.542160851999938 ], [ 110.532968124000035, -7.541897476999964 ], [ 110.533076124000047, -7.541784351999979 ], [ 110.533162624000056, -7.541754414999957 ], [ 110.533324187000062, -7.541943164999964 ], [ 110.533493624000073, -7.54230328999995 ], [ 110.533617312000047, -7.542504976999965 ], [ 110.533794999000065, -7.542662101999952 ], [ 110.534001562000071, -7.542758976999949 ], [ 110.534134687000062, -7.542758289999938 ], [ 110.53431824900008, -7.542682789999958 ], [ 110.534414187000039, -7.54269097699995 ], [ 110.534579874000087, -7.542828601999929 ], [ 110.53475706200004, -7.54308335199994 ], [ 110.534968312000046, -7.543372601999977 ], [ 110.535219249000079, -7.543608039999981 ], [ 110.535339187000034, -7.54368141499998 ], [ 110.535476312000071, -7.543688539999948 ], [ 110.535579812000037, -7.543632789999947 ], [ 110.535597812000049, -7.543593789999932 ], [ 110.535669562000066, -7.543543539999973 ], [ 110.536109499000077, -7.543446101999962 ], [ 110.536303124000085, -7.543445414999951 ], [ 110.536507937000067, -7.543511101999968 ], [ 110.536635874000069, -7.543617789999928 ], [ 110.536720624000054, -7.543829914999947 ], [ 110.536766999000065, -7.543965976999971 ], [ 110.537196937000033, -7.544149851999975 ], [ 110.537639062000039, -7.544172164999964 ], [ 110.537875562000067, -7.544226226999967 ], [ 110.538090687000079, -7.544298726999955 ], [ 110.538960124000084, -7.544088539999962 ], [ 110.539257499000087, -7.544028476999927 ], [ 110.539744812000038, -7.54408622699998 ], [ 110.539944249000087, -7.544115851999948 ], [ 110.540017749000071, -7.544114476999937 ] ], [ [ 110.540017749000071, -7.544114476999937 ], [ 110.540560812000081, -7.544285351999974 ], [ 110.540936749000082, -7.544418039999925 ], [ 110.54135143700006, -7.544471914999974 ], [ 110.541775499000039, -7.544471164999948 ], [ 110.542559937000078, -7.544546476999926 ], [ 110.542661812000063, -7.544553976999964 ], [ 110.542980687000068, -7.544572976999973 ] ], [ [ 110.542980687000068, -7.544572976999973 ], [ 110.543111374000034, -7.54471372699993 ], [ 110.543373874000054, -7.545585664999976 ], [ 110.543432187000064, -7.545777414999975 ], [ 110.543730874000062, -7.546071664999943 ], [ 110.544199374000073, -7.546553101999962 ], [ 110.544427874000064, -7.546804289999955 ], [ 110.544963999000061, -7.547126601999935 ], [ 110.545354374000055, -7.547437164999963 ], [ 110.545463874000063, -7.547491039999954 ], [ 110.545779749000076, -7.547563289999971 ], [ 110.545885812000051, -7.547581226999966 ], [ 110.546020374000079, -7.547482226999932 ], [ 110.546126124000068, -7.547359851999943 ], [ 110.546355687000073, -7.547353851999958 ], [ 110.54667756200007, -7.547385039999938 ], [ 110.547378624000089, -7.547420726999974 ], [ 110.54751318700005, -7.547402851999948 ], [ 110.547964937000074, -7.547342539999931 ], [ 110.548242687000084, -7.547304726999926 ], [ 110.548634749000087, -7.547359101999973 ], [ 110.55080018700005, -7.547984226999972 ], [ 110.551836437000077, -7.548275039999965 ] ] ] } },
{ "type": "Feature", "properties": { "fid": 55, "NAMOBJ": "Kali Pengkol", "FCODE": null, "REMARK": "Sungai Satu Garis", "METADATA": "2017; RBI KSP SK 24.4 2021", "SRS_ID": null, "ADATGL": 0.0, "DMAX": 0.0, "FNGAIR": 0.0, "JNSSNG": 0.0, "KLSSNG": 0.0, "LTKSGI": 0.0, "NAMWS": null, "STATUS": null, "UKRSGI": 0.0, "WMAX": 0.0, "DBTMXS": 0.0, "NAMDAS": null, "SHAPE_Leng": 0.015349710571373 }, "geometry": { "type": "MultiLineString", "coordinates": [ [ [ 110.514646193435823, -7.537403345423581 ], [ 110.514878624000062, -7.537535601999934 ], [ 110.515103687000078, -7.537811914999963 ], [ 110.515395812000065, -7.538170101999981 ], [ 110.515597374000038, -7.538413289999937 ], [ 110.515727499000036, -7.538661039999965 ], [ 110.515809687000058, -7.538934539999957 ], [ 110.515892499000074, -7.53906991499997 ], [ 110.516008499000066, -7.539149351999981 ], [ 110.516677124000068, -7.539098101999969 ], [ 110.517218312000068, -7.539006101999973 ], [ 110.517579874000035, -7.538944914999945 ], [ 110.517859437000084, -7.538954226999977 ], [ 110.518263374000071, -7.539030414999957 ], [ 110.518405374000054, -7.539041226999927 ], [ 110.518757687000061, -7.538951226999927 ], [ 110.519091999000068, -7.538865851999958 ], [ 110.519532562000052, -7.538825414999963 ], [ 110.519980687000043, -7.538827664999928 ], [ 110.520204874000058, -7.538872351999942 ], [ 110.520415874000037, -7.538982414999964 ], [ 110.520886937000057, -7.539378976999956 ], [ 110.521122437000088, -7.539560039999969 ], [ 110.521308937000072, -7.53962710199994 ], [ 110.521663499000056, -7.539643164999973 ], [ 110.521931062000078, -7.539632289999929 ], [ 110.522226312000043, -7.539706726999952 ], [ 110.522804499000074, -7.539922914999977 ], [ 110.523185312000066, -7.539995414999964 ], [ 110.523250062000045, -7.539992226999971 ], [ 110.523529749000033, -7.539995039999951 ], [ 110.52412068700005, -7.54000066499998 ], [ 110.524363437000034, -7.539997976999928 ], [ 110.524589812000045, -7.540034914999978 ], [ 110.525085999000055, -7.539842351999937 ], [ 110.525185874000044, -7.539791101999981 ], [ 110.525421687000062, -7.539650476999952 ] ] ] } },
{ "type": "Feature", "properties": { "fid": 56, "NAMOBJ": null, "FCODE": null, "REMARK": "Alur Sungai", "METADATA": "2017; RBI KSP SK 24.4 2021", "SRS_ID": null, "ADATGL": 0.0, "DMAX": 0.0, "FNGAIR": 0.0, "JNSSNG": 0.0, "KLSSNG": 0.0, "LTKSGI": 0.0, "NAMWS": null, "STATUS": null, "UKRSGI": 0.0, "WMAX": 0.0, "DBTMXS": 0.0, "NAMDAS": null, "SHAPE_Leng": 0.057278902306975001 }, "geometry": { "type": "MultiLineString", "coordinates": [ [ [ 110.462144437000063, -7.543653851999977 ], [ 110.462171187000081, -7.543654414999935 ], [ 110.462174562000087, -7.543654414999935 ], [ 110.462232937000067, -7.543662351999956 ], [ 110.46230087400005, -7.543685164999943 ], [ 110.462416062000045, -7.543743226999936 ], [ 110.46248743700005, -7.543789351999976 ], [ 110.462504499000033, -7.543801539999947 ], [ 110.462555437000049, -7.543827164999925 ], [ 110.462667687000078, -7.543908164999948 ], [ 110.462753374000044, -7.543961851999939 ], [ 110.462763562000077, -7.543966914999942 ], [ 110.462845062000042, -7.543982476999929 ], [ 110.46286268700004, -7.543982414999959 ], [ 110.462929874000054, -7.543994226999928 ], [ 110.462978812000074, -7.544014726999933 ], [ 110.463053187000071, -7.544068539999955 ], [ 110.463068624000073, -7.544091539999954 ], [ 110.463148124000043, -7.544172914999933 ], [ 110.463176687000043, -7.544195289999948 ], [ 110.463286812000035, -7.544256726999947 ], [ 110.463318749000052, -7.544268101999933 ], [ 110.463391312000056, -7.544267851999962 ], [ 110.463408249000054, -7.544267351999963 ], [ 110.463484624000046, -7.544274164999933 ], [ 110.463552937000088, -7.544296851999945 ], [ 110.463670187000048, -7.544359351999958 ], [ 110.463767687000086, -7.54440410199993 ], [ 110.463826812000036, -7.544440289999955 ], [ 110.463897437000071, -7.544455351999943 ], [ 110.463991124000074, -7.544457851999937 ], [ 110.464005374000067, -7.544459039999936 ], [ 110.464122499000041, -7.544486289999952 ], [ 110.464165312000034, -7.544502226999953 ], [ 110.464239687000088, -7.544527539999933 ], [ 110.464281124000081, -7.544538476999946 ], [ 110.464317062000077, -7.544544476999931 ], [ 110.464365312000041, -7.544555914999933 ], [ 110.464463812000076, -7.544592164999926 ], [ 110.464512687000081, -7.544605976999947 ], [ 110.46462781200006, -7.544626914999981 ], [ 110.464735812000072, -7.544657414999961 ], [ 110.464840812000034, -7.544722226999966 ], [ 110.46497237400007, -7.544809101999931 ], [ 110.465077374000089, -7.54485778999998 ], [ 110.465090624000084, -7.544863164999981 ], [ 110.465225124000085, -7.544905851999943 ], [ 110.465345374000037, -7.544943914999976 ], [ 110.465452437000067, -7.544997664999926 ], [ 110.465543937000064, -7.54506835199993 ], [ 110.465561624000088, -7.545087226999954 ], [ 110.465612624000073, -7.545150039999953 ], [ 110.465698312000086, -7.54526141499997 ], [ 110.465766062000057, -7.545345539999971 ], [ 110.465834312000084, -7.545438726999976 ], [ 110.465909937000049, -7.545540039999935 ], [ 110.465994999000088, -7.545610601999954 ], [ 110.466038812000079, -7.545634289999953 ], [ 110.466154999000082, -7.545686976999946 ], [ 110.466270249000047, -7.545743476999974 ], [ 110.466329999000038, -7.54576491499995 ], [ 110.46636462400005, -7.545769664999966 ], [ 110.466464374000054, -7.545785414999955 ], [ 110.466571437000084, -7.545832476999976 ], [ 110.466713937000065, -7.545936664999942 ], [ 110.466752687000053, -7.545968414999948 ], [ 110.466887374000066, -7.546093976999941 ], [ 110.466977187000055, -7.546186601999977 ], [ 110.466992499000071, -7.546200101999943 ], [ 110.467100624000068, -7.546277726999961 ], [ 110.467161812000086, -7.54631003999998 ], [ 110.467295374000059, -7.546374101999959 ], [ 110.467410562000055, -7.546441914999946 ], [ 110.467512562000081, -7.546503289999976 ], [ 110.467542687000048, -7.546535351999978 ], [ 110.467551874000037, -7.546545164999941 ], [ 110.467601374000083, -7.546631289999937 ], [ 110.467663812000069, -7.546739789999947 ], [ 110.467744499000048, -7.54684003999995 ], [ 110.467848874000083, -7.546935601999962 ], [ 110.467883562000054, -7.546960476999971 ], [ 110.46802124900006, -7.547044039999946 ], [ 110.468079312000043, -7.547065976999932 ], [ 110.468168937000087, -7.547085476999939 ], [ 110.468273874000033, -7.547109039999953 ], [ 110.468400249000069, -7.547163789999956 ], [ 110.468535874000054, -7.547228789999963 ], [ 110.468552187000057, -7.547236226999928 ], [ 110.468694812000081, -7.547282976999952 ], [ 110.468771187000073, -7.547304476999955 ], [ 110.468920999000034, -7.547360664999928 ], [ 110.469084999000074, -7.547398351999959 ], [ 110.469241812000064, -7.547415226999931 ], [ 110.469278437000071, -7.547419039999966 ], [ 110.469465812000067, -7.547453851999933 ], [ 110.469514687000071, -7.547473726999954 ], [ 110.469667687000083, -7.547547664999968 ], [ 110.469828624000058, -7.547590351999929 ], [ 110.469900937000034, -7.54760878999997 ], [ 110.470049687000085, -7.547641351999971 ], [ 110.470142624000061, -7.547642039999971 ], [ 110.470152812000038, -7.547641539999972 ], [ 110.470273874000043, -7.547641039999974 ], [ 110.470408187000089, -7.547629789999974 ], [ 110.470579124000039, -7.547618539999974 ], [ 110.470710499000063, -7.547641289999945 ], [ 110.470723749000058, -7.547645414999977 ], [ 110.470848062000073, -7.547679914999947 ], [ 110.470940687000052, -7.547683914999936 ], [ 110.471074937000083, -7.547656039999936 ], [ 110.471247687000073, -7.547590539999931 ] ], [ [ 110.475453687000083, -7.546032351999941 ], [ 110.475450874000046, -7.545954164999955 ], [ 110.475485999000057, -7.545922101999963 ], [ 110.475776687000064, -7.545655101999955 ], [ 110.475784249000071, -7.545644914999968 ], [ 110.475913999000056, -7.545520351999926 ], [ 110.476071499000057, -7.545454476999964 ], [ 110.476269874000081, -7.545421226999963 ], [ 110.476454187000058, -7.545450164999977 ], [ 110.476734124000075, -7.545474226999943 ], [ 110.476896062000037, -7.545511039999951 ], [ 110.477029562000041, -7.54556053999994 ], [ 110.477128562000075, -7.545531976999939 ], [ 110.477371437000045, -7.545437414999981 ], [ 110.477513937000083, -7.545431101999952 ], [ 110.477712187000066, -7.545378351999943 ], [ 110.477904374000047, -7.545327226999973 ], [ 110.478193437000073, -7.545340414999941 ], [ 110.478424749000055, -7.545425226999953 ], [ 110.478603249000059, -7.545461351999961 ], [ 110.478667499000039, -7.545474351999928 ], [ 110.478756124000085, -7.545490164999933 ], [ 110.478918187000033, -7.545561914999951 ], [ 110.47903262400007, -7.545659039999975 ], [ 110.479060624000056, -7.545750976999955 ], [ 110.479062812000052, -7.545755726999971 ], [ 110.479123624000067, -7.545848289999981 ], [ 110.479152312000053, -7.545883351999976 ], [ 110.479293187000053, -7.546014226999944 ], [ 110.479475624000088, -7.546068226999978 ], [ 110.479626374000077, -7.546083039999928 ], [ 110.480104624000035, -7.546074101999977 ], [ 110.480476249000048, -7.546114539999962 ], [ 110.480591437000044, -7.546064539999975 ], [ 110.480640062000077, -7.545985539999947 ], [ 110.480640562000076, -7.545976726999982 ], [ 110.480805687000043, -7.546013976999973 ], [ 110.480865312000049, -7.54602085199997 ], [ 110.481138187000056, -7.546063164999964 ], [ 110.481295312000043, -7.546100789999969 ], [ 110.481348437000065, -7.546116851999955 ], [ 110.481526312000085, -7.546179664999954 ], [ 110.481631749000087, -7.546217164999973 ], [ 110.481681437000077, -7.546234851999941 ], [ 110.481770624000035, -7.546299789999978 ], [ 110.481872687000077, -7.546349539999937 ], [ 110.482160749000059, -7.546399976999965 ], [ 110.482279624000057, -7.546421914999939 ], [ 110.482361062000052, -7.546418414999948 ], [ 110.482384812000078, -7.546418914999947 ], [ 110.48241762400005, -7.54645422699997 ], [ 110.48242231200004, -7.546465726999941 ], [ 110.48244337400007, -7.546554789999959 ], [ 110.48245206200005, -7.546625976999962 ], [ 110.482462999000063, -7.546751039999947 ], [ 110.482483687000069, -7.546808476999956 ], [ 110.48257368700007, -7.546947289999935 ], [ 110.482690749000085, -7.547105726999973 ], [ 110.482691687000056, -7.547130914999968 ], [ 110.482647937000081, -7.547413414999937 ] ], [ [ 110.471247687000073, -7.547590539999931 ], [ 110.471336562000033, -7.547584664999931 ], [ 110.471470874000033, -7.547572039999977 ], [ 110.471638687000052, -7.547554414999979 ], [ 110.471791374000077, -7.54755253999997 ], [ 110.47183818700006, -7.547555414999977 ], [ 110.471966499000075, -7.547572039999977 ], [ 110.472057187000075, -7.547603101999925 ], [ 110.472198749000086, -7.54764141499993 ], [ 110.472285312000054, -7.547646914999973 ], [ 110.47241456200004, -7.547645164999949 ], [ 110.472501437000062, -7.547651164999934 ], [ 110.47260837400006, -7.54767041499997 ], [ 110.472632812000086, -7.547674726999958 ], [ 110.472743812000033, -7.54768897699995 ], [ 110.472838812000077, -7.547697476999929 ], [ 110.47291074900005, -7.547704351999926 ], [ 110.473000312000067, -7.547713101999932 ], [ 110.473012562000065, -7.54771472699997 ], [ 110.473126624000088, -7.547736226999973 ], [ 110.473219187000041, -7.547729789999948 ], [ 110.473250687000075, -7.547717914999964 ], [ 110.473372624000035, -7.547644289999937 ], [ 110.473391499000059, -7.547627851999948 ], [ 110.473529312000039, -7.547462039999971 ], [ 110.473629937000055, -7.547317476999979 ], [ 110.473738062000052, -7.547162789999959 ], [ 110.473911999000052, -7.547137039999939 ], [ 110.474038187000076, -7.547138851999932 ], [ 110.474167499000089, -7.547145601999944 ], [ 110.474302812000076, -7.547139914999946 ], [ 110.474380124000049, -7.547125476999952 ], [ 110.474519312000041, -7.547056914999928 ], [ 110.474634812000033, -7.546947226999976 ], [ 110.474644874000035, -7.546934976999978 ], [ 110.474730437000062, -7.546859164999944 ], [ 110.474762937000037, -7.54684072699996 ], [ 110.474916437000047, -7.546778039999936 ], [ 110.475003812000068, -7.546744351999962 ], [ 110.475185062000037, -7.546669726999937 ], [ 110.475311812000086, -7.546613726999965 ], [ 110.475461124000049, -7.54655503999993 ], [ 110.475500249000049, -7.546497039999963 ], [ 110.475498687000083, -7.54632060199998 ], [ 110.475491312000088, -7.54623128999998 ], [ 110.475486437000086, -7.546199789999946 ], [ 110.475480499000071, -7.546159914999976 ], [ 110.475474312000074, -7.546134539999969 ], [ 110.475471249000066, -7.546127789999957 ], [ 110.475465062000069, -7.546105039999929 ], [ 110.475453874000038, -7.546058414999948 ], [ 110.475453687000083, -7.546032351999941 ] ], [ [ 110.482647937000081, -7.547413414999937 ], [ 110.482810249000067, -7.547426539999947 ], [ 110.483187499000053, -7.547488851999958 ], [ 110.483707374000062, -7.547403601999974 ], [ 110.483797437000078, -7.547346164999965 ], [ 110.483865812000033, -7.547301601999948 ], [ 110.484109999000054, -7.547271851999938 ], [ 110.484128374000079, -7.547271726999952 ], [ 110.484438562000037, -7.547239976999947 ], [ 110.484746312000084, -7.547222851999948 ], [ 110.484916812000051, -7.54717678999998 ], [ 110.48512099900006, -7.547062039999958 ], [ 110.48550818700005, -7.547058976999949 ], [ 110.485523312000055, -7.547062664999942 ], [ 110.485685062000073, -7.547136601999966 ], [ 110.485852562000048, -7.547268476999932 ], [ 110.485940374000052, -7.547420414999976 ], [ 110.486121937000064, -7.54773466499995 ], [ 110.486189249000063, -7.547806914999967 ], [ 110.486272749000079, -7.547836851999932 ], [ 110.486386062000065, -7.54780410199993 ], [ 110.486498874000063, -7.547707789999947 ], [ 110.486742437000089, -7.547504789999948 ], [ 110.486976937000065, -7.547314789999973 ], [ 110.487161249000053, -7.547161476999975 ], [ 110.487318249000054, -7.547177039999951 ], [ 110.487538124000082, -7.547176164999939 ], [ 110.488004687000057, -7.547137226999951 ], [ 110.48831074900005, -7.547135476999927 ], [ 110.488749624000036, -7.547102539999969 ], [ 110.48889506200004, -7.547035101999938 ], [ 110.489015374000076, -7.546906476999936 ], [ 110.489230249000059, -7.546692664999966 ], [ 110.489358562000064, -7.546642976999976 ], [ 110.489457499000082, -7.546572226999956 ], [ 110.489779812000052, -7.546349351999936 ], [ 110.489940312000044, -7.54635910199994 ], [ 110.489973937000059, -7.546435039999949 ], [ 110.489968187000045, -7.546630851999964 ], [ 110.489942624000037, -7.547068789999969 ], [ 110.489949812000077, -7.547238601999936 ], [ 110.490007312000046, -7.547294851999936 ], [ 110.490131624000071, -7.547383789999969 ], [ 110.490235187000053, -7.547504601999947 ], [ 110.490388249000034, -7.547576726999978 ], [ 110.490618187000052, -7.547605601999976 ], [ 110.490665749000073, -7.547605851999947 ], [ 110.490851562000046, -7.547572664999961 ], [ 110.491069124000035, -7.547469664999937 ], [ 110.491156874000069, -7.547368851999977 ], [ 110.491119437000066, -7.547256914999934 ], [ 110.491055374000041, -7.546996226999966 ], [ 110.491116812000087, -7.546947351999961 ], [ 110.491270124000039, -7.546913539999935 ], [ 110.49150162400008, -7.546913164999978 ], [ 110.491607187000056, -7.546962726999936 ], [ 110.491654562000065, -7.547044351999944 ], [ 110.491692749000038, -7.547275039999931 ], [ 110.491608437000082, -7.547478976999969 ], [ 110.491573562000042, -7.547628164999935 ], [ 110.491624874000081, -7.547757914999977 ], [ 110.491878437000082, -7.54791585199996 ], [ 110.492029999000067, -7.547896351999952 ], [ 110.492243374000054, -7.547798039999975 ], [ 110.492439749000084, -7.54773866499994 ], [ 110.492696249000062, -7.547758039999962 ], [ 110.492720499000086, -7.54776960199996 ], [ 110.492769874000089, -7.547825726999974 ], [ 110.492870374000063, -7.547990851999941 ], [ 110.492871624000088, -7.548023539999974 ], [ 110.492902937000053, -7.548257976999935 ], [ 110.492906374000086, -7.548262726999951 ], [ 110.49296399900004, -7.548298601999932 ], [ 110.492969437000056, -7.548297351999963 ], [ 110.493065437000041, -7.54824797699996 ], [ 110.493236999000032, -7.548137101999941 ], [ 110.493330312000069, -7.54809516499995 ], [ 110.49344418700008, -7.548112601999946 ], [ 110.493802624000068, -7.548146289999977 ], [ 110.493972187000054, -7.548078664999935 ], [ 110.494307499000058, -7.547923664999928 ], [ 110.494454812000072, -7.547875664999935 ], [ 110.495006562000071, -7.547654851999937 ], [ 110.495211624000035, -7.547655351999936 ], [ 110.49530874900006, -7.547698539999942 ], [ 110.495339749000038, -7.547825414999977 ], [ 110.495369249000078, -7.548311226999942 ], [ 110.49539731200008, -7.548376226999949 ], [ 110.495471312000063, -7.548445476999973 ], [ 110.495567062000077, -7.548439039999948 ], [ 110.495853499000077, -7.548430351999968 ], [ 110.495895437000058, -7.548500289999936 ], [ 110.496003749000067, -7.54877722699996 ], [ 110.496151499000064, -7.54871110199997 ], [ 110.496275999000034, -7.548612539999965 ], [ 110.496320249000064, -7.548442414999954 ] ], [ [ 110.496320249000064, -7.548442414999954 ], [ 110.496690312000055, -7.548468601999957 ], [ 110.496827374000077, -7.548478539999962 ], [ 110.496895499000061, -7.548538851999979 ], [ 110.496963937000089, -7.548771476999946 ], [ 110.496997874000044, -7.548838476999947 ], [ 110.49714018700007, -7.548900664999962 ], [ 110.498036437000053, -7.549001226999962 ], [ 110.498213874000044, -7.549054726999941 ], [ 110.498332499000071, -7.549144914999943 ], [ 110.498364437000077, -7.549210226999946 ], [ 110.498227249000081, -7.549403851999955 ], [ 110.498200874000077, -7.549513414999979 ], [ 110.498390874000052, -7.549646289999941 ], [ 110.498790562000067, -7.549688164999964 ], [ 110.498966999000061, -7.549691226999926 ], [ 110.49903781200004, -7.549669351999967 ], [ 110.499089187000038, -7.549537226999973 ], [ 110.499122999000065, -7.549466601999939 ], [ 110.499242437000078, -7.549398726999925 ], [ 110.499347187000069, -7.549397726999928 ], [ 110.499602562000064, -7.549595726999939 ], [ 110.499722437000059, -7.549684851999928 ] ], [ [ 110.499722437000059, -7.549684851999928 ], [ 110.500000243000045, -7.549778079999953 ], [ 110.500000283000077, -7.549778092999929 ], [ 110.500000312000054, -7.549778101999948 ], [ 110.500059187000033, -7.549797851999926 ], [ 110.500130937000051, -7.549823289999949 ], [ 110.500321374000066, -7.549891726999931 ], [ 110.500464562000047, -7.549971851999942 ], [ 110.500494437000043, -7.550005164999959 ], [ 110.500572124000087, -7.550117789999945 ], [ 110.500684624000087, -7.550443601999973 ], [ 110.500903562000076, -7.550665789999925 ], [ 110.500950437000085, -7.550762539999937 ], [ 110.500986374000036, -7.550798039999961 ], [ 110.501084624000043, -7.550882914999931 ], [ 110.501141937000057, -7.55092885199997 ], [ 110.501174624000043, -7.55098510199997 ], [ 110.501159499000039, -7.551011414999948 ], [ 110.501104124000051, -7.551107601999945 ], [ 110.500995812000042, -7.551223289999939 ], [ 110.500977624000086, -7.551282726999943 ], [ 110.501032687000077, -7.551373414999944 ] ], [ [ 110.501032687000077, -7.551373414999944 ], [ 110.501172874000076, -7.551384851999956 ], [ 110.501439687000072, -7.551406664999945 ], [ 110.501656062000052, -7.551424289999943 ], [ 110.501691374000075, -7.551428351999959 ], [ 110.501866562000089, -7.551560601999938 ], [ 110.501917687000059, -7.551592726999957 ], [ 110.50193762400005, -7.551607976999946 ], [ 110.501994187000037, -7.551567601999977 ], [ 110.502080812000088, -7.551515414999926 ], [ 110.502269812000065, -7.55139553999993 ], [ 110.502446937000059, -7.551389539999946 ], [ 110.502567874000079, -7.551388164999935 ], [ 110.502781999000035, -7.551361851999957 ], [ 110.503045937000081, -7.551340539999956 ], [ 110.503184249000071, -7.55140141499993 ], [ 110.503410624000082, -7.551513414999931 ], [ 110.50347399900005, -7.551542039999958 ], [ 110.503577437000047, -7.551574976999973 ], [ 110.503684624000073, -7.551575789999958 ], [ 110.504051812000057, -7.551510539999981 ], [ 110.504125312000042, -7.551523851999946 ], [ 110.504210062000084, -7.551634976999935 ], [ 110.504290437000066, -7.551787101999935 ], [ 110.504394687000058, -7.551947914999971 ], [ 110.504512437000074, -7.552185476999966 ], [ 110.504605062000053, -7.552336539999942 ], [ 110.504626312000084, -7.552608914999951 ], [ 110.504627687000038, -7.552744851999933 ], [ 110.504631062000044, -7.55276435199994 ], [ 110.504677187000084, -7.552855976999979 ], [ 110.504792937000047, -7.552949289999958 ], [ 110.504951187000074, -7.553077101999975 ], [ 110.504966624000076, -7.553092414999981 ], [ 110.505104249000055, -7.553377976999968 ], [ 110.505216312000073, -7.553718289999949 ], [ 110.505277999000043, -7.553897914999936 ], [ 110.505295749000084, -7.553945476999957 ], [ 110.505395499000088, -7.55416216499998 ], [ 110.505532187000085, -7.554460476999964 ], [ 110.505544187000055, -7.554541726999958 ], [ 110.505487124000069, -7.554654789999972 ], [ 110.505314999000063, -7.554755976999957 ], [ 110.505297187000053, -7.554766351999945 ], [ 110.505192062000049, -7.554828164999947 ], [ 110.505136749000087, -7.554844789999947 ] ] ] } },
{ "type": "Feature", "properties": { "fid": 57, "NAMOBJ": null, "FCODE": null, "REMARK": "Alur Sungai", "METADATA": "2017; RBI KSP SK 24.4 2021", "SRS_ID": null, "ADATGL": 0.0, "DMAX": 0.0, "FNGAIR": 0.0, "JNSSNG": 0.0, "KLSSNG": 0.0, "LTKSGI": 0.0, "NAMWS": null, "STATUS": null, "UKRSGI": 0.0, "WMAX": 0.0, "DBTMXS": 0.0, "NAMDAS": null, "SHAPE_Leng": 0.011615656235161999 }, "geometry": { "type": "MultiLineString", "coordinates": [ [ [ 110.495896874000039, -7.553647351999928 ], [ 110.495899187000077, -7.553638726999964 ], [ 110.495920249000051, -7.553596539999944 ], [ 110.495936062000055, -7.553571351999949 ], [ 110.495943124000064, -7.553564164999955 ], [ 110.496051187000035, -7.553493226999933 ], [ 110.496308437000039, -7.553305601999966 ], [ 110.496441624000056, -7.553274664999947 ], [ 110.496709749000047, -7.553221726999936 ], [ 110.496780624000053, -7.553268851999974 ], [ 110.496937562000085, -7.553396101999965 ], [ 110.497132874000044, -7.553409226999975 ], [ 110.497257687000058, -7.553335039999979 ], [ 110.497518624000065, -7.553104351999934 ], [ 110.497698749000051, -7.552953726999931 ], [ 110.497925562000034, -7.552914164999947 ], [ 110.498037999000076, -7.552971789999958 ], [ 110.498230812000088, -7.553112539999972 ], [ 110.498353562000034, -7.553119476999939 ], [ 110.49858637400007, -7.553127726999946 ], [ 110.498681937000072, -7.553198789999954 ], [ 110.498733687000083, -7.553306726999949 ], [ 110.498811937000085, -7.553455289999931 ], [ 110.498914812000066, -7.553515351999977 ], [ 110.499097062000033, -7.553468539999926 ], [ 110.499303624000049, -7.553437601999974 ], [ 110.499676624000074, -7.553388476999942 ], [ 110.499800062000077, -7.553275726999971 ], [ 110.499880062000045, -7.553242164999972 ], [ 110.5, -7.553285739999978 ], [ 110.500000249000038, -7.553285829999936 ], [ 110.50000028900007, -7.553285843999959 ], [ 110.500000314000033, -7.553285852999977 ], [ 110.500004624000042, -7.553287476999969 ], [ 110.500181812000051, -7.553419664999979 ], [ 110.500375062000046, -7.553638226999965 ], [ 110.500495312000055, -7.553669351999929 ], [ 110.500644624000074, -7.553642601999968 ], [ 110.500731249000069, -7.553571789999978 ], [ 110.500739312000064, -7.553565164999952 ], [ 110.500790312000049, -7.553453039999965 ], [ 110.500869437000063, -7.55330878999996 ], [ 110.50087956200008, -7.553285789999961 ], [ 110.500894624000068, -7.553267976999962 ], [ 110.500970374000076, -7.553175976999967 ], [ 110.501023562000057, -7.553183414999978 ], [ 110.501099187000079, -7.553258351999943 ], [ 110.501147874000083, -7.553379414999938 ], [ 110.501209187000086, -7.553574414999957 ], [ 110.501264499000058, -7.553750101999981 ], [ 110.501326437000046, -7.553775851999944 ], [ 110.501333687000056, -7.553778789999967 ], [ 110.501436999000077, -7.553762351999978 ], [ 110.501488374000076, -7.55375416499993 ], [ 110.501590749000059, -7.553684726999961 ], [ 110.501710812000056, -7.553624914999943 ], [ 110.501772562000042, -7.553646039999933 ], [ 110.501812312000084, -7.553659664999941 ], [ 110.501945812000088, -7.553705976999936 ], [ 110.501958374000083, -7.553707351999947 ], [ 110.501979999000071, -7.553707976999931 ], [ 110.502010624000036, -7.553698414999928 ], [ 110.502203312000063, -7.553734101999964 ], [ 110.502226249000046, -7.553782539999929 ], [ 110.502244249000057, -7.553896976999965 ], [ 110.502248437000048, -7.553923539999971 ], [ 110.502310312000077, -7.554004476999978 ], [ 110.502403124000068, -7.554036664999956 ], [ 110.50248206200007, -7.554030664999971 ], [ 110.502575749000073, -7.554023601999972 ], [ 110.50269181200008, -7.553983039999935 ], [ 110.502782937000063, -7.553958039999941 ], [ 110.502923312000064, -7.553852289999952 ], [ 110.50305774900005, -7.553830476999963 ], [ 110.503194249000046, -7.553877101999944 ], [ 110.503507437000053, -7.554015289999938 ], [ 110.503674812000042, -7.554059351999967 ], [ 110.503725562000056, -7.554062101999932 ], [ 110.503874687000064, -7.554072664999978 ], [ 110.504030749000037, -7.554105664999952 ], [ 110.50413749900008, -7.554151601999934 ], [ 110.50435131200004, -7.554243726999971 ], [ 110.504552062000073, -7.554360101999976 ], [ 110.504748812000059, -7.554406539999945 ], [ 110.504772562000085, -7.55439841499998 ], [ 110.504858937000051, -7.55436466499998 ], [ 110.505000687000063, -7.554301039999928 ], [ 110.505071562000069, -7.554354539999963 ], [ 110.505124812000076, -7.554450851999945 ], [ 110.505130874000088, -7.554551476999961 ], [ 110.505140562000065, -7.554710726999929 ], [ 110.505136749000087, -7.554844789999947 ] ] ] } },
{ "type": "Feature", "properties": { "fid": 58, "NAMOBJ": null, "FCODE": null, "REMARK": "Sungai Satu Garis", "METADATA": "2017; RBI KSP SK 24.4 2021", "SRS_ID": null, "ADATGL": 0.0, "DMAX": 0.0, "FNGAIR": 0.0, "JNSSNG": 0.0, "KLSSNG": 0.0, "LTKSGI": 0.0, "NAMWS": null, "STATUS": null, "UKRSGI": 0.0, "WMAX": 0.0, "DBTMXS": 0.0, "NAMDAS": null, "SHAPE_Leng": 0.020166422256960002 }, "geometry": { "type": "MultiLineString", "coordinates": [ [ [ 110.505344624000088, -7.54459066499993 ], [ 110.505433062000066, -7.544635601999971 ], [ 110.505673749000039, -7.54464335199998 ], [ 110.505771874000061, -7.544630914999971 ], [ 110.506373374000077, -7.544354789999943 ], [ 110.506432687000085, -7.544327539999927 ], [ 110.506487874000072, -7.544305726999937 ], [ 110.50668806200008, -7.544226539999954 ], [ 110.506856374000051, -7.544204601999979 ], [ 110.506948499000089, -7.544262164999964 ], [ 110.507177499000079, -7.544405414999972 ], [ 110.507256187000053, -7.544465851999973 ], [ 110.507300312000041, -7.544484226999941 ], [ 110.507588124000051, -7.544652164999945 ], [ 110.50814574900005, -7.545072664999964 ], [ 110.508534062000081, -7.545353789999979 ], [ 110.509122624000042, -7.545664539999962 ], [ 110.509537937000061, -7.545889914999975 ], [ 110.509904249000044, -7.546049789999927 ], [ 110.51011268700006, -7.54610360199996 ], [ 110.510379312000055, -7.546172476999971 ], [ 110.510771999000042, -7.546176351999975 ], [ 110.511399812000036, -7.546104226999944 ], [ 110.511725937000051, -7.546108601999947 ], [ 110.512034499000038, -7.546195601999955 ], [ 110.512918187000082, -7.546552414999951 ], [ 110.513416187000075, -7.546783476999963 ], [ 110.513841687000081, -7.547276476999969 ], [ 110.513988249000079, -7.547330414999976 ], [ 110.514156874000037, -7.54731585199994 ], [ 110.514383124000062, -7.547310851999953 ], [ 110.514576312000088, -7.547392101999947 ], [ 110.514753562000067, -7.547538789999976 ], [ 110.514906249000035, -7.547775351999974 ], [ 110.515113624000037, -7.548008789999926 ], [ 110.515349124000068, -7.548163851999959 ], [ 110.515993187000049, -7.548542601999941 ], [ 110.516250874000036, -7.548707164999939 ], [ 110.516721687000086, -7.549076476999971 ], [ 110.51685331200008, -7.549172664999958 ], [ 110.516862187000072, -7.549179101999925 ], [ 110.517151624000064, -7.549241164999955 ], [ 110.517655499000057, -7.549365414999954 ], [ 110.51805949900006, -7.549438226999939 ], [ 110.518654249000065, -7.549510664999957 ], [ 110.519102624000084, -7.549630226999966 ], [ 110.519488999000089, -7.549800914999935 ], [ 110.519899687000077, -7.54995172699995 ], [ 110.520194874000083, -7.549970289999976 ], [ 110.520946999000046, -7.549969039999951 ], [ 110.521508374000064, -7.549989289999928 ], [ 110.522090749000085, -7.550076601999933 ], [ 110.522315187000061, -7.550265164999928 ], [ 110.522572874000048, -7.550439601999926 ], [ 110.522861124000087, -7.550575789999925 ], [ 110.523192687000062, -7.55062466499993 ], [ 110.523453687000085, -7.55066497699994 ], [ 110.523534999000049, -7.550730289999933 ] ] ] } },
{ "type": "Feature", "properties": { "fid": 59, "NAMOBJ": null, "FCODE": null, "REMARK": "Sungai Satu Garis", "METADATA": "2017; RBI KSP SK 24.4 2021", "SRS_ID": null, "ADATGL": 0.0, "DMAX": 0.0, "FNGAIR": 0.0, "JNSSNG": 0.0, "KLSSNG": 0.0, "LTKSGI": 0.0, "NAMWS": null, "STATUS": null, "UKRSGI": 0.0, "WMAX": 0.0, "DBTMXS": 0.0, "NAMDAS": null, "SHAPE_Leng": 0.143249247553947 }, "geometry": { "type": "MultiLineString", "coordinates": [ [ [ 110.514874878629129, -7.531661457439252 ], [ 110.514874999000085, -7.531661601999929 ], [ 110.514879187000076, -7.531668789999969 ], [ 110.51493281200004, -7.531761164999978 ], [ 110.515030749000061, -7.531898414999944 ], [ 110.515237374000037, -7.532031539999934 ], [ 110.515460312000073, -7.532222289999936 ], [ 110.515569437000067, -7.532445164999956 ], [ 110.515693124000052, -7.532595664999974 ], [ 110.515835249000077, -7.532649289999938 ], [ 110.516296999000076, -7.532808414999977 ], [ 110.516639062000081, -7.533043539999937 ], [ 110.516874499000039, -7.533182726999939 ], [ 110.517085312000063, -7.533197101999974 ], [ 110.517499374000067, -7.533232914999928 ], [ 110.517776687000037, -7.533213789999934 ], [ 110.518111624000085, -7.533207789999949 ], [ 110.518522124000071, -7.53318666499996 ], [ 110.518896937000079, -7.533115414999941 ], [ 110.519145562000062, -7.533186351999973 ], [ 110.519418562000055, -7.533240539999952 ], [ 110.520093062000058, -7.533278039999971 ], [ 110.520514874000071, -7.533418601999927 ], [ 110.520961999000065, -7.533562414999949 ], [ 110.521308124000086, -7.533588289999955 ], [ 110.521961812000086, -7.533609914999943 ], [ 110.522012437000058, -7.533625164999933 ], [ 110.52219143700006, -7.53372128999996 ], [ 110.522553874000039, -7.533941726999956 ], [ 110.522867499000085, -7.534139789999927 ], [ 110.522879062000072, -7.534141664999936 ], [ 110.522955749000062, -7.534107164999966 ], [ 110.522995374000061, -7.533993726999938 ], [ 110.523065749000068, -7.533844039999963 ], [ 110.523164749000046, -7.53383310199996 ], [ 110.523332124000035, -7.533905101999949 ], [ 110.523758499000053, -7.534075476999931 ], [ 110.524197437000055, -7.534154101999945 ], [ 110.524421687000086, -7.534232601999975 ], [ 110.524690499000087, -7.534408414999973 ], [ 110.524802437000062, -7.534567601999981 ], [ 110.525151187000063, -7.535201101999974 ], [ 110.525307187000067, -7.535324664999962 ], [ 110.525501187000089, -7.535399039999959 ], [ 110.52580306200008, -7.535460976999957 ], [ 110.526079249000077, -7.53554410199996 ], [ 110.527135999000052, -7.535924851999937 ], [ 110.527169312000069, -7.535937664999949 ], [ 110.527437999000085, -7.536081914999954 ], [ 110.527828187000068, -7.536379101999955 ], [ 110.527997312000082, -7.536441976999981 ], [ 110.528147749000084, -7.536401601999955 ], [ 110.528429374000041, -7.53635391499995 ], [ 110.528788874000043, -7.536368351999954 ], [ 110.529345937000073, -7.536497726999926 ], [ 110.529929812000034, -7.536680664999949 ], [ 110.530175249000081, -7.536720289999948 ], [ 110.530316249000066, -7.536660414999972 ], [ 110.530454937000059, -7.536503164999942 ], [ 110.530583874000058, -7.536430226999926 ], [ 110.530788874000052, -7.536414351999952 ], [ 110.530898874000059, -7.536420226999951 ], [ 110.531200374000036, -7.536476601999937 ] ], [ [ 110.531200374000036, -7.536476601999937 ], [ 110.531559624000067, -7.536623976999977 ], [ 110.53196831200006, -7.536873851999928 ], [ 110.532525749000058, -7.537220351999963 ], [ 110.533003187000077, -7.537429351999947 ], [ 110.533360624000068, -7.537543226999958 ], [ 110.533919937000064, -7.537691539999969 ], [ 110.534240999000076, -7.537769976999925 ], [ 110.534410437000076, -7.537723539999945 ], [ 110.534620937000057, -7.537583476999941 ], [ 110.535211249000042, -7.537177851999957 ], [ 110.535380749000069, -7.537186101999964 ], [ 110.535735937000084, -7.537277726999946 ], [ 110.536765937000041, -7.537557914999979 ], [ 110.536801437000065, -7.53755678999994 ], [ 110.537325062000036, -7.537577039999974 ], [ 110.537611499000036, -7.537681601999964 ], [ 110.537872562000075, -7.537863039999934 ] ], [ [ 110.537872562000075, -7.537863039999934 ], [ 110.538089624000065, -7.537753789999954 ], [ 110.538157374000036, -7.537757101999944 ], [ 110.538451062000036, -7.537816289999967 ], [ 110.53866987400005, -7.537987101999931 ], [ 110.53886906200006, -7.538084976999926 ], [ 110.539009687000089, -7.538070476999962 ], [ 110.539327249000053, -7.538051851999967 ], [ 110.539728499000034, -7.538080664999939 ], [ 110.540193999000053, -7.537941226999976 ], [ 110.540404562000049, -7.53801922699995 ], [ 110.540823187000058, -7.53824491499995 ], [ 110.541054624000083, -7.538323789999936 ], [ 110.541116249000083, -7.538257164999948 ], [ 110.541128187000083, -7.53824422699995 ], [ 110.541381999000066, -7.537939101999939 ], [ 110.541543624000042, -7.537903664999931 ], [ 110.542052374000036, -7.537824476999958 ], [ 110.542128937000086, -7.537706726999943 ], [ 110.542229624000072, -7.537583164999944 ], [ 110.542393374000085, -7.537489914999981 ], [ 110.54272024900007, -7.537414039999931 ], [ 110.543126374000053, -7.537356164999949 ], [ 110.543489124000075, -7.537385039999947 ], [ 110.544012499000075, -7.537489851999965 ], [ 110.544236999000077, -7.537602039999967 ], [ 110.544329499000071, -7.537750414999948 ], [ 110.544420562000084, -7.537855664999938 ], [ 110.544544312000085, -7.537881226999957 ], [ 110.544891874000086, -7.537945351999952 ], [ 110.545301749000089, -7.538088164999976 ], [ 110.545861937000041, -7.538084664999928 ], [ 110.546471187000066, -7.538274164999962 ], [ 110.546786249000036, -7.538298601999941 ], [ 110.546963562000087, -7.538206851999973 ], [ 110.547034687000064, -7.538089476999971 ], [ 110.547180812000079, -7.53785328999993 ], [ 110.547334249000073, -7.537764601999982 ], [ 110.547455312000068, -7.537763039999959 ], [ 110.54774756200004, -7.537833226999965 ], [ 110.548991249000039, -7.538153289999968 ], [ 110.549263249000035, -7.538192476999939 ], [ 110.549630062000062, -7.538326414999972 ], [ 110.549803749000034, -7.538443664999932 ], [ 110.550173374000053, -7.538839476999954 ], [ 110.550487624000084, -7.539266601999941 ], [ 110.550860687000068, -7.539615601999969 ], [ 110.551108562000081, -7.539870101999952 ], [ 110.551184062000061, -7.539934101999961 ], [ 110.551301124000076, -7.539935789999959 ], [ 110.552093562000039, -7.539802226999939 ], [ 110.552728999000067, -7.539816726999959 ], [ 110.553037812000071, -7.539705226999956 ], [ 110.553093312000044, -7.539700039999957 ], [ 110.553290812000057, -7.539675726999974 ], [ 110.553731937000066, -7.53966485199993 ], [ 110.553925249000088, -7.53963947699998 ], [ 110.554109874000062, -7.539741601999935 ], [ 110.554256624000061, -7.539776851999932 ], [ 110.554360374000055, -7.539707976999978 ], [ 110.554695312000035, -7.539480726999955 ], [ 110.554848812000046, -7.539528914999948 ], [ 110.555233499000053, -7.539737039999977 ], [ 110.556595187000084, -7.540583726999955 ], [ 110.556827874000078, -7.540841289999946 ], [ 110.557527687000061, -7.541670914999941 ], [ 110.557766499000081, -7.541822101999969 ], [ 110.558536999000069, -7.542393164999964 ], [ 110.559052812000061, -7.54270547699997 ], [ 110.559865874000081, -7.543181164999964 ], [ 110.560016562000044, -7.543159476999961 ], [ 110.560774749000075, -7.542979289999948 ], [ 110.560962499000084, -7.543093539999973 ], [ 110.561380937000081, -7.543355101999964 ], [ 110.561876999000049, -7.543494851999981 ], [ 110.562076687000058, -7.543474664999962 ], [ 110.562850499000035, -7.543352414999958 ], [ 110.563059749000047, -7.543416476999937 ], [ 110.563282687000083, -7.543467039999939 ], [ 110.563417249000054, -7.543512414999952 ], [ 110.563476687000048, -7.543603664999978 ], [ 110.563583187000063, -7.54375478999998 ], [ 110.563726687000042, -7.543796726999972 ], [ 110.563908187000038, -7.543784039999935 ], [ 110.564196624000033, -7.543681226999979 ], [ 110.56456649900008, -7.543622414999959 ], [ 110.565514749000045, -7.543662601999927 ], [ 110.565641062000054, -7.543712289999974 ] ], [ [ 110.566497374000051, -7.544489539999972 ], [ 110.56660374900008, -7.544432164999932 ], [ 110.566624187000059, -7.544426539999961 ], [ 110.566780624000046, -7.54443972699994 ], [ 110.566855249000071, -7.544503726999949 ], [ 110.566930812000066, -7.544568539999943 ], [ 110.567109999000081, -7.544803664999961 ], [ 110.567271874000085, -7.544925226999965 ], [ 110.56747706200008, -7.544984976999956 ], [ 110.567601062000051, -7.544966101999933 ], [ 110.567673437000053, -7.544881914999962 ], [ 110.567736749000062, -7.544610664999936 ], [ 110.567732124000088, -7.544459039999936 ], [ 110.56747381200006, -7.544068726999967 ], [ 110.567342374000077, -7.543866789999981 ], [ 110.567302999000049, -7.543728539999961 ], [ 110.567322812000043, -7.543619539999952 ], [ 110.567420624000079, -7.54351085199994 ], [ 110.567613687000062, -7.543430851999972 ], [ 110.567829187000086, -7.543416476999937 ], [ 110.568180187000053, -7.543546539999966 ], [ 110.568565124000088, -7.543683039999962 ], [ 110.568787062000069, -7.543758726999954 ], [ 110.568973437000068, -7.543884226999978 ], [ 110.56909224900005, -7.544060101999946 ], [ 110.569166249000034, -7.544147476999967 ], [ 110.569312687000036, -7.544182789999979 ], [ 110.569666874000063, -7.544081289999951 ], [ 110.569964374000051, -7.543968476999964 ], [ 110.570116437000081, -7.543947664999962 ], [ 110.570320312000035, -7.544012414999941 ], [ 110.570485374000043, -7.544121789999963 ], [ 110.570586687000059, -7.544291914999974 ], [ 110.570645562000038, -7.544514414999981 ], [ 110.570707499000036, -7.544593414999952 ], [ 110.570878374000074, -7.544621789999951 ], [ 110.572027062000075, -7.544006414999956 ], [ 110.572129312000072, -7.543951601999936 ], [ 110.572315624000055, -7.543863664999947 ], [ 110.572492624000063, -7.543846164999934 ], [ 110.57263662400004, -7.543900226999938 ], [ 110.572711749000064, -7.543994039999973 ], [ 110.572718749000046, -7.544039851999969 ], [ 110.572786874000087, -7.544339039999954 ], [ 110.572898937000048, -7.544555851999974 ], [ 110.573009687000081, -7.544657539999946 ], [ 110.573279687000081, -7.544698289999928 ], [ 110.574312562000046, -7.544457851999937 ], [ 110.574533124000084, -7.544418664999966 ], [ 110.574835874000087, -7.544495851999955 ], [ 110.575017812000056, -7.544558664999954 ], [ 110.575356812000052, -7.544499101999975 ], [ 110.575714374000086, -7.544436726999947 ], [ 110.575858124000035, -7.544448601999932 ], [ 110.576119124000058, -7.544727226999953 ], [ 110.576267937000068, -7.544909351999934 ], [ 110.57641981200004, -7.54499872699995 ], [ 110.576589187000081, -7.545014164999941 ], [ 110.576772687000073, -7.544930976999979 ], [ 110.576980749000086, -7.54469847699994 ], [ 110.577089499000067, -7.544578976999958 ], [ 110.577275124000039, -7.544534914999929 ], [ 110.577715499000078, -7.544652414999973 ], [ 110.577942437000047, -7.54471441499993 ], [ 110.578098374000035, -7.544676789999926 ], [ 110.578320749000056, -7.544568101999971 ], [ 110.578699437000068, -7.544527351999932 ], [ 110.578936374000079, -7.544500726999956 ], [ 110.579353499000035, -7.544319789999975 ], [ 110.57965243700005, -7.544195914999932 ], [ 110.579982187000041, -7.544139851999944 ], [ 110.580326437000053, -7.544157789999929 ], [ 110.580545624000081, -7.544236914999942 ], [ 110.580850499000064, -7.544494164999946 ], [ 110.581127562000063, -7.544704914999954 ], [ 110.581297937000045, -7.544792101999974 ], [ 110.581446812000081, -7.544802601999947 ], [ 110.581607062000046, -7.54477766499997 ], [ 110.581763187000035, -7.544825351999975 ], [ 110.581972874000087, -7.545178851999935 ], [ 110.582082937000052, -7.545331101999977 ], [ 110.582229687000051, -7.545424539999942 ], [ 110.582331499000077, -7.545427414999949 ], [ 110.582471812000051, -7.545298289999948 ], [ 110.582612499000049, -7.545149164999941 ], [ 110.582892812000068, -7.545013539999957 ], [ 110.583152687000052, -7.544948226999963 ], [ 110.583254624000062, -7.544963476999953 ], [ 110.58333181200004, -7.545095914999933 ], [ 110.583345124000061, -7.545462414999974 ], [ 110.583342937000054, -7.545648039999946 ], [ 110.583448062000059, -7.545814289999953 ], [ 110.583597312000052, -7.54593110199994 ], [ 110.58371337400007, -7.545962039999949 ], [ 110.583867812000051, -7.545907289999946 ], [ 110.584055812000088, -7.545738289999974 ], [ 110.584262687000034, -7.545415601999935 ], [ 110.584386437000035, -7.545209976999956 ], [ 110.584478312000044, -7.545128414999965 ], [ 110.585110874000065, -7.545589789999951 ], [ 110.58537749900006, -7.545790039999929 ], [ 110.585676249000073, -7.545939976999932 ], [ 110.585700151754835, -7.545945825634767 ] ], [ [ 110.585985652800687, -7.545858996444045 ], [ 110.586418374000061, -7.545329351999953 ], [ 110.58661412400005, -7.545074851999971 ], [ 110.586768874000086, -7.544946789999926 ], [ 110.586881785611297, -7.544907166666792 ] ], [ [ 110.587617928037233, -7.546309034142252 ], [ 110.587710749000053, -7.546358226999928 ], [ 110.587815437000074, -7.546361601999934 ], [ 110.588100374000078, -7.546119476999934 ], [ 110.588271187000089, -7.545959164999942 ], [ 110.588385902352741, -7.54591575011279 ] ], [ [ 110.565641062000054, -7.543712289999974 ], [ 110.565714312000068, -7.543819164999945 ], [ 110.565754624000078, -7.54388653999996 ], [ 110.565890437000064, -7.54407853999993 ], [ 110.566037062000078, -7.544161976999931 ], [ 110.566497374000051, -7.544489539999972 ] ] ] } },
{ "type": "Feature", "properties": { "fid": 60, "NAMOBJ": null, "FCODE": null, "REMARK": "Sungai Satu Garis", "METADATA": "2017; RBI KSP SK 24.4 2021", "SRS_ID": null, "ADATGL": 0.0, "DMAX": 0.0, "FNGAIR": 0.0, "JNSSNG": 0.0, "KLSSNG": 0.0, "LTKSGI": 0.0, "NAMWS": null, "STATUS": null, "UKRSGI": 0.0, "WMAX": 0.0, "DBTMXS": 0.0, "NAMDAS": null, "SHAPE_Leng": 0.039755705167270998 }, "geometry": { "type": "MultiLineString", "coordinates": [ [ [ 110.513486034612342, -7.539623944801421 ], [ 110.513501937000058, -7.53962897699995 ], [ 110.513769499000034, -7.539676351999958 ], [ 110.514592999000058, -7.539885539999943 ], [ 110.515261249000048, -7.540112164999925 ], [ 110.515853999000058, -7.540307539999958 ], [ 110.516153562000056, -7.540320976999965 ], [ 110.516881312000066, -7.540342789999954 ], [ 110.517096687000048, -7.540452476999974 ], [ 110.517299624000088, -7.540635789999953 ], [ 110.517685249000067, -7.541092101999936 ], [ 110.517941999000072, -7.541386164999949 ], [ 110.518183624000073, -7.541605539999978 ], [ 110.518357937000076, -7.541763726999932 ], [ 110.518715374000067, -7.541882476999945 ], [ 110.519698687000073, -7.542135851999944 ], [ 110.52016356200005, -7.542298101999961 ], [ 110.520562374000065, -7.542461726999932 ], [ 110.520853124000041, -7.542488164999952 ], [ 110.52092181200004, -7.542470289999926 ], [ 110.521367499000064, -7.54233447699994 ], [ 110.521567124000057, -7.542291914999964 ], [ 110.521914562000063, -7.542305664999958 ], [ 110.521934562000069, -7.542312164999942 ], [ 110.522065187000067, -7.54237991499997 ] ], [ [ 110.522065187000067, -7.54237991499997 ], [ 110.522179312000048, -7.542503414999942 ], [ 110.522213562000047, -7.542656976999979 ], [ 110.522190874000046, -7.542869601999939 ], [ 110.522201687000063, -7.543054789999928 ], [ 110.52234287400006, -7.543075476999945 ], [ 110.522586624000041, -7.543149601999971 ], [ 110.522699562000071, -7.54323141499998 ], [ 110.522745812000039, -7.543281976999936 ], [ 110.522969749000083, -7.543567226999926 ], [ 110.523196124000037, -7.543804976999979 ], [ 110.523507124000048, -7.54401428999995 ], [ 110.523947249000059, -7.544239664999964 ], [ 110.524426937000044, -7.544465601999946 ], [ 110.524724187000061, -7.544675351999956 ], [ 110.525024062000057, -7.544886476999977 ], [ 110.525127874000077, -7.544862914999953 ], [ 110.525673312000038, -7.544650289999936 ], [ 110.525859624000077, -7.544620726999938 ], [ 110.526063812000075, -7.544664351999927 ], [ 110.526272562000088, -7.544783476999953 ], [ 110.526668812000082, -7.545007289999944 ], [ 110.527117312000087, -7.544932851999931 ], [ 110.527496749000079, -7.544940289999943 ], [ 110.527796437000063, -7.545027539999978 ], [ 110.528689062000069, -7.545383289999961 ], [ 110.529004187000055, -7.545457726999928 ], [ 110.529239312000072, -7.545428476999973 ], [ 110.529977999000039, -7.545339601999956 ], [ 110.530410687000085, -7.545379414999957 ], [ 110.530623874000071, -7.545480601999941 ], [ 110.530836812000075, -7.545674289999965 ], [ 110.531164874000069, -7.54593878999998 ], [ 110.53152299900006, -7.54614135199995 ], [ 110.531577562000052, -7.546309976999964 ], [ 110.53158393700005, -7.546377914999937 ], [ 110.531586249000043, -7.546510101999957 ], [ 110.531554812000081, -7.546960101999957 ], [ 110.531612812000049, -7.547030164999967 ], [ 110.531796687000053, -7.547121164999965 ], [ 110.532244687000059, -7.547258664999958 ], [ 110.532449624000037, -7.547248039999943 ], [ 110.532710499000075, -7.547255351999979 ], [ 110.532783374000076, -7.547292664999929 ], [ 110.53291243700005, -7.547384664999981 ], [ 110.533007624000049, -7.54751697699993 ], [ 110.533050937000041, -7.54763528999996 ], [ 110.533186249000039, -7.548049914999979 ], [ 110.533264812000084, -7.548047164999957 ], [ 110.533543437000048, -7.547995914999944 ], [ 110.533642374000067, -7.548111664999965 ], [ 110.533662562000075, -7.548237851999943 ], [ 110.533634937000045, -7.548536351999928 ], [ 110.533699437000053, -7.548588539999969 ], [ 110.533808187000034, -7.548583664999967 ], [ 110.533975812000051, -7.548499976999949 ], [ 110.534191312000075, -7.548414289999926 ], [ 110.534347124000078, -7.548435601999927 ], [ 110.534546499000044, -7.548517414999935 ], [ 110.534709874000043, -7.548673164999968 ], [ 110.534732624000071, -7.548778039999945 ], [ 110.534795749000068, -7.549019726999973 ], [ 110.534909437000067, -7.549117664999926 ], [ 110.535133249000069, -7.549211226999944 ], [ 110.535409062000042, -7.54933972699996 ], [ 110.535542937000059, -7.549509539999974 ], [ 110.53570581200006, -7.549686601999952 ], [ 110.536241812000071, -7.549391601999957 ], [ 110.536421499000085, -7.549374851999971 ], [ 110.53656931200004, -7.549429539999949 ], [ 110.536667874000045, -7.549558789999935 ], [ 110.536720187000071, -7.549636539999938 ], [ 110.536853124000061, -7.549832789999925 ] ] ] } },
{ "type": "Feature", "properties": { "fid": 61, "NAMOBJ": null, "FCODE": null, "REMARK": "Sungai Satu Garis", "METADATA": "2017; RBI KSP SK 24.4 2021", "SRS_ID": null, "ADATGL": 0.0, "DMAX": 0.0, "FNGAIR": 0.0, "JNSSNG": 0.0, "KLSSNG": 0.0, "LTKSGI": 0.0, "NAMWS": null, "STATUS": null, "UKRSGI": 0.0, "WMAX": 0.0, "DBTMXS": 0.0, "NAMDAS": null, "SHAPE_Leng": 0.013825471138634001 }, "geometry": { "type": "MultiLineString", "coordinates": [ [ [ 110.507308562000048, -7.546604664999961 ], [ 110.507529374000057, -7.546681414999966 ], [ 110.507565312000054, -7.546698164999952 ], [ 110.508052937000059, -7.546952851999947 ], [ 110.508522624000079, -7.547201976999929 ], [ 110.50868949900007, -7.547289664999937 ], [ 110.509396562000063, -7.547564539999939 ], [ 110.510124999000084, -7.547847976999947 ], [ 110.510253062000061, -7.547887601999946 ], [ 110.510667624000064, -7.548022101999948 ], [ 110.51071668700007, -7.548035789999972 ], [ 110.510753562000048, -7.548037726999951 ], [ 110.511235999000064, -7.548095664999948 ], [ 110.511580124000034, -7.548217914999952 ], [ 110.51201093700007, -7.548443539999937 ], [ 110.512412874000063, -7.548638039999958 ], [ 110.512921499000072, -7.548884789999931 ], [ 110.513151999000058, -7.549043476999941 ], [ 110.513467437000088, -7.549351101999946 ], [ 110.513824499000066, -7.549858039999947 ], [ 110.514027249000037, -7.550059976999933 ], [ 110.514126249000071, -7.55015822699994 ], [ 110.514769812000054, -7.550718351999933 ], [ 110.514798624000036, -7.55073647699993 ], [ 110.515095249000069, -7.550879351999981 ], [ 110.515248749000079, -7.550988664999977 ], [ 110.515250062000064, -7.550989539999932 ], [ 110.515363624000088, -7.551101664999976 ], [ 110.515516687000058, -7.551258976999975 ], [ 110.51571468700007, -7.551436601999967 ], [ 110.515896749000035, -7.551498914999968 ], [ 110.516134187000034, -7.551503601999968 ], [ 110.516773249000039, -7.551527601999965 ], [ 110.517210499000043, -7.551637539999945 ], [ 110.517798749000065, -7.551784039999973 ], [ 110.518060562000073, -7.551770914999963 ], [ 110.518377624000038, -7.551674226999978 ], [ 110.518611874000044, -7.551641539999935 ], [ 110.518827624000039, -7.551687289999961 ], [ 110.519043499000077, -7.551796101999969 ], [ 110.519191062000061, -7.551840976999927 ], [ 110.519521999000062, -7.551933414999951 ] ] ] } },
{ "type": "Feature", "properties": { "fid": 62, "NAMOBJ": null, "FCODE": null, "REMARK": "Sungai Satu Garis", "METADATA": "2017; RBI KSP SK 24.4 2021", "SRS_ID": null, "ADATGL": 0.0, "DMAX": 0.0, "FNGAIR": 0.0, "JNSSNG": 0.0, "KLSSNG": 0.0, "LTKSGI": 0.0, "NAMWS": null, "STATUS": null, "UKRSGI": 0.0, "WMAX": 0.0, "DBTMXS": 0.0, "NAMDAS": null, "SHAPE_Leng": 0.090024276657626995 }, "geometry": { "type": "MultiLineString", "coordinates": [ [ [ 110.500912874000051, -7.54439653999998 ], [ 110.501253374000044, -7.544486351999979 ], [ 110.501666249000039, -7.544664601999955 ], [ 110.502274062000083, -7.545071726999936 ], [ 110.502313937000054, -7.545097164999959 ], [ 110.502392937000081, -7.545147164999946 ], [ 110.502754499000048, -7.545376164999936 ], [ 110.503242062000083, -7.545809851999934 ], [ 110.503386749000072, -7.545938601999978 ], [ 110.503519874000062, -7.546081539999932 ], [ 110.503573999000082, -7.546361414999978 ], [ 110.503581562000079, -7.546651976999954 ] ], [ [ 110.551836437000077, -7.548275039999965 ], [ 110.552045249000059, -7.548243226999944 ], [ 110.552237687000058, -7.548311726999941 ], [ 110.55244112400004, -7.548473101999946 ], [ 110.552628749000064, -7.548648851999928 ], [ 110.552893312000037, -7.548835414999928 ], [ 110.553180937000036, -7.548940914999946 ], [ 110.553749937000077, -7.548984351999934 ], [ 110.554267624000033, -7.548843789999978 ], [ 110.554734999000061, -7.548791164999955 ], [ 110.555386687000066, -7.548479101999931 ], [ 110.555666187000043, -7.548348601999976 ], [ 110.556160499000043, -7.548356851999927 ], [ 110.55631618700005, -7.548335164999969 ], [ 110.556473062000066, -7.548233601999925 ], [ 110.556571624000071, -7.548103664999928 ], [ 110.556600499000069, -7.547993851999934 ], [ 110.556475187000046, -7.547798789999945 ], [ 110.556232562000048, -7.547574851999968 ], [ 110.556018249000033, -7.547403226999961 ], [ 110.555939562000049, -7.547295601999963 ], [ 110.555958124000085, -7.54717353999996 ], [ 110.556073187000038, -7.547051976999967 ], [ 110.556356562000076, -7.546955539999942 ], [ 110.556450562000066, -7.546946789999936 ], [ 110.556562812000038, -7.546946914999978 ], [ 110.556943437000086, -7.546973851999951 ], [ 110.55694593700008, -7.546972851999953 ], [ 110.557441812000036, -7.546768476999944 ], [ 110.557706437000036, -7.546608164999952 ], [ 110.557960062000063, -7.546253664999938 ], [ 110.558067812000047, -7.546124289999966 ], [ 110.558371499000089, -7.546056976999978 ], [ 110.558625749000043, -7.545992851999927 ], [ 110.558875562000082, -7.545916539999951 ], [ 110.55909549900008, -7.545922101999963 ], [ 110.559365124000067, -7.54598597699993 ], [ 110.559517062000054, -7.545975914999929 ], [ 110.559633624000071, -7.545892914999968 ], [ 110.559683062000033, -7.545693539999945 ], [ 110.559700687000088, -7.545512601999974 ], [ 110.559791937000057, -7.545363601999952 ], [ 110.559964687000047, -7.545262539999953 ], [ 110.560175687000083, -7.54523966499994 ], [ 110.56033418700008, -7.545277789999943 ], [ 110.560476749000088, -7.54537653999995 ], [ 110.560567062000075, -7.545521789999952 ], [ 110.560529312000085, -7.545774101999939 ], [ 110.560515124000062, -7.545896226999957 ], [ 110.560600062000049, -7.546001976999946 ], [ 110.560806624000065, -7.546060226999941 ], [ 110.561419312000055, -7.545968476999974 ], [ 110.561527374000036, -7.545957351999959 ], [ 110.56169131200005, -7.546113226999978 ], [ 110.561822124000059, -7.546251164999944 ], [ 110.561979749000045, -7.546319039999958 ], [ 110.562148437000076, -7.546316914999977 ], [ 110.562491687000033, -7.54603491499995 ], [ 110.562621374000059, -7.545938914999965 ], [ 110.562891312000033, -7.545917976999931 ], [ 110.563172499000075, -7.545925414999942 ], [ 110.563346812000077, -7.545889351999961 ], [ 110.563590562000059, -7.545723726999938 ], [ 110.563937624000062, -7.545355601999972 ], [ 110.564179374000048, -7.545071101999952 ], [ 110.564299624000057, -7.544952664999926 ], [ 110.564353499000049, -7.544903976999933 ], [ 110.564454374000036, -7.544868289999954 ], [ 110.564733812000043, -7.545133914999951 ], [ 110.564928937000047, -7.545341601999951 ], [ 110.565062437000051, -7.545407289999957 ], [ 110.565159124000047, -7.545385851999981 ], [ 110.565233999000043, -7.545296101999952 ], [ 110.56516018700006, -7.545030539999971 ], [ 110.565086249000046, -7.544828851999966 ], [ 110.565076187000045, -7.544629664999945 ], [ 110.56512106200006, -7.544521664999934 ], [ 110.56521974900005, -7.544450414999972 ], [ 110.565533437000056, -7.544481914999949 ], [ 110.56596131200007, -7.544663976999971 ], [ 110.566119812000068, -7.544723164999937 ], [ 110.566497374000051, -7.544489539999972 ] ], [ [ 110.503581562000079, -7.546651976999954 ], [ 110.503587187000051, -7.54675072699996 ], [ 110.503622874000087, -7.547088226999961 ], [ 110.503641062000042, -7.547177664999936 ], [ 110.503747624000084, -7.547601101999931 ], [ 110.50374843700007, -7.547730976999958 ], [ 110.503749812000081, -7.547948976999976 ], [ 110.503760187000069, -7.548060164999981 ], [ 110.503868312000066, -7.548137664999956 ], [ 110.503948312000034, -7.54819497699998 ], [ 110.504272374000038, -7.548296101999938 ], [ 110.504451374000041, -7.548349601999973 ], [ 110.504471687000034, -7.548355726999944 ], [ 110.504492312000082, -7.548367101999929 ], [ 110.504662874000076, -7.548500726999976 ], [ 110.504742124000074, -7.548609601999942 ], [ 110.50475349900006, -7.548635851999961 ], [ 110.504789187000085, -7.548718789999953 ], [ 110.50479193700005, -7.54872635199996 ], [ 110.504824062000068, -7.548859039999968 ], [ 110.504829937000068, -7.549044851999952 ], [ 110.504832124000075, -7.549114539999948 ], [ 110.504898249000064, -7.549148601999946 ], [ 110.504985374000057, -7.549213226999939 ] ], [ [ 110.544262937000042, -7.549515414999973 ], [ 110.54444393700004, -7.549513289999936 ], [ 110.544626562000076, -7.54944472699998 ], [ 110.544728187000032, -7.549347914999942 ], [ 110.544703562000052, -7.549058164999963 ], [ 110.544565874000057, -7.548679664999952 ], [ 110.544460687000083, -7.548439289999976 ], [ 110.544466187000069, -7.548340226999926 ], [ 110.544689499000071, -7.548212726999964 ], [ 110.544916624000052, -7.548150789999966 ], [ 110.545426187000089, -7.548430226999926 ], [ 110.545765562000042, -7.548613664999948 ], [ 110.545968062000043, -7.548678976999952 ], [ 110.546041999000067, -7.548669101999963 ], [ 110.546208687000046, -7.548420851999936 ], [ 110.546295624000038, -7.548309539999934 ], [ 110.546654874000069, -7.548304601999973 ], [ 110.547132624000085, -7.548158476999959 ], [ 110.547259187000066, -7.548143851999953 ], [ 110.547408562000044, -7.548129289999963 ], [ 110.547798374000081, -7.548181351999972 ], [ 110.548086312000066, -7.548203289999947 ], [ 110.548313937000046, -7.548208289999934 ], [ 110.548429374000079, -7.548265726999944 ], [ 110.548543937000034, -7.548419726999953 ], [ 110.548608874000081, -7.54856441499993 ], [ 110.548690437000062, -7.548634039999968 ], [ 110.549009749000049, -7.548513476999972 ], [ 110.549214374000087, -7.548414101999981 ], [ 110.549366249000059, -7.548393789999977 ], [ 110.550246874000038, -7.548787164999965 ], [ 110.550473249000049, -7.548886164999942 ], [ 110.551111812000045, -7.54857210199998 ], [ 110.551283812000065, -7.548493914999938 ], [ 110.551445812000054, -7.548420351999937 ], [ 110.551836437000077, -7.548275039999965 ] ], [ [ 110.536853124000061, -7.549832789999925 ], [ 110.53711306200006, -7.549698414999966 ], [ 110.537393812000062, -7.54959172699995 ], [ 110.537795562000042, -7.549503726999944 ], [ 110.538199187000089, -7.549516414999971 ], [ 110.538987749000057, -7.549559476999946 ], [ 110.539171937000049, -7.549558851999961 ], [ 110.539268749000087, -7.549507226999935 ], [ 110.53934931200007, -7.549320164999926 ], [ 110.539396562000036, -7.549173726999925 ], [ 110.539485687000081, -7.549101039999925 ], [ 110.539572749000058, -7.54910203999998 ], [ 110.539637249000066, -7.549169789999951 ], [ 110.539612249000072, -7.549629976999938 ], [ 110.539612249000072, -7.549746726999956 ], [ 110.539692249000041, -7.549845226999935 ], [ 110.539991249000082, -7.549813726999957 ], [ 110.540030312000056, -7.549804789999939 ], [ 110.540032749000034, -7.549804539999968 ], [ 110.540266749000068, -7.549708851999981 ], [ 110.540895062000061, -7.549885476999975 ], [ 110.541983437000056, -7.549935976999961 ], [ 110.542784187000052, -7.549656476999928 ], [ 110.543226062000087, -7.549419976999957 ], [ 110.543463312000085, -7.549305601999947 ], [ 110.543635749000089, -7.549281851999979 ], [ 110.544063249000033, -7.549443351999969 ], [ 110.544262937000042, -7.549515414999973 ] ], [ [ 110.504985374000057, -7.549213226999939 ], [ 110.505075124000086, -7.549343101999966 ], [ 110.50506381200006, -7.549489789999939 ], [ 110.505075749000071, -7.549693539999964 ], [ 110.505176749000043, -7.549806664999949 ], [ 110.505293187000063, -7.549825914999929 ], [ 110.50550449900004, -7.549763976999941 ], [ 110.505705312000089, -7.549691289999942 ], [ 110.505796062000059, -7.54965847699998 ], [ 110.505921624000052, -7.549702101999969 ], [ 110.506027249000056, -7.549773414999947 ], [ 110.50636718700008, -7.550002976999963 ], [ 110.506556999000054, -7.550237664999941 ], [ 110.506714062000071, -7.550431789999948 ], [ 110.506910499000071, -7.550725101999944 ], [ 110.506977812000059, -7.550811726999939 ], [ 110.50708699900008, -7.55085085199994 ], [ 110.507225937000044, -7.55081703999997 ], [ 110.507370249000076, -7.550737039999944 ], [ 110.507511374000046, -7.55065885199997 ], [ 110.507686249000074, -7.550608539999928 ], [ 110.507832999000073, -7.550620039999956 ], [ 110.50798612400007, -7.550637351999967 ], [ 110.508007249000059, -7.55063916499995 ], [ 110.508261124000057, -7.550657351999973 ], [ 110.50856387400006, -7.55067691499994 ], [ 110.508864687000084, -7.550650476999976 ], [ 110.509098062000078, -7.550621226999965 ], [ 110.509208624000053, -7.550647414999958 ], [ 110.509439249000081, -7.551362289999929 ], [ 110.509519437000051, -7.551506976999974 ], [ 110.509665249000079, -7.551639164999926 ], [ 110.509881187000076, -7.551747664999937 ], [ 110.510210062000056, -7.551784289999944 ], [ 110.51059831200007, -7.551733976999969 ], [ 110.510749999000041, -7.551713226999937 ], [ 110.510887249000064, -7.551774789999968 ], [ 110.511049687000082, -7.551941539999973 ], [ 110.511178499000039, -7.552115289999961 ], [ 110.511500562000037, -7.552064414999961 ], [ 110.511589749000052, -7.552062851999949 ], [ 110.511696312000083, -7.552176414999963 ], [ 110.511834374000045, -7.552403351999942 ], [ 110.511997999000073, -7.55256578999996 ], [ 110.512224499000069, -7.552665289999936 ], [ 110.51265274900004, -7.552673539999944 ], [ 110.512934562000055, -7.552702914999941 ], [ 110.513173374000075, -7.552731664999953 ], [ 110.513423562000071, -7.55267547699998 ], [ 110.51367231200004, -7.552577414999973 ], [ 110.514051687000062, -7.55255053999997 ], [ 110.514219374000049, -7.552531789999932 ], [ 110.514410999000063, -7.552482789999942 ] ], [ [ 110.526858562000086, -7.550597226999969 ], [ 110.527239687000076, -7.550569289999942 ], [ 110.527543749000074, -7.550634164999963 ], [ 110.527796812000076, -7.550701789999948 ], [ 110.528004062000036, -7.550705664999953 ], [ 110.528070124000067, -7.550679039999977 ], [ 110.528036937000081, -7.55043991499997 ], [ 110.527757937000047, -7.549998476999974 ], [ 110.527674562000072, -7.549853789999929 ], [ 110.527677437000079, -7.549744851999947 ], [ 110.527752624000073, -7.549643414999935 ], [ 110.527836874000059, -7.549619789999952 ], [ 110.528107312000088, -7.549941039999965 ], [ 110.528577187000053, -7.550461914999971 ], [ 110.528768374000038, -7.550648914999954 ], [ 110.52901131200008, -7.550772914999925 ], [ 110.529304812000078, -7.550838164999959 ], [ 110.529421937000052, -7.550821164999945 ], [ 110.529609124000046, -7.550644539999951 ], [ 110.529746249000084, -7.550485726999966 ], [ 110.529872562000037, -7.550419914999964 ], [ 110.530054062000033, -7.550417664999941 ], [ 110.530188687000077, -7.550492351999935 ], [ 110.530391687000076, -7.550725289999946 ], [ 110.530565812000077, -7.550853101999962 ], [ 110.530685624000057, -7.550875914999949 ], [ 110.530800624000051, -7.550797226999975 ], [ 110.530909999000073, -7.550548664999951 ], [ 110.530943062000063, -7.550363914999934 ], [ 110.530930999000077, -7.550212476999945 ], [ 110.530977187000076, -7.55012847699993 ], [ 110.531119562000072, -7.550079601999926 ], [ 110.53138331200006, -7.550166289999936 ], [ 110.531551187000048, -7.550227914999937 ], [ 110.532065874000068, -7.550213164999946 ], [ 110.532324874000039, -7.550142039999969 ], [ 110.532463187000076, -7.550046476999967 ], [ 110.532567312000083, -7.549872664999953 ], [ 110.532662062000043, -7.549651164999943 ], [ 110.532747437000069, -7.549545226999953 ], [ 110.532844562000037, -7.549532664999958 ], [ 110.533165687000064, -7.549714601999938 ], [ 110.533317687000078, -7.549808914999971 ], [ 110.533585249000055, -7.549791289999973 ], [ 110.534057312000073, -7.549736226999926 ], [ 110.534431124000037, -7.549877476999939 ], [ 110.534575062000044, -7.549926976999927 ], [ 110.534701437000081, -7.549874726999974 ], [ 110.534813062000069, -7.549788914999965 ], [ 110.534908937000068, -7.549796914999945 ], [ 110.535126374000072, -7.550012789999926 ], [ 110.535249624000073, -7.550143976999948 ], [ 110.535381437000069, -7.550201539999932 ], [ 110.535643499000059, -7.550101476999941 ], [ 110.536220249000053, -7.550019851999934 ], [ 110.536277999000049, -7.550006601999939 ], [ 110.536456562000069, -7.54996297699995 ], [ 110.536853124000061, -7.549832789999925 ] ], [ [ 110.523534999000049, -7.550730289999933 ], [ 110.52374493700006, -7.550717039999938 ], [ 110.523821999000063, -7.550716351999938 ], [ 110.523971249000056, -7.550789164999969 ], [ 110.524055812000086, -7.550906164999958 ], [ 110.524101499000039, -7.551085414999932 ], [ 110.524132874000088, -7.55134653999994 ], [ 110.524150062000047, -7.551406914999973 ], [ 110.524264812000069, -7.551551414999949 ], [ 110.524365937000084, -7.551450226999975 ], [ 110.524422187000084, -7.551359351999963 ], [ 110.524722249000035, -7.550782476999927 ], [ 110.524820749000071, -7.550768414999936 ], [ 110.525003687000037, -7.550833476999969 ], [ 110.525276874000042, -7.551014976999966 ], [ 110.525560687000052, -7.551133164999953 ], [ 110.525713249000034, -7.551103289999958 ], [ 110.525919374000068, -7.550978101999931 ], [ 110.526067624000063, -7.55081235199998 ], [ 110.526159687000074, -7.550752914999975 ], [ 110.526301812000042, -7.550792539999975 ], [ 110.526686749000078, -7.550902601999951 ], [ 110.526807624000071, -7.55079385199997 ], [ 110.526836624000055, -7.550737664999929 ], [ 110.526858562000086, -7.550597226999969 ] ], [ [ 110.519521999000062, -7.551933414999951 ], [ 110.519640249000076, -7.551763914999981 ], [ 110.51971099900004, -7.551717914999927 ], [ 110.51999924900008, -7.551618726999948 ], [ 110.520236624000063, -7.551593476999926 ], [ 110.520434187000035, -7.551641601999961 ], [ 110.520579437000038, -7.551737039999978 ], [ 110.520684374000041, -7.551961414999937 ], [ 110.520759437000038, -7.552110039999945 ], [ 110.52086343700006, -7.552199539999947 ], [ 110.52100056200004, -7.552213664999954 ], [ 110.521162937000042, -7.552189726999927 ], [ 110.52124199900004, -7.552218351999954 ], [ 110.521121562000076, -7.55243153999993 ], [ 110.52105681200004, -7.552549914999929 ], [ 110.521074312000053, -7.552652164999927 ], [ 110.52115849900008, -7.55272122699995 ], [ 110.521271249000051, -7.552713726999968 ], [ 110.521434812000052, -7.55261735199997 ], [ 110.521752249000087, -7.552150414999971 ], [ 110.521861999000066, -7.551979789999962 ], [ 110.521960437000075, -7.551913226999943 ], [ 110.522159312000042, -7.551961539999979 ], [ 110.522376937000047, -7.552037976999941 ], [ 110.522603249000042, -7.552044414999955 ], [ 110.522807187000069, -7.55196697699995 ], [ 110.522961499000075, -7.551844039999935 ], [ 110.523078687000066, -7.551650289999941 ], [ 110.523130374000061, -7.551314164999951 ], [ 110.523174624000035, -7.551145351999935 ], [ 110.523321499000076, -7.550966476999974 ], [ 110.523534999000049, -7.550730289999933 ] ], [ [ 110.514410999000063, -7.552482789999942 ], [ 110.514603124000075, -7.55254260199996 ], [ 110.514777624000033, -7.552669914999967 ], [ 110.515064749000089, -7.553012539999941 ], [ 110.515166124000075, -7.553121914999963 ], [ 110.515233999000088, -7.553145539999946 ], [ 110.515244874000075, -7.552931789999946 ], [ 110.515262562000089, -7.552836101999958 ], [ 110.51533356200008, -7.552834289999964 ], [ 110.515728187000036, -7.552824164999947 ], [ 110.515894562000085, -7.552809164999928 ], [ 110.515979687000083, -7.552763101999972 ], [ 110.516023999000083, -7.552644789999931 ], [ 110.515976624000075, -7.552504101999943 ], [ 110.515812062000066, -7.552282476999949 ], [ 110.515771874000052, -7.552182914999946 ], [ 110.515871187000073, -7.552103976999945 ], [ 110.516025562000038, -7.552085226999964 ], [ 110.516309749000072, -7.552206601999956 ], [ 110.516771937000044, -7.552539101999969 ], [ 110.516985124000087, -7.552693914999963 ], [ 110.517103687000088, -7.55273641499997 ], [ 110.517348437000066, -7.552604851999945 ], [ 110.517502624000088, -7.552503226999931 ], [ 110.517798374000051, -7.552630101999966 ], [ 110.517911687000037, -7.552676226999949 ], [ 110.518032749000042, -7.552644226999973 ], [ 110.518209562000038, -7.552522726999939 ], [ 110.518331999000054, -7.552487851999956 ], [ 110.518534187000057, -7.552633164999975 ], [ 110.518681874000038, -7.552771976999963 ], [ 110.518779124000048, -7.552810414999954 ], [ 110.518859249000059, -7.552771351999979 ], [ 110.518919749000077, -7.552415226999926 ], [ 110.518952437000053, -7.552296914999943 ], [ 110.519020874000034, -7.55223366499996 ], [ 110.519174062000047, -7.552307789999929 ], [ 110.519291374000034, -7.552379726999959 ], [ 110.519371624000087, -7.552368914999931 ], [ 110.519502687000056, -7.552181851999933 ], [ 110.519521999000062, -7.551933414999951 ] ] ] } },
{ "type": "Feature", "properties": { "fid": 63, "NAMOBJ": null, "FCODE": null, "REMARK": "Sungai Satu Garis", "METADATA": "2017; RBI KSP SK 24.4 2021", "SRS_ID": null, "ADATGL": 0.0, "DMAX": 0.0, "FNGAIR": 0.0, "JNSSNG": 0.0, "KLSSNG": 0.0, "LTKSGI": 0.0, "NAMWS": null, "STATUS": null, "UKRSGI": 0.0, "WMAX": 0.0, "DBTMXS": 0.0, "NAMDAS": null, "SHAPE_Leng": 0.00641250483114 }, "geometry": { "type": "MultiLineString", "coordinates": [ [ [ 110.50711093700005, -7.55261691499993 ], [ 110.507157249000045, -7.552758289999929 ], [ 110.507182999000065, -7.552835914999946 ], [ 110.507260249000069, -7.553072226999973 ], [ 110.507330687000035, -7.553264789999957 ], [ 110.507398812000076, -7.553456039999958 ], [ 110.507589062000079, -7.553668976999973 ], [ 110.50785393700005, -7.553891164999925 ], [ 110.508095937000064, -7.554002226999955 ], [ 110.509052499000063, -7.554133601999979 ], [ 110.509250062000035, -7.554173101999936 ], [ 110.509333249000065, -7.55419991499997 ], [ 110.509591249000039, -7.554354789999934 ], [ 110.509997249000037, -7.554896851999956 ], [ 110.510334624000052, -7.555320914999982 ], [ 110.51063137400007, -7.55569016499993 ], [ 110.510746249000078, -7.555939726999952 ], [ 110.510839624000084, -7.556148101999952 ], [ 110.510968624000043, -7.556270164999944 ], [ 110.510996187000046, -7.556304664999971 ], [ 110.511024749000057, -7.556350664999968 ], [ 110.511057249000089, -7.556409914999961 ], [ 110.511083874000064, -7.556455351999944 ], [ 110.511118374000034, -7.556498476999934 ], [ 110.51114418700007, -7.556550164999976 ], [ 110.511187249000045, -7.556679539999948 ], [ 110.51120443700006, -7.556731226999943 ], [ 110.511258937000036, -7.556899101999932 ] ] ] } },
{ "type": "Feature", "properties": { "fid": 64, "NAMOBJ": null, "FCODE": null, "REMARK": "Alur Sungai", "METADATA": "2017; RBI KSP SK 24.4 2021", "SRS_ID": null, "ADATGL": 0.0, "DMAX": 0.0, "FNGAIR": 0.0, "JNSSNG": 0.0, "KLSSNG": 0.0, "LTKSGI": 0.0, "NAMWS": null, "STATUS": null, "UKRSGI": 0.0, "WMAX": 0.0, "DBTMXS": 0.0, "NAMDAS": null, "SHAPE_Leng": 0.058296916638250998 }, "geometry": { "type": "MultiLineString", "coordinates": [ [ [ 110.495583812000064, -7.54516816499995 ], [ 110.495472312000061, -7.545847039999956 ], [ 110.495473562000086, -7.545885476999956 ], [ 110.495528124000089, -7.545983914999965 ], [ 110.495589749000032, -7.545999789999939 ], [ 110.49571118700004, -7.546033226999953 ], [ 110.495789812000055, -7.546045976999949 ], [ 110.496018562000074, -7.545995226999935 ], [ 110.496161124000082, -7.545916414999965 ], [ 110.496513812000046, -7.54569672699995 ], [ 110.496791562000055, -7.545712789999925 ], [ 110.496971124000083, -7.545773039999972 ], [ 110.49708581200008, -7.545860351999977 ], [ 110.49726981200007, -7.546091601999933 ], [ 110.497303062000071, -7.546249476999947 ], [ 110.497372999000049, -7.546522164999942 ], [ 110.497526937000089, -7.546619164999981 ], [ 110.497631937000051, -7.546646351999925 ], [ 110.497760374000052, -7.546622101999958 ], [ 110.497884999000064, -7.546534289999954 ], [ 110.497921874000042, -7.546440164999979 ], [ 110.497911624000039, -7.546285601999955 ], [ 110.497839937000037, -7.546166539999945 ], [ 110.49773624900007, -7.545978914999978 ], [ 110.497724374000086, -7.545837851999977 ], [ 110.497785062000048, -7.54559872699997 ], [ 110.497871062000058, -7.545349601999931 ], [ 110.49785999900007, -7.545241601999976 ], [ 110.497805749000065, -7.545018351999943 ], [ 110.497863812000048, -7.544877601999929 ], [ 110.497948312000062, -7.544818164999981 ], [ 110.498036937000052, -7.544812601999979 ], [ 110.498170749000053, -7.544864726999947 ], [ 110.498355624000055, -7.544979539999929 ], [ 110.498372249000056, -7.545058601999926 ], [ 110.498458749000065, -7.545461726999974 ], [ 110.498533499000075, -7.545576289999929 ], [ 110.498660437000069, -7.545676851999929 ], [ 110.498822249000057, -7.545785726999952 ], [ 110.499245249000069, -7.545827851999945 ], [ 110.49934274900005, -7.545817351999972 ], [ 110.499605749000068, -7.545790289999957 ], [ 110.499767874000042, -7.545899539999937 ], [ 110.5, -7.546106885999961 ], [ 110.500000275000048, -7.546107131999975 ], [ 110.500000312000054, -7.546107164999967 ], [ 110.500284124000075, -7.546360726999978 ], [ 110.500370124000085, -7.546346351999944 ], [ 110.500463187000037, -7.54633072699994 ], [ 110.500656999000057, -7.546306914999946 ], [ 110.500942499000075, -7.546386476999942 ], [ 110.501063812000041, -7.546491164999964 ], [ 110.501228124000079, -7.54665347699995 ], [ 110.501310062000073, -7.54671953999997 ], [ 110.501444874000072, -7.546862664999935 ], [ 110.501554374000079, -7.546978914999954 ], [ 110.501634687000035, -7.547066164999933 ], [ 110.501677437000069, -7.547111289999975 ], [ 110.501715624000042, -7.547207664999974 ], [ 110.501712812000051, -7.547360476999927 ], [ 110.501701562000051, -7.547544976999973 ], [ 110.501745562000053, -7.547611414999949 ], [ 110.501803187000064, -7.547653039999943 ], [ 110.501995874000045, -7.547786789999975 ], [ 110.502184187000069, -7.547905914999944 ], [ 110.502234187000056, -7.548002039999972 ], [ 110.502222937000056, -7.548066414999937 ], [ 110.502174312000079, -7.548224914999935 ], [ 110.502152124000077, -7.548297289999937 ], [ 110.502201437000053, -7.548416539999948 ], [ 110.502260437000075, -7.548517664999963 ], [ 110.502405874000033, -7.548680414999978 ], [ 110.502587687000073, -7.548884164999947 ], [ 110.502813374000084, -7.549023914999964 ], [ 110.502929874000074, -7.549188914999945 ], [ 110.503002437000077, -7.549244851999958 ], [ 110.503026437000074, -7.549257601999955 ], [ 110.503099062000047, -7.549270664999938 ], [ 110.503171312000063, -7.549244664999947 ], [ 110.50328199900008, -7.54916160199997 ], [ 110.503421624000055, -7.549061664999954 ], [ 110.503626249000035, -7.548911289999978 ], [ 110.503682437000066, -7.548887414999967 ], [ 110.50374518700005, -7.548872851999931 ], [ 110.503814437000074, -7.548882914999979 ], [ 110.503907187000038, -7.54890822699997 ], [ 110.504113499000084, -7.548949039999968 ], [ 110.504221749000067, -7.548977976999936 ], [ 110.504458187000068, -7.549154476999945 ], [ 110.504502374000083, -7.549159164999935 ], [ 110.504640937000033, -7.549167601999955 ], [ 110.504785874000049, -7.549185164999926 ], [ 110.504985374000057, -7.549213226999939 ] ], [ [ 110.472996249000062, -7.540479851999976 ], [ 110.473035624000033, -7.540488601999925 ], [ 110.473525499000061, -7.540487601999928 ], [ 110.473591937000037, -7.540446226999961 ], [ 110.473683062000077, -7.540365351999981 ], [ 110.473718312000074, -7.540351101999931 ], [ 110.473836249000044, -7.540320914999938 ], [ 110.473963499000035, -7.540239351999958 ], [ 110.474109874000078, -7.540178914999956 ], [ 110.474323624000078, -7.540179351999939 ], [ 110.47461562400008, -7.54016353999998 ], [ 110.474811874000068, -7.540117351999982 ], [ 110.475144562000082, -7.540076164999959 ], [ 110.475426374000051, -7.540046039999936 ], [ 110.475612749000049, -7.540074976999961 ], [ 110.475710812000045, -7.540095664999967 ], [ 110.476009937000072, -7.540065101999971 ], [ 110.476149687000088, -7.540054289999944 ], [ 110.476449874000082, -7.54005178999995 ], [ 110.476615937000076, -7.540106476999938 ], [ 110.476792624000041, -7.540163226999937 ], [ 110.477155874000061, -7.54015891499995 ], [ 110.477347312000063, -7.540190601999939 ], [ 110.477695937000078, -7.540337226999952 ], [ 110.477887499000076, -7.540313414999957 ], [ 110.478022249000048, -7.540393664999954 ], [ 110.478180812000062, -7.54034616499996 ], [ 110.478611374000081, -7.540358351999942 ], [ 110.479075187000035, -7.54027278999996 ], [ 110.479226437000079, -7.54022453999994 ], [ 110.479388937000067, -7.54016753999997 ], [ 110.479424249000033, -7.540175414999965 ], [ 110.479576937000047, -7.540239164999946 ], [ 110.479843499000083, -7.540389914999935 ], [ 110.479884062000053, -7.540404476999981 ], [ 110.480103937000081, -7.540452164999977 ], [ 110.480470624000077, -7.540460476999954 ], [ 110.480789062000042, -7.54038066499993 ], [ 110.480986749000067, -7.540354289999925 ], [ 110.481184187000053, -7.540292851999936 ], [ 110.481335749000039, -7.540265789999978 ], [ 110.481463937000058, -7.540336601999968 ], [ 110.481663749000063, -7.540433101999952 ], [ 110.482283874000075, -7.540489226999966 ], [ 110.48255987400006, -7.540467726999964 ], [ 110.482612437000057, -7.540412664999963 ], [ 110.482782187000055, -7.540210726999931 ], [ 110.482899874000054, -7.540188976999957 ], [ 110.483027874000072, -7.540233976999957 ], [ 110.483234312000036, -7.540310476999935 ], [ 110.483319437000034, -7.540309289999925 ], [ 110.48341937400005, -7.540376101999925 ], [ 110.483549249000077, -7.540525914999932 ], [ 110.483608374000084, -7.540636914999936 ], [ 110.483687749000069, -7.540680976999965 ], [ 110.483813124000051, -7.540677226999946 ], [ 110.483996062000074, -7.540690726999969 ], [ 110.484202749000076, -7.540708851999966 ], [ 110.484454312000082, -7.540657101999955 ], [ 110.484679437000068, -7.540539664999926 ], [ 110.484841312000071, -7.540499539999928 ], [ 110.485464187000048, -7.540439289999938 ], [ 110.485628312000074, -7.540403914999956 ], [ 110.485890249000079, -7.540296851999926 ], [ 110.486055874000044, -7.540174976999936 ], [ 110.486250437000081, -7.540034976999948 ], [ 110.486456624000084, -7.539989601999935 ], [ 110.486685499000089, -7.539938976999963 ], [ 110.486889562000044, -7.539899726999977 ], [ 110.487053124000056, -7.539930039999945 ], [ 110.487150437000082, -7.539926414999968 ], [ 110.487349312000049, -7.539908164999929 ], [ 110.48751218700005, -7.53999160199993 ], [ 110.487773874000084, -7.540115414999946 ], [ 110.487969874000044, -7.540140039999926 ], [ 110.488187124000035, -7.540134414999955 ], [ 110.488312062000034, -7.540192351999963 ], [ 110.488522624000041, -7.54028991499996 ], [ 110.488966749000042, -7.540334851999944 ], [ 110.489140937000059, -7.540426976999981 ], [ 110.489335124000036, -7.540456601999949 ], [ 110.489660749000052, -7.540698414999952 ], [ 110.489800812000055, -7.540802351999957 ], [ 110.489851749000081, -7.540903414999946 ], [ 110.489990937000073, -7.541165601999978 ], [ 110.490154749000055, -7.541314039999975 ], [ 110.490355499000088, -7.541392164999934 ], [ 110.490451187000076, -7.541369539999948 ], [ 110.490664874000061, -7.541314664999959 ], [ 110.491263249000042, -7.541213039999946 ], [ 110.491344687000037, -7.541254976999937 ], [ 110.491365374000054, -7.541321726999968 ], [ 110.491408812000088, -7.541447601999948 ], [ 110.491646812000056, -7.541896039999926 ], [ 110.491824687000076, -7.541951414999971 ], [ 110.491969937000079, -7.542076539999925 ], [ 110.49207074900005, -7.542236539999976 ], [ 110.492178624000076, -7.542416601999946 ], [ 110.492228374000035, -7.542499726999949 ], [ 110.492330312000036, -7.542573851999975 ], [ 110.492410187000075, -7.542552414999932 ], [ 110.492610812000066, -7.542488164999952 ], [ 110.492881124000064, -7.542476101999966 ], [ 110.493037187000084, -7.542517414999963 ], [ 110.493199249000043, -7.542627914999969 ], [ 110.493496374000074, -7.542875976999937 ], [ 110.493580499000075, -7.542843789999949 ], [ 110.493726687000049, -7.542703789999962 ], [ 110.49379881200008, -7.542569414999946 ], [ 110.493789937000088, -7.542463664999957 ], [ 110.49379837400005, -7.54232978999994 ], [ 110.493857874000071, -7.542264726999974 ], [ 110.493986999000072, -7.542225414999962 ], [ 110.494337874000053, -7.54228410199994 ], [ 110.494404687000042, -7.54235297699995 ], [ 110.494547312000066, -7.542512789999932 ], [ 110.494900124000083, -7.542818351999927 ], [ 110.494957749000037, -7.543025101999945 ], [ 110.494958624000049, -7.54317941499994 ], [ 110.494892874000072, -7.543361226999934 ], [ 110.494811499000036, -7.543417664999936 ], [ 110.494755749000035, -7.543457039999964 ], [ 110.494621562000077, -7.543551914999966 ], [ 110.494548562000034, -7.543681976999949 ], [ 110.494470437000075, -7.543903851999971 ], [ 110.494499562000044, -7.544039664999957 ], [ 110.494579999000052, -7.54414060199997 ], [ 110.494739812000034, -7.544240914999932 ], [ 110.494879499000035, -7.544262851999974 ], [ 110.495161999000061, -7.544292226999971 ], [ 110.495349374000057, -7.544367851999937 ], [ 110.495516687000077, -7.544504976999974 ], [ 110.495557437000059, -7.544638414999952 ], [ 110.495600624000076, -7.544943914999976 ], [ 110.495583812000064, -7.54516816499995 ] ], [ [ 110.471410312000046, -7.539011976999973 ], [ 110.471448312000064, -7.539012789999958 ], [ 110.471536499000081, -7.539012539999931 ], [ 110.471624749000057, -7.539020289999939 ], [ 110.471733499000038, -7.539051976999929 ], [ 110.471747687000061, -7.539056851999931 ], [ 110.47190568700006, -7.539125039999931 ], [ 110.471961749000059, -7.539160976999938 ], [ 110.472123937000049, -7.539258101999962 ], [ 110.47217687400007, -7.53926235199998 ], [ 110.472276812000075, -7.53922928999998 ], [ 110.472335437000083, -7.539112601999932 ], [ 110.472391687000083, -7.539045101999932 ], [ 110.472445874000073, -7.538988039999936 ], [ 110.472473999000044, -7.538957914999969 ], [ 110.472501124000075, -7.538954539999963 ], [ 110.472507562000033, -7.538955539999961 ], [ 110.472566624000081, -7.53897597699995 ], [ 110.472625124000047, -7.539006851999943 ], [ 110.472698562000062, -7.539058851999926 ], [ 110.472754374000033, -7.53910772699993 ], [ 110.472779562000085, -7.539129601999946 ], [ 110.472856562000061, -7.539205351999954 ], [ 110.472936062000088, -7.539297851999947 ], [ 110.472941937000087, -7.53930666499997 ], [ 110.472983937000038, -7.539393164999979 ], [ 110.472990062000065, -7.539431726999965 ], [ 110.472998937000057, -7.539562664999949 ], [ 110.473002999000073, -7.539653101999932 ], [ 110.473006312000052, -7.539728226999955 ], [ 110.473015937000071, -7.539849039999979 ], [ 110.473022124000067, -7.539991226999973 ], [ 110.473012124000036, -7.54010735199995 ], [ 110.473001999000076, -7.540169664999951 ], [ 110.472994249000067, -7.540255039999977 ], [ 110.472995187000038, -7.54039047699996 ], [ 110.472996249000062, -7.540479851999976 ] ], [ [ 110.460648374000073, -7.537823664999962 ], [ 110.460699187000046, -7.537803039999972 ], [ 110.460806249000086, -7.537765226999966 ], [ 110.460924812000087, -7.537714976999951 ], [ 110.460954624000067, -7.537699914999962 ], [ 110.461050812000053, -7.537623976999953 ], [ 110.461068437000051, -7.537601601999938 ], [ 110.461152937000065, -7.537535851999962 ], [ 110.461162437000041, -7.537534851999965 ], [ 110.461259124000037, -7.537536164999949 ], [ 110.461397562000059, -7.53753685199996 ], [ 110.461411812000051, -7.537536789999933 ], [ 110.461529187000053, -7.537532726999927 ], [ 110.461592187000065, -7.537520601999972 ], [ 110.461610499000074, -7.537506976999964 ], [ 110.461698437000052, -7.537440851999975 ], [ 110.461730999000054, -7.537428851999948 ], [ 110.461827687000039, -7.537430601999972 ], [ 110.461986624000076, -7.537481476999972 ], [ 110.462092124000037, -7.53748272699994 ], [ 110.462170187000083, -7.537482601999955 ], [ 110.462202749000085, -7.537481664999973 ], [ 110.462261062000039, -7.53747797699998 ], [ 110.462356687000067, -7.537476351999942 ], [ 110.462484312000072, -7.537481601999957 ], [ 110.462659374000054, -7.53747797699998 ], [ 110.462805937000041, -7.537488789999941 ], [ 110.462919624000051, -7.537498539999945 ], [ 110.46297562400008, -7.53750778999995 ], [ 110.463093749000052, -7.537527414999943 ], [ 110.463191499000061, -7.537539789999926 ], [ 110.463330062000068, -7.537588976999928 ], [ 110.463363749000052, -7.537601351999967 ], [ 110.463494062000052, -7.537638601999959 ], [ 110.463575499000058, -7.537644851999971 ], [ 110.463666062000073, -7.537627351999959 ], [ 110.463716499000043, -7.537609789999976 ], [ 110.463811062000048, -7.537582601999929 ], [ 110.463941187000046, -7.537540539999952 ], [ 110.464046187000065, -7.53750522699994 ], [ 110.464134312000056, -7.537472289999926 ], [ 110.464224562000084, -7.537461164999968 ], [ 110.464233374000059, -7.537460664999969 ], [ 110.464305937000063, -7.537456414999951 ], [ 110.464370437000071, -7.537467039999967 ], [ 110.464392187000044, -7.537484789999951 ], [ 110.464415249000069, -7.537547664999977 ], [ 110.464458187000048, -7.537618289999955 ], [ 110.464576562000047, -7.537715851999963 ], [ 110.464626812000063, -7.537755039999979 ], [ 110.464758749000055, -7.537886976999971 ], [ 110.464834437000036, -7.53797816499997 ], [ 110.464857124000048, -7.538036601999977 ], [ 110.464857124000048, -7.53804172699995 ], [ 110.464857499000061, -7.538063351999938 ], [ 110.46488774900007, -7.538072414999931 ], [ 110.46503399900007, -7.53809797699995 ], [ 110.465044187000046, -7.538102226999968 ], [ 110.465148124000052, -7.538134414999945 ], [ 110.465217062000079, -7.538141726999982 ], [ 110.465339187000041, -7.538144539999962 ], [ 110.465455937000058, -7.538144164999949 ], [ 110.465538624000033, -7.538140601999942 ], [ 110.465614624000068, -7.538140351999971 ], [ 110.46572149900004, -7.538151914999958 ], [ 110.465827437000087, -7.538167851999958 ], [ 110.465941437000083, -7.538181664999968 ], [ 110.466036562000056, -7.538191601999927 ], [ 110.466111812000065, -7.53819197699994 ], [ 110.466201437000052, -7.538206539999976 ], [ 110.466232999000056, -7.538216414999965 ], [ 110.46635737400004, -7.538277351999966 ], [ 110.46651531200007, -7.538339226999938 ], [ 110.466657812000051, -7.538349539999956 ], [ 110.466711812000085, -7.538349914999969 ], [ 110.466862437000088, -7.538352414999963 ], [ 110.467007937000062, -7.538349664999942 ], [ 110.467101187000083, -7.538346226999977 ], [ 110.46717112400006, -7.538347851999958 ], [ 110.467245749000085, -7.538349789999927 ], [ 110.467259374000037, -7.538352476999933 ], [ 110.467263374000083, -7.538354851999941 ], [ 110.467340499000045, -7.538377476999926 ], [ 110.467544749000069, -7.538391726999976 ], [ 110.467568499000038, -7.538391664999949 ], [ 110.467816187000039, -7.538391601999933 ], [ 110.468023124000069, -7.538413289999937 ], [ 110.468058812000038, -7.538418289999981 ], [ 110.468190124000046, -7.538426476999973 ], [ 110.468280062000076, -7.538446601999965 ], [ 110.468362999000078, -7.538481414999978 ], [ 110.468382687000087, -7.538493476999975 ], [ 110.468499687000076, -7.538572414999976 ], [ 110.468601312000033, -7.538670476999926 ], [ 110.468645687000048, -7.538749539999969 ], [ 110.468695812000078, -7.538835351999978 ], [ 110.468756312000039, -7.538898664999977 ], [ 110.468817124000054, -7.538925039999981 ], [ 110.468936187000054, -7.538930289999939 ], [ 110.468973874000085, -7.538932789999933 ], [ 110.469175749000044, -7.538939164999931 ], [ 110.469358312000054, -7.538947164999968 ], [ 110.469451999000057, -7.538970601999949 ], [ 110.469485999000085, -7.538996726999926 ], [ 110.469596812000077, -7.539096726999958 ], [ 110.469719124000051, -7.539156476999949 ], [ 110.469852499000069, -7.539189539999938 ], [ 110.46992281200005, -7.539201601999935 ], [ 110.470106999000052, -7.539201789999936 ], [ 110.470123312000055, -7.539199226999926 ], [ 110.470233062000034, -7.539156601999935 ], [ 110.470239812000045, -7.539151914999934 ], [ 110.470310937000079, -7.539101539999933 ], [ 110.470363687000088, -7.539061476999962 ], [ 110.47039393700004, -7.539029601999971 ], [ 110.470399937000082, -7.539019476999954 ], [ 110.470400937000079, -7.539016726999932 ], [ 110.470407687000034, -7.539013351999927 ], [ 110.470461499000066, -7.538973289999944 ], [ 110.470515687000045, -7.538958101999981 ], [ 110.47056593700006, -7.538958289999925 ], [ 110.470634874000041, -7.538925726999935 ], [ 110.470637187000079, -7.53890847699995 ], [ 110.470637687000078, -7.53888478999994 ], [ 110.470637687000078, -7.538874976999978 ], [ 110.470639437000045, -7.53887285199994 ], [ 110.470647562000067, -7.538877289999959 ], [ 110.470659187000081, -7.53889178999998 ], [ 110.470673812000086, -7.538902726999936 ], [ 110.470740437000075, -7.53895741499997 ], [ 110.47084181200006, -7.539022976999945 ], [ 110.470938999000055, -7.53907466499993 ], [ 110.47099531200007, -7.539078789999962 ], [ 110.471125562000054, -7.539053414999955 ], [ 110.471208187000059, -7.539032976999977 ], [ 110.471247562000087, -7.539024789999928 ], [ 110.471410312000046, -7.539011976999973 ] ] ] } },
{ "type": "Feature", "properties": { "fid": 65, "NAMOBJ": null, "FCODE": null, "REMARK": "Sungai Satu Garis", "METADATA": "2017; RBI KSP SK 24.4 2021", "SRS_ID": null, "ADATGL": 0.0, "DMAX": 0.0, "FNGAIR": 0.0, "JNSSNG": 0.0, "KLSSNG": 0.0, "LTKSGI": 0.0, "NAMWS": null, "STATUS": null, "UKRSGI": 0.0, "WMAX": 0.0, "DBTMXS": 0.0, "NAMDAS": null, "SHAPE_Leng": 0.006733906797429 }, "geometry": { "type": "MultiLineString", "coordinates": [ [ [ 110.531200781055887, -7.536474960401009 ], [ 110.531200374000036, -7.536476601999937 ] ] ] } },
{ "type": "Feature", "properties": { "fid": 66, "NAMOBJ": null, "FCODE": null, "REMARK": "Alur Sungai", "METADATA": "2017; RBI KSP SK 24.4 2021", "SRS_ID": null, "ADATGL": 0.0, "DMAX": 0.0, "FNGAIR": 0.0, "JNSSNG": 0.0, "KLSSNG": 0.0, "LTKSGI": 0.0, "NAMWS": null, "STATUS": null, "UKRSGI": 0.0, "WMAX": 0.0, "DBTMXS": 0.0, "NAMDAS": null, "SHAPE_Leng": 0.0024899308849780002 }, "geometry": { "type": "MultiLineString", "coordinates": [ [ [ 110.502958624000087, -7.544198476999952 ], [ 110.503000437000082, -7.544201914999974 ], [ 110.503059187000076, -7.544141789999969 ], [ 110.503104499000074, -7.544109289999938 ], [ 110.503264062000085, -7.544137601999978 ], [ 110.503350812000065, -7.544163351999941 ], [ 110.503538062000075, -7.544178789999933 ], [ 110.503564062000066, -7.544180289999929 ], [ 110.503744062000067, -7.544195289999948 ], [ 110.504028187000074, -7.544291664999946 ], [ 110.504066124000076, -7.544303476999971 ], [ 110.504582624000079, -7.54438341499997 ], [ 110.50483549900008, -7.544479226999954 ], [ 110.50503731200007, -7.544564289999926 ], [ 110.505109937000043, -7.544579914999929 ], [ 110.505344624000088, -7.54459066499993 ] ] ] } },
{ "type": "Feature", "properties": { "fid": 67, "NAMOBJ": null, "FCODE": null, "REMARK": "Alur Sungai", "METADATA": "2017; RBI KSP SK 24.4 2021", "SRS_ID": null, "ADATGL": 0.0, "DMAX": 0.0, "FNGAIR": 0.0, "JNSSNG": 0.0, "KLSSNG": 0.0, "LTKSGI": 0.0, "NAMWS": null, "STATUS": null, "UKRSGI": 0.0, "WMAX": 0.0, "DBTMXS": 0.0, "NAMDAS": null, "SHAPE_Leng": 0.047284083092249997 }, "geometry": { "type": "MultiLineString", "coordinates": [ [ [ 110.48942968700004, -7.536954164999941 ], [ 110.489503874000036, -7.53702072699997 ], [ 110.48960756200006, -7.537044164999941 ], [ 110.489715187000058, -7.537020351999956 ], [ 110.489823062000085, -7.536914914999954 ], [ 110.489885874000038, -7.536749976999943 ], [ 110.489910749000046, -7.53661666499994 ], [ 110.489960749000034, -7.536561414999937 ], [ 110.490045812000062, -7.536558601999957 ], [ 110.49029762400005, -7.536710789999972 ], [ 110.490572124000039, -7.536915101999966 ], [ 110.490684624000039, -7.537000414999966 ], [ 110.490726249000033, -7.537119101999963 ], [ 110.490774874000067, -7.537225226999965 ], [ 110.490878062000036, -7.537305539999977 ], [ 110.491415812000071, -7.537334726999973 ], [ 110.49161881200007, -7.537494414999969 ], [ 110.491698624000037, -7.537554539999974 ], [ 110.491765624000038, -7.537556726999981 ], [ 110.491765865405512, -7.537555993973318 ] ], [ [ 110.491777871936776, -7.537519536194288 ], [ 110.491822124000066, -7.537385164999932 ], [ 110.491851874000076, -7.537215476999961 ], [ 110.491911874000039, -7.537147351999977 ], [ 110.492069499000081, -7.537101101999951 ], [ 110.492210124000053, -7.537115976999928 ], [ 110.492295187000082, -7.537179539999954 ], [ 110.492380874000048, -7.537487164999959 ], [ 110.492405687000087, -7.537580476999949 ], [ 110.492489499000044, -7.537654664999934 ], [ 110.492569624000055, -7.537663226999939 ], [ 110.492715874000055, -7.537559664999947 ], [ 110.492846874000065, -7.537446351999961 ], [ 110.492963749000069, -7.537408789999972 ], [ 110.493123562000051, -7.537470476999943 ], [ 110.493372999000087, -7.537686414999939 ], [ 110.493493812000054, -7.537793726999951 ], [ 110.493632499000057, -7.537829476999946 ], [ 110.493732062000049, -7.537842976999968 ], [ 110.494206874000042, -7.538015164999933 ], [ 110.494443062000073, -7.538070914999935 ], [ 110.494559062000064, -7.53815816499997 ], [ 110.494663499000069, -7.538404789999959 ], [ 110.49472068700004, -7.538491414999953 ], [ 110.494867187000068, -7.538552039999956 ], [ 110.495048874000076, -7.538551164999944 ], [ 110.495319874000074, -7.538726351999969 ], [ 110.49544587400004, -7.538862601999938 ], [ 110.495513624000068, -7.538938789999975 ], [ 110.495811874000083, -7.538735539999948 ], [ 110.495968062000088, -7.538653789999955 ], [ 110.496411249000062, -7.538248351999925 ], [ 110.496520937000071, -7.538160414999936 ], [ 110.496626624000044, -7.538125351999952 ], [ 110.49675181200007, -7.538176164999925 ], [ 110.496888312000067, -7.538302726999973 ], [ 110.496922374000064, -7.538344226999925 ], [ 110.497428687000081, -7.538708226999972 ], [ 110.497714312000085, -7.538856476999968 ], [ 110.498138374000064, -7.538999351999962 ], [ 110.498349249000057, -7.539041976999954 ], [ 110.498641312000075, -7.539045914999974 ], [ 110.498782812000059, -7.539022976999945 ], [ 110.498782944998453, -7.539022008908643 ] ], [ [ 110.498795476424931, -7.538930793031875 ], [ 110.498811937000085, -7.538810976999969 ], [ 110.498845374000041, -7.538692664999928 ], [ 110.498899812000047, -7.538647976999926 ], [ 110.499232624000058, -7.538787601999957 ], [ 110.499526499000069, -7.539016476999961 ], [ 110.499858312000072, -7.539124476999973 ], [ 110.499949187000084, -7.539122539999937 ], [ 110.5, -7.539105829999926 ], [ 110.500000254000042, -7.539105745999962 ], [ 110.500000312000054, -7.539105726999935 ], [ 110.50012931200007, -7.539063226999929 ], [ 110.500337999000067, -7.539055476999977 ], [ 110.500413312000035, -7.53907397699993 ], [ 110.500531374000047, -7.539130726999929 ], [ 110.500565062000078, -7.539223976999949 ], [ 110.500573499000041, -7.539318914999967 ], [ 110.50058518700007, -7.539371351999932 ], [ 110.500678312000048, -7.539387289999979 ], [ 110.500932312000089, -7.539501664999932 ], [ 110.501032687000077, -7.539561726999978 ], [ 110.501071312000079, -7.539653539999961 ], [ 110.501133124000035, -7.539942289999942 ], [ 110.501174812000045, -7.54000678999995 ], [ 110.501452749000066, -7.540029664999963 ], [ 110.50168424900005, -7.540048414999944 ], [ 110.501858187000039, -7.540078976999951 ], [ 110.502114562000088, -7.54013778999996 ], [ 110.502234249000082, -7.540155101999972 ], [ 110.502333187000033, -7.540169164999952 ], [ 110.502674499000079, -7.540088351999941 ], [ 110.502906624000047, -7.540044289999969 ], [ 110.50300687400005, -7.540023476999977 ], [ 110.50314118700004, -7.53999297699994 ], [ 110.503169312000068, -7.539985539999975 ], [ 110.503343937000068, -7.540128851999953 ], [ 110.503383304931447, -7.540197481593565 ] ], [ [ 110.50328708615335, -7.540399133722611 ], [ 110.503286374000083, -7.540400539999951 ], [ 110.503324312000075, -7.540457539999977 ], [ 110.503439437000054, -7.540453039999932 ], [ 110.503645249000044, -7.540444914999966 ], [ 110.503799187000084, -7.54043828999994 ], [ 110.503894124000055, -7.54043403999998 ], [ 110.504157562000046, -7.540515726999956 ], [ 110.504588874000035, -7.540622851999956 ], [ 110.504707624000048, -7.54065066499993 ], [ 110.504802374000064, -7.540672851999943 ], [ 110.504947874000038, -7.540745226999945 ], [ 110.50498106200007, -7.541014476999976 ], [ 110.505119062000063, -7.541238851999935 ], [ 110.505154812000058, -7.541297039999961 ], [ 110.505371812000078, -7.541534101999957 ] ], [ [ 110.488294187000065, -7.536381039999981 ], [ 110.488592249000078, -7.536740101999953 ], [ 110.488731562000055, -7.536880976999953 ], [ 110.489013562000082, -7.536795664999943 ], [ 110.489182312000082, -7.536753976999933 ], [ 110.48942968700004, -7.536954164999941 ] ], [ [ 110.465292124000086, -7.53710160199995 ], [ 110.465338999000039, -7.537131914999975 ], [ 110.465398812000046, -7.537156914999969 ], [ 110.465442937000034, -7.537167414999942 ], [ 110.465535312000043, -7.537201851999953 ], [ 110.465616124000064, -7.537217164999959 ], [ 110.465660124000067, -7.537186539999936 ], [ 110.465746124000077, -7.537133539999957 ], [ 110.465825437000035, -7.537102664999964 ], [ 110.46594437400006, -7.537078226999938 ], [ 110.466069437000044, -7.537055289999955 ], [ 110.466165124000042, -7.537048164999931 ], [ 110.466249187000074, -7.53702866499998 ], [ 110.466351812000084, -7.536979414999962 ], [ 110.466415749000078, -7.536942039999929 ], [ 110.46651018700004, -7.536873789999959 ], [ 110.466553374000057, -7.536830976999966 ], [ 110.466618874000062, -7.536758976999977 ], [ 110.466672937000055, -7.536701789999938 ], [ 110.466731749000076, -7.536649976999968 ], [ 110.466780499000038, -7.536613101999933 ], [ 110.46682518700004, -7.536592101999929 ], [ 110.466832624000062, -7.536589101999937 ], [ 110.466917999000088, -7.536556664999978 ], [ 110.467039999000065, -7.536505976999933 ], [ 110.467132437000089, -7.536469351999926 ], [ 110.467196124000054, -7.536443414999951 ], [ 110.467237437000051, -7.536415226999964 ], [ 110.467300437000063, -7.536381226999936 ], [ 110.467422562000081, -7.536382226999933 ], [ 110.467559999000059, -7.536404101999949 ], [ 110.467671937000034, -7.53638441499993 ], [ 110.467681374000051, -7.536379414999942 ], [ 110.467748374000053, -7.536338101999945 ], [ 110.467797874000041, -7.536313664999966 ], [ 110.467838562000054, -7.53630703999994 ], [ 110.467875874000072, -7.536306914999955 ], [ 110.467964062000078, -7.536306601999968 ], [ 110.468090249000056, -7.536293726999929 ], [ 110.468168874000071, -7.536278164999942 ], [ 110.468220312000085, -7.536256851999951 ], [ 110.468244999000035, -7.536235039999951 ], [ 110.468253812000057, -7.536228351999966 ], [ 110.468259187000058, -7.536220226999944 ], [ 110.468315562000043, -7.536223914999937 ], [ 110.468464124000036, -7.536231664999946 ], [ 110.468535437000071, -7.536241351999934 ], [ 110.468616937000036, -7.536272851999968 ], [ 110.468679187000077, -7.536309351999932 ], [ 110.468782999000041, -7.536336539999979 ], [ 110.468934562000072, -7.53630560199997 ], [ 110.469029187000046, -7.536283539999943 ], [ 110.469108812000059, -7.536273664999953 ], [ 110.469206562000068, -7.536271226999929 ], [ 110.469316437000089, -7.536257851999949 ], [ 110.469437499000037, -7.536243414999944 ], [ 110.469583999000065, -7.536244851999982 ], [ 110.46965018700007, -7.53624822699993 ], [ 110.469836937000082, -7.536283664999928 ], [ 110.469858999000053, -7.536290914999938 ], [ 110.470054312000059, -7.536372664999931 ], [ 110.47019793700008, -7.536401664999971 ], [ 110.47025893700004, -7.536391101999925 ], [ 110.470422749000079, -7.536373039999944 ], [ 110.47044006200008, -7.536375539999938 ], [ 110.470558312000037, -7.536422351999931 ], [ 110.470688812000049, -7.536497476999955 ], [ 110.470801937000033, -7.536545226999976 ], [ 110.470908062000035, -7.536613726999974 ], [ 110.47101712400007, -7.536683789999927 ], [ 110.471142499000052, -7.536726039999962 ], [ 110.471297187000062, -7.536733226999957 ], [ 110.471329749000063, -7.536731851999946 ], [ 110.471438624000086, -7.536715601999958 ], [ 110.471527812000033, -7.53669866499996 ], [ 110.471551187000046, -7.536695289999955 ], [ 110.471664062000059, -7.536677726999926 ], [ 110.471764749000045, -7.536659414999974 ], [ 110.471830749000048, -7.536620601999971 ], [ 110.471901249000041, -7.536522851999962 ], [ 110.471928062000075, -7.536434414999974 ], [ 110.471930437000083, -7.536399164999978 ], [ 110.471934624000085, -7.536340976999952 ], [ 110.471948999000062, -7.536290101999953 ], [ 110.471959874000049, -7.536268789999951 ], [ 110.472022124000034, -7.536166976999937 ], [ 110.472120312000072, -7.536022789999947 ], [ 110.472275437000064, -7.535820789999946 ], [ 110.472297437000066, -7.535801539999966 ], [ 110.472475187000043, -7.535687039999971 ], [ 110.472710562000088, -7.535587289999967 ], [ 110.472764749000078, -7.535565101999964 ], [ 110.472961187000067, -7.535480726999936 ], [ 110.473195062000059, -7.535413226999935 ], [ 110.473218812000084, -7.535409414999947 ], [ 110.473396812000033, -7.535388101999956 ], [ 110.473590062000085, -7.535346539999978 ], [ 110.473713062000058, -7.535302226999931 ], [ 110.473726249000038, -7.535295226999949 ], [ 110.473863437000034, -7.535243976999936 ], [ 110.473902124000062, -7.53523516499996 ], [ 110.474062874000083, -7.535220476999939 ], [ 110.474105249000047, -7.535223101999975 ], [ 110.474317312000039, -7.53523710199994 ], [ 110.474619312000073, -7.535250289999965 ], [ 110.47485843700008, -7.535247851999941 ], [ 110.474949062000064, -7.535246976999929 ], [ 110.474986687000069, -7.535248601999967 ], [ 110.474993124000036, -7.53524716499993 ], [ 110.474999937000064, -7.53524716499993 ], [ 110.475013499000056, -7.535246101999974 ], [ 110.47506093700008, -7.535233289999951 ], [ 110.475139937000051, -7.535218789999931 ], [ 110.475156187000039, -7.535217476999946 ], [ 110.475318249000054, -7.535185789999957 ], [ 110.475393499000063, -7.535169664999955 ], [ 110.475535937000075, -7.535143976999962 ], [ 110.475677249000057, -7.535103226999979 ], [ 110.475776874000076, -7.53507228999996 ], [ 110.475927374000037, -7.535040726999966 ] ], [ [ 110.475927374000037, -7.535040726999966 ], [ 110.475968124000076, -7.535040164999941 ], [ 110.47624206200004, -7.535011164999958 ], [ 110.476416312000083, -7.53495791499995 ], [ 110.476514999000074, -7.534952914999963 ], [ 110.476614124000037, -7.534987851999972 ], [ 110.476830187000076, -7.535075289999952 ], [ 110.476984937000054, -7.535085226999968 ], [ 110.477208812000072, -7.535078726999927 ], [ 110.477264687000059, -7.535053539999979 ], [ 110.477366374000042, -7.534962664999966 ], [ 110.47752881200006, -7.534838476999937 ], [ 110.477680374000045, -7.534800164999979 ], [ 110.478008124000041, -7.534737726999936 ], [ 110.478168374000063, -7.534764976999952 ], [ 110.478462187000048, -7.534874414999933 ], [ 110.47883106200004, -7.53502147699993 ], [ 110.478907874000072, -7.53501603999996 ], [ 110.479035312000065, -7.535007039999925 ], [ 110.479197187000068, -7.535032226999931 ], [ 110.479369062000046, -7.535094976999972 ], [ 110.479447437000033, -7.535089851999942 ], [ 110.479805812000052, -7.535040226999968 ], [ 110.479846187000078, -7.53503197699996 ], [ 110.480012937000083, -7.535003164999978 ], [ 110.480150312000035, -7.534995039999956 ], [ 110.480417999000053, -7.535008226999935 ], [ 110.480548687000066, -7.534983601999954 ], [ 110.480680874000086, -7.534933851999938 ], [ 110.480712062000066, -7.534904726999969 ], [ 110.480785187000038, -7.534789351999962 ], [ 110.480862062000085, -7.534716789999948 ], [ 110.480997624000054, -7.534670914999936 ], [ 110.481125999000085, -7.534673539999972 ], [ 110.481188624000083, -7.534706914999958 ], [ 110.481210374000057, -7.53473147699998 ], [ 110.481218312000067, -7.534744351999962 ], [ 110.481219874000033, -7.534745414999975 ], [ 110.481228499000053, -7.534751476999929 ], [ 110.481241874000034, -7.534758601999954 ], [ 110.481281937000062, -7.534762164999961 ], [ 110.481395374000044, -7.534790664999946 ], [ 110.481716749000043, -7.534815039999955 ], [ 110.481707219226152, -7.53481324062307 ] ], [ [ 110.481708340428284, -7.534813327672925 ], [ 110.481958312000074, -7.534852414999932 ], [ 110.482252562000042, -7.534898351999971 ], [ 110.482550249000042, -7.534940164999966 ], [ 110.482856937000065, -7.535010976999956 ], [ 110.483020187000079, -7.535004476999973 ], [ 110.483297374000074, -7.534907851999947 ], [ 110.483482937000076, -7.534849726999937 ], [ 110.483584624000059, -7.534855539999967 ], [ 110.483723499000064, -7.53491503999993 ], [ 110.483869499000036, -7.534956414999954 ], [ 110.484070062000058, -7.53497828999997 ], [ 110.484377749000089, -7.535023476999982 ], [ 110.48461212400008, -7.53508310199993 ], [ 110.484633062000057, -7.535087226999963 ], [ 110.484823749000043, -7.535043476999931 ], [ 110.484975937000058, -7.535000539999942 ], [ 110.485104687000046, -7.535010789999944 ], [ 110.485317312000063, -7.535090351999941 ], [ 110.485518624000065, -7.535108414999968 ], [ 110.485719437000057, -7.535064039999952 ], [ 110.485971687000074, -7.534964976999959 ], [ 110.486312124000051, -7.534975101999976 ], [ 110.486991812000042, -7.535079914999926 ], [ 110.487241999000048, -7.535128789999931 ], [ 110.487373374000072, -7.535188164999965 ], [ 110.487442624000039, -7.535271789999967 ], [ 110.487490437000076, -7.535404539999945 ], [ 110.487776187000065, -7.535543976999975 ], [ 110.487927312000068, -7.53564466499995 ], [ 110.487951312000064, -7.535668226999974 ], [ 110.488186124000038, -7.535997664999968 ], [ 110.488258874000053, -7.536207539999964 ], [ 110.488294187000065, -7.536381039999981 ] ] ] } },
{ "type": "Feature", "properties": { "fid": 68, "NAMOBJ": null, "FCODE": null, "REMARK": "Sungai Satu Garis", "METADATA": "2017; RBI KSP SK 24.4 2021", "SRS_ID": null, "ADATGL": 0.0, "DMAX": 0.0, "FNGAIR": 0.0, "JNSSNG": 0.0, "KLSSNG": 0.0, "LTKSGI": 0.0, "NAMWS": null, "STATUS": null, "UKRSGI": 0.0, "WMAX": 0.0, "DBTMXS": 0.0, "NAMDAS": null, "SHAPE_Leng": 0.021606698713038001 }, "geometry": { "type": "MultiLineString", "coordinates": [ [ [ 110.524229687000059, -7.552947164999978 ], [ 110.524258624000083, -7.552944164999928 ], [ 110.524753874000055, -7.552931851999972 ], [ 110.52524874900007, -7.552992414999949 ], [ 110.525477499000033, -7.553112976999955 ], [ 110.525808562000066, -7.553371914999957 ], [ 110.526215062000063, -7.553620726999952 ], [ 110.526454874000081, -7.553691414999946 ], [ 110.526692187000037, -7.553696351999974 ], [ 110.52689956200004, -7.553662789999976 ], [ 110.527153062000082, -7.553616351999949 ], [ 110.527463999000076, -7.553539101999945 ], [ 110.527971124000089, -7.553439664999928 ], [ 110.528851874000054, -7.553397226999948 ], [ 110.529293249000034, -7.553336789999946 ], [ 110.530000749000067, -7.553139039999962 ], [ 110.530560124000033, -7.552953351999975 ], [ 110.530845624000051, -7.552858539999932 ], [ 110.531182874000081, -7.552878851999935 ], [ 110.531535874000042, -7.55296941499995 ], [ 110.531979812000088, -7.553063289999955 ], [ 110.53221843700004, -7.553057414999955 ], [ 110.53266493700005, -7.552975914999934 ], [ 110.532937999000069, -7.552913789999934 ], [ 110.533708749000084, -7.552751976999957 ], [ 110.533783437000068, -7.552736289999928 ], [ 110.534204874000068, -7.552606414999957 ], [ 110.535034062000079, -7.552533976999939 ], [ 110.535523124000065, -7.55256253999994 ], [ 110.535704374000034, -7.552675976999979 ], [ 110.535766874000046, -7.55269678999997 ], [ 110.536132124000062, -7.552771976999963 ], [ 110.536359624000056, -7.55271535199995 ], [ 110.536944937000044, -7.552549289999945 ], [ 110.537918374000071, -7.552412476999962 ], [ 110.538031437000086, -7.552391789999945 ], [ 110.538247499000079, -7.552349539999966 ], [ 110.53874318700008, -7.552252539999927 ], [ 110.539261312000065, -7.552212914999927 ], [ 110.539461749000054, -7.552118664999966 ], [ 110.539755312000068, -7.551870664999967 ], [ 110.540661562000082, -7.551146914999947 ], [ 110.540688749000083, -7.55114522699995 ], [ 110.540845124000043, -7.551183414999969 ], [ 110.541012437000063, -7.551302476999979 ], [ 110.54121381200008, -7.551418726999941 ], [ 110.54136481200004, -7.551424289999943 ], [ 110.541520249000087, -7.551339101999929 ], [ 110.541979874000049, -7.55096916499997 ], [ 110.542227687000036, -7.550822539999956 ], [ 110.543097749000083, -7.550463539999953 ], [ 110.543534874000045, -7.550270101999956 ], [ 110.543761499000084, -7.55010666499993 ], [ 110.544199562000074, -7.549700664999932 ], [ 110.544262937000042, -7.549515414999973 ] ] ] } },
{ "type": "Feature", "properties": { "fid": 69, "NAMOBJ": "Kali Krasak", "FCODE": null, "REMARK": "Sungai Satu Garis", "METADATA": "2017; RBI KSP SK 24.4 2021", "SRS_ID": null, "ADATGL": 0.0, "DMAX": 0.0, "FNGAIR": 0.0, "JNSSNG": 0.0, "KLSSNG": 0.0, "LTKSGI": 0.0, "NAMWS": null, "STATUS": null, "UKRSGI": 0.0, "WMAX": 0.0, "DBTMXS": 0.0, "NAMDAS": null, "SHAPE_Leng": 0.033758288971385997 }, "geometry": { "type": "MultiLineString", "coordinates": [ [ [ 110.506782437000084, -7.589695226999936 ], [ 110.506783413830703, -7.589694081299109 ] ], [ [ 110.507394743549668, -7.589662993964566 ], [ 110.507417437000072, -7.58966647699998 ] ], [ [ 110.507417437000072, -7.58966647699998 ], [ 110.507701374000078, -7.589905664999947 ], [ 110.508007749000058, -7.590020351999954 ], [ 110.508404687000052, -7.590131851999956 ], [ 110.508670312000049, -7.590263351999965 ], [ 110.508817312000076, -7.590428289999977 ], [ 110.508960187000071, -7.59072122699996 ], [ 110.509174312000084, -7.591390914999977 ], [ 110.509293874000036, -7.591720289999955 ], [ 110.509389187000068, -7.59176003999994 ], [ 110.509480187000065, -7.591749789999938 ], [ 110.509658687000069, -7.591717476999975 ] ], [ [ 110.505478999000047, -7.589987414999939 ], [ 110.505658874000062, -7.590033851999976 ], [ 110.505782312000065, -7.590103539999973 ], [ 110.505786240132437, -7.59010747346948 ] ], [ [ 110.505985734822687, -7.590225597136049 ], [ 110.506011374000082, -7.590231726999946 ], [ 110.50610843700008, -7.590305851999972 ], [ 110.506293499000037, -7.590328664999959 ], [ 110.506478437000055, -7.59033028999994 ], [ 110.506551687000069, -7.590289976999941 ], [ 110.50667356200006, -7.590125414999932 ], [ 110.506723687000033, -7.589930914999968 ], [ 110.506782437000084, -7.589695226999936 ] ], [ [ 110.509658687000069, -7.591717476999975 ], [ 110.509861749000038, -7.591717414999948 ], [ 110.510032437000064, -7.591800539999952 ], [ 110.510162249000075, -7.591954664999946 ], [ 110.510512812000059, -7.59251941499997 ], [ 110.51056062400005, -7.59277347699998 ], [ 110.510638499000038, -7.593359351999936 ], [ 110.510799124000073, -7.593596976999947 ], [ 110.511006999000074, -7.593808601999967 ], [ 110.511183562000042, -7.593887914999925 ], [ 110.511822374000076, -7.594044976999953 ], [ 110.513072812000075, -7.594960476999972 ], [ 110.513428937000072, -7.595401101999926 ], [ 110.513686437000047, -7.595934351999972 ], [ 110.513817499000083, -7.596014539999942 ], [ 110.51394887400005, -7.596006601999932 ], [ 110.514245499000083, -7.595961914999975 ], [ 110.514586812000061, -7.595973476999973 ], [ 110.514759624000078, -7.596282226999961 ], [ 110.514838749000035, -7.596444539999936 ], [ 110.515108374000079, -7.596738476999974 ], [ 110.515317687000049, -7.596803226999953 ], [ 110.515593249000062, -7.59682203999995 ], [ 110.515767874000062, -7.596760101999962 ], [ 110.515937187000077, -7.596639164999942 ], [ 110.516006499000071, -7.596505351999951 ], [ 110.515963437000039, -7.595974601999956 ], [ 110.515978874000041, -7.595918101999928 ], [ 110.516104437000081, -7.595920664999937 ], [ 110.516308937000076, -7.596060226999953 ], [ 110.516480999000066, -7.596280664999938 ], [ 110.516558374000056, -7.596483976999934 ], [ 110.516476374000035, -7.596883101999936 ], [ 110.516367124000055, -7.597174289999941 ], [ 110.516332374000058, -7.597299914999951 ], [ 110.516435062000085, -7.597479851999935 ], [ 110.516555812000036, -7.597580601999937 ], [ 110.516746812000065, -7.597618101999956 ], [ 110.516943562000051, -7.597571289999962 ], [ 110.517434562000062, -7.59732435199993 ], [ 110.51758981200004, -7.597274164999931 ], [ 110.517710249000061, -7.59729053999996 ], [ 110.517793749000077, -7.597365914999955 ], [ 110.517529812000078, -7.59804085199994 ], [ 110.517473624000047, -7.598220289999972 ], [ 110.517487624000069, -7.598343289999946 ], [ 110.517570437000074, -7.598446039999942 ], [ 110.517714312000066, -7.598503664999953 ], [ 110.518284249000033, -7.59824735199993 ], [ 110.518450624000081, -7.598176914999954 ], [ 110.518709624000053, -7.598163726999928 ], [ 110.519073124000045, -7.598236539999959 ], [ 110.519208624000044, -7.598310914999956 ], [ 110.519309249000059, -7.598469414999954 ], [ 110.519339187000071, -7.598619289999931 ], [ 110.519163124000045, -7.598837351999975 ], [ 110.518981999000061, -7.599052976999928 ], [ 110.518879187000039, -7.599259914999948 ], [ 110.518852999000046, -7.599422914999934 ], [ 110.518887062000033, -7.59954460199998 ], [ 110.519031874000063, -7.59965247699995 ], [ 110.519547999000054, -7.599792039999954 ], [ 110.520009812000069, -7.59986835199993 ], [ 110.520108562000075, -7.599886351999942 ], [ 110.52014506200004, -7.600039851999952 ], [ 110.520171812000058, -7.60021541499998 ], [ 110.520262437000042, -7.600355226999966 ], [ 110.520440812000061, -7.600447164999935 ], [ 110.520752749000053, -7.600478101999954 ], [ 110.52097737400004, -7.600528851999968 ], [ 110.521212562000073, -7.600613101999954 ], [ 110.521403624000072, -7.600634726999942 ], [ 110.521679499000072, -7.600247226999954 ], [ 110.521766874000036, -7.600137539999935 ], [ 110.521872187000042, -7.600100976999954 ], [ 110.522039562000089, -7.600164039999981 ], [ 110.522237874000041, -7.60034716499996 ], [ 110.522324062000052, -7.600493851999943 ], [ 110.522500874000059, -7.601024976999952 ], [ 110.522640187000036, -7.601288414999942 ], [ 110.522880124000039, -7.60156266499996 ], [ 110.522993499000052, -7.601653164999959 ], [ 110.523145937000038, -7.601633226999979 ], [ 110.523483437000039, -7.601318789999937 ], [ 110.523582562000058, -7.601246164999964 ], [ 110.523676687000034, -7.601250601999936 ], [ 110.52392143700007, -7.601376789999961 ], [ 110.524095874000068, -7.601397414999951 ], [ 110.524391249000075, -7.601257789999977 ], [ 110.524539624000056, -7.60118085199997 ], [ 110.52491337400005, -7.60124841499993 ], [ 110.525022687000046, -7.601263664999976 ], [ 110.525352937000036, -7.601037351999935 ], [ 110.525484687000073, -7.600953039999979 ], [ 110.52562331200005, -7.600940289999926 ], [ 110.526147187000049, -7.601310664999971 ], [ 110.526299187000063, -7.601398289999963 ], [ 110.526545187000067, -7.601353601999961 ], [ 110.527194312000063, -7.601242664999972 ] ] ] } },
{ "type": "Feature", "properties": { "fid": 70, "NAMOBJ": null, "FCODE": null, "REMARK": "Alur Sungai", "METADATA": "2017; RBI KSP SK 24.4 2021", "SRS_ID": null, "ADATGL": 0.0, "DMAX": 0.0, "FNGAIR": 0.0, "JNSSNG": 0.0, "KLSSNG": 0.0, "LTKSGI": 0.0, "NAMWS": null, "STATUS": null, "UKRSGI": 0.0, "WMAX": 0.0, "DBTMXS": 0.0, "NAMDAS": null, "SHAPE_Leng": 0.013963399670026 }, "geometry": { "type": "MultiLineString", "coordinates": [ [ [ 110.505101937000063, -7.57879672699994 ], [ 110.505130812000061, -7.578851601999929 ], [ 110.505197374000034, -7.578967164999938 ], [ 110.505388437000079, -7.579299101999936 ], [ 110.505391624000083, -7.57931066499998 ], [ 110.505470624000054, -7.579497664999963 ], [ 110.505555687000083, -7.57974616499996 ], [ 110.505638624000085, -7.580043101999934 ], [ 110.505680312000038, -7.580129101999944 ], [ 110.506073124000068, -7.580982289999952 ], [ 110.506359187000044, -7.581513414999961 ], [ 110.50660212400004, -7.581943101999968 ], [ 110.506880624000075, -7.582391601999973 ], [ 110.506943499000045, -7.58252903999994 ], [ 110.507157249000045, -7.583058039999969 ], [ 110.507446999000081, -7.583724414999949 ], [ 110.507642187000044, -7.584085664999975 ], [ 110.507876562000035, -7.584327101999975 ], [ 110.507933062000063, -7.584390914999972 ], [ 110.508167749000052, -7.584657101999937 ], [ 110.508341749000067, -7.584954976999938 ], [ 110.508419624000055, -7.585283476999962 ], [ 110.508538312000042, -7.585949289999974 ], [ 110.50868437400004, -7.58660847699997 ], [ 110.508749624000075, -7.587230351999949 ], [ 110.50874974900006, -7.587232351999944 ], [ 110.508772624000073, -7.587449601999936 ], [ 110.508811437000077, -7.587628976999952 ], [ 110.508984687000066, -7.587870351999925 ], [ 110.509237437000081, -7.588309789999926 ], [ 110.509303187000057, -7.588610789999962 ], [ 110.50935656200005, -7.589197789999957 ], [ 110.509432374000085, -7.589682789999927 ], [ 110.509449499000084, -7.589812351999967 ], [ 110.509475937000047, -7.590028851999932 ], [ 110.509520999000074, -7.590596414999936 ], [ 110.509560687000089, -7.591017289999968 ], [ 110.509577812000089, -7.591190101999928 ], [ 110.509603624000079, -7.591345601999933 ], [ 110.509658687000069, -7.591717476999975 ] ] ] } },
{ "type": "Feature", "properties": { "fid": 71, "NAMOBJ": "Kali Bajing", "FCODE": null, "REMARK": "Sungai Satu Garis", "METADATA": "2017; RBI KSP SK 24.4 2021", "SRS_ID": null, "ADATGL": 0.0, "DMAX": 0.0, "FNGAIR": 0.0, "JNSSNG": 0.0, "KLSSNG": 0.0, "LTKSGI": 0.0, "NAMWS": null, "STATUS": null, "UKRSGI": 0.0, "WMAX": 0.0, "DBTMXS": 0.0, "NAMDAS": null, "SHAPE_Leng": 0.16746048197229599 }, "geometry": { "type": "MultiLineString", "coordinates": [ [ [ 110.516172749000077, -7.583670226999971 ], [ 110.516190124000047, -7.583714039999961 ], [ 110.516243437000071, -7.583957039999973 ], [ 110.516343124000059, -7.584508226999958 ], [ 110.516464124000038, -7.584680664999951 ], [ 110.517005124000036, -7.58528472699993 ], [ 110.517097249000074, -7.585423976999948 ], [ 110.51718474900008, -7.585554601999945 ], [ 110.517588062000073, -7.586137914999938 ], [ 110.517671874000087, -7.586290476999977 ], [ 110.517829187000075, -7.586584664999975 ], [ 110.51782931200006, -7.586585039999932 ], [ 110.51827724900005, -7.587633414999971 ], [ 110.518478749000053, -7.588082539999959 ], [ 110.518802687000061, -7.588628851999943 ], [ 110.519144062000066, -7.589042289999952 ], [ 110.519400249000057, -7.58928285199994 ], [ 110.519639124000037, -7.589399476999972 ], [ 110.52004706200006, -7.589435476999938 ], [ 110.520194187000072, -7.58944428999996 ], [ 110.520374687000071, -7.589451851999968 ], [ 110.521080749000078, -7.58945341499998 ], [ 110.521296062000033, -7.589450039999974 ], [ 110.521828062000054, -7.589441664999981 ], [ 110.522030812000082, -7.589472226999931 ], [ 110.52209137400007, -7.589498226999979 ], [ 110.522439312000074, -7.589640976999931 ], [ 110.522740874000078, -7.589874601999952 ], [ 110.523690312000042, -7.590635789999965 ], [ 110.523785874000055, -7.590861351999934 ], [ 110.524008124000034, -7.591552664999938 ], [ 110.52411737400007, -7.591600476999929 ], [ 110.524271312000053, -7.591562351999926 ], [ 110.524641687000042, -7.591494226999941 ], [ 110.524810562000084, -7.591591101999938 ], [ 110.52516674900005, -7.591777664999938 ], [ 110.525492249000081, -7.59186853999995 ], [ 110.526130374000047, -7.591972726999927 ], [ 110.526132187000087, -7.591973039999971 ], [ 110.526313062000042, -7.592002539999953 ], [ 110.526355249000062, -7.592013039999927 ], [ 110.526768249000042, -7.59215891499997 ], [ 110.52725018700005, -7.592426976999946 ], [ 110.527479124000081, -7.592612289999977 ], [ 110.527632062000066, -7.592820164999978 ], [ 110.527690874000086, -7.593021539999938 ], [ 110.527724999000043, -7.593598039999961 ], [ 110.527762249000034, -7.593973914999935 ], [ 110.527837437000073, -7.594319164999945 ], [ 110.527889562000041, -7.594578164999973 ], [ 110.527925937000077, -7.59492916499994 ], [ 110.527989812000044, -7.595349289999945 ], [ 110.528227687000083, -7.595406414999957 ], [ 110.528658937000046, -7.595571101999951 ], [ 110.529254437000077, -7.596122101999981 ], [ 110.529213437000067, -7.596301539999956 ], [ 110.529455499000051, -7.596712914999955 ], [ 110.529592312000034, -7.597093914999959 ], [ 110.529662687000041, -7.597293226999966 ], [ 110.53009587400004, -7.597394226999938 ], [ 110.53026056200008, -7.597433414999955 ], [ 110.530427624000083, -7.597561164999945 ], [ 110.530510999000057, -7.597719101999928 ], [ 110.530544937000059, -7.598251851999976 ], [ 110.530567937000058, -7.598441101999981 ], [ 110.530648312000039, -7.598593539999968 ], [ 110.530834437000067, -7.598719164999977 ], [ 110.531000437000046, -7.598755164999943 ], [ 110.53126637400004, -7.59868585199996 ], [ 110.531427687000075, -7.598618101999932 ], [ 110.531927437000036, -7.599058664999973 ], [ 110.532419562000086, -7.599280664999981 ], [ 110.532705437000061, -7.599415976999978 ], [ 110.533204312000066, -7.600163914999939 ], [ 110.533449062000045, -7.600489226999969 ], [ 110.534008687000039, -7.600961539999957 ], [ 110.534609312000043, -7.601622351999936 ], [ 110.534760937000044, -7.601774726999963 ], [ 110.534980062000045, -7.601876914999934 ], [ 110.535094749000052, -7.60191660199996 ], [ 110.535569437000049, -7.602081101999943 ], [ 110.536034624000081, -7.602249351999944 ], [ 110.536951874000067, -7.602668101999939 ], [ 110.537430562000054, -7.602845351999974 ], [ 110.537758687000064, -7.602955039999927 ], [ 110.538027499000066, -7.60310566499993 ], [ 110.538276249000035, -7.60340916499996 ], [ 110.538463999000044, -7.603642476999937 ], [ 110.538679062000085, -7.603807101999962 ], [ 110.538864124000042, -7.603867351999952 ], [ 110.538941999000087, -7.603893414999959 ], [ 110.539250874000061, -7.604001289999928 ], [ 110.539784187000066, -7.604169226999943 ], [ 110.540025312000068, -7.604267101999937 ], [ 110.540165187000071, -7.604375476999962 ], [ 110.540682624000056, -7.605273414999942 ], [ 110.540766124000072, -7.605401039999947 ], [ 110.541895312000065, -7.605905664999966 ], [ 110.542692187000057, -7.606268351999972 ], [ 110.543725437000035, -7.606630351999968 ], [ 110.544952499000033, -7.60692116499996 ], [ 110.54547868700007, -7.606936726999947 ], [ 110.545834249000052, -7.606799664999926 ], [ 110.546024437000085, -7.606730414999959 ], [ 110.546671374000084, -7.606867601999966 ] ], [ [ 110.546671374000084, -7.606867601999966 ], [ 110.546765874000073, -7.606886476999932 ], [ 110.547720187000039, -7.607296726999948 ], [ 110.547953999000072, -7.607395351999969 ], [ 110.548482499000045, -7.607414226999936 ], [ 110.548679249000088, -7.607421164999948 ], [ 110.548846812000079, -7.607494664999933 ], [ 110.549183812000081, -7.607840789999955 ], [ 110.549518437000074, -7.608234914999969 ], [ 110.549984187000064, -7.608741539999926 ], [ 110.550215624000089, -7.608970039999974 ], [ 110.550234909465232, -7.608979892216346 ] ], [ [ 110.550314565318956, -7.609020585386065 ], [ 110.550598187000048, -7.609165476999976 ], [ 110.550790749000043, -7.609269664999943 ], [ 110.551001624000037, -7.609536164999952 ], [ 110.55105010142789, -7.609594613561353 ] ] ] } },
{ "type": "Feature", "properties": { "fid": 72, "NAMOBJ": "Kali Sabrang", "FCODE": null, "REMARK": "Sungai Satu Garis", "METADATA": "2017; RBI KSP SK 24.4 2021", "SRS_ID": null, "ADATGL": 0.0, "DMAX": 0.0, "FNGAIR": 0.0, "JNSSNG": 0.0, "KLSSNG": 0.0, "LTKSGI": 0.0, "NAMWS": null, "STATUS": null, "UKRSGI": 0.0, "WMAX": 0.0, "DBTMXS": 0.0, "NAMDAS": null, "SHAPE_Leng": 0.015617172649512 }, "geometry": { "type": "MultiLineString", "coordinates": [ [ [ 110.536183812000047, -7.588333164999938 ], [ 110.536221062000038, -7.588874351999948 ], [ 110.536257312000089, -7.58902078999995 ], [ 110.536597312000083, -7.589702539999962 ], [ 110.536946374000081, -7.590126664999957 ], [ 110.53704556200006, -7.590227976999927 ], [ 110.537434499000085, -7.590505664999966 ], [ 110.537635437000063, -7.590649226999972 ], [ 110.537634249000064, -7.59076878999997 ], [ 110.537640562000036, -7.591041101999963 ], [ 110.537718124000037, -7.591105351999943 ], [ 110.537868624000055, -7.591133476999971 ], [ 110.538088249000054, -7.59108241499996 ], [ 110.538400999000089, -7.591024851999975 ], [ 110.538600812000084, -7.59107841499997 ], [ 110.539133624000044, -7.591233976999945 ], [ 110.539536249000037, -7.591283539999949 ], [ 110.539780624000059, -7.591451351999979 ], [ 110.539993562000063, -7.591674664999971 ], [ 110.540165999000067, -7.591943539999932 ], [ 110.540422937000073, -7.592405976999942 ], [ 110.54059931200004, -7.592514039999969 ], [ 110.541390062000062, -7.592949164999936 ], [ 110.541497874000072, -7.593101914999977 ], [ 110.541495812000051, -7.593228164999971 ], [ 110.541399874000035, -7.593391289999943 ], [ 110.541132499000071, -7.593697351999936 ], [ 110.540903437000054, -7.593894039999952 ], [ 110.540535374000058, -7.594215976999976 ], [ 110.540477749000047, -7.594344039999953 ], [ 110.540540124000074, -7.594373851999933 ], [ 110.540638312000056, -7.594430789999933 ], [ 110.54095718700006, -7.594568289999927 ], [ 110.541450874000077, -7.594837039999959 ], [ 110.541581124000061, -7.595032039999978 ], [ 110.541685749000067, -7.595313476999934 ], [ 110.541662124000084, -7.595457476999968 ], [ 110.541576312000075, -7.595907976999968 ], [ 110.541716687000076, -7.596024851999971 ], [ 110.542449499000043, -7.596566476999953 ], [ 110.542565687000035, -7.596742976999963 ], [ 110.542578937000087, -7.596891726999957 ], [ 110.542600562000075, -7.597130351999965 ], [ 110.542717374000063, -7.597497726999961 ], [ 110.542889812000055, -7.597740914999974 ], [ 110.543053937000082, -7.597864664999975 ], [ 110.543223499000078, -7.59790041499997 ], [ 110.54344287400005, -7.597969601999978 ], [ 110.543669062000049, -7.598123039999962 ], [ 110.543740624000066, -7.598254914999927 ], [ 110.543717812000068, -7.598348851999958 ], [ 110.543636812000045, -7.598583476999977 ] ] ] } },
{ "type": "Feature", "properties": { "fid": 73, "NAMOBJ": "Kali Sabrang", "FCODE": null, "REMARK": "Sungai Satu Garis", "METADATA": "2017; RBI KSP SK 24.4 2021", "SRS_ID": null, "ADATGL": 0.0, "DMAX": 0.0, "FNGAIR": 0.0, "JNSSNG": 0.0, "KLSSNG": 0.0, "LTKSGI": 0.0, "NAMWS": null, "STATUS": null, "UKRSGI": 0.0, "WMAX": 0.0, "DBTMXS": 0.0, "NAMDAS": null, "SHAPE_Leng": 0.056600453789451 }, "geometry": { "type": "MultiLineString", "coordinates": [ [ [ 110.518291374000057, -7.57593722699994 ], [ 110.518298499000082, -7.575942101999942 ], [ 110.518334874000061, -7.57595503999994 ], [ 110.519325624000089, -7.576356664999935 ], [ 110.519662874000062, -7.57658291499996 ], [ 110.519821437000076, -7.576688039999965 ], [ 110.520122062000041, -7.576740101999974 ], [ 110.520922687000052, -7.577009976999932 ], [ 110.521048187000076, -7.577129914999944 ], [ 110.521225062000042, -7.577365226999973 ], [ 110.521290374000046, -7.577431539999964 ], [ 110.521930312000052, -7.577939039999933 ], [ 110.522212499000034, -7.578171539999971 ], [ 110.522650312000053, -7.578566226999953 ], [ 110.523322312000062, -7.579165164999949 ], [ 110.524068812000053, -7.579708101999927 ], [ 110.524299874000064, -7.579835601999946 ], [ 110.524608312000055, -7.57988635199996 ], [ 110.525595812000063, -7.57985941499993 ], [ 110.525870874000077, -7.579854851999926 ], [ 110.52621281200004, -7.579946351999979 ], [ 110.526823499000045, -7.580236851999928 ], [ 110.52719931200005, -7.580452726999965 ], [ 110.527405249000083, -7.580656976999933 ], [ 110.527631812000038, -7.580890164999971 ], [ 110.527794249000067, -7.58106672699995 ], [ 110.528205187000083, -7.581302476999952 ], [ 110.528713812000035, -7.581797226999981 ], [ 110.528830499000037, -7.58195053999998 ], [ 110.529083249000053, -7.582307539999931 ], [ 110.529599937000057, -7.583681601999956 ], [ 110.529712437000057, -7.583944851999945 ], [ 110.530025562000048, -7.584418101999972 ], [ 110.530141124000068, -7.584668976999978 ], [ 110.530157312000085, -7.584739039999931 ], [ 110.530165874000033, -7.58480816499997 ], [ 110.530196562000071, -7.585050039999942 ] ], [ [ 110.530196562000071, -7.585050039999942 ], [ 110.530315562000055, -7.585280539999928 ], [ 110.530410249000056, -7.585550101999956 ], [ 110.530658437000056, -7.585849414999927 ], [ 110.530983187000061, -7.586455476999959 ], [ 110.531110812000065, -7.58670322699993 ], [ 110.531303374000061, -7.586928039999975 ], [ 110.531551249000074, -7.587120164999931 ], [ 110.532749937000062, -7.588049226999942 ], [ 110.533347812000045, -7.588569289999953 ], [ 110.533745374000034, -7.589224601999945 ], [ 110.534042624000051, -7.589582726999936 ], [ 110.53423106200006, -7.58981672699997 ], [ 110.534317437000084, -7.589994976999947 ], [ 110.53432693700006, -7.590044101999979 ], [ 110.534344937000071, -7.590122414999939 ], [ 110.534491874000082, -7.590479414999947 ], [ 110.534693999000069, -7.590784851999956 ], [ 110.534952687000043, -7.591044476999969 ], [ 110.535182187000089, -7.591329289999976 ], [ 110.535399687000051, -7.591559539999935 ], [ 110.535769812000069, -7.591852976999974 ], [ 110.535797624000054, -7.591934414999969 ], [ 110.535834124000075, -7.59204103999997 ], [ 110.535888562000082, -7.592311726999981 ], [ 110.535956249000037, -7.592619226999943 ], [ 110.536066874000085, -7.592773851999937 ], [ 110.536281062000057, -7.59292841499996 ], [ 110.53651231200007, -7.593014226999969 ], [ 110.537237562000087, -7.593239976999939 ], [ 110.537553437000042, -7.593428226999947 ], [ 110.537808312000038, -7.593667226999969 ], [ 110.538260437000076, -7.594110914999931 ], [ 110.538543874000084, -7.59443878999997 ], [ 110.538983937000069, -7.59500316499998 ], [ 110.539648124000053, -7.59570728999995 ], [ 110.539682999000036, -7.595728726999937 ], [ 110.540645812000037, -7.596369789999926 ], [ 110.540879249000056, -7.596635664999951 ], [ 110.541658999000049, -7.597542164999936 ], [ 110.542037687000061, -7.597772414999952 ], [ 110.542525499000078, -7.598070226999937 ], [ 110.54319418700004, -7.598458914999981 ], [ 110.543293562000088, -7.59848660199998 ], [ 110.543362749000039, -7.598495351999929 ], [ 110.543636812000045, -7.598583476999977 ] ], [ [ 110.543636812000045, -7.598583476999977 ], [ 110.543890562000058, -7.598763664999979 ], [ 110.544195562000084, -7.598983039999951 ], [ 110.544790937000073, -7.599651414999926 ], [ 110.54506387400005, -7.599754851999933 ], [ 110.545418374000064, -7.599923226999977 ], [ 110.545790812000064, -7.600140351999926 ], [ 110.545988499000089, -7.600150976999942 ], [ 110.546317499000054, -7.600185601999954 ], [ 110.546475374000067, -7.600276976999965 ], [ 110.546706812000082, -7.600503601999947 ], [ 110.546900249000089, -7.600628539999946 ], [ 110.54709243700006, -7.600663789999942 ], [ 110.547102005117225, -7.600665752019867 ] ], [ [ 110.54803096512066, -7.600957560289793 ], [ 110.548465312000076, -7.601156164999963 ], [ 110.548579629341504, -7.601211810535784 ] ], [ [ 110.549340147950588, -7.601924160723332 ], [ 110.54936334959686, -7.601951680645686 ] ] ] } },
{ "type": "Feature", "properties": { "fid": 74, "NAMOBJ": null, "FCODE": null, "REMARK": "Sungai Satu Garis", "METADATA": "2017; RBI KSP SK 24.4 2021", "SRS_ID": null, "ADATGL": 0.0, "DMAX": 0.0, "FNGAIR": 0.0, "JNSSNG": 0.0, "KLSSNG": 0.0, "LTKSGI": 0.0, "NAMWS": null, "STATUS": null, "UKRSGI": 0.0, "WMAX": 0.0, "DBTMXS": 0.0, "NAMDAS": null, "SHAPE_Leng": 0.12158314122753899 }, "geometry": { "type": "MultiLineString", "coordinates": [ [ [ 110.520546271308376, -7.617451527187652 ], [ 110.520608499000048, -7.617493789999969 ], [ 110.520929812000077, -7.617826851999951 ], [ 110.521044062000044, -7.618024789999936 ], [ 110.521051760882898, -7.618060969717367 ] ], [ [ 110.521116141350646, -7.618589000463849 ], [ 110.521123562000071, -7.618737664999969 ], [ 110.521138309874388, -7.619083385097419 ] ], [ [ 110.521438419348002, -7.619753725944775 ], [ 110.521495516193923, -7.619816502659497 ] ], [ [ 110.52185046546046, -7.620412753589286 ], [ 110.521859187000075, -7.620439664999935 ], [ 110.521977057677091, -7.620822175349305 ] ], [ [ 110.52207522410329, -7.621140742061012 ], [ 110.522088624000048, -7.621184226999958 ], [ 110.522136741764655, -7.621268503230519 ] ], [ [ 110.524146899291637, -7.622183156682722 ], [ 110.524248153628832, -7.622283214029824 ] ], [ [ 110.524340212257599, -7.622359580049611 ], [ 110.524598187000038, -7.622570226999926 ], [ 110.524769122075824, -7.622623408229973 ] ], [ [ 110.525394110457185, -7.622770524031197 ], [ 110.525516124000035, -7.622798351999961 ], [ 110.525772375616583, -7.622935601280974 ] ], [ [ 110.526351917924146, -7.623304781397235 ], [ 110.526405437000051, -7.623344851999946 ], [ 110.526654499000074, -7.623726664999936 ], [ 110.526779032228831, -7.623919818579238 ] ], [ [ 110.527730302955163, -7.624590570945204 ], [ 110.527838874000054, -7.624684226999932 ], [ 110.528025621980063, -7.624769080700671 ] ], [ [ 110.530076188647286, -7.625740825600253 ], [ 110.530185687000085, -7.625656851999963 ], [ 110.530321437000055, -7.625637851999954 ], [ 110.530439812000054, -7.62569603999998 ], [ 110.530457492758188, -7.625778249894478 ] ] ] } },
{ "type": "Feature", "properties": { "fid": 75, "NAMOBJ": null, "FCODE": null, "REMARK": "Sungai Satu Garis", "METADATA": "2017; RBI KSP SK 24.4 2021", "SRS_ID": null, "ADATGL": 0.0, "DMAX": 0.0, "FNGAIR": 0.0, "JNSSNG": 0.0, "KLSSNG": 0.0, "LTKSGI": 0.0, "NAMWS": null, "STATUS": null, "UKRSGI": 0.0, "WMAX": 0.0, "DBTMXS": 0.0, "NAMDAS": null, "SHAPE_Leng": 0.0079173312008669998 }, "geometry": { "type": "MultiLineString", "coordinates": [ [ [ 110.505053687000043, -7.582307789999959 ], [ 110.505084937000049, -7.582484789999967 ], [ 110.505170249000059, -7.582732789999966 ], [ 110.505221124000059, -7.582818101999976 ], [ 110.505368624000084, -7.582894039999928 ], [ 110.505426312000054, -7.582988289999946 ], [ 110.505513999000073, -7.583219851999957 ], [ 110.505596874000048, -7.583504164999965 ], [ 110.505643999000085, -7.58371997699993 ], [ 110.505794249000076, -7.584170789999973 ], [ 110.505801687000087, -7.584184101999938 ], [ 110.506071249000058, -7.584625851999931 ], [ 110.506183312000076, -7.584854851999978 ], [ 110.506300687000078, -7.585153539999965 ], [ 110.506414187000075, -7.585442414999932 ], [ 110.506465812000044, -7.585662851999928 ], [ 110.506491312000037, -7.585976976999973 ], [ 110.506703124000069, -7.586386664999964 ], [ 110.506890312000053, -7.586748726999929 ], [ 110.506953562000035, -7.586871164999934 ], [ 110.50723324900008, -7.587361414999975 ], [ 110.507248437000044, -7.587393039999938 ], [ 110.507266187000084, -7.58750966499997 ], [ 110.507344124000042, -7.588020851999943 ], [ 110.50734249900006, -7.588309726999967 ], [ 110.507317812000053, -7.588634914999943 ], [ 110.507357312000067, -7.589086976999965 ], [ 110.507422187000088, -7.589331476999973 ], [ 110.507429499000068, -7.589439289999973 ], [ 110.507432999000059, -7.589481851999949 ], [ 110.507432874000074, -7.58953360199996 ], [ 110.507417437000072, -7.58966647699998 ] ] ] } },
{ "type": "Feature", "properties": { "fid": 76, "NAMOBJ": "Kali Mancasa", "FCODE": null, "REMARK": "Sungai Satu Garis", "METADATA": "2017; RBI KSP SK 24.4 2021", "SRS_ID": null, "ADATGL": 0.0, "DMAX": 0.0, "FNGAIR": 0.0, "JNSSNG": 0.0, "KLSSNG": 0.0, "LTKSGI": 0.0, "NAMWS": null, "STATUS": null, "UKRSGI": 0.0, "WMAX": 0.0, "DBTMXS": 0.0, "NAMDAS": null, "SHAPE_Leng": 0.071060538691626998 }, "geometry": { "type": "MultiLineString", "coordinates": [ [ [ 110.513808499000049, -7.589531414999954 ], [ 110.514231437000035, -7.589846789999967 ], [ 110.514675812000064, -7.590201414999967 ], [ 110.515613937000069, -7.590922226999965 ], [ 110.51565118700006, -7.590954789999955 ], [ 110.51569337400008, -7.59095466499997 ], [ 110.515883812000084, -7.590998351999929 ], [ 110.516033187000062, -7.591085351999936 ], [ 110.516043062000051, -7.591091164999966 ], [ 110.516228624000064, -7.591199164999978 ], [ 110.516504999000063, -7.591460601999927 ], [ 110.516770937000047, -7.591790039999978 ], [ 110.516927437000049, -7.59208603999997 ], [ 110.517062874000032, -7.59234885199993 ], [ 110.517236124000078, -7.592461476999972 ], [ 110.518127562000075, -7.592959539999981 ], [ 110.518389562000038, -7.593126101999928 ], [ 110.519051124000043, -7.593636726999932 ], [ 110.51931649900007, -7.593915601999981 ], [ 110.519437749000076, -7.594150039999931 ], [ 110.519679999000061, -7.59463010199994 ], [ 110.520015624000052, -7.594924914999979 ], [ 110.520248624000033, -7.595179476999931 ], [ 110.520594562000042, -7.595579039999961 ], [ 110.520745999000042, -7.595633039999939 ], [ 110.521307749000073, -7.595823851999967 ], [ 110.521549937000088, -7.596002351999971 ], [ 110.521841437000035, -7.596294851999971 ], [ 110.522092499000053, -7.59663760199993 ], [ 110.522342624000089, -7.596895539999934 ], [ 110.522853812000051, -7.597304476999966 ], [ 110.523157999000034, -7.597442164999961 ], [ 110.523830749000069, -7.597673351999958 ], [ 110.524013437000065, -7.597851976999948 ], [ 110.524164874000064, -7.59810947699998 ], [ 110.524357062000036, -7.598464226999965 ], [ 110.524565624000047, -7.598820351999962 ], [ 110.524822874000051, -7.599388914999963 ], [ 110.525066687000049, -7.599636414999964 ], [ 110.525359999000045, -7.599862789999975 ], [ 110.525710937000042, -7.600022851999938 ], [ 110.525957499000071, -7.600177851999945 ], [ 110.526044312000067, -7.600247476999925 ], [ 110.526308687000039, -7.600495414999955 ], [ 110.526529312000036, -7.600662539999973 ], [ 110.526899749000052, -7.600850789999981 ], [ 110.526969874000088, -7.600904914999944 ], [ 110.527021749000085, -7.600956789999941 ], [ 110.527073624000082, -7.601008726999964 ], [ 110.527194312000063, -7.601242664999972 ] ], [ [ 110.527194312000063, -7.601242664999972 ], [ 110.527662124000074, -7.601216664999981 ], [ 110.527826624000056, -7.601199539999925 ], [ 110.52801706200006, -7.601191101999973 ], [ 110.528414499000064, -7.601183851999963 ], [ 110.52870712400005, -7.601188914999966 ], [ 110.52897968700006, -7.601272351999967 ], [ 110.529933374000052, -7.601743101999944 ], [ 110.530329437000034, -7.602052976999971 ], [ 110.530524312000068, -7.602250101999971 ], [ 110.530648874000065, -7.602650851999954 ], [ 110.530841499000076, -7.603270726999938 ], [ 110.530894249000085, -7.603419164999934 ], [ 110.531371374000059, -7.603805539999939 ], [ 110.531503187000055, -7.603925414999935 ], [ 110.531567187000064, -7.604095101999974 ], [ 110.531546124000045, -7.604565789999981 ], [ 110.531542812000055, -7.604733851999981 ], [ 110.531611812000051, -7.604869476999966 ], [ 110.53180681200007, -7.604964226999925 ], [ 110.532545312000082, -7.604986289999943 ], [ 110.533287937000068, -7.605008539999972 ], [ 110.533336562000045, -7.60500903999997 ], [ 110.533459937000089, -7.605044539999938 ], [ 110.533776999000054, -7.60522216499993 ], [ 110.534088874000076, -7.605522101999952 ], [ 110.535010312000054, -7.606356914999935 ], [ 110.535534874000064, -7.606853226999931 ], [ 110.535748124000065, -7.60704822699995 ], [ 110.536485249000066, -7.607292351999945 ], [ 110.536679812000045, -7.607381539999949 ], [ 110.536799874000053, -7.607487601999935 ], [ 110.536875999000074, -7.607824726999979 ], [ 110.536876499000073, -7.608028601999933 ], [ 110.536805937000054, -7.60817022699996 ], [ 110.536665749000065, -7.608273726999926 ], [ 110.536491124000065, -7.608360976999961 ], [ 110.536397624000074, -7.608460414999968 ], [ 110.536397187000034, -7.608559414999945 ], [ 110.537182874000052, -7.609277476999978 ], [ 110.537347437000051, -7.609439351999981 ], [ 110.537510062000081, -7.609820414999945 ], [ 110.537648374000071, -7.610129226999959 ], [ 110.538078562000067, -7.610994414999936 ], [ 110.53818749900006, -7.611251289999927 ], [ 110.538253374000078, -7.611480039999947 ], [ 110.538471624000067, -7.611761351999974 ], [ 110.538706624000042, -7.61203872699997 ], [ 110.538859812000055, -7.61230616499995 ], [ 110.538977499000055, -7.612640726999928 ], [ 110.539012749000051, -7.613680226999975 ], [ 110.539040249000038, -7.614110414999971 ], [ 110.539110124000047, -7.614418414999932 ], [ 110.539162624000085, -7.614516351999953 ], [ 110.539795062000053, -7.614758976999951 ], [ 110.540126312000041, -7.614911789999951 ], [ 110.540398687000049, -7.615104101999975 ], [ 110.540536187000043, -7.615271851999978 ], [ 110.540604062000057, -7.61551116499993 ], [ 110.540629374000048, -7.615838289999942 ], [ 110.540757437000082, -7.616126851999979 ], [ 110.540881124000066, -7.616342164999935 ], [ 110.540900812000075, -7.616479726999955 ], [ 110.540838249000046, -7.616674726999975 ], [ 110.540843374000076, -7.616757101999951 ], [ 110.540941437000072, -7.616817726999955 ], [ 110.54113368700007, -7.616831726999976 ], [ 110.541358249000041, -7.616760039999974 ], [ 110.541562937000037, -7.616655101999982 ], [ 110.541773687000045, -7.616628664999951 ], [ 110.541902499000059, -7.616663789999961 ], [ 110.542116499000088, -7.616855289999933 ], [ 110.5421336619805, -7.616875221713833 ] ], [ [ 110.542403972053563, -7.617189152478674 ], [ 110.542687738406244, -7.617518808237441 ] ], [ [ 110.54275005780849, -7.617608507372241 ], [ 110.542804624000041, -7.617695914999956 ], [ 110.542790749000062, -7.61795178999995 ], [ 110.542770499000085, -7.618141914999967 ], [ 110.542818600611113, -7.618238789727491 ] ], [ [ 110.54284409600794, -7.618290136440592 ], [ 110.542980812000053, -7.618565476999947 ], [ 110.543331624000075, -7.618904414999975 ], [ 110.543395812000085, -7.618967914999928 ], [ 110.543421624000075, -7.619028226999944 ], [ 110.543412874000069, -7.619105726999976 ], [ 110.543328187000043, -7.619249976999981 ], [ 110.54319674900006, -7.619432914999948 ], [ 110.543162124000048, -7.619484539999974 ], [ 110.543125624000083, -7.619603164999944 ], [ 110.543176999000082, -7.61972047699993 ], [ 110.543220660842849, -7.619750122015594 ] ], [ [ 110.543636593832289, -7.620029859507992 ], [ 110.54381412400005, -7.620135164999965 ], [ 110.543930499000055, -7.620276476999948 ], [ 110.543967999000074, -7.620410601999936 ], [ 110.544036187000074, -7.620654351999974 ], [ 110.544033299266545, -7.620728514597054 ] ], [ [ 110.543976006205128, -7.620800918897338 ], [ 110.543841728321297, -7.62089824268643 ] ], [ [ 110.543645462284459, -7.621054727221273 ], [ 110.54360224900006, -7.621130914999981 ], [ 110.543606499000077, -7.621239414999934 ], [ 110.543710437000072, -7.621357601999932 ], [ 110.543794320298645, -7.621391430019766 ] ], [ [ 110.543975440066959, -7.621466422891627 ], [ 110.544106874000079, -7.621529976999966 ], [ 110.544243874000074, -7.621690226999931 ], [ 110.544318062000059, -7.621940351999967 ], [ 110.544311749000087, -7.622073789999945 ], [ 110.544255874000044, -7.622165601999939 ], [ 110.543863726357245, -7.622192859695582 ] ], [ [ 110.543929417584863, -7.622855016470361 ], [ 110.54396412400007, -7.622865289999936 ], [ 110.544097312000076, -7.622913726999968 ], [ 110.544199249000087, -7.623045476999948 ], [ 110.544219374000079, -7.623212351999939 ], [ 110.544188499000086, -7.623407664999945 ], [ 110.544283304841628, -7.623523163566539 ] ], [ [ 110.544470424977092, -7.623748943469361 ], [ 110.544568937000065, -7.623861101999978 ], [ 110.544593124000073, -7.62396791499998 ], [ 110.544354249000037, -7.624234789999946 ], [ 110.54435125470026, -7.624237780816954 ] ] ] } },
{ "type": "Feature", "properties": { "fid": 77, "NAMOBJ": "Kali Jagir", "FCODE": null, "REMARK": "Sungai Satu Garis", "METADATA": "2017; RBI KSP SK 24.4 2021", "SRS_ID": null, "ADATGL": 0.0, "DMAX": 0.0, "FNGAIR": 0.0, "JNSSNG": 0.0, "KLSSNG": 0.0, "LTKSGI": 0.0, "NAMWS": null, "STATUS": null, "UKRSGI": 0.0, "WMAX": 0.0, "DBTMXS": 0.0, "NAMDAS": null, "SHAPE_Leng": 0.060432152142681002 }, "geometry": { "type": "MultiLineString", "coordinates": [ [ [ 110.508343899608462, -7.597283117189315 ], [ 110.508477937000066, -7.597441664999963 ], [ 110.508879624000087, -7.597751039999935 ], [ 110.509189374000073, -7.597836164999933 ], [ 110.509275937000041, -7.597862164999981 ], [ 110.509462562000067, -7.59796603999996 ], [ 110.50947069062542, -7.597973005533159 ] ], [ [ 110.509695870376348, -7.5981659652236 ], [ 110.509696687000087, -7.598166664999951 ], [ 110.509829499000034, -7.598268726999947 ], [ 110.510251937000078, -7.598638914999981 ], [ 110.510289044923468, -7.598674701479173 ] ], [ [ 110.510430654212755, -7.59881126794319 ], [ 110.510581387919657, -7.598956633896682 ] ], [ [ 110.511363816421351, -7.599597012189631 ], [ 110.51143106940934, -7.599641071816756 ] ], [ [ 110.511963443561214, -7.599949996914818 ], [ 110.512521952829502, -7.600238615352978 ] ], [ [ 110.513123173671488, -7.600623581741297 ], [ 110.513127187000066, -7.600626601999977 ], [ 110.51313066400202, -7.600630183044377 ] ], [ [ 110.516981435114857, -7.604978558846617 ], [ 110.517034499000033, -7.605026976999966 ], [ 110.517132187000072, -7.605086726999957 ], [ 110.517231731788712, -7.605104198924568 ] ], [ [ 110.518099888602563, -7.605428474803835 ], [ 110.518210312000065, -7.605461289999937 ], [ 110.518282164399167, -7.605439763016169 ] ], [ [ 110.520075696060417, -7.605316921381768 ], [ 110.520965687000057, -7.605602476999934 ], [ 110.521500687000071, -7.60575928999998 ], [ 110.522175937000043, -7.605782789999978 ], [ 110.522462874000041, -7.605853476999926 ], [ 110.523116562000041, -7.605976726999927 ], [ 110.523646562000067, -7.606122164999931 ], [ 110.52384949900005, -7.606154789999948 ], [ 110.524156562000087, -7.606136976999949 ], [ 110.524375624000072, -7.606244351999976 ], [ 110.525031999000078, -7.606522226999971 ], [ 110.525686874000087, -7.606423976999963 ], [ 110.525913999000068, -7.60641516499993 ], [ 110.526078687000052, -7.606462101999966 ], [ 110.526206124000055, -7.606584789999943 ], [ 110.526333624000074, -7.606775789999972 ], [ 110.526556437000067, -7.606868601999963 ], [ 110.52664943700006, -7.606863539999949 ], [ 110.526753374000066, -7.606842914999959 ], [ 110.526849687000038, -7.606928789999927 ], [ 110.526999999000054, -7.607314726999959 ], [ 110.527019937000034, -7.607415664999962 ], [ 110.527060062000089, -7.607437664999964 ], [ 110.527170437000052, -7.607499851999933 ], [ 110.527594499000088, -7.607704226999942 ], [ 110.52779606200005, -7.607821226999931 ], [ 110.528007062000086, -7.608082601999968 ], [ 110.528164437000044, -7.608261289999973 ], [ 110.528378749000069, -7.608392414999969 ], [ 110.528712124000037, -7.608516601999952 ], [ 110.528930874000082, -7.608672601999956 ], [ 110.529036249000058, -7.608827851999934 ], [ 110.529100749000065, -7.609082289999947 ], [ 110.529185124000037, -7.60919591499993 ], [ 110.529375999000081, -7.609267164999949 ], [ 110.529673374000083, -7.609386289999975 ], [ 110.529850312000065, -7.60950222699995 ], [ 110.52995756200005, -7.609646226999928 ], [ 110.530053312000064, -7.60994360199993 ], [ 110.530164624000065, -7.61012216499995 ], [ 110.53041268700008, -7.610368476999952 ], [ 110.530744374000051, -7.610566976999962 ], [ 110.531080812000084, -7.610753289999934 ], [ 110.531435437000084, -7.611035164999976 ], [ 110.531731249000075, -7.611366601999976 ], [ 110.531944937000048, -7.611695664999957 ], [ 110.53218399900004, -7.612256414999933 ], [ 110.532442937000042, -7.612899726999956 ], [ 110.532600999000067, -7.613190351999947 ], [ 110.533263562000059, -7.614180351999948 ], [ 110.533561812000073, -7.61448147699997 ], [ 110.533652312000072, -7.61457035199993 ], [ 110.534058499000082, -7.614893976999952 ], [ 110.534514624000053, -7.61519541499996 ], [ 110.534730437000064, -7.615377789999968 ], [ 110.534902124000041, -7.615797414999975 ], [ 110.535122062000084, -7.616385289999926 ], [ 110.535235562000082, -7.616635726999959 ], [ 110.535395562000076, -7.61683097699995 ], [ 110.535580687000049, -7.616972539999949 ], [ 110.535755499000061, -7.617140289999952 ], [ 110.535898624000083, -7.617277601999945 ], [ 110.535986687000047, -7.617349789999935 ], [ 110.536061562000043, -7.617330476999939 ], [ 110.536117562000072, -7.617140664999965 ], [ 110.536119812000038, -7.617133039999942 ], [ 110.536141562000068, -7.617052039999976 ], [ 110.536242749000053, -7.617016914999965 ], [ 110.536422562000041, -7.617107164999936 ], [ 110.536454874000071, -7.617141039999979 ], [ 110.53660231200007, -7.617295726999942 ], [ 110.536697124000057, -7.617477914999938 ], [ 110.536769812000045, -7.617923039999937 ], [ 110.536803249000059, -7.618057164999925 ], [ 110.537406874000055, -7.618358789999945 ], [ 110.537878999000043, -7.618407289999936 ], [ 110.538027124000052, -7.618434039999954 ], [ 110.538400562000049, -7.61886566499993 ], [ 110.538506687000051, -7.618970539999964 ], [ 110.538743312000065, -7.61903960199993 ], [ 110.53895512400004, -7.61906791499996 ], [ 110.539054624000073, -7.619127914999979 ], [ 110.539031499000089, -7.619446976999939 ], [ 110.53902656200006, -7.619614164999973 ], [ 110.539089124000043, -7.619744226999956 ], [ 110.539226187000054, -7.619840914999941 ], [ 110.53947381200004, -7.61994078999993 ], [ 110.53955299900008, -7.620016601999964 ], [ 110.539558812000053, -7.620055726999965 ], [ 110.539587249000078, -7.620082164999928 ], [ 110.539883437000071, -7.620289726999943 ], [ 110.540099374000079, -7.620295726999927 ], [ 110.540577062000068, -7.620321726999975 ], [ 110.54067124900007, -7.620408851999969 ], [ 110.540667187000054, -7.620494226999938 ], [ 110.540636687000074, -7.620858164999959 ], [ 110.54077181200006, -7.620956164999939 ], [ 110.54135543700005, -7.621357289999935 ], [ 110.541431999000054, -7.621517539999957 ], [ 110.541531749000058, -7.621909726999945 ], [ 110.541687249000063, -7.622571164999954 ], [ 110.541858187000059, -7.622720976999972 ], [ 110.542569249000053, -7.623331101999952 ], [ 110.542636437000056, -7.623569851999946 ], [ 110.542703562000042, -7.623748664999937 ], [ 110.542873437000083, -7.62392291499998 ], [ 110.543075062000071, -7.624164226999937 ], [ 110.54318149900007, -7.624389039999926 ], [ 110.54332706200006, -7.624682726999936 ], [ 110.543627874000038, -7.624989914999958 ], [ 110.543635874000074, -7.625000101999944 ], [ 110.543639030000065, -7.625004101999934 ], [ 110.543808437000052, -7.625218789999963 ], [ 110.543849235428127, -7.625261171515605 ] ] ] } },
{ "type": "Feature", "properties": { "fid": 78, "NAMOBJ": null, "FCODE": null, "REMARK": "Sungai Satu Garis", "METADATA": "2017; RBI KSP SK 24.4 2021", "SRS_ID": null, "ADATGL": 0.0, "DMAX": 0.0, "FNGAIR": 0.0, "JNSSNG": 0.0, "KLSSNG": 0.0, "LTKSGI": 0.0, "NAMWS": null, "STATUS": null, "UKRSGI": 0.0, "WMAX": 0.0, "DBTMXS": 0.0, "NAMDAS": null, "SHAPE_Leng": 0.016697790903513001 }, "geometry": { "type": "MultiLineString", "coordinates": [ [ [ 110.531224187000078, -7.594621789999962 ], [ 110.532111499000052, -7.595370039999978 ], [ 110.532991562000063, -7.596129914999949 ], [ 110.533459562000075, -7.596625476999975 ], [ 110.533917874000053, -7.59705147699998 ], [ 110.534542999000053, -7.597564601999977 ], [ 110.535104312000044, -7.598080789999926 ], [ 110.535327374000076, -7.598285914999963 ], [ 110.535670249000077, -7.598662164999951 ], [ 110.536001562000081, -7.599052289999975 ], [ 110.536298937000083, -7.599303101999965 ], [ 110.537462624000057, -7.600004914999943 ], [ 110.53784293700005, -7.600201226999957 ], [ 110.538768374000085, -7.600711601999933 ], [ 110.539231437000069, -7.601033101999974 ], [ 110.539418999000077, -7.601212164999936 ], [ 110.539727749000065, -7.601628351999977 ], [ 110.539827312000057, -7.601730664999934 ], [ 110.540164437000044, -7.601963914999942 ], [ 110.540510749000077, -7.602163289999964 ], [ 110.540736749000075, -7.602302789999953 ], [ 110.541338999000061, -7.60269922699996 ], [ 110.542581374000065, -7.603550851999955 ], [ 110.543602999000086, -7.604026414999964 ], [ 110.54406681200004, -7.604266726999981 ], [ 110.544128499000067, -7.604304789999958 ], [ 110.544223687000056, -7.604365351999945 ], [ 110.544538249000084, -7.604412226999955 ] ] ] } },
{ "type": "Feature", "properties": { "fid": 79, "NAMOBJ": null, "FCODE": null, "REMARK": "Sungai Satu Garis", "METADATA": "2017; RBI KSP SK 24.4 2021", "SRS_ID": null, "ADATGL": 0.0, "DMAX": 0.0, "FNGAIR": 0.0, "JNSSNG": 0.0, "KLSSNG": 0.0, "LTKSGI": 0.0, "NAMWS": null, "STATUS": null, "UKRSGI": 0.0, "WMAX": 0.0, "DBTMXS": 0.0, "NAMDAS": null, "SHAPE_Leng": 0.061597300789438002 }, "geometry": { "type": "MultiLineString", "coordinates": [ [ [ 110.502628562000041, -7.572554914999955 ], [ 110.502698374000033, -7.57260847699996 ], [ 110.502813812000056, -7.572743539999976 ], [ 110.502880687000072, -7.572822414999962 ], [ 110.502894124000079, -7.572844976999932 ], [ 110.502901687000076, -7.572857664999958 ], [ 110.502928687000065, -7.572906476999947 ], [ 110.503214812000067, -7.573142914999949 ], [ 110.50332162400008, -7.573233351999932 ], [ 110.503371062000042, -7.573256601999958 ], [ 110.503651124000044, -7.573388101999967 ], [ 110.503707749000057, -7.573414664999973 ], [ 110.503958499000078, -7.57350641499994 ], [ 110.504467437000073, -7.573965476999945 ], [ 110.504483937000089, -7.573980289999952 ], [ 110.504659312000058, -7.574132539999937 ], [ 110.504815874000087, -7.574258101999931 ], [ 110.504883312000061, -7.57431222699995 ], [ 110.505182624000042, -7.574721601999954 ], [ 110.505200624000054, -7.574746164999965 ], [ 110.505216437000058, -7.574767914999939 ], [ 110.505511624000064, -7.575084914999934 ], [ 110.505619437000064, -7.575200726999981 ], [ 110.505741937000039, -7.575331164999966 ], [ 110.505765187000065, -7.575372414999947 ], [ 110.505806187000076, -7.575438726999948 ], [ 110.505973937000078, -7.575773289999972 ], [ 110.506175062000068, -7.576107226999966 ], [ 110.506415874000083, -7.576368976999959 ], [ 110.506584687000043, -7.576461914999925 ], [ 110.506594874000086, -7.576464476999945 ], [ 110.506919874000062, -7.57654710199995 ], [ 110.507357124000066, -7.576606539999943 ], [ 110.507703187000061, -7.576576476999946 ], [ 110.507728374000067, -7.576575539999965 ], [ 110.50791349900004, -7.576568726999938 ], [ 110.508100374000037, -7.576561851999941 ], [ 110.508377812000049, -7.576619414999925 ], [ 110.508608812000034, -7.576749476999964 ], [ 110.508642874000088, -7.576785914999959 ], [ 110.508737124000049, -7.576886789999946 ], [ 110.508784499000058, -7.57693753999996 ], [ 110.509077562000073, -7.577277726999966 ], [ 110.509466124000085, -7.577281039999946 ], [ 110.510384874000067, -7.577344601999926 ], [ 110.511097624000058, -7.577611851999961 ], [ 110.511381874000051, -7.577755726999953 ], [ 110.511545374000036, -7.577907164999942 ], [ 110.511660937000045, -7.578095164999979 ], [ 110.511789624000073, -7.578213664999964 ], [ 110.511951687000078, -7.578246539999952 ], [ 110.512801687000035, -7.578333976999943 ], [ 110.512961124000071, -7.578425976999938 ], [ 110.513051937000057, -7.578554289999943 ], [ 110.51314162400007, -7.578806476999944 ], [ 110.513344312000072, -7.579729414999974 ], [ 110.513378812000042, -7.579914476999932 ], [ 110.513493624000034, -7.580036289999953 ], [ 110.51364906200007, -7.580095726999957 ], [ 110.513928687000089, -7.580112664999945 ], [ 110.514485499000045, -7.580058601999951 ], [ 110.514873687000033, -7.579969539999979 ], [ 110.515345999000033, -7.579791101999945 ], [ 110.515626999000062, -7.579826289999971 ], [ 110.51581124900008, -7.579898226999944 ], [ 110.515982062000035, -7.580042164999952 ], [ 110.516169937000086, -7.580294226999968 ], [ 110.516386687000079, -7.580653414999972 ], [ 110.516662562000079, -7.580962539999973 ], [ 110.517100312000082, -7.581308164999939 ], [ 110.517266812000059, -7.581335414999955 ], [ 110.51747331200005, -7.581422601999975 ], [ 110.517724374000068, -7.581602164999936 ], [ 110.518144312000061, -7.581887101999939 ], [ 110.519012374000056, -7.582199726999931 ], [ 110.519307749000063, -7.58235303999993 ], [ 110.519630687000074, -7.582616289999976 ], [ 110.519824374000052, -7.582872789999954 ], [ 110.520052812000074, -7.583250976999977 ], [ 110.520243187000062, -7.583720039999946 ], [ 110.520351562000087, -7.583976664999966 ], [ 110.520558187000063, -7.584230914999978 ], [ 110.521103374000063, -7.584784601999957 ], [ 110.521447687000034, -7.584980539999947 ], [ 110.521749812000053, -7.585200851999957 ], [ 110.522127437000051, -7.585430664999933 ], [ 110.522860249000075, -7.585732539999981 ], [ 110.523444562000066, -7.586133664999977 ], [ 110.523730937000039, -7.586221101999968 ], [ 110.524043874000085, -7.586248976999968 ], [ 110.524469937000049, -7.586274351999975 ], [ 110.524756249000063, -7.58630285199996 ], [ 110.524969124000052, -7.586235726999973 ], [ 110.525359312000035, -7.586018976999981 ], [ 110.525436687000081, -7.585986351999964 ], [ 110.52563056200006, -7.58592103999996 ], [ 110.526551187000052, -7.585692164999955 ], [ 110.526863937000087, -7.58565172699997 ], [ 110.52701274900005, -7.585609476999934 ], [ 110.527185749000068, -7.585608226999966 ], [ 110.527256687000033, -7.585638351999933 ], [ 110.527405687000055, -7.585785101999932 ], [ 110.527453249000075, -7.585910789999957 ], [ 110.527442874000087, -7.586179539999932 ], [ 110.527471874000071, -7.586415101999933 ], [ 110.527546499000039, -7.586535976999926 ], [ 110.527654437000081, -7.586590914999931 ], [ 110.52794743700008, -7.586663851999958 ], [ 110.528511187000049, -7.586726289999945 ], [ 110.528888562000077, -7.586808164999979 ], [ 110.529140624000036, -7.586983726999961 ], [ 110.529192437000063, -7.587061539999979 ], [ 110.529235687000039, -7.587200164999956 ], [ 110.529299312000035, -7.587435601999971 ], [ 110.529468374000089, -7.587652289999937 ], [ 110.529701687000056, -7.587832601999935 ], [ 110.530446687000051, -7.58836635199998 ], [ 110.530556874000069, -7.588534476999939 ], [ 110.53063374900006, -7.588753476999955 ], [ 110.53084424900004, -7.589361101999941 ], [ 110.530946312000083, -7.589483039999948 ], [ 110.531386187000066, -7.589946289999943 ], [ 110.531671499000083, -7.590216039999973 ], [ 110.532118187000037, -7.590532351999968 ], [ 110.532202874000063, -7.590744726999958 ], [ 110.53228849900006, -7.590992351999944 ], [ 110.532440812000061, -7.591432851999969 ], [ 110.533000124000068, -7.592063164999956 ], [ 110.53323331200005, -7.592175039999972 ], [ 110.533677437000051, -7.592355664999957 ], [ 110.53390481200006, -7.592562476999944 ], [ 110.534266437000042, -7.592885039999942 ], [ 110.534292874000073, -7.59290197699994 ], [ 110.534345749000067, -7.592938351999976 ], [ 110.534567499000048, -7.593113726999945 ], [ 110.534809624000047, -7.593348914999979 ], [ 110.534843999000088, -7.593395789999931 ], [ 110.534873687000072, -7.593429914999945 ], [ 110.53511168700004, -7.593662789999939 ], [ 110.535328812000046, -7.593824039999959 ], [ 110.535632624000073, -7.594011164999927 ], [ 110.535838249000051, -7.594228414999975 ], [ 110.53586331200006, -7.59436541499997 ], [ 110.535825749000082, -7.594613351999953 ], [ 110.535807812000087, -7.594863976999932 ], [ 110.535799062000081, -7.594958601999963 ], [ 110.535891874000072, -7.595178164999936 ], [ 110.536596687000042, -7.59624191499995 ], [ 110.536879874000078, -7.596401164999975 ], [ 110.537342249000062, -7.596687976999931 ], [ 110.537648124000043, -7.596924601999945 ], [ 110.537832187000049, -7.596945289999951 ], [ 110.538128937000067, -7.596973726999977 ], [ 110.53837943700006, -7.597105976999956 ], [ 110.538610562000088, -7.597306601999946 ], [ 110.539397124000061, -7.598008101999937 ], [ 110.539745187000051, -7.598204414999941 ], [ 110.540192937000086, -7.598324289999937 ], [ 110.54053299900005, -7.598453101999951 ], [ 110.540635812000062, -7.598518351999928 ], [ 110.541026749000082, -7.598770351999974 ], [ 110.541569812000034, -7.599124726999946 ], [ 110.542336062000061, -7.599585414999979 ], [ 110.542401874000063, -7.599733976999971 ], [ 110.542555437000033, -7.600089414999957 ], [ 110.542791874000045, -7.60038960199995 ], [ 110.54305049900006, -7.600719226999956 ], [ 110.543141874000071, -7.600958101999936 ], [ 110.543176374000041, -7.601234664999936 ], [ 110.543234437000081, -7.601623039999936 ], [ 110.543352312000081, -7.601964476999967 ], [ 110.544255249000059, -7.603725226999927 ], [ 110.54429693700007, -7.603793164999956 ], [ 110.544449687000053, -7.604117914999961 ], [ 110.544538249000084, -7.604412226999955 ] ], [ [ 110.544538249000084, -7.604412226999955 ], [ 110.544587165399193, -7.604494340128253 ] ], [ [ 110.544624803631606, -7.604557521250809 ], [ 110.544691312000054, -7.604669164999962 ], [ 110.54498393700004, -7.604962539999974 ], [ 110.545443187000046, -7.60537678999998 ], [ 110.545541187000083, -7.605606726999952 ], [ 110.545834812000066, -7.606341164999947 ], [ 110.545923062000043, -7.606369101999974 ], [ 110.546386754532236, -7.606430900082043 ] ], [ [ 110.546631687821488, -7.606793481741656 ], [ 110.546671374000084, -7.606867601999966 ] ] ] } },
{ "type": "Feature", "properties": { "fid": 80, "NAMOBJ": null, "FCODE": null, "REMARK": "Sungai Satu Garis", "METADATA": "2017; RBI KSP SK 24.4 2021", "SRS_ID": null, "ADATGL": 0.0, "DMAX": 0.0, "FNGAIR": 0.0, "JNSSNG": 0.0, "KLSSNG": 0.0, "LTKSGI": 0.0, "NAMWS": null, "STATUS": null, "UKRSGI": 0.0, "WMAX": 0.0, "DBTMXS": 0.0, "NAMDAS": null, "SHAPE_Leng": 0.014606518663092 }, "geometry": { "type": "MultiLineString", "coordinates": [ [ [ 110.533981749000077, -7.624511039999959 ], [ 110.534024187000057, -7.624556351999956 ], [ 110.534291687000064, -7.624817664999966 ], [ 110.534423812000057, -7.625000289999946 ], [ 110.53442620900006, -7.625003601999936 ], [ 110.534510124000064, -7.625119539999957 ], [ 110.535086312000033, -7.625940601999957 ], [ 110.535254374000033, -7.62623541499994 ], [ 110.535403062000057, -7.626559164999946 ], [ 110.535469591729168, -7.62664216440941 ] ], [ [ 110.535511375744818, -7.62667284948694 ], [ 110.535880687000088, -7.626709851999976 ], [ 110.535886874000084, -7.626710476999961 ], [ 110.535923812000078, -7.626708164999968 ], [ 110.535941680525639, -7.626715780578121 ] ], [ [ 110.536327453773595, -7.626880197407546 ], [ 110.536564062000082, -7.626981039999976 ], [ 110.537109189283825, -7.627133387027502 ] ], [ [ 110.537894961803261, -7.627352987313921 ], [ 110.538551749000078, -7.627536539999937 ], [ 110.538571108175617, -7.627544743310922 ] ], [ [ 110.540180037828719, -7.628294668785793 ], [ 110.540213453589431, -7.628312440804413 ] ] ] } },
{ "type": "Feature", "properties": { "fid": 81, "NAMOBJ": "Kali Gede", "FCODE": null, "REMARK": "Sungai Satu Garis", "METADATA": "2022; digitasi; rekti SPOT Jateng 2020", "SRS_ID": null, "ADATGL": 0.0, "DMAX": 0.0, "FNGAIR": 0.0, "JNSSNG": 0.0, "KLSSNG": 0.0, "LTKSGI": 0.0, "NAMWS": null, "STATUS": null, "UKRSGI": 0.0, "WMAX": 0.0, "DBTMXS": 0.0, "NAMDAS": null, "SHAPE_Leng": 0.084121209618221005 }, "geometry": { "type": "MultiLineString", "coordinates": [ [ [ 110.505068639194491, -7.268536605962725 ], [ 110.504913687000055, -7.268337351999946 ], [ 110.504925812000067, -7.268211976999964 ], [ 110.504935437000086, -7.268200413999978 ], [ 110.505002499000057, -7.268139288999976 ], [ 110.505529062000051, -7.26763060199994 ], [ 110.505508124000073, -7.267588601999933 ], [ 110.505352124000069, -7.267379476999963 ], [ 110.505249249000087, -7.267335601999946 ], [ 110.505007812000088, -7.267318913999929 ], [ 110.504770999000073, -7.267296976999944 ], [ 110.504731374000073, -7.26726260199996 ], [ 110.504699312000071, -7.267194663999931 ], [ 110.504699187000085, -7.266816663999975 ], [ 110.504688937000083, -7.266259601999934 ] ], [ [ 110.510523125418118, -7.273364855512971 ], [ 110.510280124000076, -7.273258288999955 ], [ 110.510245374000078, -7.27314991399993 ], [ 110.510291647922173, -7.272873322147334 ] ], [ [ 110.509721609029441, -7.272252216323077 ], [ 110.509527562000073, -7.272189601999969 ], [ 110.509276749000037, -7.27206866399996 ], [ 110.509235849069142, -7.272002170368771 ] ], [ [ 110.50888328918515, -7.271412979752362 ], [ 110.508855249000078, -7.271365788999958 ], [ 110.508667562000085, -7.271248976999971 ], [ 110.508321217100388, -7.271139924628021 ] ], [ [ 110.508277522639901, -7.271125611747453 ], [ 110.508054437000055, -7.270992726999964 ], [ 110.507911847510869, -7.270852545409648 ] ], [ [ 110.506808350097117, -7.269700125076636 ], [ 110.506327724952783, -7.269555455497355 ] ], [ [ 110.505793125383065, -7.268716903179459 ], [ 110.505779312000072, -7.268673163999949 ], [ 110.505758687000082, -7.268620601999942 ], [ 110.505723124000042, -7.268626038999969 ], [ 110.50563876558094, -7.268648949146106 ] ], [ [ 110.505564154164503, -7.268669212191247 ], [ 110.505346584659733, -7.268728299940904 ] ], [ [ 110.505236083070514, -7.268686038359641 ], [ 110.505100365349008, -7.268577195527048 ] ] ] } },
{ "type": "Feature", "properties": { "fid": 82, "NAMOBJ": null, "FCODE": null, "REMARK": "Alur Sungai", "METADATA": "2017; RBI KSP SK 24.4 2021", "SRS_ID": null, "ADATGL": 0.0, "DMAX": 0.0, "FNGAIR": 0.0, "JNSSNG": 0.0, "KLSSNG": 0.0, "LTKSGI": 0.0, "NAMWS": null, "STATUS": null, "UKRSGI": 0.0, "WMAX": 0.0, "DBTMXS": 0.0, "NAMDAS": null, "SHAPE_Leng": 0.017057285830191001 }, "geometry": { "type": "MultiLineString", "coordinates": [ [ [ 110.507001624115745, -7.255888408440806 ], [ 110.507182249000039, -7.255967976999955 ], [ 110.507508562000055, -7.256016163999959 ], [ 110.507807812000067, -7.255994976999943 ], [ 110.507962624000072, -7.255915351999931 ], [ 110.507978304093129, -7.255903385007146 ] ], [ [ 110.50817604139506, -7.255752472582244 ], [ 110.50865649900004, -7.255385788999945 ], [ 110.508667187000071, -7.255385788999945 ], [ 110.508862812000075, -7.255424851999976 ], [ 110.509419874000059, -7.255513038999936 ], [ 110.510070374000065, -7.255510288999972 ], [ 110.510335275011087, -7.255566599192796 ] ] ] } },
{ "type": "Feature", "properties": { "fid": 83, "NAMOBJ": null, "FCODE": null, "REMARK": "Sungai Satu Garis", "METADATA": "2017; RBI KSP SK 24.4 2021", "SRS_ID": null, "ADATGL": 0.0, "DMAX": 0.0, "FNGAIR": 0.0, "JNSSNG": 0.0, "KLSSNG": 0.0, "LTKSGI": 0.0, "NAMWS": null, "STATUS": null, "UKRSGI": 0.0, "WMAX": 0.0, "DBTMXS": 0.0, "NAMDAS": null, "SHAPE_Leng": 0.012020107949172999 }, "geometry": { "type": "MultiLineString", "coordinates": [ [ [ 110.500212579804625, -7.254877857500215 ], [ 110.500617624000085, -7.255219226999941 ], [ 110.500894187000085, -7.255473226999925 ], [ 110.50112781200005, -7.255799663999937 ], [ 110.501303624000059, -7.256363351999937 ], [ 110.501326062000089, -7.256399601999931 ], [ 110.50165443700007, -7.256930976999968 ], [ 110.501810687000045, -7.257055226999967 ], [ 110.501959687000067, -7.257077038999967 ], [ 110.502595874000065, -7.257084976999977 ], [ 110.502777249000076, -7.257114163999972 ], [ 110.502835312000059, -7.257146976999934 ], [ 110.503491562000079, -7.257596038999964 ], [ 110.503621249000048, -7.25778947699996 ], [ 110.503822812000067, -7.258072413999969 ], [ 110.504476124000064, -7.258756913999946 ], [ 110.504621562000068, -7.258905476999928 ], [ 110.504931874000079, -7.259222663999935 ], [ 110.505145562000052, -7.259436351999966 ], [ 110.505389499000046, -7.259603038999956 ], [ 110.505527062000056, -7.259614413999941 ], [ 110.506144812000059, -7.259586351999928 ], [ 110.506174374000068, -7.259604413999966 ], [ 110.506311124000035, -7.25973653899996 ], [ 110.506466499000055, -7.259967726999946 ], [ 110.506522249000056, -7.260169226999949 ], [ 110.506522812000071, -7.26017128899997 ], [ 110.506544687000087, -7.260250476999943 ], [ 110.506638749000047, -7.26030960199995 ], [ 110.507006249000085, -7.260330976999967 ], [ 110.507458124000038, -7.26037641399995 ], [ 110.507592312000043, -7.260464163999927 ], [ 110.507873124000071, -7.260662976999981 ], [ 110.507967249000046, -7.260672726999928 ], [ 110.50847243700008, -7.260864976999926 ], [ 110.508489562000079, -7.260879663999958 ], [ 110.50861218700004, -7.261004538999941 ], [ 110.508762187000059, -7.261269413999969 ], [ 110.508868937000045, -7.261290226999961 ], [ 110.509001312000066, -7.261299976999965 ] ] ] } },
{ "type": "Feature", "properties": { "fid": 84, "NAMOBJ": null, "FCODE": null, "REMARK": "Sungai Satu Garis", "METADATA": "2017; RBI KSP SK 24.4 2021", "SRS_ID": null, "ADATGL": 0.0, "DMAX": 0.0, "FNGAIR": 0.0, "JNSSNG": 0.0, "KLSSNG": 0.0, "LTKSGI": 0.0, "NAMWS": null, "STATUS": null, "UKRSGI": 0.0, "WMAX": 0.0, "DBTMXS": 0.0, "NAMDAS": null, "SHAPE_Leng": 0.02518785136839 }, "geometry": { "type": "MultiLineString", "coordinates": [ [ [ 110.501541603266276, -7.268875850381319 ], [ 110.501544687000035, -7.268854601999976 ], [ 110.501750062000042, -7.268567851999933 ], [ 110.501931437000053, -7.268352351999965 ], [ 110.502054874000066, -7.268289663999951 ], [ 110.502380249000055, -7.268192538999926 ], [ 110.502470874000039, -7.268023976999928 ], [ 110.502630562000036, -7.267761476999965 ], [ 110.502828249000061, -7.267553538999948 ], [ 110.502852749000056, -7.267537038999933 ], [ 110.502903937000042, -7.267566913999929 ], [ 110.503089374000069, -7.267639913999972 ], [ 110.503192874000035, -7.267599788999973 ], [ 110.50324712400004, -7.267508163999935 ], [ 110.503265187000068, -7.267349101999969 ], [ 110.50327874900006, -7.26703103899996 ], [ 110.503340499000046, -7.26689885199994 ], [ 110.503476374000059, -7.266810851999935 ], [ 110.50366243700006, -7.266818038999929 ], [ 110.503790437000077, -7.266776538999977 ], [ 110.503868749000048, -7.266669538999963 ], [ 110.504065999000034, -7.266337101999966 ], [ 110.504178749000062, -7.266294351999932 ], [ 110.504528687000061, -7.266312851999942 ], [ 110.504688937000083, -7.266259601999934 ], [ 110.504709749000085, -7.266244101999973 ], [ 110.50475562400004, -7.266179163999936 ], [ 110.504961749000074, -7.265913726999941 ], [ 110.505215374000045, -7.265800226999943 ], [ 110.505218187000082, -7.265798976999974 ], [ 110.505502374000059, -7.265671913999938 ], [ 110.505664374000048, -7.265469351999968 ], [ 110.505728249000072, -7.265233913999964 ], [ 110.505929499000047, -7.264640038999971 ], [ 110.506121624000059, -7.26426741399996 ], [ 110.506062187000055, -7.264164351999966 ], [ 110.505875249000042, -7.263989913999978 ], [ 110.505735062000042, -7.263796101999958 ], [ 110.505776124000079, -7.263679976999981 ], [ 110.505965437000043, -7.263409601999967 ], [ 110.506082812000045, -7.263361101999976 ], [ 110.50612912400004, -7.263352663999967 ], [ 110.506921437000074, -7.263206851999939 ], [ 110.507415937000076, -7.26316178899998 ], [ 110.507429749000039, -7.263098226999944 ], [ 110.507437312000036, -7.263030976999971 ], [ 110.507411374000071, -7.262917913999956 ], [ 110.507157062000033, -7.262333413999954 ], [ 110.507207124000047, -7.26227797699994 ], [ 110.507312874000036, -7.26225872699996 ], [ 110.507587062000084, -7.262282788999926 ], [ 110.507983062000051, -7.26237522699995 ], [ 110.508473562000063, -7.262500038999974 ], [ 110.508691124000052, -7.262449476999961 ], [ 110.508739124000044, -7.262427726999931 ], [ 110.50890399900004, -7.26231172699994 ], [ 110.508941624000045, -7.262181788999953 ], [ 110.509001312000066, -7.261299976999965 ], [ 110.50901249900005, -7.261292351999941 ], [ 110.50901437400006, -7.261291101999973 ], [ 110.509063249000064, -7.261257538999928 ], [ 110.509220749000065, -7.261213663999968 ], [ 110.509524562000081, -7.261199101999978 ], [ 110.509645937000073, -7.261263038999971 ], [ 110.509680999000068, -7.261347038999929 ], [ 110.509691499000041, -7.261567851999928 ], [ 110.509730374000071, -7.262057538999954 ], [ 110.509809249000057, -7.262264226999946 ], [ 110.509974874000079, -7.262475163999966 ], [ 110.51028262400007, -7.26286928899998 ], [ 110.510373374000039, -7.263192163999975 ], [ 110.510489249000045, -7.263405976999934 ], [ 110.510596374000045, -7.263422476999949 ], [ 110.510738624000055, -7.263386538999953 ], [ 110.510913312000071, -7.263287226999978 ], [ 110.511184687000082, -7.263071413999967 ], [ 110.511546249000048, -7.262685101999978 ], [ 110.511598937000088, -7.262604538999938 ], [ 110.511687187000064, -7.262511351999933 ], [ 110.512183624000045, -7.261944351999944 ], [ 110.512326687000041, -7.261958663999962 ], [ 110.51292931200004, -7.262108788999967 ], [ 110.513049874000046, -7.262077726999962 ], [ 110.513054499000077, -7.262075163999953 ], [ 110.513137687000039, -7.261991788999978 ], [ 110.51357574900004, -7.261635163999927 ], [ 110.514041187000089, -7.261360726999953 ], [ 110.514398937000067, -7.261083038999971 ], [ 110.514609249000046, -7.260793851999949 ], [ 110.514737999000033, -7.260659413999974 ], [ 110.514768624000055, -7.260602038999934 ] ] ] } },
{ "type": "Feature", "properties": { "fid": 85, "NAMOBJ": null, "FCODE": null, "REMARK": "Sungai Satu Garis", "METADATA": "2017; RBI KSP SK 24.4 2021", "SRS_ID": null, "ADATGL": 0.0, "DMAX": 0.0, "FNGAIR": 0.0, "JNSSNG": 0.0, "KLSSNG": 0.0, "LTKSGI": 0.0, "NAMWS": null, "STATUS": null, "UKRSGI": 0.0, "WMAX": 0.0, "DBTMXS": 0.0, "NAMDAS": null, "SHAPE_Leng": 0.017727378070277001 }, "geometry": { "type": "MultiLineString", "coordinates": [ [ [ 110.511318687081058, -7.273242851603758 ], [ 110.511244812000086, -7.273184038999943 ], [ 110.51114066295203, -7.273102641235968 ] ], [ [ 110.510938396914995, -7.272944560068162 ], [ 110.510830812000052, -7.272860476999938 ], [ 110.510509687000081, -7.272545476999937 ], [ 110.509911124000041, -7.27177753899997 ], [ 110.509317937000048, -7.271134226999948 ], [ 110.508586749000074, -7.270345288999977 ], [ 110.508067999000048, -7.26980985199998 ], [ 110.50776249900008, -7.269465851999939 ], [ 110.507584124000061, -7.269274226999926 ] ] ] } },
{ "type": "Feature", "properties": { "fid": 86, "NAMOBJ": null, "FCODE": null, "REMARK": "Alur Sungai", "METADATA": "2017; RBI KSP SK 24.4 2021", "SRS_ID": null, "ADATGL": 0.0, "DMAX": 0.0, "FNGAIR": 0.0, "JNSSNG": 0.0, "KLSSNG": 0.0, "LTKSGI": 0.0, "NAMWS": null, "STATUS": null, "UKRSGI": 0.0, "WMAX": 0.0, "DBTMXS": 0.0, "NAMDAS": null, "SHAPE_Leng": 0.0069959138563420002 }, "geometry": { "type": "MultiLineString", "coordinates": [ [ [ 110.5, -7.261456952999936 ], [ 110.500000057000079, -7.261456963999933 ], [ 110.500000098000044, -7.261456971999962 ], [ 110.500000124000053, -7.261456976999966 ], [ 110.500093562000075, -7.261474976999978 ], [ 110.500669062000043, -7.261600476999945 ], [ 110.501298187000089, -7.26167578899998 ], [ 110.501490187000059, -7.261717788999931 ], [ 110.501517374000059, -7.261723726999946 ], [ 110.501840499000082, -7.261742351999942 ], [ 110.502556999000035, -7.261749038999938 ], [ 110.502984749000063, -7.261636101999954 ], [ 110.504198124000084, -7.261089538999954 ], [ 110.504341437000051, -7.260959851999928 ], [ 110.504423187000043, -7.260840038999959 ], [ 110.504455749000044, -7.260792288999937 ], [ 110.50462643700007, -7.26055641399995 ], [ 110.504841249000037, -7.260476163999954 ], [ 110.505103812000073, -7.260428538999975 ], [ 110.505266187000075, -7.260399101999951 ], [ 110.506371562000083, -7.26030891399995 ], [ 110.506544687000087, -7.260250476999943 ] ] ] } },
{ "type": "Feature", "properties": { "fid": 87, "NAMOBJ": "Kali Bener", "FCODE": null, "REMARK": "Sungai Satu Garis", "METADATA": "2017; RBI KSP SK 24.4 2021", "SRS_ID": null, "ADATGL": 0.0, "DMAX": 0.0, "FNGAIR": 0.0, "JNSSNG": 0.0, "KLSSNG": 0.0, "LTKSGI": 0.0, "NAMWS": null, "STATUS": null, "UKRSGI": 0.0, "WMAX": 0.0, "DBTMXS": 0.0, "NAMDAS": null, "SHAPE_Leng": 0.140178697174872 }, "geometry": { "type": "MultiLineString", "coordinates": [ [ [ 110.515585177568624, -7.27012310854477 ], [ 110.515560187000062, -7.27010241399995 ], [ 110.515557374000082, -7.270100038999942 ], [ 110.51519674900004, -7.269801288999929 ], [ 110.515028749000066, -7.269613101999937 ], [ 110.514895812000077, -7.269464226999958 ], [ 110.51460699900008, -7.269162913999935 ], [ 110.514547937000088, -7.269116788999952 ], [ 110.514356249000059, -7.268967101999976 ], [ 110.514193937000073, -7.268852663999951 ], [ 110.513879812000084, -7.26857653899998 ], [ 110.512895499000081, -7.267424351999978 ], [ 110.512540624000053, -7.267029288999936 ], [ 110.512471312000059, -7.266873851999947 ], [ 110.512284562000048, -7.266454851999981 ], [ 110.51230862400007, -7.266202288999978 ], [ 110.512303499000041, -7.265805851999971 ], [ 110.512347999000042, -7.265643601999955 ], [ 110.512601249000056, -7.264985788999979 ], [ 110.512672624000061, -7.264689476999934 ], [ 110.512720437000041, -7.264607101999957 ], [ 110.512833624000052, -7.264564851999978 ], [ 110.513325374000033, -7.26448303899997 ], [ 110.513328062000085, -7.26448260199993 ], [ 110.513370249000047, -7.264475601999948 ], [ 110.513684437000052, -7.264358726999944 ], [ 110.513866187000076, -7.26420528899996 ], [ 110.513936499000067, -7.264020101999961 ], [ 110.513907374000041, -7.263788601999977 ], [ 110.513904249000063, -7.263431288999925 ], [ 110.513926062000053, -7.263367851999931 ], [ 110.513928562000046, -7.263360601999977 ], [ 110.513976749000051, -7.263220788999945 ], [ 110.513995874000045, -7.263197288999947 ], [ 110.514045749000047, -7.263190788999964 ], [ 110.514299124000047, -7.263230351999937 ], [ 110.514642999000046, -7.263276476999977 ], [ 110.514727124000046, -7.263184663999937 ], [ 110.514747999000065, -7.26299116399997 ], [ 110.514752464383164, -7.262926612357005 ] ], [ [ 110.514786814515574, -7.262430046344031 ], [ 110.514814024935816, -7.262036692113763 ] ], [ [ 110.514851494766816, -7.261606964355316 ], [ 110.514890620744879, -7.261316240687306 ] ], [ [ 110.514867320097963, -7.261067411685836 ], [ 110.514768624000055, -7.260602038999934 ] ] ] } },
{ "type": "Feature", "properties": { "fid": 88, "NAMOBJ": "Kali Sanjoyo", "FCODE": null, "REMARK": "Sungai", "METADATA": "2017; RBI KSP SK 24.4 2021", "SRS_ID": null, "ADATGL": 0.0, "DMAX": 0.0, "FNGAIR": 0.0, "JNSSNG": 0.0, "KLSSNG": 0.0, "LTKSGI": 0.0, "NAMWS": null, "STATUS": null, "UKRSGI": 0.0, "WMAX": 0.0, "DBTMXS": 0.0, "NAMDAS": null, "SHAPE_Leng": 0.14503224744650101 }, "geometry": { "type": "MultiLineString", "coordinates": [ [ [ 110.514768624000055, -7.260602038999934 ], [ 110.514754749000076, -7.26058472699998 ], [ 110.514745437000045, -7.260515288999954 ], [ 110.514760002201669, -7.260468150949772 ] ] ] } },
{ "type": "Feature", "properties": { "fid": 89, "NAMOBJ": null, "FCODE": null, "REMARK": "Sungai Satu Garis", "METADATA": "2017; RBI KSP SK 24.4 2021", "SRS_ID": null, "ADATGL": 0.0, "DMAX": 0.0, "FNGAIR": 0.0, "JNSSNG": 0.0, "KLSSNG": 0.0, "LTKSGI": 0.0, "NAMWS": null, "STATUS": null, "UKRSGI": 0.0, "WMAX": 0.0, "DBTMXS": 0.0, "NAMDAS": null, "SHAPE_Leng": 0.025482809051241999 }, "geometry": { "type": "MultiLineString", "coordinates": [ [ [ 110.504000360720624, -7.268916276163793 ], [ 110.504034062000073, -7.268838913999957 ], [ 110.504149062000067, -7.268737288999944 ], [ 110.504254288103013, -7.268719650899348 ] ], [ [ 110.504679255737926, -7.268653056630818 ], [ 110.504787312000076, -7.26863635199993 ], [ 110.504956562435439, -7.268604139602016 ] ] ] } },
{ "type": "Feature", "properties": { "fid": 90, "NAMOBJ": "Kali Siondo", "FCODE": null, "REMARK": "Sungai Satu Garis", "METADATA": "2017; RBI KSP SK 24.4 2021", "SRS_ID": null, "ADATGL": 0.0, "DMAX": 0.0, "FNGAIR": 0.0, "JNSSNG": 0.0, "KLSSNG": 0.0, "LTKSGI": 0.0, "NAMWS": null, "STATUS": null, "UKRSGI": 0.0, "WMAX": 0.0, "DBTMXS": 0.0, "NAMDAS": null, "SHAPE_Leng": 0.038233116773276003 }, "geometry": { "type": "MultiLineString", "coordinates": [ [ [ 110.520103999000071, -7.560647664999976 ], [ 110.520338562000063, -7.560776726999961 ], [ 110.520718437000085, -7.561057164999966 ], [ 110.521377124000082, -7.561665539999979 ], [ 110.522078562000047, -7.562071414999934 ], [ 110.522689187000083, -7.562329601999977 ], [ 110.523023562000049, -7.562458664999951 ], [ 110.523242124000035, -7.562596414999973 ], [ 110.523530062000077, -7.562834664999968 ], [ 110.523854062000055, -7.56307447699993 ], [ 110.52393268700007, -7.563143476999926 ], [ 110.524489187000086, -7.563523851999946 ], [ 110.524703124000041, -7.563670039999977 ], [ 110.524939999000082, -7.563837539999952 ], [ 110.525551624000059, -7.564552226999979 ], [ 110.525714749000088, -7.56484497699995 ], [ 110.525719749000075, -7.564853914999958 ], [ 110.525841812000067, -7.565072914999973 ], [ 110.526041937000059, -7.565490601999954 ], [ 110.526250499000071, -7.565740976999962 ], [ 110.527137249000077, -7.566569976999972 ], [ 110.527363874000059, -7.566744789999973 ], [ 110.527581437000038, -7.566840664999972 ], [ 110.527834437000081, -7.566851164999946 ], [ 110.528029749000041, -7.566853789999925 ], [ 110.528213562000076, -7.566927289999967 ], [ 110.528503687000068, -7.567262226999958 ], [ 110.528620624000041, -7.567508851999946 ], [ 110.528672187000041, -7.567612101999941 ], [ 110.529035562000047, -7.568439289999958 ], [ 110.529149062000045, -7.568726539999943 ], [ 110.529328937000059, -7.569264664999935 ], [ 110.529590062000068, -7.56976678999996 ], [ 110.529825937000055, -7.570159351999962 ], [ 110.530242312000041, -7.570863851999945 ], [ 110.530529374000082, -7.571215351999967 ], [ 110.530910124000059, -7.571536414999969 ], [ 110.531276687000059, -7.571765289999973 ], [ 110.531557249000059, -7.571900726999957 ], [ 110.531558062000045, -7.571901226999955 ], [ 110.531763437000052, -7.572010726999963 ], [ 110.531823749000068, -7.572045226999933 ], [ 110.53219849900006, -7.572300039999959 ], [ 110.532597249000048, -7.572686664999935 ], [ 110.533107999000038, -7.573270226999966 ], [ 110.533357499000033, -7.57353547699995 ], [ 110.533486312000036, -7.573847601999944 ], [ 110.533765874000039, -7.574524914999927 ], [ 110.533939937000071, -7.574968039999931 ], [ 110.534070187000054, -7.575251476999938 ], [ 110.534140562000061, -7.57536341499997 ], [ 110.534301624000079, -7.575591164999935 ], [ 110.534483124000076, -7.575741164999954 ], [ 110.534927249000077, -7.575936039999931 ], [ 110.535535812000035, -7.576239664999946 ], [ 110.536021624000057, -7.576433914999939 ], [ 110.536200187000077, -7.576514539999948 ], [ 110.536538937000046, -7.576846789999934 ], [ 110.536783312000068, -7.577090914999928 ], [ 110.536829374000035, -7.577135664999957 ], [ 110.537004124000077, -7.577291226999932 ], [ 110.537253687000089, -7.577493976999961 ], [ 110.53771193700004, -7.578009351999981 ], [ 110.537861187000033, -7.57821447699996 ], [ 110.537960249000037, -7.578399976999947 ], [ 110.538150562000055, -7.578731164999965 ], [ 110.538441749000071, -7.579094414999929 ], [ 110.539325562000045, -7.579657101999942 ], [ 110.539974187000041, -7.580319476999932 ], [ 110.540163249000045, -7.580507914999941 ], [ 110.540394312000046, -7.580732414999943 ], [ 110.541156937000039, -7.581149226999969 ], [ 110.54149956200007, -7.581336539999938 ], [ 110.541771124000036, -7.581603101999974 ], [ 110.541894187000082, -7.581730539999967 ], [ 110.542045062000057, -7.581967351999936 ], [ 110.542218812000044, -7.582205664999947 ], [ 110.542298874000039, -7.582314851999968 ], [ 110.542826249000086, -7.582582039999977 ], [ 110.543021687000078, -7.582697914999926 ], [ 110.543313437000052, -7.58305941499998 ], [ 110.543538187000081, -7.583374914999979 ], [ 110.543736999000089, -7.583551539999974 ], [ 110.544050187000039, -7.583724039999936 ], [ 110.544659437000064, -7.583933289999948 ], [ 110.544969562000063, -7.58406591499994 ], [ 110.545351562000064, -7.584377226999948 ], [ 110.545566874000087, -7.584538164999969 ], [ 110.545849624000084, -7.584708164999938 ], [ 110.546793499000046, -7.585593851999931 ], [ 110.546866312000077, -7.585637789999964 ], [ 110.547227812000074, -7.585856539999952 ] ] ] } },
{ "type": "Feature", "properties": { "fid": 91, "NAMOBJ": "Kali Soka", "FCODE": null, "REMARK": "Sungai Satu Garis", "METADATA": "2017; RBI KSP SK 24.4 2021", "SRS_ID": null, "ADATGL": 0.0, "DMAX": 0.0, "FNGAIR": 0.0, "JNSSNG": 0.0, "KLSSNG": 0.0, "LTKSGI": 0.0, "NAMWS": null, "STATUS": null, "UKRSGI": 0.0, "WMAX": 0.0, "DBTMXS": 0.0, "NAMDAS": null, "SHAPE_Leng": 0.113780994751322 }, "geometry": { "type": "MultiLineString", "coordinates": [ [ [ 110.546375062000038, -7.59067222699997 ], [ 110.547527374000083, -7.591381664999972 ], [ 110.547855562000052, -7.591568476999953 ], [ 110.547959437000088, -7.591637726999977 ], [ 110.548076062000064, -7.591711601999975 ], [ 110.548526874000061, -7.592111476999946 ], [ 110.548728312000037, -7.592362039999955 ], [ 110.548843437000073, -7.592609539999955 ], [ 110.549024562000056, -7.593144914999925 ], [ 110.549179249000076, -7.593602101999977 ], [ 110.549287937000088, -7.593862101999946 ], [ 110.549683749000053, -7.59428672699994 ], [ 110.550380812000071, -7.594881851999958 ], [ 110.550907874000075, -7.59543403999993 ], [ 110.550942562000046, -7.595474664999927 ], [ 110.551973937000071, -7.596257789999981 ], [ 110.552532812000038, -7.59666735199994 ], [ 110.552938312000038, -7.596981914999958 ], [ 110.553252437000083, -7.597200414999975 ], [ 110.553322249000075, -7.597253226999953 ], [ 110.55379793700007, -7.597659664999981 ] ], [ [ 110.55379793700007, -7.597659664999981 ], [ 110.554048448522849, -7.597919465100299 ] ], [ [ 110.554630315068266, -7.598469160299641 ], [ 110.554636696716656, -7.598475021634819 ] ] ] } },
{ "type": "Feature", "properties": { "fid": 92, "NAMOBJ": null, "FCODE": null, "REMARK": "Sungai Satu Garis", "METADATA": "2017; RBI KSP SK 24.4 2021", "SRS_ID": null, "ADATGL": 0.0, "DMAX": 0.0, "FNGAIR": 0.0, "JNSSNG": 0.0, "KLSSNG": 0.0, "LTKSGI": 0.0, "NAMWS": null, "STATUS": null, "UKRSGI": 0.0, "WMAX": 0.0, "DBTMXS": 0.0, "NAMDAS": null, "SHAPE_Leng": 0.044329941442951 }, "geometry": { "type": "MultiLineString", "coordinates": [ [ [ 110.507599437000067, -7.559266039999955 ], [ 110.50781949900005, -7.55929922699994 ], [ 110.508235312000068, -7.559381289999976 ], [ 110.508709499000076, -7.559518226999955 ], [ 110.508732562000034, -7.559522914999945 ], [ 110.509406312000067, -7.559735789999934 ], [ 110.509522937000042, -7.559776476999957 ], [ 110.509560187000034, -7.559812226999952 ], [ 110.509743624000066, -7.559873664999941 ], [ 110.510587312000041, -7.56021022699997 ], [ 110.51086037400006, -7.560309914999948 ], [ 110.511162187000082, -7.560349414999962 ], [ 110.51148831200004, -7.560328539999944 ], [ 110.512200499000073, -7.560295414999928 ], [ 110.512844062000056, -7.560372664999932 ], [ 110.51332093700006, -7.560536289999959 ], [ 110.513518687000044, -7.56065228999995 ], [ 110.513617687000078, -7.560784914999942 ], [ 110.513640499000076, -7.560814851999965 ], [ 110.513764562000063, -7.560972039999967 ], [ 110.51376881200008, -7.560976164999943 ], [ 110.514094374000081, -7.561293664999937 ], [ 110.514492749000055, -7.561758914999928 ], [ 110.514762562000044, -7.562070164999966 ], [ 110.514918437000063, -7.562249851999979 ], [ 110.515049999000041, -7.562468789999969 ], [ 110.515227937000077, -7.562878101999956 ], [ 110.515244562000078, -7.563112789999934 ], [ 110.515264062000085, -7.563907601999972 ], [ 110.515342374000056, -7.564081914999974 ], [ 110.515492249000033, -7.564193164999949 ], [ 110.515758687000073, -7.564293476999978 ], [ 110.516115999000078, -7.564343789999953 ], [ 110.516892687000052, -7.564412664999963 ], [ 110.517072624000036, -7.564533289999929 ], [ 110.517199312000059, -7.564692039999954 ], [ 110.517261624000071, -7.564880101999961 ], [ 110.517397624000068, -7.56525185199996 ], [ 110.517651624000052, -7.565504164999936 ], [ 110.518137999000089, -7.566029414999946 ], [ 110.518170687000065, -7.566197601999932 ], [ 110.518256312000062, -7.566613726999947 ], [ 110.518428124000081, -7.566839226999946 ], [ 110.518586374000051, -7.566948726999954 ], [ 110.518765687000041, -7.56696660199998 ], [ 110.519074187000058, -7.567007101999934 ], [ 110.519218562000049, -7.567097351999962 ], [ 110.519478437000089, -7.567373101999976 ], [ 110.519704937000085, -7.567547039999965 ], [ 110.519970062000084, -7.567641351999953 ], [ 110.520217749000039, -7.567658414999926 ], [ 110.520523687000036, -7.567710664999936 ] ], [ [ 110.520523687000036, -7.567710664999936 ], [ 110.520688624000059, -7.567749601999935 ], [ 110.520760374000076, -7.567795414999978 ], [ 110.520911124000065, -7.567970976999959 ], [ 110.521099062000076, -7.568300539999939 ], [ 110.521165687000064, -7.568555101999948 ], [ 110.521271062000039, -7.568991101999927 ], [ 110.521537874000046, -7.569552976999944 ], [ 110.521963312000082, -7.570400226999936 ], [ 110.522286937000047, -7.570962039999927 ], [ 110.522543687000052, -7.571298101999957 ], [ 110.522798187000035, -7.571531414999981 ], [ 110.522857999000053, -7.571622601999934 ], [ 110.522883749000073, -7.571682851999981 ], [ 110.522959812000067, -7.571901351999941 ] ], [ [ 110.522959812000067, -7.571901351999941 ], [ 110.523048687000085, -7.572233726999968 ], [ 110.523195374000068, -7.572434914999974 ], [ 110.524308187000088, -7.573808164999946 ], [ 110.524617374000059, -7.574153039999942 ] ], [ [ 110.524617374000059, -7.574153039999942 ], [ 110.525040999000055, -7.574647289999973 ], [ 110.52534537400004, -7.574876164999978 ], [ 110.525569437000058, -7.57507635199994 ], [ 110.525686374000088, -7.575257726999951 ], [ 110.525973812000075, -7.575713289999953 ], [ 110.526253437000037, -7.575965414999928 ], [ 110.526951312000051, -7.576600226999972 ], [ 110.527068374000066, -7.576768226999945 ], [ 110.527096562000054, -7.576932039999974 ], [ 110.527156812000044, -7.577197664999971 ], [ 110.527280562000044, -7.577329101999965 ], [ 110.527866749000054, -7.577845164999928 ], [ 110.527933124000072, -7.578010664999965 ], [ 110.527976937000062, -7.578062664999948 ], [ 110.528155999000035, -7.578240226999981 ] ], [ [ 110.528155999000035, -7.578240226999981 ], [ 110.528293249000058, -7.578353351999965 ], [ 110.528666749000081, -7.578660914999944 ], [ 110.528817687000071, -7.578917476999948 ], [ 110.529096687000049, -7.579362039999978 ], [ 110.529304874000047, -7.579558414999951 ], [ 110.529748187000052, -7.579912414999967 ], [ 110.529944249000039, -7.580260101999954 ], [ 110.530108187000053, -7.580365976999929 ], [ 110.530262249000089, -7.580371351999929 ], [ 110.530534999000054, -7.580297601999973 ], [ 110.530683687000078, -7.580303664999974 ], [ 110.530803687000059, -7.580388164999931 ], [ 110.530959749000033, -7.580582289999938 ], [ 110.531277749000083, -7.580933539999933 ], [ 110.531456249000087, -7.581004914999937 ], [ 110.531807124000068, -7.581169726999974 ], [ 110.532004999000037, -7.581361726999944 ], [ 110.532143187000088, -7.58160060199998 ], [ 110.532201999000051, -7.581868351999958 ], [ 110.532389624000075, -7.583010976999958 ], [ 110.532480499000087, -7.583074976999967 ], [ 110.53298249900007, -7.583346664999965 ], [ 110.533254999000064, -7.583621664999953 ], [ 110.533469374000049, -7.583915789999935 ], [ 110.53398031200004, -7.584663226999965 ], [ 110.534669812000061, -7.585395414999937 ], [ 110.534744062000073, -7.585510414999931 ], [ 110.534872249000045, -7.585800226999936 ], [ 110.534904187000052, -7.586032726999974 ], [ 110.534868937000056, -7.586373726999966 ], [ 110.534862749000069, -7.586770039999976 ], [ 110.534974624000085, -7.586949164999965 ], [ 110.535078062000082, -7.587198289999947 ], [ 110.535178562000056, -7.587344351999946 ], [ 110.535343874000034, -7.587443476999965 ], [ 110.535556437000082, -7.587616476999926 ], [ 110.535622624000041, -7.587763851999966 ], [ 110.53570837400008, -7.588067914999954 ], [ 110.535857437000061, -7.58819647699994 ], [ 110.535927437000055, -7.58822622699995 ], [ 110.536183812000047, -7.588333164999938 ] ] ] } },
{ "type": "Feature", "properties": { "fid": 93, "NAMOBJ": "Kali Siondo", "FCODE": null, "REMARK": "Sungai Satu Garis", "METADATA": "2017; RBI KSP SK 24.4 2021", "SRS_ID": null, "ADATGL": 0.0, "DMAX": 0.0, "FNGAIR": 0.0, "JNSSNG": 0.0, "KLSSNG": 0.0, "LTKSGI": 0.0, "NAMWS": null, "STATUS": null, "UKRSGI": 0.0, "WMAX": 0.0, "DBTMXS": 0.0, "NAMDAS": null, "SHAPE_Leng": 0.032791626731837997 }, "geometry": { "type": "MultiLineString", "coordinates": [ [ [ 110.536825312000076, -7.571197476999942 ], [ 110.537222624000037, -7.571841851999977 ], [ 110.537536749000083, -7.572470476999968 ], [ 110.537685374000034, -7.57269916499996 ], [ 110.538082437000071, -7.573051164999981 ], [ 110.538396687000045, -7.573360289999925 ], [ 110.538563187000079, -7.57360810199998 ], [ 110.538672249000058, -7.573900039999955 ], [ 110.538694062000047, -7.573954414999946 ], [ 110.538882124000054, -7.574198914999954 ], [ 110.539066624000043, -7.574789039999928 ], [ 110.539123624000069, -7.574935851999953 ], [ 110.53934274900007, -7.575113851999959 ], [ 110.539527124000074, -7.575257789999966 ], [ 110.539890999000079, -7.575462726999945 ], [ 110.540152999000043, -7.575622289999956 ], [ 110.540429499000084, -7.575879914999973 ], [ 110.540577499000051, -7.576127726999971 ], [ 110.540665249000085, -7.576303226999926 ], [ 110.540904437000052, -7.576471539999943 ], [ 110.541095374000065, -7.576609351999934 ], [ 110.541284687000086, -7.576786789999971 ], [ 110.541431124000042, -7.577022664999959 ], [ 110.541569437000078, -7.577315101999943 ], [ 110.541723999000055, -7.577657914999975 ], [ 110.541997562000063, -7.577973164999946 ], [ 110.542073999000081, -7.578088039999955 ], [ 110.542185437000057, -7.578255226999943 ], [ 110.542308937000087, -7.578470289999927 ], [ 110.542443749000086, -7.578592976999971 ], [ 110.542687124000054, -7.578648726999972 ], [ 110.542775499000072, -7.578663039999981 ], [ 110.543327437000073, -7.579364851999969 ], [ 110.543532999000035, -7.579771226999981 ], [ 110.543534937000061, -7.579775914999971 ], [ 110.543657749000033, -7.580080726999938 ], [ 110.543758374000049, -7.580343351999943 ], [ 110.543900999000073, -7.580581539999969 ], [ 110.544025687000044, -7.580735976999961 ], [ 110.544525874000044, -7.581512914999962 ], [ 110.544749687000035, -7.581968664999977 ], [ 110.545447937000063, -7.582773351999947 ], [ 110.545622312000035, -7.582984539999927 ], [ 110.545977437000033, -7.58385278999998 ], [ 110.546163062000062, -7.584281226999963 ], [ 110.546491812000056, -7.584739726999942 ], [ 110.546871374000034, -7.585155226999973 ], [ 110.547075874000086, -7.585401976999947 ], [ 110.547227812000074, -7.585856539999952 ] ], [ [ 110.547227812000074, -7.585856539999952 ], [ 110.547307249000085, -7.586208289999945 ], [ 110.547329812000044, -7.586300976999951 ], [ 110.547460062000084, -7.586538726999947 ], [ 110.547641124000052, -7.586724851999975 ], [ 110.548016312000073, -7.587044351999964 ], [ 110.54869749900007, -7.587761601999944 ], [ 110.548909624000089, -7.58800916499996 ], [ 110.548967249000043, -7.588127664999945 ], [ 110.549195687000065, -7.588680976999967 ], [ 110.549295374000053, -7.588974476999965 ], [ 110.549329937000039, -7.589095414999974 ], [ 110.549390312000071, -7.589233664999938 ], [ 110.549466187000064, -7.589423226999941 ], [ 110.550074062000078, -7.590456414999949 ], [ 110.550255624000044, -7.59107847699994 ], [ 110.551311812000051, -7.592222226999979 ], [ 110.551684999000088, -7.592574851999927 ], [ 110.552062874000057, -7.592859851999947 ], [ 110.552168062000078, -7.592970664999939 ], [ 110.552302874000077, -7.593199476999928 ], [ 110.552586437000059, -7.593620226999974 ], [ 110.553052124000033, -7.594140289999928 ], [ 110.553024624000045, -7.594296539999959 ], [ 110.552849249000076, -7.59503297699996 ], [ 110.552926812000067, -7.595212539999977 ], [ 110.553159437000033, -7.595522039999935 ], [ 110.554163749000054, -7.59680935199998 ], [ 110.554112312000086, -7.597042164999948 ], [ 110.553883124000038, -7.597570351999934 ], [ 110.55379793700007, -7.597659664999981 ] ] ] } },
{ "type": "Feature", "properties": { "fid": 94, "NAMOBJ": null, "FCODE": null, "REMARK": "Sungai Satu Garis", "METADATA": "2017; RBI KSP SK 24.4 2021", "SRS_ID": null, "ADATGL": 0.0, "DMAX": 0.0, "FNGAIR": 0.0, "JNSSNG": 0.0, "KLSSNG": 0.0, "LTKSGI": 0.0, "NAMWS": null, "STATUS": null, "UKRSGI": 0.0, "WMAX": 0.0, "DBTMXS": 0.0, "NAMDAS": null, "SHAPE_Leng": 0.061128214223955001 }, "geometry": { "type": "MultiLineString", "coordinates": [ [ [ 110.505136749000087, -7.554844789999947 ], [ 110.505112562000079, -7.55488197699998 ], [ 110.505084874000033, -7.554986414999973 ], [ 110.505108499000073, -7.555138414999931 ], [ 110.505188124000085, -7.555233539999961 ], [ 110.505326687000036, -7.555309101999967 ], [ 110.505411124000034, -7.555318539999973 ], [ 110.505484687000035, -7.555329289999975 ], [ 110.505641437000065, -7.555368039999962 ], [ 110.505969624000045, -7.555471539999928 ], [ 110.506051687000081, -7.555483789999926 ], [ 110.506174062000071, -7.555454851999968 ], [ 110.506212187000074, -7.555391789999931 ], [ 110.506245562000061, -7.555377039999939 ], [ 110.50634074900006, -7.555107476999979 ], [ 110.50638431200008, -7.554982351999968 ], [ 110.506398062000073, -7.554946789999974 ], [ 110.506496937000065, -7.554860601999962 ], [ 110.506611874000043, -7.554878476999932 ], [ 110.506661749000045, -7.554908976999968 ], [ 110.506727749000049, -7.554965226999968 ], [ 110.506753999000068, -7.555163789999938 ], [ 110.506742124000084, -7.555413414999975 ], [ 110.50673237400008, -7.555618914999968 ], [ 110.506858499000089, -7.555879601999948 ], [ 110.506943124000088, -7.556022101999929 ], [ 110.506992437000065, -7.556090601999927 ], [ 110.507071749000033, -7.556180039999958 ], [ 110.507150312000078, -7.556257914999946 ], [ 110.507309687000088, -7.556363789999978 ], [ 110.507442249000064, -7.556431851999946 ], [ 110.507619812000087, -7.556488101999946 ], [ 110.507854562000034, -7.556518351999955 ], [ 110.508082124000055, -7.55651822699997 ], [ 110.508803999000065, -7.556386414999963 ], [ 110.509006249000038, -7.556326914999943 ], [ 110.509183374000088, -7.556358289999935 ], [ 110.509299187000067, -7.556450164999944 ], [ 110.509307312000033, -7.556556414999932 ], [ 110.509329999000045, -7.556759601999943 ], [ 110.509347624000043, -7.55680672699998 ], [ 110.509478999000066, -7.556844226999942 ], [ 110.509713937000072, -7.556710039999928 ], [ 110.510074374000055, -7.556513289999941 ], [ 110.51015374900004, -7.55664997699995 ], [ 110.51025099900005, -7.556825226999933 ], [ 110.510406937000084, -7.556928539999944 ], [ 110.510577437000052, -7.556960101999948 ], [ 110.511105874000066, -7.556936289999953 ] ], [ [ 110.511258937000036, -7.556899101999932 ], [ 110.511428687000034, -7.556981414999939 ], [ 110.511507749000089, -7.557038914999964 ], [ 110.51157031200006, -7.557176976999926 ], [ 110.511587874000043, -7.557416039999964 ], [ 110.511631624000074, -7.55763647699996 ], [ 110.511751249000042, -7.557763664999925 ], [ 110.511948437000058, -7.557855726999946 ], [ 110.51254349900006, -7.558104976999971 ], [ 110.513007749000053, -7.558409726999969 ], [ 110.51350749900007, -7.55870828999997 ], [ 110.513690499000063, -7.558741101999942 ], [ 110.513835437000068, -7.558697289999941 ], [ 110.51388606200004, -7.558616664999931 ], [ 110.513868624000054, -7.558464851999929 ], [ 110.513814937000063, -7.557973414999935 ], [ 110.513854437000077, -7.557888976999948 ], [ 110.513980437000043, -7.557819539999969 ] ], [ [ 110.511105874000066, -7.556936289999953 ], [ 110.511258937000036, -7.556899101999932 ] ], [ [ 110.513980437000043, -7.557819539999969 ], [ 110.51417574900006, -7.557860164999965 ], [ 110.514353437000068, -7.557975351999971 ], [ 110.514488749000066, -7.558158914999979 ], [ 110.514600062000056, -7.558439976999978 ], [ 110.514737062000052, -7.558753164999928 ], [ 110.514897124000072, -7.558880101999932 ], [ 110.515178249000087, -7.559001601999967 ], [ 110.515520437000077, -7.559154164999939 ], [ 110.515623062000088, -7.559329289999937 ], [ 110.515713874000085, -7.559665726999981 ], [ 110.515806812000051, -7.560062289999962 ], [ 110.515925374000062, -7.560169414999962 ], [ 110.516027937000047, -7.560177851999981 ], [ 110.516372749000084, -7.560194164999928 ], [ 110.516475874000037, -7.560296164999954 ], [ 110.516582374000052, -7.560526289999927 ], [ 110.516847624000036, -7.561524351999935 ], [ 110.516953937000039, -7.561878226999966 ], [ 110.517100749000065, -7.561859976999926 ], [ 110.517275562000066, -7.561876789999928 ], [ 110.51745949900004, -7.561996164999925 ], [ 110.517611312000042, -7.562028101999942 ], [ 110.518045812000082, -7.562036539999951 ], [ 110.518245687000046, -7.562135601999955 ], [ 110.518409937000058, -7.562301476999949 ], [ 110.518521062000048, -7.56250935199995 ], [ 110.518761687000051, -7.562995601999944 ], [ 110.519027062000077, -7.563251976999936 ], [ 110.519188687000053, -7.563331289999951 ], [ 110.519470562000038, -7.563383539999961 ], [ 110.519763624000063, -7.563477726999963 ], [ 110.519909374000065, -7.56361228999998 ], [ 110.51998212400008, -7.56378041499994 ], [ 110.520041312000046, -7.564096976999963 ], [ 110.520042062000073, -7.564371476999952 ], [ 110.520019562000073, -7.565144976999932 ], [ 110.52018206200006, -7.56518691499997 ], [ 110.520307124000055, -7.565145289999975 ], [ 110.520428687000049, -7.56502028999995 ], [ 110.520686687000079, -7.564749601999949 ], [ 110.520871499000066, -7.564638976999959 ], [ 110.520983437000041, -7.564671539999949 ], [ 110.521178937000059, -7.564826226999969 ], [ 110.521678187000077, -7.565228789999935 ], [ 110.521752312000046, -7.56513203999998 ], [ 110.52183474900005, -7.564919414999963 ], [ 110.52196968700008, -7.56464241499998 ], [ 110.522072437000077, -7.564572726999927 ], [ 110.522193937000054, -7.56458503999994 ], [ 110.523043812000083, -7.564846914999976 ], [ 110.523531687000059, -7.565285414999948 ], [ 110.523995749000051, -7.565476039999965 ], [ 110.52442887400008, -7.565707226999962 ], [ 110.524893249000058, -7.566044164999937 ], [ 110.525134562000062, -7.566322664999973 ], [ 110.525238499000068, -7.56655060199995 ], [ 110.525236749000044, -7.566725476999977 ], [ 110.525188624000066, -7.567274226999928 ], [ 110.525197562000074, -7.567358476999971 ], [ 110.525280187000078, -7.567528226999968 ], [ 110.525946687000044, -7.568716476999953 ], [ 110.526043687000083, -7.568800289999956 ], [ 110.526139562000083, -7.568801476999965 ], [ 110.526270312000065, -7.568724476999932 ], [ 110.52665999900006, -7.568509601999949 ], [ 110.526937499000041, -7.568581351999967 ], [ 110.527112937000084, -7.568694539999967 ], [ 110.527246374000072, -7.568847914999935 ], [ 110.527267749000089, -7.568966101999933 ], [ 110.527208499000039, -7.569144226999981 ], [ 110.52706031200006, -7.569300601999942 ], [ 110.526863062000075, -7.569413164999958 ], [ 110.526178937000054, -7.569749351999974 ], [ 110.526158374000033, -7.569820289999939 ], [ 110.526242687000035, -7.569884101999946 ], [ 110.526504749000082, -7.569987414999957 ], [ 110.526686687000051, -7.569992164999974 ], [ 110.526970562000088, -7.56991635199995 ], [ 110.527294374000064, -7.569841851999968 ], [ 110.527458187000036, -7.569878851999931 ], [ 110.527565624000033, -7.569964539999944 ], [ 110.527601062000087, -7.570074726999962 ], [ 110.527550374000043, -7.570195289999958 ], [ 110.527330562000088, -7.570505664999928 ], [ 110.52710062400007, -7.570732601999964 ], [ 110.526943187000086, -7.570898351999972 ], [ 110.527005874000054, -7.570974726999964 ], [ 110.527097749000063, -7.570980789999965 ], [ 110.527509062000036, -7.570946226999979 ], [ 110.527618062000045, -7.571056164999959 ], [ 110.527678437000077, -7.571213726999929 ], [ 110.527671124000051, -7.571390914999938 ], [ 110.527689249000048, -7.57161797699996 ], [ 110.527767999000048, -7.571699664999926 ], [ 110.528089874000045, -7.571928476999972 ], [ 110.528090312000074, -7.572070164999957 ], [ 110.527992687000051, -7.572327164999933 ], [ 110.527986874000078, -7.572455164999951 ], [ 110.528050999000072, -7.572545351999963 ], [ 110.528256312000053, -7.572714164999979 ], [ 110.528426874000047, -7.572889976999932 ], [ 110.528497437000055, -7.573044851999953 ], [ 110.528582499000038, -7.573220101999937 ], [ 110.528780374000064, -7.573395289999951 ], [ 110.528932624000049, -7.573577664999959 ], [ 110.528901124000072, -7.573761039999965 ], [ 110.528786312000079, -7.574241726999958 ], [ 110.528831812000078, -7.57437760199997 ], [ 110.528958249000084, -7.574541164999971 ], [ 110.529225374000077, -7.574764664999975 ], [ 110.529511374000037, -7.575017289999948 ], [ 110.529760187000079, -7.575238289999959 ], [ 110.529860124000038, -7.575324039999941 ], [ 110.530047812000078, -7.575520289999929 ], [ 110.530107624000038, -7.575663664999979 ], [ 110.530073812000069, -7.575790789999928 ], [ 110.530013187000065, -7.576065476999929 ], [ 110.530041124000036, -7.576357664999932 ], [ 110.53011318700004, -7.576675914999953 ], [ 110.530275187000086, -7.577062664999971 ], [ 110.530310937000081, -7.577127726999947 ], [ 110.530307187000062, -7.577214476999927 ], [ 110.530206937000059, -7.577342226999974 ], [ 110.530177249000076, -7.57742978999994 ], [ 110.530184499000086, -7.577469726999936 ], [ 110.530211749000046, -7.577516914999933 ], [ 110.530243499000051, -7.577549601999976 ], [ 110.530288999000049, -7.577580164999972 ], [ 110.530586312000082, -7.577581289999955 ], [ 110.530850437000083, -7.577626789999954 ], [ 110.531025937000038, -7.577742851999972 ], [ 110.531164624000041, -7.577944101999947 ], [ 110.53142031200008, -7.57832441499994 ], [ 110.531662499000049, -7.578503789999957 ], [ 110.532061874000078, -7.578754914999934 ], [ 110.532116749000068, -7.578878414999963 ], [ 110.532242499000063, -7.579319726999927 ], [ 110.532353499000067, -7.57936435199997 ], [ 110.532695437000086, -7.579490039999939 ], [ 110.532758437000041, -7.579602851999937 ], [ 110.532818124000073, -7.579937976999929 ], [ 110.532863374000044, -7.580296539999949 ], [ 110.53301487400006, -7.580502226999954 ], [ 110.533196562000057, -7.580756476999966 ], [ 110.533277812000051, -7.58128772699996 ], [ 110.53345106200004, -7.581497789999958 ], [ 110.53396574900006, -7.582136789999936 ], [ 110.534174187000076, -7.582399726999938 ], [ 110.534641374000046, -7.582956789999969 ], [ 110.534642187000088, -7.583290226999964 ], [ 110.534723374000066, -7.583431726999947 ], [ 110.53496799900006, -7.583721414999957 ], [ 110.535488437000083, -7.58425572699997 ], [ 110.535784437000075, -7.584533101999966 ], [ 110.53584481200005, -7.584705726999971 ], [ 110.535860437000053, -7.585035601999948 ], [ 110.535928062000039, -7.585495976999937 ], [ 110.536060687000088, -7.585754789999953 ], [ 110.536288374000037, -7.586044476999973 ], [ 110.536492812000063, -7.586202539999931 ], [ 110.536806437000052, -7.586448164999979 ], [ 110.536823374000051, -7.586620851999953 ], [ 110.536803999000085, -7.587197414999935 ], [ 110.53655193700007, -7.587837726999965 ], [ 110.536481749000075, -7.587941726999929 ], [ 110.536412437000081, -7.588045351999938 ], [ 110.536183812000047, -7.588333164999938 ] ] ] } },
{ "type": "Feature", "properties": { "fid": 95, "NAMOBJ": "Kali Dronco", "FCODE": null, "REMARK": "Sungai Satu Garis", "METADATA": "2017; RBI KSP SK 24.4 2021", "SRS_ID": null, "ADATGL": 0.0, "DMAX": 0.0, "FNGAIR": 0.0, "JNSSNG": 0.0, "KLSSNG": 0.0, "LTKSGI": 0.0, "NAMWS": null, "STATUS": null, "UKRSGI": 0.0, "WMAX": 0.0, "DBTMXS": 0.0, "NAMDAS": null, "SHAPE_Leng": 0.022112792176016999 }, "geometry": { "type": "MultiLineString", "coordinates": [ [ [ 110.548271937000038, -7.570377789999952 ], [ 110.548691374000043, -7.570587476999947 ], [ 110.54991018700008, -7.571119539999927 ], [ 110.549989437000079, -7.571156476999931 ], [ 110.551200687000062, -7.571650101999978 ], [ 110.551579062000087, -7.571794601999954 ], [ 110.552061999000045, -7.571978976999958 ], [ 110.552229374000035, -7.572021851999978 ], [ 110.553437749000068, -7.57243060199994 ], [ 110.554352749000088, -7.57271841499994 ], [ 110.554674124000087, -7.572799851999946 ], [ 110.554954624000061, -7.57280047699993 ], [ 110.555059124000081, -7.572802226999954 ], [ 110.555226562000087, -7.572797851999951 ], [ 110.555458437000084, -7.572919789999958 ], [ 110.555747499000063, -7.573090414999967 ], [ 110.556480874000044, -7.573540039999955 ], [ 110.55713068700004, -7.573788914999966 ], [ 110.557427374000042, -7.573901289999981 ], [ 110.558661437000069, -7.574365476999958 ], [ 110.558871999000075, -7.574462789999927 ], [ 110.559243937000076, -7.574813164999966 ], [ 110.559541249000063, -7.575203601999931 ], [ 110.559762812000088, -7.575499664999938 ], [ 110.559918999000047, -7.575713476999965 ], [ 110.560002499000063, -7.575845226999945 ], [ 110.560077687000046, -7.575963914999932 ], [ 110.560430499000063, -7.576243164999937 ], [ 110.560686249000071, -7.576370476999955 ], [ 110.561291312000037, -7.576483789999941 ], [ 110.561979937000046, -7.576684976999957 ], [ 110.562478374000079, -7.576833164999925 ], [ 110.562976937000087, -7.576902101999963 ], [ 110.563389749000066, -7.576897414999962 ], [ 110.563655124000036, -7.576891476999947 ], [ 110.564420124000037, -7.577284476999978 ], [ 110.564766499000086, -7.577423539999927 ], [ 110.565332624000064, -7.577639414999965 ], [ 110.565749624000034, -7.577709476999928 ], [ 110.566459624000061, -7.577673664999963 ], [ 110.566859062000049, -7.577624914999944 ], [ 110.567970874000082, -7.577487726999948 ], [ 110.568159249000075, -7.577452851999965 ], [ 110.568219062000082, -7.577419851999935 ], [ 110.56836518700004, -7.577248664999956 ] ] ] } },
{ "type": "Feature", "properties": { "fid": 96, "NAMOBJ": "Kali Sabrang", "FCODE": null, "REMARK": "Sungai Satu Garis", "METADATA": "2017; RBI KSP SK 24.4 2021", "SRS_ID": null, "ADATGL": 0.0, "DMAX": 0.0, "FNGAIR": 0.0, "JNSSNG": 0.0, "KLSSNG": 0.0, "LTKSGI": 0.0, "NAMWS": null, "STATUS": null, "UKRSGI": 0.0, "WMAX": 0.0, "DBTMXS": 0.0, "NAMDAS": null, "SHAPE_Leng": 0.013125136688344001 }, "geometry": { "type": "MultiLineString", "coordinates": [ [ [ 110.519473062000088, -7.578795789999958 ], [ 110.519792624000047, -7.578800539999975 ], [ 110.52014831200006, -7.578936039999974 ], [ 110.520441437000045, -7.579056726999966 ], [ 110.520797499000082, -7.579118851999965 ], [ 110.521008749000089, -7.57914122699998 ], [ 110.521267312000077, -7.579313351999929 ], [ 110.521513749000064, -7.579557414999954 ], [ 110.521747437000045, -7.57969903999998 ], [ 110.521774062000077, -7.57971035199995 ], [ 110.522305749000054, -7.58002528999998 ], [ 110.52266843700005, -7.580300601999966 ], [ 110.522934062000047, -7.580903289999981 ], [ 110.523071749000053, -7.581230851999976 ], [ 110.523177062000059, -7.581443164999939 ], [ 110.523491374000059, -7.581760351999947 ], [ 110.523734312000045, -7.581996164999964 ], [ 110.523846437000088, -7.582108601999948 ], [ 110.524063937000051, -7.582535789999952 ], [ 110.524746124000046, -7.583090789999972 ], [ 110.525150562000078, -7.583422101999929 ], [ 110.525616999000079, -7.583671726999967 ], [ 110.525780874000077, -7.58373447699995 ], [ 110.526163249000035, -7.583869539999966 ], [ 110.526167312000041, -7.583870164999951 ], [ 110.526403812000069, -7.583911039999975 ], [ 110.526716687000089, -7.583888101999946 ], [ 110.527007187000038, -7.583841164999967 ], [ 110.527395624000064, -7.583871601999931 ], [ 110.527921749000086, -7.584022414999936 ], [ 110.528463499000054, -7.584202351999977 ], [ 110.528823124000041, -7.584299539999961 ], [ 110.529100749000065, -7.584433914999977 ], [ 110.529673499000069, -7.584827539999935 ], [ 110.529876124000054, -7.584972351999966 ], [ 110.530196562000071, -7.585050039999942 ] ] ] } },
{ "type": "Feature", "properties": { "fid": 97, "NAMOBJ": null, "FCODE": null, "REMARK": "Sungai Satu Garis", "METADATA": "2017; RBI KSP SK 24.4 2021", "SRS_ID": null, "ADATGL": 0.0, "DMAX": 0.0, "FNGAIR": 0.0, "JNSSNG": 0.0, "KLSSNG": 0.0, "LTKSGI": 0.0, "NAMWS": null, "STATUS": null, "UKRSGI": 0.0, "WMAX": 0.0, "DBTMXS": 0.0, "NAMDAS": null, "SHAPE_Leng": 0.031268385130483002 }, "geometry": { "type": "MultiLineString", "coordinates": [ [ [ 110.506850687000053, -7.564222351999945 ], [ 110.507200312000066, -7.564484351999965 ], [ 110.507718624000063, -7.565043289999949 ], [ 110.508040124000047, -7.565420226999947 ], [ 110.508287812000049, -7.565682476999939 ], [ 110.508525624000072, -7.565926976999947 ], [ 110.50862481200005, -7.566101914999933 ], [ 110.50868293700006, -7.566427601999976 ], [ 110.508685937000052, -7.566502726999943 ], [ 110.508777187000078, -7.566748726999947 ], [ 110.508881812000084, -7.56690922699994 ], [ 110.509109749000061, -7.567078851999952 ], [ 110.509575999000049, -7.567238789999976 ], [ 110.510237687000085, -7.567523539999968 ], [ 110.51047856200006, -7.56768478999993 ], [ 110.510619999000085, -7.567836664999959 ], [ 110.510673499000063, -7.567938851999941 ], [ 110.510724812000035, -7.568514039999968 ], [ 110.510776874000044, -7.568918664999956 ], [ 110.510778249000055, -7.568931039999939 ], [ 110.510837124000034, -7.569173601999978 ], [ 110.510911124000074, -7.569385164999971 ], [ 110.510944874000074, -7.569502101999944 ], [ 110.510961999000074, -7.569570914999929 ], [ 110.511028499000076, -7.569772601999944 ] ], [ [ 110.511028499000076, -7.569772601999944 ], [ 110.511483437000038, -7.57024122699994 ], [ 110.511711687000059, -7.570449351999969 ], [ 110.51201824900005, -7.570653039999968 ], [ 110.51219143700007, -7.570726476999937 ], [ 110.512375624000072, -7.570739226999933 ], [ 110.51263743700008, -7.570717789999946 ], [ 110.512758624000071, -7.570741789999943 ], [ 110.513164187000086, -7.57127460199996 ], [ 110.513315124000087, -7.571555914999976 ], [ 110.513505562000034, -7.57192316499993 ], [ 110.51369737400006, -7.572191664999934 ], [ 110.51398449900006, -7.572473914999932 ], [ 110.514137374000086, -7.572626539999931 ], [ 110.514575312000034, -7.57285928999994 ], [ 110.514922624000064, -7.573024789999977 ], [ 110.515186874000051, -7.573352976999956 ], [ 110.515276999000037, -7.57346141499994 ], [ 110.515351624000061, -7.573490414999981 ], [ 110.515423874000078, -7.573398664999957 ], [ 110.515494312000044, -7.573178914999971 ], [ 110.515571124000076, -7.573080101999949 ], [ 110.515733874000034, -7.573017539999967 ], [ 110.515894562000085, -7.573040851999963 ], [ 110.516332437000074, -7.57323453999993 ], [ 110.51646499900005, -7.573338726999964 ], [ 110.516606999000089, -7.573686539999926 ], [ 110.516749312000059, -7.573977164999974 ], [ 110.516905874000088, -7.574180226999943 ], [ 110.517037812000069, -7.574277289999941 ], [ 110.517245562000085, -7.57430428999993 ], [ 110.517407874000071, -7.574255914999981 ], [ 110.517880124000044, -7.574029164999956 ], [ 110.51802249900004, -7.573992476999933 ], [ 110.518167687000073, -7.574046851999981 ], [ 110.518303124000056, -7.574195351999947 ], [ 110.518497124000078, -7.57486322699998 ], [ 110.51857556200008, -7.575018976999957 ], [ 110.518724749000057, -7.575158726999973 ], [ 110.519013312000084, -7.575253476999933 ], [ 110.519470249000051, -7.575135976999945 ], [ 110.519594062000067, -7.575120476999928 ], [ 110.520192562000034, -7.575554539999928 ], [ 110.52037118700008, -7.575682914999959 ], [ 110.520517749000078, -7.575724226999967 ], [ 110.520778499000073, -7.575616414999956 ], [ 110.520935499000075, -7.575559601999942 ], [ 110.521195249000073, -7.575662414999954 ], [ 110.522591999000042, -7.576495414999954 ], [ 110.522791937000079, -7.576591726999936 ], [ 110.522903687000053, -7.576600789999929 ], [ 110.523072687000081, -7.576470039999947 ], [ 110.523150937000082, -7.576353039999958 ], [ 110.523148874000071, -7.576027539999927 ], [ 110.523155749000068, -7.575961101999951 ], [ 110.523420937000083, -7.575888601999964 ], [ 110.523627249000072, -7.575889601999961 ], [ 110.523747249000053, -7.57593585199993 ], [ 110.523862312000063, -7.576091601999963 ], [ 110.523899062000055, -7.576529476999951 ], [ 110.523924124000075, -7.576664914999981 ], [ 110.523993812000072, -7.576742414999956 ], [ 110.52407237400007, -7.576747976999968 ], [ 110.524237812000081, -7.576489414999969 ], [ 110.524311874000034, -7.576377726999965 ], [ 110.524810437000042, -7.576477914999941 ], [ 110.52512568700007, -7.576568664999968 ], [ 110.525343312000075, -7.576682539999979 ], [ 110.525597374000085, -7.577004726999974 ], [ 110.525849624000045, -7.577332414999944 ], [ 110.526118312000051, -7.577602914999943 ], [ 110.526263812000082, -7.578164601999958 ], [ 110.526343687000065, -7.578354476999948 ], [ 110.526477874000079, -7.578503976999968 ], [ 110.526760749000061, -7.578627476999941 ], [ 110.527719687000058, -7.578787101999978 ], [ 110.527868312000066, -7.578787476999935 ], [ 110.527988312000048, -7.578706164999971 ], [ 110.528102374000071, -7.57852266499998 ], [ 110.528119374000084, -7.578452289999973 ], [ 110.528155999000035, -7.578240226999981 ] ] ] } },
{ "type": "Feature", "properties": { "fid": 98, "NAMOBJ": "Kali Suren", "FCODE": null, "REMARK": "Sungai Satu Garis", "METADATA": "2017; RBI KSP SK 24.4 2021", "SRS_ID": null, "ADATGL": 0.0, "DMAX": 0.0, "FNGAIR": 0.0, "JNSSNG": 0.0, "KLSSNG": 0.0, "LTKSGI": 0.0, "NAMWS": null, "STATUS": null, "UKRSGI": 0.0, "WMAX": 0.0, "DBTMXS": 0.0, "NAMDAS": null, "SHAPE_Leng": 0.077853821866622999 }, "geometry": { "type": "MultiLineString", "coordinates": [ [ [ 110.516102937000085, -7.554632914999956 ], [ 110.516242999000042, -7.554681476999974 ], [ 110.517033249000065, -7.554903164999928 ], [ 110.518112124000083, -7.55520822699998 ], [ 110.518135812000082, -7.555215351999948 ], [ 110.518360062000056, -7.555291476999969 ], [ 110.519128874000046, -7.555549101999929 ], [ 110.519608562000087, -7.555756351999946 ], [ 110.520052499000087, -7.555965164999975 ], [ 110.520270312000036, -7.556067601999928 ], [ 110.520869812000058, -7.556287101999942 ], [ 110.521642624000037, -7.556708726999943 ], [ 110.521962374000054, -7.556796664999979 ], [ 110.522128249000048, -7.556764289999933 ], [ 110.522381124000049, -7.556728039999939 ], [ 110.522572062000052, -7.556778851999979 ], [ 110.522706812000081, -7.556897351999964 ], [ 110.522904312000037, -7.557171601999926 ], [ 110.523095312000066, -7.557455101999949 ], [ 110.523866937000037, -7.558186414999966 ], [ 110.524519749000035, -7.558699226999977 ], [ 110.524723874000074, -7.558702101999927 ], [ 110.525262999000063, -7.558683476999931 ], [ 110.525407499000039, -7.55869053999993 ], [ 110.52576674900007, -7.558708226999954 ], [ 110.52609299900007, -7.558800476999977 ], [ 110.526845624000089, -7.559000164999929 ], [ 110.527342812000086, -7.559118351999928 ], [ 110.527629312000045, -7.559267414999965 ], [ 110.527938124000059, -7.559513039999956 ], [ 110.52861781200005, -7.560129539999934 ], [ 110.52878843700006, -7.560412601999928 ], [ 110.529114312000047, -7.560974226999974 ], [ 110.529380874000083, -7.56114053999994 ], [ 110.529929562000063, -7.561480601999961 ], [ 110.530368187000079, -7.561824601999945 ], [ 110.530793249000055, -7.562092101999951 ], [ 110.530944374000057, -7.562187164999955 ], [ 110.530964374000064, -7.562192664999941 ], [ 110.531152062000046, -7.562205289999952 ], [ 110.531427749000045, -7.562255726999979 ], [ 110.531756249000068, -7.56232928999998 ], [ 110.532199249000087, -7.562327976999939 ], [ 110.533830874000046, -7.562322976999951 ], [ 110.534017249000044, -7.562311976999979 ], [ 110.53476499900006, -7.562334226999951 ], [ 110.535126874000071, -7.562423164999927 ], [ 110.53534718700007, -7.56254047699997 ], [ 110.535869374000072, -7.56302028999994 ], [ 110.536373937000064, -7.563648101999945 ], [ 110.536640749000071, -7.564125976999946 ], [ 110.536753062000059, -7.564450851999936 ], [ 110.537067812000089, -7.565675039999974 ], [ 110.537089999000045, -7.565802039999937 ], [ 110.537176499000054, -7.566098164999971 ], [ 110.537253124000074, -7.566387101999965 ], [ 110.537308062000079, -7.56663260199997 ], [ 110.537320687000033, -7.566641164999965 ], [ 110.537529749000043, -7.567197851999936 ], [ 110.537648312000044, -7.567482226999971 ], [ 110.537784874000067, -7.567653226999937 ], [ 110.538084874000049, -7.567817539999965 ], [ 110.539148999000076, -7.568144664999977 ], [ 110.540193124000041, -7.568703414999959 ], [ 110.540796812000053, -7.569137351999927 ], [ 110.541538812000056, -7.56949022699996 ], [ 110.541594124000085, -7.569604226999957 ], [ 110.541849437000053, -7.570145976999981 ], [ 110.542274687000088, -7.571123664999959 ], [ 110.542561062000061, -7.572028226999976 ], [ 110.542599624000047, -7.572327164999933 ], [ 110.542563999000038, -7.57283210199995 ], [ 110.542567374000043, -7.573019539999962 ], [ 110.542621499000063, -7.573217101999944 ], [ 110.543044062000035, -7.573415976999968 ], [ 110.543578624000077, -7.573583289999931 ], [ 110.54472043700008, -7.57385822699996 ], [ 110.545377187000042, -7.57407266499996 ], [ 110.545668062000061, -7.574162789999946 ], [ 110.545762812000078, -7.574188664999951 ], [ 110.546148937000055, -7.574295789999951 ], [ 110.547445687000049, -7.574621914999966 ], [ 110.547667312000044, -7.574672351999936 ], [ 110.547839687000078, -7.574698351999928 ], [ 110.548327874000051, -7.574791289999951 ], [ 110.549271124000086, -7.575015476999965 ], [ 110.550136249000047, -7.57521603999993 ], [ 110.550487062000059, -7.575373101999958 ], [ 110.551077374000045, -7.575772101999974 ], [ 110.551570312000081, -7.57613616499998 ], [ 110.552276374000087, -7.57649835199993 ], [ 110.553026249000084, -7.576698601999965 ], [ 110.553269562000082, -7.57677678999994 ], [ 110.55369481200006, -7.577114539999968 ], [ 110.554241562000072, -7.577548664999938 ], [ 110.554485812000053, -7.577714976999971 ], [ 110.554696437000075, -7.577787226999931 ], [ 110.555276999000057, -7.577794539999957 ], [ 110.555533249000064, -7.577801414999954 ], [ 110.556325499000081, -7.578170789999945 ], [ 110.556651499000054, -7.578321914999947 ], [ 110.557260624000037, -7.57854991499994 ], [ 110.557527687000061, -7.57869216499995 ], [ 110.557776437000086, -7.578860601999963 ], [ 110.558211312000083, -7.579004976999954 ], [ 110.558433249000075, -7.579085164999981 ], [ 110.55864574900005, -7.579287914999952 ], [ 110.559271249000062, -7.579822914999966 ], [ 110.559850187000052, -7.580092539999953 ], [ 110.560154437000051, -7.580276101999971 ], [ 110.560515499000076, -7.580496226999969 ], [ 110.560792437000089, -7.580705601999966 ], [ 110.560973312000044, -7.580848726999932 ], [ 110.561039124000047, -7.580896914999926 ], [ 110.56142643700008, -7.58101047699995 ], [ 110.562432499000067, -7.581241164999938 ], [ 110.563219062000087, -7.581336851999936 ], [ 110.56336318700005, -7.581369726999981 ], [ 110.563533249000045, -7.581591414999934 ], [ 110.563591374000055, -7.581666914999971 ], [ 110.563846249000051, -7.581659414999933 ], [ 110.564015062000067, -7.581637414999932 ], [ 110.564596249000033, -7.581941226999959 ], [ 110.564877624000076, -7.582118976999936 ], [ 110.565075562000061, -7.582179164999957 ], [ 110.565506687000038, -7.582150976999969 ], [ 110.566103187000067, -7.582136789999936 ], [ 110.56679974900004, -7.582295289999934 ], [ 110.567387937000035, -7.582649351999976 ], [ 110.567550999000048, -7.582721226999979 ], [ 110.567975312000044, -7.582665039999938 ], [ 110.568061937000039, -7.582657789999928 ], [ 110.568130499000063, -7.58265210199994 ], [ 110.568640249000055, -7.583017851999955 ], [ 110.568883812000081, -7.583270789999972 ], [ 110.569214874000068, -7.583661414999938 ], [ 110.569357312000079, -7.583782601999928 ], [ 110.569572437000033, -7.583858414999952 ], [ 110.570098749000067, -7.583854789999975 ], [ 110.570615749000069, -7.583851351999954 ], [ 110.571699374000048, -7.583966726999961 ], [ 110.572242187000086, -7.584007976999942 ], [ 110.572286062000046, -7.584007539999959 ], [ 110.572484383047268, -7.583980407843725 ] ], [ [ 110.572566772704164, -7.583980539860054 ], [ 110.572722312000053, -7.583982726999977 ], [ 110.572834374000081, -7.583982851999963 ], [ 110.573044062000065, -7.584014101999969 ], [ 110.573248624000087, -7.584006851999959 ], [ 110.573442292082348, -7.583967618456578 ] ], [ [ 110.578972083639229, -7.58545087126194 ], [ 110.579128374000049, -7.585443664999957 ], [ 110.579476437000039, -7.585135539999953 ], [ 110.57961074900004, -7.585016226999926 ], [ 110.579621746978717, -7.585013550400609 ] ], [ [ 110.58060423217546, -7.585102172005383 ], [ 110.580760249000036, -7.58491485199994 ], [ 110.58080095052739, -7.584846281966522 ] ], [ [ 110.580939947515532, -7.584612139484451 ], [ 110.581011339070244, -7.584492157282464 ] ] ] } },
{ "type": "Feature", "properties": { "fid": 99, "NAMOBJ": "Kali Manggung", "FCODE": null, "REMARK": "Sungai Satu Garis", "METADATA": "2017; RBI KSP SK 24.4 2021", "SRS_ID": null, "ADATGL": 0.0, "DMAX": 0.0, "FNGAIR": 0.0, "JNSSNG": 0.0, "KLSSNG": 0.0, "LTKSGI": 0.0, "NAMWS": null, "STATUS": null, "UKRSGI": 0.0, "WMAX": 0.0, "DBTMXS": 0.0, "NAMDAS": null, "SHAPE_Leng": 0.041768722716317999 }, "geometry": { "type": "MultiLineString", "coordinates": [ [ [ 110.564603999000042, -7.549519414999963 ], [ 110.565038812000068, -7.549209789999964 ], [ 110.565301624000085, -7.548860476999948 ], [ 110.565396187000033, -7.548760351999931 ], [ 110.566036312000051, -7.548607476999962 ], [ 110.566245062000064, -7.54856372699993 ], [ 110.566659437000055, -7.548584601999949 ], [ 110.568103249000046, -7.548930414999973 ], [ 110.568241937000039, -7.548942226999941 ], [ 110.568272598202185, -7.548944830168564 ] ], [ [ 110.569598437219398, -7.549191242213811 ], [ 110.570188098363559, -7.549361372492266 ] ], [ [ 110.572132900130939, -7.549491287504745 ], [ 110.572282874000052, -7.549395226999934 ], [ 110.57239962400007, -7.549318039999946 ], [ 110.572416937000071, -7.54930672699993 ], [ 110.572549312000035, -7.549202039999955 ], [ 110.572593374000064, -7.549179351999953 ], [ 110.572715624000068, -7.549044976999937 ], [ 110.573032124000065, -7.548863664999942 ], [ 110.57328962400004, -7.548778039999945 ], [ 110.573784124000042, -7.548751101999926 ], [ 110.574842624000041, -7.548892226999953 ], [ 110.574869812000088, -7.548896851999928 ], [ 110.575087562000078, -7.548886914999969 ], [ 110.576242124000089, -7.548834101999944 ], [ 110.576915812000038, -7.548798039999951 ], [ 110.577497562000076, -7.548984351999934 ], [ 110.577904562000072, -7.549074976999975 ], [ 110.578318187000036, -7.549143476999973 ], [ 110.578544937000061, -7.549141851999934 ], [ 110.579437187000053, -7.548915976999979 ], [ 110.579723499000067, -7.54876197699997 ], [ 110.580137249000074, -7.548507976999929 ], [ 110.580515687000059, -7.548372726999958 ], [ 110.580516312000043, -7.54837247699993 ], [ 110.581099312000049, -7.548164039999961 ], [ 110.581508124000038, -7.548008039999957 ], [ 110.581812812000067, -7.547824726999977 ], [ 110.581923062000044, -7.547756101999937 ], [ 110.582081687000084, -7.547687851999967 ], [ 110.582281624000075, -7.547644539999965 ], [ 110.582592187000046, -7.547673851999946 ], [ 110.582631812000045, -7.547682539999926 ], [ 110.582695499000067, -7.547722601999965 ], [ 110.583009990640036, -7.547894894036966 ] ] ] } },
{ "type": "Feature", "properties": { "fid": 100, "NAMOBJ": null, "FCODE": null, "REMARK": "Sungai Satu Garis", "METADATA": "2017; RBI KSP SK 24.4 2021", "SRS_ID": null, "ADATGL": 0.0, "DMAX": 0.0, "FNGAIR": 0.0, "JNSSNG": 0.0, "KLSSNG": 0.0, "LTKSGI": 0.0, "NAMWS": null, "STATUS": null, "UKRSGI": 0.0, "WMAX": 0.0, "DBTMXS": 0.0, "NAMDAS": null, "SHAPE_Leng": 0.079972529576717993 }, "geometry": { "type": "MultiLineString", "coordinates": [ [ [ 110.543258124000033, -7.552974789999951 ], [ 110.543288937000057, -7.552983351999956 ], [ 110.543586437000044, -7.553118351999956 ], [ 110.544127499000069, -7.553336476999959 ], [ 110.544811749000075, -7.553497789999938 ], [ 110.545213062000073, -7.55351785199997 ], [ 110.545891187000052, -7.553520226999979 ], [ 110.546412312000086, -7.553613976999941 ], [ 110.547307624000041, -7.553754914999956 ], [ 110.547813374000043, -7.553736726999944 ], [ 110.54860493700005, -7.55371753999998 ], [ 110.549270187000047, -7.553570289999925 ], [ 110.549578687000064, -7.553502039999955 ], [ 110.550749687000064, -7.553327726999953 ], [ 110.551082999000073, -7.553337039999974 ], [ 110.551439437000056, -7.553258226999958 ], [ 110.551509687000078, -7.553241414999945 ], [ 110.552088624000078, -7.553102726999953 ], [ 110.552558312000087, -7.553045414999929 ], [ 110.552859812000065, -7.553072789999931 ], [ 110.553430937000087, -7.553161101999933 ], [ 110.553706624000085, -7.553118601999927 ], [ 110.553964749000045, -7.553100914999959 ], [ 110.554139624000072, -7.553105164999977 ], [ 110.554504999000073, -7.553261539999937 ], [ 110.554948624000076, -7.553475226999979 ], [ 110.555616874000066, -7.553661476999935 ], [ 110.555911624000089, -7.553665476999981 ], [ 110.556548937000059, -7.553652789999944 ], [ 110.556809562000069, -7.553699414999926 ], [ 110.556814624000083, -7.553700289999938 ], [ 110.55739199900006, -7.553803539999933 ], [ 110.55769762400007, -7.553924101999939 ], [ 110.558962999000073, -7.554511601999934 ], [ 110.559313624000083, -7.554512851999959 ], [ 110.559541874000047, -7.55446010199995 ], [ 110.559621607459746, -7.554427354707265 ] ], [ [ 110.566684356081751, -7.552489689037325 ], [ 110.567263249000064, -7.552613039999926 ], [ 110.567914978407785, -7.552769635871685 ] ] ] } },
{ "type": "Feature", "properties": { "fid": 101, "NAMOBJ": null, "FCODE": null, "REMARK": "Sungai Satu Garis", "METADATA": "2022; digitasi; rekti SPOT Jateng 2020", "SRS_ID": null, "ADATGL": 0.0, "DMAX": 0.0, "FNGAIR": 0.0, "JNSSNG": 0.0, "KLSSNG": 0.0, "LTKSGI": 0.0, "NAMWS": null, "STATUS": null, "UKRSGI": 0.0, "WMAX": 0.0, "DBTMXS": 0.0, "NAMDAS": null, "SHAPE_Leng": 0.15840754996852699 }, "geometry": { "type": "MultiLineString", "coordinates": [ [ [ 110.534337062000077, -7.556049851999944 ], [ 110.534420562000037, -7.556068789999927 ], [ 110.534884874000056, -7.556188351999936 ], [ 110.535810562000052, -7.556425476999948 ], [ 110.536386874000073, -7.556358101999933 ], [ 110.536443374000044, -7.55634903999993 ], [ 110.536991124000053, -7.556310101999941 ], [ 110.537166624000065, -7.556318664999935 ], [ 110.537398687000064, -7.556465164999963 ], [ 110.53847199900008, -7.556856726999968 ], [ 110.539692749000039, -7.557034164999948 ], [ 110.53987924900008, -7.557014914999968 ], [ 110.540113124000072, -7.556943539999963 ], [ 110.540414749000035, -7.556937476999963 ], [ 110.540719562000049, -7.55703903999995 ], [ 110.541140312000039, -7.55716603999997 ], [ 110.541583124000056, -7.557100289999937 ], [ 110.541836187000058, -7.557066414999952 ], [ 110.542094749000057, -7.557070164999971 ], [ 110.542442374000075, -7.557120226999928 ], [ 110.542622999000059, -7.557097164999959 ], [ 110.543816312000047, -7.556661101999964 ], [ 110.544137749000072, -7.556589539999948 ], [ 110.544473812000035, -7.556577164999965 ], [ 110.544638374000044, -7.556619351999927 ], [ 110.544851812000047, -7.556792351999945 ], [ 110.544979749000049, -7.556930101999967 ], [ 110.545069437000052, -7.556963164999956 ], [ 110.545236812000041, -7.556829164999954 ], [ 110.546316437000087, -7.556924851999952 ], [ 110.546492749000038, -7.556963414999927 ], [ 110.546782437000047, -7.557227226999942 ], [ 110.547218437000083, -7.557403664999981 ], [ 110.547727687000076, -7.557609664999973 ], [ 110.548139624000044, -7.557763914999953 ], [ 110.548831374000088, -7.558022914999981 ], [ 110.549235187000079, -7.558207726999967 ], [ 110.549236624000059, -7.558208414999967 ], [ 110.549811499000043, -7.558471289999943 ], [ 110.550588124000058, -7.558773351999946 ], [ 110.550923874000034, -7.558858164999947 ], [ 110.551269124000044, -7.55893847699997 ], [ 110.551595312000075, -7.559033226999929 ], [ 110.552157312000077, -7.55913772699995 ], [ 110.552841687000068, -7.559269039999947 ], [ 110.553018562000034, -7.559268101999976 ], [ 110.553478124000037, -7.559027476999972 ], [ 110.553705874000059, -7.558911226999953 ], [ 110.553848249000055, -7.558914164999976 ], [ 110.554199749000077, -7.559137601999964 ], [ 110.555035187000044, -7.55938191499996 ], [ 110.556084687000066, -7.559392101999947 ], [ 110.556316937000076, -7.559399226999972 ], [ 110.556553249000046, -7.559408789999964 ], [ 110.556921437000085, -7.559451539999941 ], [ 110.557288874000051, -7.55951766499993 ], [ 110.557796562000078, -7.559699476999981 ], [ 110.558051999000043, -7.559783476999939 ], [ 110.55834012400004, -7.559881164999979 ], [ 110.559197874000063, -7.560417414999961 ], [ 110.559460437000041, -7.560534164999979 ], [ 110.55978906200005, -7.560581914999943 ], [ 110.560063624000065, -7.560561289999953 ], [ 110.56046524900006, -7.560492164999971 ], [ 110.560798749000071, -7.560483039999951 ], [ 110.56132662400006, -7.560608164999962 ], [ 110.561738624000043, -7.560787164999965 ], [ 110.562231749000034, -7.561109414999976 ], [ 110.562460187000056, -7.561258476999967 ], [ 110.562620999000046, -7.561299039999938 ], [ 110.562907062000079, -7.561235476999968 ], [ 110.563146249000056, -7.561111039999957 ], [ 110.563432187000046, -7.560927414999981 ], [ 110.563670624000054, -7.560845101999973 ], [ 110.563856437000084, -7.560820164999939 ], [ 110.564205937000054, -7.560858414999927 ], [ 110.564635624000061, -7.561015164999958 ], [ 110.564823624000041, -7.561074226999949 ], [ 110.565150374000041, -7.561031476999972 ], [ 110.56535006200005, -7.560996289999935 ], [ 110.565553937000061, -7.56105635199998 ], [ 110.565990937000038, -7.561220164999952 ], [ 110.566575687000068, -7.561315539999953 ], [ 110.567414624000037, -7.561356039999964 ], [ 110.567829499000084, -7.561400039999967 ], [ 110.568230874000051, -7.56139928999994 ], [ 110.568653374000064, -7.561459601999957 ], [ 110.568841987192641, -7.561488026668962 ] ] ] } },
{ "type": "Feature", "properties": { "fid": 102, "NAMOBJ": null, "FCODE": null, "REMARK": "Sungai Satu Garis", "METADATA": "2017; RBI KSP SK 24.4 2021", "SRS_ID": null, "ADATGL": 0.0, "DMAX": 0.0, "FNGAIR": 0.0, "JNSSNG": 0.0, "KLSSNG": 0.0, "LTKSGI": 0.0, "NAMWS": null, "STATUS": null, "UKRSGI": 0.0, "WMAX": 0.0, "DBTMXS": 0.0, "NAMDAS": null, "SHAPE_Leng": 0.0069731644041230003 }, "geometry": { "type": "MultiLineString", "coordinates": [ [ [ 110.534086874000081, -7.541271226999982 ], [ 110.534366749000071, -7.541462039999942 ], [ 110.534888124000076, -7.541693476999967 ], [ 110.535190062000083, -7.54178203999993 ], [ 110.535912187000065, -7.542126289999942 ], [ 110.536127624000073, -7.542249789999971 ], [ 110.53628474900006, -7.542428289999975 ], [ 110.536380812000061, -7.542561289999981 ], [ 110.536549937000075, -7.542646851999962 ], [ 110.536978124000086, -7.542613851999931 ], [ 110.537390687000084, -7.542548164999971 ], [ 110.53748293700005, -7.542540789999975 ], [ 110.537551812000061, -7.542554351999968 ], [ 110.537918812000044, -7.542662039999925 ], [ 110.538792374000082, -7.543060164999929 ], [ 110.539494374000071, -7.543320976999951 ], [ 110.539772624000079, -7.543484414999966 ], [ 110.539891374000035, -7.543646914999954 ], [ 110.540017749000071, -7.544114476999937 ] ] ] } },
{ "type": "Feature", "properties": { "fid": 103, "NAMOBJ": null, "FCODE": null, "REMARK": "Sungai Satu Garis", "METADATA": "2017; RBI KSP SK 24.4 2021", "SRS_ID": null, "ADATGL": 0.0, "DMAX": 0.0, "FNGAIR": 0.0, "JNSSNG": 0.0, "KLSSNG": 0.0, "LTKSGI": 0.0, "NAMWS": null, "STATUS": null, "UKRSGI": 0.0, "WMAX": 0.0, "DBTMXS": 0.0, "NAMDAS": null, "SHAPE_Leng": 0.005287475204958 }, "geometry": { "type": "MultiLineString", "coordinates": [ [ [ 110.538570062000076, -7.541744039999969 ], [ 110.538581749000059, -7.54175341499996 ], [ 110.538892062000059, -7.541973851999956 ], [ 110.539725374000056, -7.542498351999939 ], [ 110.540177562000054, -7.542840226999942 ], [ 110.540713624000034, -7.543276351999964 ], [ 110.540850249000073, -7.543368476999945 ], [ 110.541384937000089, -7.543608101999951 ], [ 110.541663749000065, -7.543733101999976 ], [ 110.541860562000068, -7.543838789999938 ], [ 110.542138624000074, -7.544034351999926 ], [ 110.542376437000087, -7.544123664999972 ], [ 110.542618812000057, -7.544195664999961 ], [ 110.542980687000068, -7.544572976999973 ] ] ] } },
{ "type": "Feature", "properties": { "fid": 104, "NAMOBJ": null, "FCODE": null, "REMARK": "Sungai Satu Garis", "METADATA": "2017; RBI KSP SK 24.4 2021", "SRS_ID": null, "ADATGL": 0.0, "DMAX": 0.0, "FNGAIR": 0.0, "JNSSNG": 0.0, "KLSSNG": 0.0, "LTKSGI": 0.0, "NAMWS": null, "STATUS": null, "UKRSGI": 0.0, "WMAX": 0.0, "DBTMXS": 0.0, "NAMDAS": null, "SHAPE_Leng": 0.010025137666271999 }, "geometry": { "type": "MultiLineString", "coordinates": [ [ [ 110.528473999000084, -7.538553226999966 ], [ 110.528656374000036, -7.538573539999959 ], [ 110.528901374000043, -7.538624664999929 ], [ 110.529167312000084, -7.538701164999964 ], [ 110.529402437000044, -7.538711601999978 ], [ 110.529919249000045, -7.538596601999927 ], [ 110.530116562000046, -7.53852403999997 ], [ 110.530351499000062, -7.538278914999978 ], [ 110.530444249000084, -7.538174664999929 ], [ 110.530794312000069, -7.538128101999973 ], [ 110.531592749000083, -7.53819591499996 ], [ 110.53221956200008, -7.538100914999973 ], [ 110.532564187000048, -7.538024039999925 ], [ 110.532789124000033, -7.538017664999927 ], [ 110.533024437000051, -7.538083226999959 ], [ 110.533207062000088, -7.538202289999958 ], [ 110.533260374000065, -7.538248101999955 ], [ 110.53326562400008, -7.538248101999955 ], [ 110.533509999000046, -7.538371164999944 ], [ 110.533676562000039, -7.538463539999952 ], [ 110.534021437000035, -7.538504914999976 ], [ 110.534267187000069, -7.538462539999955 ], [ 110.534776437000062, -7.538120789999937 ], [ 110.53500643700005, -7.537986914999976 ], [ 110.535505562000083, -7.537911476999966 ], [ 110.536391374000061, -7.538001539999925 ], [ 110.536726062000071, -7.538094039999976 ], [ 110.536900624000054, -7.53814222699998 ], [ 110.537168312000063, -7.538188851999962 ], [ 110.537493062000067, -7.538151476999928 ], [ 110.537646062000078, -7.53810991499995 ], [ 110.537714687000062, -7.538043539999933 ], [ 110.537872562000075, -7.537863039999934 ] ] ] } },
{ "type": "Feature", "properties": { "fid": 105, "NAMOBJ": null, "FCODE": null, "REMARK": "Sungai Satu Garis", "METADATA": "2017; RBI KSP SK 24.4 2021", "SRS_ID": null, "ADATGL": 0.0, "DMAX": 0.0, "FNGAIR": 0.0, "JNSSNG": 0.0, "KLSSNG": 0.0, "LTKSGI": 0.0, "NAMWS": null, "STATUS": null, "UKRSGI": 0.0, "WMAX": 0.0, "DBTMXS": 0.0, "NAMDAS": null, "SHAPE_Leng": 0.083296321044538005 }, "geometry": { "type": "MultiLineString", "coordinates": [ [ [ 110.541253249000079, -7.533564976999969 ], [ 110.541448249000041, -7.533566164999968 ] ], [ [ 110.532581169525329, -7.533238679901478 ], [ 110.532706249000057, -7.533402351999939 ], [ 110.532839187000036, -7.533563476999973 ], [ 110.532963062000078, -7.533615664999957 ], [ 110.533198749000064, -7.533624164999935 ], [ 110.533306062000065, -7.533586851999928 ], [ 110.533410249000042, -7.533405914999946 ], [ 110.53340165213757, -7.533345957845214 ] ], [ [ 110.533351025227617, -7.532869928107216 ], [ 110.533421503145277, -7.532771235698538 ] ], [ [ 110.533425493638973, -7.532765702160733 ], [ 110.533529187000056, -7.53272022699997 ], [ 110.533603812000081, -7.532749539999941 ], [ 110.533704812000053, -7.532996914999956 ], [ 110.533778687000051, -7.533287289999976 ], [ 110.533893437000074, -7.533487664999939 ], [ 110.534052187000043, -7.53364397699994 ], [ 110.534159249000083, -7.533686789999933 ], [ 110.534279812000079, -7.533640351999964 ], [ 110.534436374000052, -7.533350851999955 ], [ 110.534605437000039, -7.53346391499997 ], [ 110.53473781200006, -7.533551101999933 ], [ 110.534881624000036, -7.533562101999962 ], [ 110.535075874000086, -7.533488664999936 ], [ 110.535257960775652, -7.533210653153585 ] ], [ [ 110.535265934587045, -7.533198388455427 ], [ 110.535354062000067, -7.533061601999975 ], [ 110.53545243700006, -7.532999851999932 ], [ 110.535577624000041, -7.533008664999954 ], [ 110.535802937000085, -7.533163976999958 ], [ 110.535933624000052, -7.53329660199995 ], [ 110.53597843700004, -7.533469226999955 ], [ 110.536031812000033, -7.533974414999932 ], [ 110.536110999000073, -7.534084726999936 ], [ 110.536147374000052, -7.534124351999935 ], [ 110.53647787400007, -7.534225601999935 ], [ 110.53673593700006, -7.534236789999966 ], [ 110.537130499000057, -7.534238726999945 ], [ 110.537516749000076, -7.534166226999957 ], [ 110.537796312000069, -7.534130851999976 ], [ 110.538360624000063, -7.534321789999979 ], [ 110.538537312000074, -7.534371539999938 ], [ 110.538659937000034, -7.534332976999963 ], [ 110.538878687000079, -7.533723476999967 ], [ 110.538921874000039, -7.533640914999978 ], [ 110.53894781200006, -7.533580726999958 ], [ 110.539097187000039, -7.533407914999941 ], [ 110.539242562000084, -7.533352601999979 ], [ 110.539374624000061, -7.533338726999943 ], [ 110.539480624000078, -7.533618101999934 ], [ 110.539521812000089, -7.533718789999966 ], [ 110.540077437000036, -7.533703226999933 ], [ 110.540221874000054, -7.533654789999957 ], [ 110.540397499000051, -7.53346253999996 ], [ 110.540488562000064, -7.533343226999932 ], [ 110.540592124000057, -7.533301476999952 ], [ 110.540759374000061, -7.533331351999948 ], [ 110.540969749000055, -7.533495164999977 ], [ 110.541074499000047, -7.53358772699994 ], [ 110.541253249000079, -7.533564976999969 ] ], [ [ 110.541448249000041, -7.533566164999968 ], [ 110.541497749000087, -7.533572289999938 ], [ 110.541806687000076, -7.533743664999974 ], [ 110.541961374000039, -7.533847539999954 ], [ 110.542232249000051, -7.533815789999949 ], [ 110.542671874000064, -7.53377828999993 ], [ 110.543098187000055, -7.533788664999975 ], [ 110.543228999000064, -7.533747164999966 ], [ 110.543363437000039, -7.533592101999943 ], [ 110.543465812000079, -7.533458414999927 ], [ 110.543565312000055, -7.533415226999978 ], [ 110.543698437000046, -7.533457101999943 ], [ 110.543900562000033, -7.533778914999971 ], [ 110.543962187000034, -7.533870601999979 ], [ 110.54409068700005, -7.533835601999954 ], [ 110.544448874000068, -7.533638664999955 ], [ 110.544648749000089, -7.533566476999965 ], [ 110.545013374000064, -7.533858351999982 ], [ 110.545132812000077, -7.533932476999951 ], [ 110.545439374000068, -7.533930476999956 ], [ 110.545636874000081, -7.533872414999962 ], [ 110.545886687000063, -7.533704664999959 ], [ 110.546170812000071, -7.533346601999938 ], [ 110.546293374000072, -7.533190789999935 ], [ 110.546421562000035, -7.533123601999932 ], [ 110.546650124000053, -7.533136601999956 ], [ 110.546943562000081, -7.533249226999942 ], [ 110.547160999000084, -7.533310351999944 ], [ 110.54753568700005, -7.533518476999973 ], [ 110.547737937000079, -7.533634164999967 ], [ 110.547903749000056, -7.533669289999978 ], [ 110.548624937000056, -7.533365914999933 ], [ 110.548815187000059, -7.533285914999965 ], [ 110.549046624000084, -7.533265101999973 ], [ 110.549404874000061, -7.533148726999968 ], [ 110.549524749000057, -7.533112914999947 ], [ 110.549689124000054, -7.533187664999957 ], [ 110.549861312000075, -7.533311539999943 ], [ 110.55013193700006, -7.533372039999961 ], [ 110.550240624000082, -7.533398476999935 ], [ 110.550330999000039, -7.533500226999934 ], [ 110.550328812000089, -7.533739226999955 ], [ 110.550299624000047, -7.533904726999936 ], [ 110.550342687000068, -7.534033914999952 ], [ 110.550429124000061, -7.53412416499998 ], [ 110.550582687000087, -7.534157289999939 ], [ 110.550722874000087, -7.534155976999955 ], [ 110.550856812000063, -7.534446664999962 ], [ 110.55092112400007, -7.534569164999937 ], [ 110.551006624000081, -7.534622476999971 ], [ 110.551086437000038, -7.53457685199993 ], [ 110.551299999000037, -7.534224664999954 ], [ 110.551348687000086, -7.534170101999962 ], [ 110.551485562000039, -7.534077789999969 ], [ 110.551632749000078, -7.534017914999936 ], [ 110.551807937000035, -7.533995226999934 ], [ 110.551897624000048, -7.534021351999968 ], [ 110.551955937000059, -7.53413003999998 ], [ 110.552001437000058, -7.534356976999959 ], [ 110.552073312000061, -7.534464101999959 ], [ 110.552302999000062, -7.534414039999945 ], [ 110.552374499000052, -7.534394851999934 ], [ 110.552417624000043, -7.53439491499995 ], [ 110.552602937000074, -7.53441416499993 ], [ 110.552763562000052, -7.534560914999929 ], [ 110.553424374000087, -7.535063914999967 ], [ 110.554091687000039, -7.535521476999975 ], [ 110.554260124000052, -7.535595414999932 ], [ 110.554643312000053, -7.535600914999975 ], [ 110.554874624000036, -7.535595164999961 ], [ 110.555025499000067, -7.535638226999936 ], [ 110.555138062000083, -7.535742289999973 ], [ 110.555194749000066, -7.535883789999957 ], [ 110.555214874000058, -7.535934164999958 ], [ 110.555255687000056, -7.536110851999979 ], [ 110.555340124000054, -7.536221226999942 ], [ 110.555448437000052, -7.536232164999944 ], [ 110.555667937000067, -7.536140976999945 ], [ 110.555787687000077, -7.53613172699994 ], [ 110.555922062000036, -7.536216039999942 ], [ 110.556059312000059, -7.536469164999971 ], [ 110.556138312000087, -7.536625601999958 ], [ 110.556299937000063, -7.536752039999953 ], [ 110.556775687000084, -7.536777726999958 ], [ 110.55696049900007, -7.536838664999948 ], [ 110.557088562000047, -7.536956476999933 ], [ 110.557144687000061, -7.53706172699998 ], [ 110.557187249000037, -7.537141539999936 ], [ 110.557286249000072, -7.537226789999977 ], [ 110.557407187000081, -7.537254539999935 ], [ 110.557424624000078, -7.537246851999953 ], [ 110.557661812000049, -7.537134101999925 ], [ 110.557869499000049, -7.537000164999938 ], [ 110.558002999000053, -7.536970664999956 ], [ 110.558163249000074, -7.537047789999974 ], [ 110.558823687000086, -7.537465726999926 ], [ 110.559067937000066, -7.537619726999935 ], [ 110.55925256200004, -7.537778539999977 ], [ 110.55935312400004, -7.537950039999942 ], [ 110.559386937000056, -7.538199101999965 ], [ 110.559182374000045, -7.538701101999948 ], [ 110.559048874000041, -7.539046851999956 ], [ 110.559015062000071, -7.539239039999927 ], [ 110.559043437000071, -7.539347789999965 ], [ 110.559214937000036, -7.539469851999968 ], [ 110.559697312000083, -7.539602664999961 ], [ 110.560449124000058, -7.539883101999976 ], [ 110.560722937000037, -7.540018789999976 ], [ 110.56098181200008, -7.540244851999944 ], [ 110.561178812000037, -7.540454539999928 ], [ 110.561340249000068, -7.540557664999938 ], [ 110.561520562000055, -7.540601164999941 ], [ 110.561741124000037, -7.540567601999953 ], [ 110.561924687000044, -7.540482226999927 ], [ 110.562031062000074, -7.540432789999954 ], [ 110.562168374000066, -7.540345414999933 ], [ 110.562274749000039, -7.540469601999973 ], [ 110.56257118700006, -7.540894476999938 ], [ 110.562769312000057, -7.541169539999942 ], [ 110.562884937000035, -7.541263664999974 ], [ 110.563321249000069, -7.541263414999946 ], [ 110.563507749000053, -7.541245289999949 ], [ 110.563613749000069, -7.541282351999939 ], [ 110.563698999000053, -7.541400601999953 ], [ 110.563760187000071, -7.541520289999937 ], [ 110.564358374000051, -7.54165353999997 ], [ 110.564518249000059, -7.54170510199998 ], [ 110.564780437000081, -7.541924351999967 ], [ 110.565049374000068, -7.542240039999967 ], [ 110.565175562000036, -7.542466851999961 ], [ 110.565303749000066, -7.542800039999975 ], [ 110.565559874000087, -7.543085851999933 ], [ 110.565671437000049, -7.54321178999993 ], [ 110.565730374000054, -7.543423851999933 ], [ 110.565705999000045, -7.543543414999931 ], [ 110.565641062000054, -7.543712289999974 ] ] ] } },
{ "type": "Feature", "properties": { "fid": 106, "NAMOBJ": "Kali Suren", "FCODE": null, "REMARK": "Sungai Satu Garis", "METADATA": "2017; RBI KSP SK 24.4 2021", "SRS_ID": null, "ADATGL": 0.0, "DMAX": 0.0, "FNGAIR": 0.0, "JNSSNG": 0.0, "KLSSNG": 0.0, "LTKSGI": 0.0, "NAMWS": null, "STATUS": null, "UKRSGI": 0.0, "WMAX": 0.0, "DBTMXS": 0.0, "NAMDAS": null, "SHAPE_Leng": 0.041462173328886 }, "geometry": { "type": "MultiLineString", "coordinates": [ [ [ 110.549569499000086, -7.563710976999971 ], [ 110.549674562000064, -7.563751851999939 ], [ 110.550672312000074, -7.564104039999961 ], [ 110.551025749000075, -7.564185351999981 ], [ 110.552092937000054, -7.564430289999962 ], [ 110.553096124000035, -7.564731226999982 ], [ 110.553462937000063, -7.564838539999926 ], [ 110.553905124000039, -7.564969664999978 ], [ 110.554738374000067, -7.565149539999936 ], [ 110.555186562000074, -7.565258289999974 ], [ 110.555453999000065, -7.565294101999939 ], [ 110.555755812000086, -7.565249164999955 ], [ 110.55630493700005, -7.565178101999948 ], [ 110.556966374000069, -7.56516253999996 ], [ 110.557536374000051, -7.565083476999973 ], [ 110.558618187000036, -7.565081351999936 ], [ 110.558828249000044, -7.565089039999975 ], [ 110.558829249000041, -7.565089101999945 ], [ 110.558944687000064, -7.565093351999963 ], [ 110.559387062000042, -7.565175851999925 ], [ 110.560508374000051, -7.565488414999948 ], [ 110.560546874000067, -7.565498789999936 ], [ 110.561013874000082, -7.565661914999964 ], [ 110.561202374000061, -7.565817851999952 ], [ 110.561493999000049, -7.566034164999962 ], [ 110.56169649900005, -7.566110039999955 ], [ 110.561867999000071, -7.566097039999931 ], [ 110.562026562000085, -7.566025664999927 ], [ 110.562289999000086, -7.56589685199998 ], [ 110.562716874000046, -7.565762726999935 ], [ 110.562996999000063, -7.565742789999945 ], [ 110.563089374000072, -7.56574078999995 ], [ 110.563696437000033, -7.565686226999958 ], [ 110.564150187000052, -7.56565147699996 ], [ 110.565049749000082, -7.565845414999956 ], [ 110.565371437000067, -7.565943039999979 ], [ 110.565543312000045, -7.566043351999951 ], [ 110.566022124000085, -7.566841414999942 ], [ 110.56613593700007, -7.567031226999973 ], [ 110.566393499000071, -7.567496226999936 ], [ 110.566840124000066, -7.568086414999925 ], [ 110.567111624000063, -7.568449539999961 ], [ 110.567413124000041, -7.568889914999943 ], [ 110.56750568700005, -7.569025164999971 ], [ 110.567623812000079, -7.569243726999957 ], [ 110.567762812000069, -7.569463414999973 ], [ 110.568407937000075, -7.570888164999928 ], [ 110.568502999000088, -7.571136789999969 ], [ 110.568611562000058, -7.571420789999934 ], [ 110.568664437000052, -7.571694789999981 ], [ 110.568670062000081, -7.571921164999935 ], [ 110.568556124000054, -7.572294101999944 ], [ 110.568522749000067, -7.572415726999964 ], [ 110.568643562000034, -7.572590476999949 ], [ 110.569039187000044, -7.572943664999968 ], [ 110.569200562000049, -7.573099789999958 ], [ 110.569412687000067, -7.573309539999968 ], [ 110.569529249000084, -7.573422539999967 ], [ 110.569733187000054, -7.573596601999952 ], [ 110.570274874000063, -7.574137851999978 ], [ 110.570279374000052, -7.574142414999926 ], [ 110.57072306200007, -7.574585726999942 ], [ 110.570803562000037, -7.574670226999956 ], [ 110.571168999000065, -7.574899726999945 ], [ 110.572399749000056, -7.575566976999937 ], [ 110.572664687000042, -7.575739226999929 ], [ 110.572971499000062, -7.57596672699998 ], [ 110.573972437000066, -7.576343601999952 ], [ 110.574200624000071, -7.576442226999973 ], [ 110.57456912400005, -7.577022101999944 ], [ 110.575110306954855, -7.577702751484408 ] ], [ [ 110.575913672102715, -7.578613059969254 ], [ 110.576031187000069, -7.578712601999939 ], [ 110.576412374000085, -7.578993039999943 ], [ 110.576499475949134, -7.579091250100215 ] ], [ [ 110.57726580515515, -7.5799485423007 ], [ 110.577516999000068, -7.580214289999958 ], [ 110.577701125403522, -7.580398371168439 ] ], [ [ 110.578077920702881, -7.580831650577829 ], [ 110.578277437000054, -7.581068164999976 ], [ 110.578545611886867, -7.581402015369245 ] ], [ [ 110.579645928009072, -7.582588552292878 ], [ 110.579998124000042, -7.58295235199995 ], [ 110.580000124000037, -7.582954414999961 ], [ 110.580347999000082, -7.583391664999965 ], [ 110.58044758229785, -7.583619318749169 ] ], [ [ 110.580839320507167, -7.584254252094421 ], [ 110.580985437000038, -7.584422414999949 ], [ 110.581003732430418, -7.58446806892787 ] ] ] } },
{ "type": "Feature", "properties": { "fid": 107, "NAMOBJ": null, "FCODE": null, "REMARK": "Sungai Satu Garis", "METADATA": "2017; RBI KSP SK 24.4 2021", "SRS_ID": null, "ADATGL": 0.0, "DMAX": 0.0, "FNGAIR": 0.0, "JNSSNG": 0.0, "KLSSNG": 0.0, "LTKSGI": 0.0, "NAMWS": null, "STATUS": null, "UKRSGI": 0.0, "WMAX": 0.0, "DBTMXS": 0.0, "NAMDAS": null, "SHAPE_Leng": 0.098270025738002004 }, "geometry": { "type": "MultiLineString", "coordinates": [ [ [ 110.556387437000069, -7.580351164999968 ], [ 110.556740687000058, -7.580489851999971 ], [ 110.557422937000069, -7.58079666499998 ], [ 110.558156624000048, -7.581090476999975 ], [ 110.558604937000041, -7.581275226999935 ], [ 110.55896474900004, -7.581455601999949 ], [ 110.559292687000038, -7.58158397699998 ], [ 110.55966199900007, -7.581903039999929 ], [ 110.559809999000038, -7.58203328999997 ], [ 110.560472624000056, -7.58262016499998 ], [ 110.561583687000052, -7.583313226999962 ], [ 110.562319437000042, -7.583771789999957 ], [ 110.56244343700007, -7.583877351999945 ], [ 110.562525687000061, -7.584165539999958 ], [ 110.562562999000079, -7.584524601999931 ], [ 110.562556437000069, -7.584816539999963 ], [ 110.562742937000053, -7.585380789999931 ], [ 110.562871937000068, -7.585637976999976 ], [ 110.563059562000035, -7.585849601999939 ], [ 110.563350249000052, -7.586088101999962 ], [ 110.563489937000043, -7.586327664999942 ], [ 110.563729749000061, -7.586630351999929 ], [ 110.563970187000052, -7.586847789999979 ], [ 110.564142937000042, -7.586999101999936 ], [ 110.564283499000055, -7.587260476999973 ], [ 110.564250249000054, -7.587545476999935 ], [ 110.564323062000085, -7.587817351999945 ], [ 110.564699062000045, -7.58854710199995 ], [ 110.56475049900007, -7.588631101999965 ], [ 110.565250624000043, -7.589349726999956 ], [ 110.565398062000043, -7.589509164999981 ], [ 110.565540499000065, -7.589660601999981 ], [ 110.565566308782465, -7.589685653567065 ] ] ] } },
{ "type": "Feature", "properties": { "fid": 108, "NAMOBJ": "Kali Wonggo", "FCODE": null, "REMARK": "Sungai Satu Garis", "METADATA": "2017; RBI KSP SK 24.4 2021", "SRS_ID": null, "ADATGL": 0.0, "DMAX": 0.0, "FNGAIR": 0.0, "JNSSNG": 0.0, "KLSSNG": 0.0, "LTKSGI": 0.0, "NAMWS": null, "STATUS": null, "UKRSGI": 0.0, "WMAX": 0.0, "DBTMXS": 0.0, "NAMDAS": null, "SHAPE_Leng": 0.021569497430734001 }, "geometry": { "type": "MultiLineString", "coordinates": [ [ [ 110.556228687000043, -7.587233539999943 ], [ 110.556423187000064, -7.587305914999945 ], [ 110.556993312000088, -7.587655164999944 ], [ 110.557083812000087, -7.587706226999956 ], [ 110.558575249000057, -7.588494976999925 ], [ 110.559217562000072, -7.588825289999932 ], [ 110.55983262400008, -7.589049914999975 ], [ 110.560534124000071, -7.589352664999979 ], [ 110.560856812000054, -7.589672226999937 ], [ 110.561385937000068, -7.590196226999979 ], [ 110.561727812000072, -7.59051547699994 ], [ 110.562342999000066, -7.590988351999954 ], [ 110.563182249000079, -7.591531164999935 ], [ 110.563540624000041, -7.591781601999969 ], [ 110.563613437000072, -7.591835039999978 ], [ 110.56379256200006, -7.59196841499994 ], [ 110.563793874000055, -7.591969351999978 ], [ 110.563818347764993, -7.591986612257812 ] ] ] } },
{ "type": "Feature", "properties": { "fid": 109, "NAMOBJ": "Kali Suren", "FCODE": null, "REMARK": "Sungai Satu Garis", "METADATA": "2017; RBI KSP SK 24.4 2021", "SRS_ID": null, "ADATGL": 0.0, "DMAX": 0.0, "FNGAIR": 0.0, "JNSSNG": 0.0, "KLSSNG": 0.0, "LTKSGI": 0.0, "NAMWS": null, "STATUS": null, "UKRSGI": 0.0, "WMAX": 0.0, "DBTMXS": 0.0, "NAMDAS": null, "SHAPE_Leng": 0.058512378632475999 }, "geometry": { "type": "MultiLineString", "coordinates": [ [ [ 110.529477499000052, -7.556830289999937 ], [ 110.529666812000073, -7.556951289999972 ], [ 110.529851687000075, -7.55712435199996 ], [ 110.530098124000062, -7.55737985199994 ], [ 110.53040149900005, -7.557612164999966 ], [ 110.530843312000059, -7.557738601999972 ], [ 110.531744937000042, -7.558158476999949 ], [ 110.53214081200008, -7.558512226999937 ], [ 110.532244374000072, -7.558598476999975 ], [ 110.532636312000079, -7.558939101999954 ], [ 110.533137624000062, -7.559364976999973 ], [ 110.533249937000051, -7.559460414999933 ], [ 110.533463249000079, -7.55960810199997 ], [ 110.533710562000067, -7.559687476999954 ], [ 110.533941312000081, -7.559690476999947 ], [ 110.534344937000071, -7.559614601999954 ], [ 110.53468881200007, -7.559552976999953 ], [ 110.534966187000066, -7.559563351999941 ], [ 110.535301374000085, -7.55964660199993 ], [ 110.535576812000045, -7.559809664999932 ], [ 110.536016687000085, -7.560120039999958 ], [ 110.536429812000051, -7.560363414999927 ], [ 110.536831124000059, -7.56053441499995 ], [ 110.536976312000036, -7.560611539999968 ], [ 110.537045374000058, -7.560646039999938 ], [ 110.537105749000034, -7.560680601999934 ], [ 110.53790506200005, -7.561214914999937 ], [ 110.538183687000071, -7.561533351999969 ], [ 110.538450374000035, -7.561756914999933 ], [ 110.538647062000052, -7.561969476999934 ], [ 110.538851312000077, -7.562150664999933 ], [ 110.538974999000061, -7.56222503999993 ], [ 110.539706812000077, -7.562664476999942 ], [ 110.540313687000037, -7.562909539999964 ], [ 110.541774062000059, -7.563591226999961 ], [ 110.541839749000076, -7.563609164999946 ], [ 110.542120812000064, -7.563645289999954 ], [ 110.543254749000084, -7.563655601999926 ], [ 110.543427124000061, -7.563648101999945 ], [ 110.543744874000083, -7.563584226999978 ], [ 110.544171499000072, -7.56351578999994 ], [ 110.544434437000064, -7.563545601999976 ], [ 110.54469256200008, -7.563650664999955 ], [ 110.544948249000072, -7.563804726999933 ], [ 110.545041812000079, -7.563878664999947 ], [ 110.545468312000082, -7.564284976999943 ], [ 110.546188749000066, -7.56492628999996 ], [ 110.54686674900006, -7.565392664999933 ], [ 110.547052999000073, -7.565439976999926 ], [ 110.547262624000041, -7.565416851999942 ], [ 110.547604499000045, -7.565328789999967 ], [ 110.547862249000048, -7.565293789999942 ], [ 110.547937249000086, -7.565288476999967 ], [ 110.548101062000057, -7.56534916499993 ], [ 110.548496999000065, -7.56558185199998 ], [ 110.548778999000035, -7.565845976999981 ], [ 110.549408874000051, -7.566500101999964 ], [ 110.549985562000074, -7.566888164999966 ], [ 110.551040187000069, -7.567530726999962 ], [ 110.551067312000043, -7.56755235199995 ], [ 110.552027999000074, -7.568328601999951 ], [ 110.552209874000084, -7.568512789999943 ], [ 110.55257068700007, -7.568837914999961 ], [ 110.552708812000049, -7.568910476999974 ], [ 110.553030999000043, -7.569039351999947 ], [ 110.553321499000049, -7.569133976999979 ], [ 110.553899437000041, -7.56933347699993 ], [ 110.554263624000043, -7.569567976999963 ], [ 110.55474349900004, -7.569995226999936 ], [ 110.555141562000074, -7.570336039999972 ], [ 110.555424749000053, -7.570407789999933 ], [ 110.555758687000036, -7.570444601999952 ], [ 110.556561937000083, -7.570524789999979 ], [ 110.557106874000056, -7.570557726999937 ], [ 110.557396562000065, -7.570718664999958 ], [ 110.557693562000054, -7.570856601999935 ], [ 110.557940874000053, -7.570938601999956 ], [ 110.558259937000059, -7.571105976999945 ], [ 110.558549249000066, -7.571348289999946 ], [ 110.559057999000061, -7.571722039999941 ], [ 110.55927762400006, -7.571790476999979 ], [ 110.56001849900008, -7.571984039999961 ], [ 110.560867749000067, -7.572285976999979 ], [ 110.561395312000059, -7.572503039999958 ], [ 110.56226274900007, -7.57279110199994 ], [ 110.562599937000073, -7.572963476999973 ], [ 110.562828999000033, -7.573164039999938 ], [ 110.562919249000061, -7.573348601999953 ], [ 110.562988937000057, -7.573485976999962 ], [ 110.56310837400008, -7.573714664999954 ], [ 110.563532124000062, -7.574290726999948 ], [ 110.563696812000046, -7.574452914999938 ], [ 110.564315999000087, -7.575062789999947 ], [ 110.564474249000057, -7.575174539999978 ], [ 110.564823749000084, -7.575489664999964 ], [ 110.565126749000058, -7.575764289999938 ], [ 110.566284687000064, -7.576555289999931 ], [ 110.566314124000087, -7.576566539999931 ], [ 110.566733249000038, -7.576684976999957 ], [ 110.567560437000054, -7.576823039999965 ], [ 110.568025374000058, -7.577053164999938 ], [ 110.56836518700004, -7.577248664999956 ] ], [ [ 110.56836518700004, -7.577248664999956 ], [ 110.569477124000059, -7.578103101999943 ], [ 110.56977287400008, -7.578319601999965 ], [ 110.570002499000054, -7.578398351999965 ], [ 110.570375249000051, -7.578542789999972 ], [ 110.570883312000035, -7.578761039999961 ], [ 110.571200624000085, -7.578893539999967 ], [ 110.571529124000051, -7.579081664999933 ], [ 110.571740312000088, -7.579224289999956 ], [ 110.572250749000034, -7.579523226999981 ], [ 110.572408499000062, -7.579663039999957 ], [ 110.572570749000079, -7.579806789999964 ], [ 110.572593374000064, -7.579854851999926 ], [ 110.572643937000066, -7.580110601999934 ], [ 110.572783124000068, -7.580840351999939 ], [ 110.572888687000045, -7.580962039999974 ], [ 110.573122187000081, -7.581090976999974 ], [ 110.573292624000032, -7.581226476999973 ], [ 110.573415374000035, -7.581362039999931 ], [ 110.573821562000035, -7.581681539999977 ], [ 110.573989857991592, -7.581787695156901 ] ], [ [ 110.575089683292276, -7.582476240048672 ], [ 110.575148153831435, -7.582512694750698 ] ], [ [ 110.576169407347152, -7.583334362592894 ], [ 110.576385187000085, -7.583547476999968 ], [ 110.576400887349479, -7.583557576276663 ] ], [ [ 110.577152350612835, -7.584197970011663 ], [ 110.577396674300985, -7.584458714739097 ] ] ] } },
{ "type": "Feature", "properties": { "fid": 110, "NAMOBJ": null, "FCODE": null, "REMARK": "Alur Sungai", "METADATA": "2017; RBI KSP SK 24.4 2021", "SRS_ID": null, "ADATGL": 0.0, "DMAX": 0.0, "FNGAIR": 0.0, "JNSSNG": 0.0, "KLSSNG": 0.0, "LTKSGI": 0.0, "NAMWS": null, "STATUS": null, "UKRSGI": 0.0, "WMAX": 0.0, "DBTMXS": 0.0, "NAMDAS": null, "SHAPE_Leng": 0.00405550876078 }, "geometry": { "type": "MultiLineString", "coordinates": [ [ [ 110.504583812000078, -7.571681789999957 ], [ 110.504613249000045, -7.571668164999949 ], [ 110.504764937000061, -7.571643539999968 ], [ 110.504811437000058, -7.571645851999961 ], [ 110.505030124000086, -7.571656664999978 ], [ 110.505061562000037, -7.571672039999953 ], [ 110.505248999000059, -7.571806351999953 ], [ 110.505341874000067, -7.571916914999974 ], [ 110.505529749000061, -7.572245226999939 ], [ 110.505597062000049, -7.572373414999959 ], [ 110.50561368700005, -7.572419789999969 ], [ 110.50573531200007, -7.572758164999925 ], [ 110.505842812000083, -7.572884164999948 ], [ 110.505959937000057, -7.573006289999967 ], [ 110.506167124000058, -7.573222476999945 ], [ 110.506268874000057, -7.573283226999934 ], [ 110.506750124000064, -7.573533851999969 ], [ 110.507268812000063, -7.573749414999952 ], [ 110.507465499000034, -7.574003851999976 ], [ 110.507515312000066, -7.574070664999965 ] ] ] } },
{ "type": "Feature", "properties": { "fid": 111, "NAMOBJ": null, "FCODE": null, "REMARK": "Alur Sungai", "METADATA": "2017; RBI KSP SK 24.4 2021", "SRS_ID": null, "ADATGL": 0.0, "DMAX": 0.0, "FNGAIR": 0.0, "JNSSNG": 0.0, "KLSSNG": 0.0, "LTKSGI": 0.0, "NAMWS": null, "STATUS": null, "UKRSGI": 0.0, "WMAX": 0.0, "DBTMXS": 0.0, "NAMDAS": null, "SHAPE_Leng": 0.005065229428164 }, "geometry": { "type": "MultiLineString", "coordinates": [ [ [ 110.502907312000048, -7.561371664999967 ], [ 110.502939499000036, -7.561400351999964 ], [ 110.50317418700007, -7.561649789999933 ], [ 110.503210499000033, -7.561703726999951 ], [ 110.503301062000048, -7.561908414999948 ], [ 110.503366499000037, -7.562024664999967 ], [ 110.503414812000074, -7.562110289999964 ], [ 110.503507937000052, -7.562218414999961 ], [ 110.503644562000034, -7.56237897699998 ], [ 110.503665374000036, -7.562412789999939 ], [ 110.503840374000049, -7.562624789999973 ], [ 110.504011812000044, -7.562755164999942 ], [ 110.504060499000047, -7.562792101999946 ], [ 110.504097437000041, -7.562827539999944 ], [ 110.504197624000085, -7.562925289999953 ] ], [ [ 110.504197624000085, -7.562925289999953 ], [ 110.504354187000047, -7.563133351999966 ], [ 110.504421874000059, -7.563223289999939 ], [ 110.504442562000065, -7.563252476999935 ], [ 110.504464312000039, -7.563274414999967 ], [ 110.50448631200004, -7.563296289999926 ], [ 110.504651624000076, -7.563404289999937 ], [ 110.504808437000065, -7.563498851999952 ], [ 110.504945062000047, -7.563576414999943 ], [ 110.505145937000066, -7.563664664999976 ], [ 110.505363437000085, -7.563738601999944 ], [ 110.505402249000042, -7.563753789999964 ], [ 110.505434812000033, -7.56376516499995 ], [ 110.505576874000042, -7.563828539999975 ], [ 110.505749312000034, -7.563875914999926 ], [ 110.505877437000038, -7.563911039999937 ], [ 110.506792749000056, -7.564195039999959 ], [ 110.506850687000053, -7.564222351999945 ] ] ] } },
{ "type": "Feature", "properties": { "fid": 112, "NAMOBJ": null, "FCODE": null, "REMARK": "Alur Sungai", "METADATA": "2017; RBI KSP SK 24.4 2021", "SRS_ID": null, "ADATGL": 0.0, "DMAX": 0.0, "FNGAIR": 0.0, "JNSSNG": 0.0, "KLSSNG": 0.0, "LTKSGI": 0.0, "NAMWS": null, "STATUS": null, "UKRSGI": 0.0, "WMAX": 0.0, "DBTMXS": 0.0, "NAMDAS": null, "SHAPE_Leng": 0.042303376291727 }, "geometry": { "type": "MultiLineString", "coordinates": [ [ [ 110.506350187000066, -7.569137726999941 ], [ 110.506612687000086, -7.569228976999966 ], [ 110.50671574900008, -7.569264851999947 ], [ 110.506726687000082, -7.569345539999972 ], [ 110.506732499000066, -7.569388289999949 ], [ 110.506660749000048, -7.569638726999926 ], [ 110.506613437000055, -7.569811351999931 ], [ 110.506552812000052, -7.570032476999927 ], [ 110.506536312000037, -7.570092726999974 ], [ 110.506575062000081, -7.570283914999948 ], [ 110.506639187000076, -7.570307851999928 ], [ 110.506743999000037, -7.570280851999939 ], [ 110.506823749000034, -7.570239039999933 ], [ 110.506884562000039, -7.570189851999942 ], [ 110.506912249000038, -7.570126226999946 ], [ 110.506969249000065, -7.570091101999935 ], [ 110.507091812000056, -7.570117539999956 ], [ 110.507287749000056, -7.570249914999977 ], [ 110.50744637400004, -7.570413789999975 ], [ 110.507769812000049, -7.570750226999962 ], [ 110.507921187000079, -7.57080347699997 ], [ 110.507955062000065, -7.570747164999943 ], [ 110.508146812000064, -7.570218539999928 ], [ 110.508237249000047, -7.570183851999957 ], [ 110.508345187000089, -7.570220164999967 ], [ 110.508562249000079, -7.570282601999963 ], [ 110.508762249000085, -7.570190414999956 ], [ 110.509032124000043, -7.56996135199995 ], [ 110.50917443700007, -7.569911476999948 ], [ 110.509291749000056, -7.569971539999926 ], [ 110.50972037400004, -7.570203976999949 ], [ 110.509830812000075, -7.570156101999942 ], [ 110.510217874000034, -7.569951914999933 ], [ 110.510420249000049, -7.569966601999965 ], [ 110.510712874000035, -7.570085414999937 ], [ 110.510904749000076, -7.570163039999954 ], [ 110.511009499000068, -7.570032726999955 ], [ 110.511028499000076, -7.569772601999944 ] ], [ [ 110.505558749000045, -7.56748272699997 ], [ 110.505570687000045, -7.567579601999967 ], [ 110.505714687000079, -7.567886664999946 ], [ 110.505794312000035, -7.567945164999969 ], [ 110.505890562000047, -7.567991476999964 ], [ 110.506136187000038, -7.568086164999954 ], [ 110.506377812000039, -7.568157539999959 ], [ 110.506644312000049, -7.568236226999943 ], [ 110.506680687000085, -7.568269351999959 ], [ 110.506647249000082, -7.568330414999934 ], [ 110.506612187000087, -7.568394351999927 ], [ 110.506521562000046, -7.568458539999938 ], [ 110.506423124000037, -7.568520289999981 ], [ 110.506386562000046, -7.568540164999945 ], [ 110.506219437000084, -7.568630914999972 ], [ 110.506206937000059, -7.569086789999972 ], [ 110.506313312000088, -7.569124914999975 ], [ 110.506350187000066, -7.569137726999941 ] ], [ [ 110.503077374000043, -7.563582664999956 ], [ 110.503077187000088, -7.56360178999995 ], [ 110.503124812000067, -7.563666226999942 ], [ 110.503170124000064, -7.563706851999939 ], [ 110.503327187000082, -7.563963351999973 ], [ 110.50348593700005, -7.564092726999945 ], [ 110.503626687000065, -7.564115851999929 ], [ 110.503649749000033, -7.564106851999952 ], [ 110.503790562000063, -7.564023039999938 ], [ 110.504044499000088, -7.563859726999965 ], [ 110.504086624000081, -7.563875039999971 ], [ 110.504212374000076, -7.563920789999941 ], [ 110.504296312000065, -7.56405153999998 ], [ 110.504421499000046, -7.564258976999952 ], [ 110.504448437000065, -7.564289851999945 ], [ 110.504747874000088, -7.564632289999963 ], [ 110.50483481200007, -7.564708414999927 ], [ 110.504995124000061, -7.564809726999954 ], [ 110.505088374000081, -7.564841164999962 ], [ 110.505224874000078, -7.564850914999965 ], [ 110.505304187000036, -7.564858601999958 ], [ 110.505415062000054, -7.564875601999972 ], [ 110.505498249000084, -7.564888289999942 ], [ 110.505569937000075, -7.564906914999938 ], [ 110.505614624000088, -7.564922164999928 ], [ 110.505735374000039, -7.564981289999935 ], [ 110.505785187000072, -7.565041664999967 ], [ 110.505807062000088, -7.565117789999931 ], [ 110.505824374000042, -7.56527435199996 ], [ 110.505866499000035, -7.565515726999934 ], [ 110.505879437000033, -7.565566101999934 ], [ 110.505991499000061, -7.566003101999968 ], [ 110.505965062000087, -7.566091601999972 ], [ 110.505911187000038, -7.56627147699993 ], [ 110.505775437000068, -7.566455976999976 ], [ 110.505767999000057, -7.566466101999936 ], [ 110.505696812000053, -7.566605164999942 ], [ 110.505677999000056, -7.566641914999934 ], [ 110.505712437000057, -7.566743539999948 ], [ 110.505739124000058, -7.566818289999958 ], [ 110.505829374000086, -7.567071289999944 ], [ 110.505727187000048, -7.567208539999967 ], [ 110.505704624000089, -7.567241664999926 ], [ 110.505589124000039, -7.567409664999957 ], [ 110.505558749000045, -7.56748272699997 ] ], [ [ 110.496899374000066, -7.559521914999948 ], [ 110.497632812000063, -7.559802351999963 ], [ 110.497816374000081, -7.560011039999949 ], [ 110.497917374000053, -7.560029226999973 ], [ 110.498069874000066, -7.560055539999951 ], [ 110.498199687000067, -7.560057226999959 ], [ 110.498307687000079, -7.560018164999974 ], [ 110.498467187000074, -7.559963976999938 ], [ 110.498653062000074, -7.55994891499995 ], [ 110.498791249000078, -7.559913601999938 ], [ 110.499003749000053, -7.559882039999934 ], [ 110.499083687000052, -7.559868039999969 ], [ 110.499191124000049, -7.559996164999973 ], [ 110.499258687000065, -7.560117726999977 ], [ 110.499350999000058, -7.560283914999957 ], [ 110.499412999000072, -7.560456726999973 ], [ 110.499502999000072, -7.560561539999981 ], [ 110.499618687000066, -7.56054778999993 ], [ 110.49973837400006, -7.560512351999932 ], [ 110.499903812000071, -7.560452414999929 ], [ 110.5, -7.560449423999955 ], [ 110.500000253000053, -7.560449415999926 ], [ 110.50000030800004, -7.560449414999937 ], [ 110.500091812000051, -7.56044653999993 ], [ 110.500165812000034, -7.560490601999959 ], [ 110.500216812000076, -7.560549789999925 ], [ 110.500310999000078, -7.560675476999961 ], [ 110.500460062000059, -7.56087847699996 ], [ 110.500595062000059, -7.561043539999957 ], [ 110.500679624000043, -7.561189914999943 ], [ 110.500680812000041, -7.561192289999951 ], [ 110.500694812000063, -7.561219414999925 ], [ 110.500885499000049, -7.561609414999964 ], [ 110.50090537400007, -7.56165010199993 ], [ 110.500968062000084, -7.561721101999979 ], [ 110.501108874000067, -7.561782914999981 ], [ 110.501330499000062, -7.561836414999959 ], [ 110.501368874000036, -7.561847101999945 ], [ 110.501392312000064, -7.561855664999939 ], [ 110.501458812000067, -7.561904414999958 ], [ 110.50155649900006, -7.562014726999962 ], [ 110.501647999000056, -7.562030664999952 ], [ 110.501943624000035, -7.562086164999926 ], [ 110.501996874000042, -7.562151039999947 ], [ 110.502116249000039, -7.562307101999977 ], [ 110.502226874000087, -7.562327851999953 ], [ 110.50228424900007, -7.562331914999959 ], [ 110.50246099900005, -7.562344414999927 ], [ 110.502552187000049, -7.562432039999976 ], [ 110.502586062000034, -7.562502351999967 ], [ 110.502715312000078, -7.562770414999932 ], [ 110.502855687000078, -7.56298253999995 ], [ 110.502940624000075, -7.563104789999954 ], [ 110.503042187000062, -7.563223101999938 ], [ 110.503075874000046, -7.563262226999939 ], [ 110.503130187000068, -7.563325539999937 ], [ 110.503174687000069, -7.563377289999949 ], [ 110.503174062000085, -7.563455289999979 ], [ 110.503145249000056, -7.563508476999971 ], [ 110.503114624000034, -7.563542039999959 ], [ 110.503077374000043, -7.563582664999956 ] ], [ [ 110.493053499000041, -7.55852503999995 ], [ 110.493566749000081, -7.558547351999948 ], [ 110.493665062000048, -7.558590851999952 ], [ 110.493764437000038, -7.558624164999969 ], [ 110.493980687000033, -7.558772039999951 ], [ 110.494081249000033, -7.558805476999964 ], [ 110.494267687000047, -7.558826476999968 ], [ 110.49467024900008, -7.558994414999972 ], [ 110.495048312000051, -7.559116539999934 ], [ 110.495155249000049, -7.559163726999941 ], [ 110.495323124000038, -7.55939835199996 ], [ 110.495559062000041, -7.55948510199994 ], [ 110.495643312000084, -7.559491414999968 ], [ 110.495774749000077, -7.559433101999957 ], [ 110.495862187000057, -7.559400539999956 ], [ 110.495959312000082, -7.559378789999926 ], [ 110.496079062000035, -7.55934822699993 ], [ 110.49616749900008, -7.559410101999958 ], [ 110.49626406200008, -7.559496851999938 ], [ 110.496420249000039, -7.559536289999926 ], [ 110.496648187000062, -7.559530226999925 ], [ 110.496899374000066, -7.559521914999948 ] ], [ [ 110.488852249000047, -7.557408351999925 ], [ 110.489041812000039, -7.557534164999936 ], [ 110.489211687000079, -7.55766691499997 ], [ 110.489356437000083, -7.557715601999973 ], [ 110.489518687000043, -7.557729539999968 ], [ 110.489685249000047, -7.55785210199997 ], [ 110.489778687000069, -7.557934789999933 ], [ 110.490264937000063, -7.558150101999956 ], [ 110.490518312000063, -7.558249289999935 ], [ 110.490729312000042, -7.558326289999968 ], [ 110.490942437000058, -7.55845897699993 ], [ 110.491091874000062, -7.558559351999975 ], [ 110.491323312000077, -7.558567664999941 ], [ 110.491571187000034, -7.55846735199998 ], [ 110.491736499000069, -7.558429039999965 ], [ 110.491998499000033, -7.558511414999941 ], [ 110.492218437000076, -7.558473851999963 ], [ 110.492222999000035, -7.558472101999939 ], [ 110.492311749000066, -7.558438726999952 ], [ 110.492456562000086, -7.558337789999939 ], [ 110.492485187000057, -7.55832178999998 ], [ 110.492550187000063, -7.558313289999944 ], [ 110.492758562000063, -7.55849053999998 ], [ 110.492829312000083, -7.558526039999947 ], [ 110.493053499000041, -7.55852503999995 ] ], [ [ 110.486483812000074, -7.556378601999938 ], [ 110.486574374000043, -7.556398226999931 ], [ 110.486698562000072, -7.556508414999939 ], [ 110.486800187000085, -7.556611664999934 ], [ 110.486992187000055, -7.556684601999962 ], [ 110.487155874000052, -7.556737039999973 ], [ 110.487225187000035, -7.556788726999969 ], [ 110.487342874000035, -7.557012101999931 ], [ 110.487402999000039, -7.55711922699993 ], [ 110.487481374000083, -7.557179039999937 ], [ 110.487687687000061, -7.557195414999967 ], [ 110.488043624000056, -7.557188351999969 ], [ 110.488326124000082, -7.557285476999937 ], [ 110.488422374000038, -7.557315851999931 ], [ 110.488439874000051, -7.557321414999933 ], [ 110.488816687000053, -7.557395976999942 ], [ 110.488852249000047, -7.557408351999925 ] ], [ [ 110.483753249000074, -7.555242851999935 ], [ 110.483787687000074, -7.555322851999961 ], [ 110.483899812000061, -7.555476601999942 ], [ 110.483991562000085, -7.555625164999981 ], [ 110.484071249000067, -7.555767726999932 ], [ 110.484074312000075, -7.555774164999946 ], [ 110.484182874000055, -7.555911601999981 ], [ 110.484359062000067, -7.556026289999977 ], [ 110.484713812000052, -7.556162664999931 ], [ 110.484969312000032, -7.556192414999941 ], [ 110.485295812000061, -7.556311226999981 ], [ 110.485445374000051, -7.556350101999953 ], [ 110.485628187000088, -7.556441851999978 ], [ 110.485788937000052, -7.55652360199997 ], [ 110.486027062000062, -7.556543039999951 ], [ 110.48641056200006, -7.556443789999946 ], [ 110.486483812000074, -7.556378601999938 ] ], [ [ 110.481323062000058, -7.554155476999938 ], [ 110.48136312400004, -7.55419403999997 ], [ 110.481478437000078, -7.554273101999968 ], [ 110.481586187000062, -7.554388726999946 ], [ 110.481637937000073, -7.55444016499996 ], [ 110.481797312000083, -7.554585101999976 ], [ 110.481961874000035, -7.554698101999975 ], [ 110.48214099900008, -7.554823664999958 ], [ 110.482263249000084, -7.55487678999998 ], [ 110.482384624000076, -7.55490916499997 ], [ 110.482536062000065, -7.554991414999961 ], [ 110.482545437000056, -7.554996664999976 ], [ 110.482702562000043, -7.555076726999971 ], [ 110.482814624000071, -7.555115164999961 ], [ 110.482979374000081, -7.555155914999943 ], [ 110.483214687000043, -7.555220601999963 ], [ 110.483358312000064, -7.555245226999943 ], [ 110.48365424900004, -7.555277351999962 ], [ 110.483753249000074, -7.555242851999935 ] ] ] } },
{ "type": "Feature", "properties": { "fid": 113, "NAMOBJ": null, "FCODE": null, "REMARK": "Alur Sungai", "METADATA": "2017; RBI KSP SK 24.4 2021", "SRS_ID": null, "ADATGL": 0.0, "DMAX": 0.0, "FNGAIR": 0.0, "JNSSNG": 0.0, "KLSSNG": 0.0, "LTKSGI": 0.0, "NAMWS": null, "STATUS": null, "UKRSGI": 0.0, "WMAX": 0.0, "DBTMXS": 0.0, "NAMDAS": null, "SHAPE_Leng": 0.0063726124924489997 }, "geometry": { "type": "MultiLineString", "coordinates": [ [ [ 110.501763562000065, -7.567200601999957 ], [ 110.501861374000043, -7.567317101999947 ], [ 110.501865062000036, -7.567322976999947 ], [ 110.501908312000069, -7.567430414999933 ], [ 110.502025249000042, -7.567707039999959 ], [ 110.502114874000085, -7.567969851999976 ], [ 110.502121187000057, -7.56799885199996 ], [ 110.502164874000073, -7.568199039999968 ], [ 110.502222624000069, -7.568358476999947 ], [ 110.502308937000066, -7.568490851999968 ], [ 110.502808437000056, -7.568973539999945 ], [ 110.502917062000051, -7.569078601999934 ], [ 110.50292268700008, -7.569084851999946 ], [ 110.502986062000048, -7.569153726999957 ], [ 110.50299962400004, -7.569168476999948 ], [ 110.503109874000074, -7.569220664999932 ], [ 110.503363749000073, -7.569372664999946 ], [ 110.503533437000044, -7.569457539999974 ], [ 110.503765562000069, -7.569589789999952 ], [ 110.503880312000035, -7.56966560199993 ], [ 110.504315437000059, -7.56997047699997 ], [ 110.504534749000072, -7.569998226999928 ], [ 110.504646187000048, -7.569977101999939 ], [ 110.504832062000048, -7.569780789999982 ], [ 110.504970124000067, -7.569608039999935 ], [ 110.504980562000071, -7.569594976999952 ], [ 110.505036249000057, -7.56952472699993 ], [ 110.505049624000037, -7.569519226999944 ], [ 110.505314687000066, -7.569410539999978 ], [ 110.505455999000048, -7.569391976999952 ], [ 110.505488562000039, -7.569396539999957 ], [ 110.505572437000069, -7.569434476999959 ], [ 110.505751124000085, -7.569459976999951 ], [ 110.505886624000084, -7.569453664999969 ], [ 110.505970937000086, -7.569383164999977 ], [ 110.506068937000066, -7.569307914999968 ], [ 110.506111437000072, -7.569255726999927 ], [ 110.506113937000066, -7.56923547699995 ], [ 110.506136812000079, -7.569175976999929 ], [ 110.506169749000037, -7.569121976999952 ], [ 110.506248312000082, -7.569127976999937 ], [ 110.506350187000066, -7.569137726999941 ] ] ] } },
{ "type": "Feature", "properties": { "fid": 114, "NAMOBJ": null, "FCODE": null, "REMARK": "Alur Sungai", "METADATA": "2017; RBI KSP SK 24.4 2021", "SRS_ID": null, "ADATGL": 0.0, "DMAX": 0.0, "FNGAIR": 0.0, "JNSSNG": 0.0, "KLSSNG": 0.0, "LTKSGI": 0.0, "NAMWS": null, "STATUS": null, "UKRSGI": 0.0, "WMAX": 0.0, "DBTMXS": 0.0, "NAMDAS": null, "SHAPE_Leng": 0.0051865316025999997 }, "geometry": { "type": "MultiLineString", "coordinates": [ [ [ 110.501120312000069, -7.565245039999979 ], [ 110.501149874000077, -7.565252476999945 ], [ 110.501180562000059, -7.565285289999963 ], [ 110.501353874000074, -7.565470789999949 ], [ 110.501423499000055, -7.565525664999939 ], [ 110.501525187000084, -7.565605726999934 ], [ 110.501680687000089, -7.565741539999976 ], [ 110.501694999000051, -7.565743914999928 ], [ 110.501903187000039, -7.565757976999976 ], [ 110.502097812000045, -7.56577853999994 ], [ 110.502126374000056, -7.565781539999932 ], [ 110.502203749000046, -7.565830289999951 ], [ 110.502254124000046, -7.565877976999957 ], [ 110.502445499000089, -7.566059039999971 ], [ 110.50261518700006, -7.566208476999975 ], [ 110.502936249000072, -7.566372601999944 ], [ 110.503099937000059, -7.566605539999955 ], [ 110.503152124000053, -7.566637414999946 ], [ 110.50328743700004, -7.566672726999968 ], [ 110.503291812000043, -7.566673914999967 ], [ 110.503431687000045, -7.566698289999977 ] ], [ [ 110.503431687000045, -7.566698289999977 ], [ 110.503479749000064, -7.566731476999962 ], [ 110.503706999000087, -7.566879914999959 ], [ 110.503838874000053, -7.566905726999948 ], [ 110.504242187000045, -7.566905476999978 ], [ 110.504336437000063, -7.566905414999951 ], [ 110.504700687000081, -7.567177039999933 ], [ 110.504703999000071, -7.567179476999968 ], [ 110.505020062000085, -7.567307914999958 ], [ 110.505179124000051, -7.567372601999978 ], [ 110.505211624000083, -7.567378226999949 ], [ 110.505344812000033, -7.567399101999968 ], [ 110.505437937000067, -7.56741591499997 ], [ 110.505453374000069, -7.567419726999958 ], [ 110.505468812000061, -7.567422351999937 ], [ 110.505532437000056, -7.567442476999929 ], [ 110.505558749000045, -7.56748272699997 ] ] ] } },
{ "type": "Feature", "properties": { "fid": 115, "NAMOBJ": null, "FCODE": null, "REMARK": "Alur Sungai", "METADATA": "2017; RBI KSP SK 24.4 2021", "SRS_ID": null, "ADATGL": 0.0, "DMAX": 0.0, "FNGAIR": 0.0, "JNSSNG": 0.0, "KLSSNG": 0.0, "LTKSGI": 0.0, "NAMWS": null, "STATUS": null, "UKRSGI": 0.0, "WMAX": 0.0, "DBTMXS": 0.0, "NAMDAS": null, "SHAPE_Leng": 0.010978796139253 }, "geometry": { "type": "MultiLineString", "coordinates": [ [ [ 110.498862937000069, -7.572123789999978 ], [ 110.498879062000071, -7.572147976999929 ], [ 110.498981812000068, -7.572330351999938 ], [ 110.499223312000083, -7.57253160199997 ], [ 110.499437687000068, -7.572679164999954 ], [ 110.499786749000066, -7.572693664999974 ], [ 110.499998937000043, -7.572795414999973 ], [ 110.5, -7.572796235999931 ], [ 110.500000255000089, -7.572796432999951 ], [ 110.500000288000081, -7.57279645899996 ], [ 110.500000312000054, -7.57279647699994 ], [ 110.500057562000052, -7.57284260199998 ], [ 110.500336312000059, -7.573124476999965 ], [ 110.500499499000057, -7.573279101999958 ], [ 110.500648062000039, -7.573372726999935 ], [ 110.500767374000077, -7.57338778999997 ], [ 110.500900999000066, -7.573409976999926 ], [ 110.501079624000056, -7.573467476999951 ], [ 110.501311249000082, -7.573542289999978 ], [ 110.501414249000049, -7.573586976999934 ], [ 110.501486562000082, -7.573618414999942 ], [ 110.501749312000072, -7.57377147699998 ], [ 110.50192774900006, -7.573897789999933 ], [ 110.50236368700007, -7.574194914999964 ], [ 110.502541687000075, -7.574277414999926 ], [ 110.502572437000083, -7.574291476999974 ], [ 110.502731874000062, -7.574356351999938 ], [ 110.503005937000069, -7.574494414999947 ], [ 110.503140999000038, -7.57457541499997 ], [ 110.503266687000064, -7.574716664999926 ], [ 110.503493624000043, -7.575019414999929 ], [ 110.50372124900008, -7.57522328999994 ], [ 110.50409318700008, -7.575472851999962 ], [ 110.504286499000045, -7.575580914999932 ], [ 110.504329312000038, -7.575604851999969 ], [ 110.504364999000074, -7.575626476999958 ], [ 110.504696937000062, -7.576057101999936 ], [ 110.504825999000047, -7.576270414999954 ], [ 110.505230749000077, -7.576746101999959 ], [ 110.50550049900005, -7.57715391499994 ], [ 110.505558374000088, -7.577265101999956 ], [ 110.50571612400006, -7.577720226999929 ], [ 110.505882124000038, -7.578007476999971 ], [ 110.505954062000058, -7.578143851999926 ], [ 110.506005687000084, -7.57827516499998 ], [ 110.506062874000065, -7.578418914999929 ], [ 110.506063374000064, -7.578420164999955 ], [ 110.506119062000039, -7.578560914999969 ], [ 110.506280999000069, -7.578862351999931 ], [ 110.506569874000036, -7.579259289999925 ] ] ] } },
{ "type": "Feature", "properties": { "fid": 116, "NAMOBJ": null, "FCODE": null, "REMARK": "Alur Sungai", "METADATA": "2017; RBI KSP SK 24.4 2021", "SRS_ID": null, "ADATGL": 0.0, "DMAX": 0.0, "FNGAIR": 0.0, "JNSSNG": 0.0, "KLSSNG": 0.0, "LTKSGI": 0.0, "NAMWS": null, "STATUS": null, "UKRSGI": 0.0, "WMAX": 0.0, "DBTMXS": 0.0, "NAMDAS": null, "SHAPE_Leng": 0.0053969845353599999 }, "geometry": { "type": "MultiLineString", "coordinates": [ [ [ 110.503417562000038, -7.57731653999997 ], [ 110.503474937000078, -7.577365226999973 ], [ 110.503573999000082, -7.577509101999965 ], [ 110.503655374000061, -7.577616601999978 ], [ 110.503682874000049, -7.577718726999933 ], [ 110.503707749000057, -7.577823726999952 ], [ 110.503716499000063, -7.578006976999973 ], [ 110.503729687000089, -7.578284289999942 ], [ 110.503765749000081, -7.578432789999965 ], [ 110.503820812000072, -7.578635039999938 ], [ 110.503888562000043, -7.578854039999953 ], [ 110.503988999000057, -7.579120539999963 ], [ 110.504078624000044, -7.579280789999927 ], [ 110.504265374000056, -7.579521601999943 ], [ 110.504491624000082, -7.579813351999974 ], [ 110.504636874000084, -7.580073914999957 ], [ 110.504736687000047, -7.580272289999925 ], [ 110.50493024900004, -7.580728101999966 ], [ 110.504962874000057, -7.581026226999938 ], [ 110.504969749000054, -7.581333539999946 ], [ 110.505013249000058, -7.581691476999936 ], [ 110.505029312000033, -7.581858414999942 ], [ 110.505058687000087, -7.582013664999977 ], [ 110.505057812000075, -7.582256414999961 ], [ 110.505053687000043, -7.582307789999959 ] ] ] } },
{ "type": "Feature", "properties": { "fid": 117, "NAMOBJ": null, "FCODE": null, "REMARK": "Alur Sungai", "METADATA": "2017; RBI KSP SK 24.4 2021", "SRS_ID": null, "ADATGL": 0.0, "DMAX": 0.0, "FNGAIR": 0.0, "JNSSNG": 0.0, "KLSSNG": 0.0, "LTKSGI": 0.0, "NAMWS": null, "STATUS": null, "UKRSGI": 0.0, "WMAX": 0.0, "DBTMXS": 0.0, "NAMDAS": null, "SHAPE_Leng": 0.0026712785380109999 }, "geometry": { "type": "MultiLineString", "coordinates": [ [ [ 110.505058312000074, -7.560894914999949 ], [ 110.50526749900007, -7.561074601999962 ], [ 110.505449374000079, -7.561204351999947 ], [ 110.505507062000049, -7.561244601999931 ], [ 110.505679312000041, -7.561365601999967 ], [ 110.50596574900004, -7.561569476999978 ], [ 110.506371874000081, -7.561835789999975 ], [ 110.506415374000085, -7.561864101999959 ], [ 110.506654812000079, -7.562018039999941 ], [ 110.506888124000056, -7.562099914999976 ], [ 110.506942499000047, -7.562118039999973 ], [ 110.507013999000037, -7.56213760199995 ], [ 110.507317187000069, -7.562229039999977 ], [ 110.507338999000069, -7.562232476999952 ] ] ] } },
{ "type": "Feature", "properties": { "fid": 118, "NAMOBJ": null, "FCODE": null, "REMARK": "Alur Sungai", "METADATA": "2017; RBI KSP SK 24.4 2021", "SRS_ID": null, "ADATGL": 0.0, "DMAX": 0.0, "FNGAIR": 0.0, "JNSSNG": 0.0, "KLSSNG": 0.0, "LTKSGI": 0.0, "NAMWS": null, "STATUS": null, "UKRSGI": 0.0, "WMAX": 0.0, "DBTMXS": 0.0, "NAMDAS": null, "SHAPE_Leng": 0.012819765745952999 }, "geometry": { "type": "MultiLineString", "coordinates": [ [ [ 110.512303187000043, -7.56589147699998 ], [ 110.512341937000087, -7.565973289999931 ], [ 110.512700124000048, -7.566477101999965 ], [ 110.513015812000049, -7.566915601999938 ], [ 110.513613499000087, -7.56743328999994 ], [ 110.513944499000047, -7.567609914999935 ], [ 110.514708437000081, -7.567994976999955 ], [ 110.514863874000071, -7.568070851999948 ], [ 110.515532312000062, -7.568388414999959 ], [ 110.51584106200005, -7.56850116499993 ], [ 110.516170874000068, -7.568596164999974 ], [ 110.516327062000073, -7.568639476999977 ], [ 110.517101749000062, -7.568810976999941 ], [ 110.517974249000076, -7.569060039999954 ], [ 110.518378437000081, -7.569288851999943 ], [ 110.518738562000067, -7.569585476999976 ], [ 110.519247187000076, -7.569967601999963 ], [ 110.519853874000034, -7.570436164999933 ], [ 110.520079187000078, -7.570710351999935 ], [ 110.520614687000034, -7.57135078999994 ], [ 110.520923499000048, -7.571581789999925 ], [ 110.521334437000064, -7.571794976999968 ], [ 110.521991749000051, -7.572116351999966 ], [ 110.522022812000046, -7.572117226999978 ], [ 110.522317499000053, -7.572088039999926 ], [ 110.522504124000079, -7.572052289999931 ], [ 110.522642124000072, -7.572018039999932 ], [ 110.522959812000067, -7.571901351999941 ] ] ] } },
{ "type": "Feature", "properties": { "fid": 119, "NAMOBJ": null, "FCODE": null, "REMARK": "Sungai Satu Garis", "METADATA": "2017; RBI KSP SK 24.4 2021", "SRS_ID": null, "ADATGL": 0.0, "DMAX": 0.0, "FNGAIR": 0.0, "JNSSNG": 0.0, "KLSSNG": 0.0, "LTKSGI": 0.0, "NAMWS": null, "STATUS": null, "UKRSGI": 0.0, "WMAX": 0.0, "DBTMXS": 0.0, "NAMDAS": null, "SHAPE_Leng": 0.020546581928821001 }, "geometry": { "type": "MultiLineString", "coordinates": [ [ [ 110.503466624000055, -7.559669351999958 ], [ 110.503649812000049, -7.559786851999945 ], [ 110.504021124000076, -7.559923039999944 ], [ 110.50414481200005, -7.559940476999941 ], [ 110.504215374000069, -7.559849539999959 ], [ 110.504269312000076, -7.55975435199997 ], [ 110.504368249000038, -7.559672851999949 ], [ 110.504424124000082, -7.559609101999968 ], [ 110.504454749000047, -7.559597789999941 ], [ 110.50462174900008, -7.559627789999979 ], [ 110.504728312000054, -7.559629664999932 ], [ 110.504994874000033, -7.559627476999935 ], [ 110.505573999000035, -7.559655976999977 ], [ 110.505852749000042, -7.559673101999977 ], [ 110.506334312000035, -7.559702601999959 ], [ 110.50652262400007, -7.559756101999938 ], [ 110.506571187000077, -7.559773039999925 ], [ 110.506609124000079, -7.559802539999964 ], [ 110.506950687000085, -7.560051414999975 ], [ 110.507172124000078, -7.560248289999947 ], [ 110.507269499000074, -7.560278789999927 ], [ 110.507314124000061, -7.560294664999958 ], [ 110.507366749000084, -7.560321476999945 ], [ 110.507515562000037, -7.560421914999949 ], [ 110.507607624000059, -7.560458726999968 ], [ 110.507920624000064, -7.560578039999939 ], [ 110.508545749000064, -7.56079103999997 ], [ 110.508574624000062, -7.560809851999977 ], [ 110.50876099900006, -7.560981351999942 ], [ 110.509008124000047, -7.56122260199993 ], [ 110.509021437000058, -7.561225914999966 ], [ 110.509198499000036, -7.56122910199997 ], [ 110.509510062000061, -7.561270976999936 ], [ 110.509852624000075, -7.561364539999943 ], [ 110.510040187000072, -7.561437414999943 ], [ 110.510107312000059, -7.561465226999928 ], [ 110.510313874000076, -7.561613351999938 ], [ 110.510658749000072, -7.561893851999969 ], [ 110.511053937000042, -7.562001914999939 ], [ 110.51132493700004, -7.562162289999947 ], [ 110.511713687000054, -7.562455851999971 ], [ 110.512205312000049, -7.562813226999936 ], [ 110.512546687000054, -7.56307447699993 ], [ 110.512621499000034, -7.563134976999947 ], [ 110.512928999000053, -7.563341664999939 ], [ 110.513186562000044, -7.563448726999979 ], [ 110.513852562000068, -7.563674289999938 ], [ 110.514108562000047, -7.563897226999927 ], [ 110.514308062000055, -7.564182476999974 ], [ 110.514484562000064, -7.56453466499994 ], [ 110.514555562000055, -7.564719226999955 ], [ 110.51466068700006, -7.564833976999978 ], [ 110.514920562000043, -7.564984289999927 ], [ 110.515678062000063, -7.565454101999933 ], [ 110.51625331200006, -7.565810289999945 ], [ 110.516548812000053, -7.566026664999981 ], [ 110.516772937000042, -7.566265414999975 ], [ 110.517004999000051, -7.566623726999978 ], [ 110.517287749000047, -7.567289226999947 ], [ 110.517336062000084, -7.567337289999955 ], [ 110.517516937000039, -7.56744778999996 ], [ 110.518138749000059, -7.567776851999952 ], [ 110.518785249000075, -7.568194601999949 ], [ 110.519151499000088, -7.568276039999944 ], [ 110.519386687000065, -7.568252726999958 ], [ 110.519845749000069, -7.568136476999939 ], [ 110.520093624000083, -7.568024226999967 ], [ 110.520257437000055, -7.567938351999942 ], [ 110.520352374000083, -7.567869664999932 ], [ 110.520523687000036, -7.567710664999936 ] ] ] } },
{ "type": "Feature", "properties": { "fid": 120, "NAMOBJ": null, "FCODE": null, "REMARK": "Sungai Satu Garis", "METADATA": "2017; RBI KSP SK 24.4 2021", "SRS_ID": null, "ADATGL": 0.0, "DMAX": 0.0, "FNGAIR": 0.0, "JNSSNG": 0.0, "KLSSNG": 0.0, "LTKSGI": 0.0, "NAMWS": null, "STATUS": null, "UKRSGI": 0.0, "WMAX": 0.0, "DBTMXS": 0.0, "NAMDAS": null, "SHAPE_Leng": 0.0072888861093969998 }, "geometry": { "type": "MultiLineString", "coordinates": [ [ [ 110.505191749000062, -7.557500664999964 ], [ 110.505295687000057, -7.557489789999977 ], [ 110.505355249000047, -7.55747641499994 ], [ 110.505422874000033, -7.557460101999936 ], [ 110.505644937000056, -7.557407539999929 ], [ 110.505891999000085, -7.557437539999967 ], [ 110.505994687000054, -7.557442289999926 ], [ 110.506087749000073, -7.557426414999952 ], [ 110.506127812000045, -7.557421039999952 ], [ 110.50619662400004, -7.557366164999962 ], [ 110.506277562000037, -7.557301664999954 ], [ 110.506535812000038, -7.557083976999934 ], [ 110.506834812000079, -7.557196851999947 ], [ 110.507074812000042, -7.557323851999968 ], [ 110.507270124000058, -7.557391601999939 ], [ 110.507509062000054, -7.557408601999953 ], [ 110.507663687000047, -7.557442289999926 ], [ 110.507710687000042, -7.557460789999936 ], [ 110.507771374000072, -7.557484726999974 ], [ 110.50789749900008, -7.557623414999966 ], [ 110.50799874900008, -7.557775976999949 ], [ 110.508091249000074, -7.557905664999964 ], [ 110.508249749000072, -7.557970289999957 ], [ 110.508495374000063, -7.558026726999969 ], [ 110.508860187000039, -7.558110539999973 ], [ 110.509213062000072, -7.558140914999967 ], [ 110.50933006200006, -7.558084851999979 ], [ 110.509564999000077, -7.557944726999949 ], [ 110.509582312000077, -7.55794466499998 ], [ 110.509804374000055, -7.557899539999937 ], [ 110.510095999000043, -7.557572039999968 ], [ 110.51023174900007, -7.557557414999962 ], [ 110.510560749000035, -7.557643851999956 ], [ 110.510912374000043, -7.557752289999939 ], [ 110.510962937000045, -7.557731539999963 ], [ 110.510990187000061, -7.557668289999981 ], [ 110.510951999000042, -7.55740091499996 ], [ 110.510979312000075, -7.557230789999949 ], [ 110.511105874000066, -7.556936289999953 ] ] ] } },
{ "type": "Feature", "properties": { "fid": 121, "NAMOBJ": null, "FCODE": null, "REMARK": "Alur Sungai", "METADATA": "2017; RBI KSP SK 24.4 2021", "SRS_ID": null, "ADATGL": 0.0, "DMAX": 0.0, "FNGAIR": 0.0, "JNSSNG": 0.0, "KLSSNG": 0.0, "LTKSGI": 0.0, "NAMWS": null, "STATUS": null, "UKRSGI": 0.0, "WMAX": 0.0, "DBTMXS": 0.0, "NAMDAS": null, "SHAPE_Leng": 0.029828520218947 }, "geometry": { "type": "MultiLineString", "coordinates": [ [ [ 110.498681937000072, -7.575444539999978 ], [ 110.498756187000083, -7.575494539999966 ], [ 110.498794124000085, -7.57552235199995 ], [ 110.498944812000047, -7.575754351999933 ], [ 110.499019124000085, -7.575716414999931 ], [ 110.499192624000045, -7.575583664999954 ], [ 110.49925856200008, -7.57561635199994 ], [ 110.499298687000078, -7.575705289999974 ], [ 110.49929843700005, -7.575818851999941 ], [ 110.499247749000062, -7.57622222699996 ], [ 110.499340374000042, -7.576439476999951 ], [ 110.499486312000045, -7.576629351999941 ], [ 110.499569437000048, -7.576607414999955 ], [ 110.499761499000044, -7.57655172699998 ], [ 110.5, -7.576554410999961 ], [ 110.500000239000087, -7.576554413999929 ], [ 110.500000281000041, -7.576554413999929 ], [ 110.500000312000054, -7.576554414999976 ], [ 110.500031624000087, -7.576554789999932 ], [ 110.500218187000087, -7.576556914999969 ], [ 110.500287937000053, -7.576631039999938 ], [ 110.50030018700005, -7.576704226999937 ], [ 110.500291124000057, -7.576732289999939 ], [ 110.500243624000063, -7.576853226999958 ], [ 110.500229312000045, -7.576896976999933 ], [ 110.500259312000082, -7.576977414999931 ], [ 110.500300687000049, -7.577012664999927 ], [ 110.500362937000034, -7.577065601999948 ], [ 110.500751624000088, -7.577300226999967 ], [ 110.500780874000043, -7.577401539999926 ], [ 110.500795124000035, -7.577690101999963 ], [ 110.50078187400004, -7.577755851999939 ], [ 110.500684187000047, -7.577986664999969 ], [ 110.500514562000035, -7.578243164999947 ], [ 110.500551374000054, -7.578438351999978 ], [ 110.500580624000065, -7.578526914999941 ], [ 110.500608687000067, -7.578594539999926 ], [ 110.500673437000046, -7.578743851999945 ], [ 110.500781812000071, -7.57886822699993 ], [ 110.500870687000088, -7.578898351999953 ], [ 110.500933312000086, -7.578888726999935 ], [ 110.500993249000089, -7.578879601999972 ], [ 110.501171312000054, -7.578863039999931 ], [ 110.501268374000063, -7.578920664999941 ], [ 110.501275624000073, -7.578987601999927 ], [ 110.501269937000075, -7.57910235199995 ], [ 110.50125487400004, -7.579402351999931 ], [ 110.501329749000035, -7.579558101999964 ], [ 110.501407249000067, -7.579674414999943 ], [ 110.501485437000042, -7.579791726999929 ], [ 110.501612999000088, -7.580040851999968 ], [ 110.501658062000047, -7.580239726999935 ], [ 110.501625062000073, -7.580365976999929 ], [ 110.501571249000051, -7.580579976999957 ], [ 110.501622437000037, -7.580654226999968 ], [ 110.501680374000046, -7.580677351999952 ], [ 110.501709687000073, -7.580689101999951 ], [ 110.501907249000055, -7.580757914999936 ], [ 110.501970374000052, -7.580841226999951 ], [ 110.501994124000078, -7.580883289999974 ], [ 110.502025374000084, -7.580938789999948 ], [ 110.502077937000081, -7.58103178999994 ], [ 110.502142999000057, -7.581031664999955 ], [ 110.502201624000065, -7.580981039999926 ], [ 110.502220624000074, -7.58096685199996 ], [ 110.502270687000077, -7.580929476999927 ], [ 110.502355437000062, -7.580963664999956 ], [ 110.502450249000049, -7.581075914999929 ], [ 110.502572437000083, -7.581308914999966 ], [ 110.50257749900004, -7.581458976999954 ], [ 110.502539874000036, -7.581684414999927 ], [ 110.502524999000059, -7.58175741499997 ], [ 110.502484437000078, -7.581957414999977 ], [ 110.502542937000044, -7.582061101999955 ], [ 110.502584062000039, -7.582105851999927 ], [ 110.502744062000033, -7.582280039999944 ], [ 110.502733187000047, -7.582359789999941 ], [ 110.502705624000043, -7.582561851999969 ], [ 110.502782312000079, -7.582646289999957 ], [ 110.502940812000077, -7.582760226999937 ], [ 110.502974249000033, -7.58278428999995 ], [ 110.503058249000048, -7.582861414999968 ], [ 110.503100562000043, -7.582963226999937 ], [ 110.503150562000087, -7.583070976999977 ], [ 110.503152499000066, -7.583074601999954 ], [ 110.503204937000078, -7.58317335199996 ], [ 110.503389624000079, -7.583523851999928 ], [ 110.503518249000081, -7.583796476999964 ], [ 110.503564187000052, -7.584208351999962 ], [ 110.503597562000039, -7.584310789999961 ], [ 110.50371937400007, -7.584468851999929 ], [ 110.503858312000034, -7.584628539999926 ], [ 110.50400724900004, -7.584811164999962 ], [ 110.504199562000053, -7.585023851999949 ], [ 110.504327624000041, -7.585142789999963 ], [ 110.504459687000065, -7.585306039999978 ], [ 110.504508624000039, -7.585402539999961 ], [ 110.504551812000045, -7.585487601999944 ], [ 110.504556499000046, -7.585619726999937 ], [ 110.504555562000064, -7.585776476999968 ], [ 110.504550374000075, -7.585790289999977 ], [ 110.504487624000035, -7.585959976999959 ], [ 110.504337812000074, -7.586125226999968 ], [ 110.504068374000042, -7.586203164999972 ], [ 110.504039874000057, -7.586277914999926 ], [ 110.504077437000035, -7.586391914999979 ], [ 110.504103562000068, -7.586405101999958 ], [ 110.504201124000076, -7.586445601999969 ], [ 110.504340624000065, -7.586483851999958 ], [ 110.504663562000076, -7.586519976999966 ], [ 110.504790187000083, -7.586638601999937 ], [ 110.504865624000047, -7.586770289999947 ], [ 110.504902437000055, -7.586843039999962 ], [ 110.504934937000087, -7.587033789999964 ], [ 110.505173749000051, -7.587431539999955 ], [ 110.505386499000053, -7.58768503999994 ], [ 110.505415124000081, -7.58774853999995 ], [ 110.505418374000044, -7.587966789999939 ], [ 110.505373812000073, -7.588129351999953 ], [ 110.505325374000051, -7.588306226999975 ], [ 110.505361124000046, -7.588661039999977 ], [ 110.505449374000079, -7.588809726999955 ], [ 110.505623187000083, -7.588873601999978 ], [ 110.505638374000057, -7.588879414999951 ], [ 110.505746374000068, -7.589016664999974 ], [ 110.505957999000088, -7.589285539999935 ], [ 110.506081562000077, -7.589379726999937 ], [ 110.50620787400004, -7.589419289999967 ], [ 110.506352874000072, -7.589390726999966 ], [ 110.506487937000088, -7.589330851999932 ], [ 110.506518562000053, -7.589317664999953 ], [ 110.506595999000069, -7.589323226999966 ], [ 110.506714062000071, -7.589486976999979 ], [ 110.506762437000077, -7.589572289999978 ], [ 110.506772312000066, -7.589591101999929 ], [ 110.506792499000085, -7.589625789999957 ], [ 110.506785720921627, -7.589672564938691 ] ], [ [ 110.506784727010228, -7.58967942383608 ], [ 110.506782437000084, -7.589695226999936 ] ], [ [ 110.498017312000059, -7.574233726999978 ], [ 110.498047874000065, -7.574292414999945 ], [ 110.498251499000048, -7.574581101999968 ], [ 110.498539062000077, -7.574763476999976 ], [ 110.498602749000042, -7.574894851999943 ], [ 110.498625999000069, -7.575089476999949 ], [ 110.498627749000036, -7.575122476999979 ], [ 110.498664187000088, -7.575294914999972 ], [ 110.498681937000072, -7.575444539999978 ] ], [ [ 110.493966749000037, -7.568102789999955 ], [ 110.493965937000041, -7.568118351999942 ], [ 110.494057374000079, -7.568318851999948 ], [ 110.494101937000039, -7.568393601999958 ], [ 110.494376374000069, -7.568776039999932 ], [ 110.494518062000054, -7.569075289999944 ], [ 110.494523062000042, -7.569084226999962 ], [ 110.494602374000067, -7.56921697699994 ], [ 110.494604312000035, -7.569222289999971 ], [ 110.494650437000075, -7.569411289999948 ], [ 110.494737999000051, -7.569726851999974 ], [ 110.494805374000066, -7.569991039999934 ], [ 110.49481724900005, -7.570213476999982 ], [ 110.494768374000046, -7.570467664999967 ], [ 110.494733374000077, -7.570628789999944 ], [ 110.494839687000081, -7.570751789999974 ], [ 110.494938437000087, -7.570842726999956 ], [ 110.494981187000064, -7.570945101999939 ], [ 110.494933562000085, -7.571282414999928 ], [ 110.494922562000056, -7.571375351999961 ], [ 110.495023437000043, -7.571579164999946 ], [ 110.495218187000035, -7.571952789999955 ], [ 110.495482687000049, -7.57239872699995 ], [ 110.495695374000036, -7.57267266499997 ], [ 110.49580749900008, -7.572798164999938 ], [ 110.495844624000085, -7.572839726999973 ], [ 110.495855937000044, -7.572843976999934 ], [ 110.496179749000078, -7.57296703999998 ], [ 110.49631706200006, -7.573080789999949 ], [ 110.496434687000033, -7.573189914999944 ], [ 110.496704499000089, -7.573326289999954 ], [ 110.496780437000041, -7.573373414999935 ], [ 110.496831374000067, -7.573532039999975 ], [ 110.496876249000081, -7.573723726999958 ], [ 110.496966999000051, -7.573844726999937 ], [ 110.497037062000061, -7.573885726999947 ], [ 110.49709118700008, -7.573917351999967 ], [ 110.497123499000054, -7.573926601999972 ], [ 110.497467499000038, -7.573941976999947 ], [ 110.497529124000039, -7.573962039999969 ], [ 110.497558687000037, -7.574039226999957 ], [ 110.497622187000047, -7.574150976999931 ], [ 110.497694874000047, -7.574208476999956 ], [ 110.498017312000059, -7.574233726999978 ] ] ] } },
{ "type": "Feature", "properties": { "fid": 122, "NAMOBJ": null, "FCODE": null, "REMARK": "Alur Sungai", "METADATA": "2017; RBI KSP SK 24.4 2021", "SRS_ID": null, "ADATGL": 0.0, "DMAX": 0.0, "FNGAIR": 0.0, "JNSSNG": 0.0, "KLSSNG": 0.0, "LTKSGI": 0.0, "NAMWS": null, "STATUS": null, "UKRSGI": 0.0, "WMAX": 0.0, "DBTMXS": 0.0, "NAMDAS": null, "SHAPE_Leng": 0.0094549262265300003 }, "geometry": { "type": "MultiLineString", "coordinates": [ [ [ 110.504326187000061, -7.557257164999953 ], [ 110.504347624000047, -7.557324914999981 ], [ 110.504484937000086, -7.557443601999978 ], [ 110.504663437000033, -7.557509789999926 ], [ 110.504760999000041, -7.557542726999941 ], [ 110.50514443700007, -7.557516914999951 ], [ 110.505201124000052, -7.557513226999959 ] ], [ [ 110.496852749000084, -7.555125976999932 ], [ 110.496883374000049, -7.555125476999933 ], [ 110.497132374000046, -7.555069914999933 ], [ 110.497264312000084, -7.55504091499995 ], [ 110.497461937000082, -7.555041726999946 ], [ 110.497592999000062, -7.555081164999933 ], [ 110.497645749000071, -7.555105601999969 ], [ 110.497974999000064, -7.555109664999975 ], [ 110.498205374000065, -7.555106851999938 ], [ 110.49862412400006, -7.555101601999979 ], [ 110.498786437000035, -7.555096289999938 ], [ 110.498941187000071, -7.555081351999945 ], [ 110.49921712400004, -7.555064976999972 ], [ 110.499414437000041, -7.554996851999931 ], [ 110.49956631200007, -7.554957976999958 ], [ 110.499774062000085, -7.554958914999929 ], [ 110.5, -7.555075878999958 ], [ 110.500000254000042, -7.555076009999937 ], [ 110.500000303000036, -7.555076033999967 ], [ 110.500021999000069, -7.55508735199993 ], [ 110.500346124000089, -7.555258476999938 ], [ 110.500742499000069, -7.55542997699996 ], [ 110.50082074900007, -7.555445164999981 ], [ 110.500888562000057, -7.555455976999951 ], [ 110.501045874000056, -7.555480914999976 ], [ 110.50124899900004, -7.555531039999948 ], [ 110.501434937000056, -7.555558789999964 ], [ 110.501520624000079, -7.555571601999929 ], [ 110.501651312000035, -7.55569716499997 ], [ 110.501685562000034, -7.55577728999998 ], [ 110.501737874000071, -7.55589566499998 ], [ 110.501754812000058, -7.555931289999933 ], [ 110.501837312000077, -7.556035976999965 ], [ 110.501878937000072, -7.556122601999959 ], [ 110.501981374000081, -7.556146726999941 ], [ 110.502083562000053, -7.556170789999953 ], [ 110.50253106200006, -7.556148664999967 ], [ 110.502667187000043, -7.556150914999932 ], [ 110.502904249000039, -7.556279226999948 ], [ 110.503036687000076, -7.556349476999969 ], [ 110.503142749000062, -7.556400914999926 ], [ 110.503160312000034, -7.556407539999952 ], [ 110.503243124000051, -7.556435289999968 ], [ 110.503300249000063, -7.556449164999947 ], [ 110.503376874000082, -7.556484539999929 ], [ 110.503444749000039, -7.556529976999968 ], [ 110.503494124000042, -7.556559039999968 ], [ 110.50389212400006, -7.556636976999926 ], [ 110.503947874000062, -7.556673476999947 ], [ 110.504048374000035, -7.556840101999967 ], [ 110.50411106200005, -7.556867101999956 ], [ 110.504232624000053, -7.556875414999979 ], [ 110.504288124000084, -7.557010289999937 ], [ 110.504303437000033, -7.557089101999964 ], [ 110.504313749000062, -7.557160601999954 ], [ 110.504326187000061, -7.557257164999953 ] ] ] } },
{ "type": "Feature", "properties": { "fid": 123, "NAMOBJ": null, "FCODE": null, "REMARK": "Sungai Satu Garis", "METADATA": "2017; RBI KSP SK 24.4 2021", "SRS_ID": null, "ADATGL": 0.0, "DMAX": 0.0, "FNGAIR": 0.0, "JNSSNG": 0.0, "KLSSNG": 0.0, "LTKSGI": 0.0, "NAMWS": null, "STATUS": null, "UKRSGI": 0.0, "WMAX": 0.0, "DBTMXS": 0.0, "NAMDAS": null, "SHAPE_Leng": 0.005123621351484 }, "geometry": { "type": "MultiLineString", "coordinates": [ [ [ 110.511429062000047, -7.553980726999953 ], [ 110.51150281200006, -7.554070851999938 ], [ 110.511826062000068, -7.554511789999935 ], [ 110.51188724900004, -7.554671476999943 ], [ 110.511981624000043, -7.554917539999963 ], [ 110.512110187000076, -7.555245039999932 ], [ 110.512345124000035, -7.555811414999937 ], [ 110.512370062000059, -7.556079289999957 ], [ 110.512383937000038, -7.556574789999956 ], [ 110.51251774900004, -7.55676716499994 ], [ 110.512826874000041, -7.557098414999928 ], [ 110.513004187000035, -7.557220789999974 ], [ 110.513169312000059, -7.557246289999966 ], [ 110.513355687000058, -7.557246601999964 ], [ 110.513524312000072, -7.557246289999966 ], [ 110.513648562000071, -7.557248476999973 ], [ 110.513713812000049, -7.557257351999965 ], [ 110.513763124000036, -7.557285164999939 ], [ 110.513938062000079, -7.557435164999958 ], [ 110.51398662400004, -7.557553351999957 ], [ 110.513984249000089, -7.557639226999981 ], [ 110.513980437000043, -7.557819539999969 ] ] ] } },
{ "type": "Feature", "properties": { "fid": 124, "NAMOBJ": "Kali Celeng", "FCODE": null, "REMARK": "Alur Sungai", "METADATA": "2017; RBI KSP SK 24.4 2021", "SRS_ID": null, "ADATGL": 0.0, "DMAX": 0.0, "FNGAIR": 0.0, "JNSSNG": 0.0, "KLSSNG": 0.0, "LTKSGI": 0.0, "NAMWS": null, "STATUS": null, "UKRSGI": 0.0, "WMAX": 0.0, "DBTMXS": 0.0, "NAMDAS": null, "SHAPE_Leng": 0.001767696158831 }, "geometry": { "type": "MultiLineString", "coordinates": [ [ [ 110.50613237400006, -7.562671789999968 ], [ 110.506151874000068, -7.562691101999974 ], [ 110.506310749000079, -7.562874664999981 ], [ 110.506462124000052, -7.563062726999931 ], [ 110.506566749000058, -7.563196164999965 ], [ 110.506697874000054, -7.563390726999955 ], [ 110.506756812000049, -7.563562101999935 ], [ 110.506758999000056, -7.563574539999934 ], [ 110.506788499000038, -7.564017476999936 ], [ 110.506850687000053, -7.564222351999945 ] ] ] } },
{ "type": "Feature", "properties": { "fid": 125, "NAMOBJ": null, "FCODE": null, "REMARK": "Alur Sungai", "METADATA": "2017; RBI KSP SK 24.4 2021", "SRS_ID": null, "ADATGL": 0.0, "DMAX": 0.0, "FNGAIR": 0.0, "JNSSNG": 0.0, "KLSSNG": 0.0, "LTKSGI": 0.0, "NAMWS": null, "STATUS": null, "UKRSGI": 0.0, "WMAX": 0.0, "DBTMXS": 0.0, "NAMDAS": null, "SHAPE_Leng": 0.014885784130481 }, "geometry": { "type": "MultiLineString", "coordinates": [ [ [ 110.512351812000077, -7.567334976999973 ], [ 110.512380937000046, -7.567375664999929 ], [ 110.513056562000088, -7.568116539999949 ], [ 110.51315287400007, -7.568265976999953 ], [ 110.513351499000066, -7.568566664999935 ], [ 110.513639874000035, -7.568910351999932 ], [ 110.514049624000052, -7.569247539999935 ], [ 110.514348124000037, -7.569429414999945 ], [ 110.515001249000079, -7.569614101999946 ], [ 110.51534087400006, -7.569709539999963 ], [ 110.515651812000044, -7.569865039999968 ], [ 110.51630162400005, -7.570580414999938 ], [ 110.516672562000053, -7.570974664999937 ], [ 110.516942812000082, -7.571232351999981 ], [ 110.517274374000067, -7.57172110199997 ], [ 110.517470374000084, -7.571997476999968 ], [ 110.518082624000044, -7.572513289999961 ], [ 110.518466124000042, -7.572827226999948 ], [ 110.518688749000034, -7.573015476999956 ], [ 110.518950124000071, -7.573101914999938 ], [ 110.519062187000088, -7.573110664999945 ], [ 110.519365749000087, -7.573100476999969 ], [ 110.520056374000035, -7.573198851999962 ], [ 110.520202874000063, -7.573224664999941 ], [ 110.520801687000073, -7.573229914999956 ], [ 110.521322187000067, -7.57323453999993 ], [ 110.522732312000073, -7.573674101999927 ], [ 110.522944624000047, -7.573769851999941 ], [ 110.523123312000052, -7.573937101999945 ], [ 110.523246999000037, -7.57407853999996 ], [ 110.523470749000069, -7.574150914999962 ], [ 110.523808812000084, -7.574095664999959 ], [ 110.524123062000058, -7.57412022699998 ], [ 110.524169749000066, -7.574129476999929 ], [ 110.524294812000051, -7.574139976999959 ], [ 110.524617374000059, -7.574153039999942 ] ] ] } },
{ "type": "Feature", "properties": { "fid": 126, "NAMOBJ": null, "FCODE": null, "REMARK": "Alur Sungai", "METADATA": "2017; RBI KSP SK 24.4 2021", "SRS_ID": null, "ADATGL": 0.0, "DMAX": 0.0, "FNGAIR": 0.0, "JNSSNG": 0.0, "KLSSNG": 0.0, "LTKSGI": 0.0, "NAMWS": null, "STATUS": null, "UKRSGI": 0.0, "WMAX": 0.0, "DBTMXS": 0.0, "NAMDAS": null, "SHAPE_Leng": 0.0067712210839840003 }, "geometry": { "type": "MultiLineString", "coordinates": [ [ [ 110.503547874000049, -7.558652289999941 ], [ 110.50388087400006, -7.558632726999974 ], [ 110.504105562000063, -7.558621976999973 ], [ 110.504214562000072, -7.558606664999957 ], [ 110.504288999000039, -7.558574539999938 ], [ 110.504388624000057, -7.558534601999952 ], [ 110.504579062000062, -7.558452789999933 ], [ 110.504661187000067, -7.558399226999938 ], [ 110.504754624000043, -7.55832322699996 ], [ 110.504888062000077, -7.558133414999929 ], [ 110.505085062000035, -7.557898226999953 ], [ 110.505115999000054, -7.557861351999975 ], [ 110.505205812000042, -7.557697351999934 ], [ 110.505216874000041, -7.55753522699996 ], [ 110.505201124000052, -7.557513226999959 ] ], [ [ 110.499368937000042, -7.55742485199994 ], [ 110.499480812000058, -7.557502601999943 ], [ 110.499652874000049, -7.557595726999978 ], [ 110.499923374000048, -7.55772903999997 ], [ 110.5, -7.557777591999979 ], [ 110.500000259000046, -7.55777775599995 ], [ 110.500000294000074, -7.557777777999945 ], [ 110.500000316000069, -7.557777792999957 ], [ 110.500212874000056, -7.557912601999931 ], [ 110.50030274900007, -7.557956726999976 ], [ 110.50036487400007, -7.557979976999945 ], [ 110.500763437000046, -7.558026726999969 ], [ 110.501081562000081, -7.558088976999954 ], [ 110.501225249000072, -7.558140226999967 ], [ 110.501363687000037, -7.55819947699996 ], [ 110.501384312000084, -7.558204101999934 ], [ 110.501431874000048, -7.558218914999941 ], [ 110.501728187000083, -7.558311476999961 ], [ 110.50213799900007, -7.558384039999964 ], [ 110.502390562000073, -7.55845378999993 ], [ 110.502582499000084, -7.558541539999965 ], [ 110.502706999000054, -7.558598476999975 ], [ 110.502741124000067, -7.558614039999952 ], [ 110.503079124000067, -7.558775226999956 ], [ 110.503173312000058, -7.55882010199997 ], [ 110.503218812000057, -7.558837164999943 ], [ 110.503315812000039, -7.558809789999941 ], [ 110.503547874000049, -7.558652289999941 ] ] ] } },
{ "type": "Feature", "properties": { "fid": 127, "NAMOBJ": null, "FCODE": null, "REMARK": "Alur Sungai", "METADATA": "2017; RBI KSP SK 24.4 2021", "SRS_ID": null, "ADATGL": 0.0, "DMAX": 0.0, "FNGAIR": 0.0, "JNSSNG": 0.0, "KLSSNG": 0.0, "LTKSGI": 0.0, "NAMWS": null, "STATUS": null, "UKRSGI": 0.0, "WMAX": 0.0, "DBTMXS": 0.0, "NAMDAS": null, "SHAPE_Leng": 0.0090178673996770004 }, "geometry": { "type": "MultiLineString", "coordinates": [ [ [ 110.505191749000062, -7.557500664999964 ], [ 110.505201124000052, -7.557513226999959 ] ], [ [ 110.497334562000049, -7.553983226999947 ], [ 110.497507874000064, -7.554009914999938 ], [ 110.497674124000071, -7.554069539999944 ], [ 110.49794606200004, -7.554147164999961 ], [ 110.498233187000039, -7.554213164999965 ], [ 110.498566499000049, -7.554239289999941 ], [ 110.498945374000073, -7.554356476999942 ], [ 110.49922437400005, -7.554315476999932 ], [ 110.499416687000064, -7.55429135199995 ], [ 110.499652437000066, -7.554320976999975 ], [ 110.499815062000039, -7.554386976999979 ], [ 110.5, -7.554427783999927 ], [ 110.500000250000085, -7.55442783899997 ], [ 110.500000291000049, -7.554427847999932 ], [ 110.500000317000058, -7.554427852999936 ], [ 110.500207187000058, -7.554473476999931 ], [ 110.500357937000047, -7.554518039999948 ], [ 110.500536124000064, -7.554600164999954 ], [ 110.500908374000062, -7.554800476999958 ], [ 110.501254499000083, -7.554956164999965 ], [ 110.501368937000052, -7.555007601999932 ], [ 110.501435499000081, -7.555040351999935 ], [ 110.501735874000076, -7.555187976999946 ], [ 110.501920437000081, -7.55525210199994 ], [ 110.502063687000089, -7.555302351999956 ], [ 110.502145624000036, -7.555314664999969 ], [ 110.502376749000064, -7.555299851999962 ], [ 110.502521749000039, -7.555296789999943 ], [ 110.502907812000046, -7.55541547699994 ], [ 110.502937562000056, -7.555437164999944 ], [ 110.503058874000033, -7.555569039999966 ], [ 110.503197312000054, -7.555702664999956 ], [ 110.503430999000045, -7.555817101999935 ], [ 110.503688374000035, -7.555958726999961 ], [ 110.503767812000035, -7.556032164999976 ], [ 110.503855937000083, -7.556105039999977 ], [ 110.503903812000033, -7.556145164999975 ], [ 110.504004687000077, -7.556254351999939 ], [ 110.504094749000046, -7.556361851999952 ], [ 110.504270374000043, -7.556528726999943 ], [ 110.504384812000069, -7.556649101999938 ], [ 110.504521249000049, -7.556812914999966 ], [ 110.504576374000067, -7.556896539999968 ], [ 110.504697374000045, -7.55708003999996 ], [ 110.504903562000038, -7.557255851999969 ], [ 110.504918437000072, -7.557276914999932 ], [ 110.504957124000043, -7.557323164999957 ], [ 110.505035812000074, -7.557448976999979 ], [ 110.50510668700008, -7.557467851999945 ], [ 110.505158062000078, -7.55749960199995 ], [ 110.505164124000089, -7.557501101999947 ], [ 110.505191749000062, -7.557500664999964 ] ] ] } },
{ "type": "Feature", "properties": { "fid": 128, "NAMOBJ": null, "FCODE": null, "REMARK": "Alur Sungai", "METADATA": "2017; RBI KSP SK 24.4 2021", "SRS_ID": null, "ADATGL": 0.0, "DMAX": 0.0, "FNGAIR": 0.0, "JNSSNG": 0.0, "KLSSNG": 0.0, "LTKSGI": 0.0, "NAMWS": null, "STATUS": null, "UKRSGI": 0.0, "WMAX": 0.0, "DBTMXS": 0.0, "NAMDAS": null, "SHAPE_Leng": 0.0091574852945740005 }, "geometry": { "type": "MultiLineString", "coordinates": [ [ [ 110.500455374000069, -7.574585664999972 ], [ 110.500537749000046, -7.574767101999953 ], [ 110.500775312000087, -7.575046476999944 ], [ 110.500857312000051, -7.575154789999942 ], [ 110.500994687000059, -7.575438976999976 ], [ 110.501172374000078, -7.575699851999957 ], [ 110.501301312000066, -7.575934039999936 ], [ 110.501411187000087, -7.576219414999969 ], [ 110.501416874000085, -7.576234101999944 ], [ 110.501491374000068, -7.576622476999944 ], [ 110.501536999000052, -7.576811914999951 ], [ 110.501555062000079, -7.576886976999958 ], [ 110.501751874000036, -7.577350539999941 ], [ 110.501879062000057, -7.577484851999941 ], [ 110.502193999000042, -7.57776916499995 ], [ 110.502281437000079, -7.577953101999981 ], [ 110.502551874000062, -7.578434414999947 ], [ 110.502594249000083, -7.578503789999957 ], [ 110.502752187000056, -7.578825539999968 ], [ 110.502906249000034, -7.579211789999931 ], [ 110.502977499000053, -7.579393101999926 ], [ 110.503044562000071, -7.579558414999951 ], [ 110.503293749000079, -7.579999414999975 ], [ 110.503350062000038, -7.580140976999928 ], [ 110.503478499000039, -7.580427914999973 ], [ 110.50372006200007, -7.580943476999948 ], [ 110.503784874000075, -7.581018851999943 ], [ 110.503929062000054, -7.581122476999951 ], [ 110.50426056200007, -7.581333664999931 ], [ 110.504412437000042, -7.58151460199997 ], [ 110.504774124000051, -7.581978726999978 ], [ 110.504809937000061, -7.582015976999969 ], [ 110.504897499000037, -7.582116601999928 ], [ 110.505045812000048, -7.582287101999952 ], [ 110.505046499000059, -7.582291539999972 ], [ 110.505053687000043, -7.582307789999959 ] ] ] } },
{ "type": "Feature", "properties": { "fid": 129, "NAMOBJ": "Kali Krasak", "FCODE": null, "REMARK": "Alur Sungai", "METADATA": "2017; RBI KSP SK 24.4 2021", "SRS_ID": null, "ADATGL": 0.0, "DMAX": 0.0, "FNGAIR": 0.0, "JNSSNG": 0.0, "KLSSNG": 0.0, "LTKSGI": 0.0, "NAMWS": null, "STATUS": null, "UKRSGI": 0.0, "WMAX": 0.0, "DBTMXS": 0.0, "NAMDAS": null, "SHAPE_Leng": 0.010325785704250001 }, "geometry": { "type": "MultiLineString", "coordinates": [ [ [ 110.500652062000086, -7.581340101999956 ], [ 110.500757187000033, -7.581448789999968 ], [ 110.500898124000059, -7.581593289999944 ], [ 110.500964874000033, -7.581748476999962 ], [ 110.501007562000041, -7.582154164999963 ], [ 110.501074874000039, -7.582473664999952 ], [ 110.501402812000038, -7.583511289999933 ], [ 110.501635874000044, -7.58385678999997 ], [ 110.501730499000075, -7.584065851999981 ], [ 110.501776687000074, -7.584175789999961 ], [ 110.501781937000032, -7.584187976999942 ], [ 110.501828749000083, -7.584484101999976 ], [ 110.501835124000081, -7.584553601999971 ], [ 110.501917687000059, -7.584752414999969 ], [ 110.502042312000071, -7.585013101999948 ], [ 110.502174374000049, -7.585216601999946 ], [ 110.502401687000088, -7.58556785199994 ], [ 110.502497937000044, -7.585831476999942 ], [ 110.502553999000042, -7.585954289999961 ], [ 110.502651999000079, -7.586092539999981 ], [ 110.502694687000087, -7.586201101999961 ], [ 110.502758562000054, -7.58634785199996 ], [ 110.502768312000057, -7.586371164999946 ], [ 110.502901749000046, -7.586706039999967 ], [ 110.502945749000048, -7.586807539999938 ], [ 110.502982687000042, -7.58686328999994 ], [ 110.503077374000043, -7.586959164999939 ] ], [ [ 110.503077374000043, -7.586959164999939 ], [ 110.503284374000089, -7.587059039999929 ], [ 110.503477374000056, -7.587146789999963 ], [ 110.50377493700006, -7.587511851999977 ], [ 110.503973312000085, -7.587942664999957 ], [ 110.503997624000078, -7.588089851999939 ], [ 110.503990937000083, -7.588165789999948 ], [ 110.503988249000088, -7.588205039999934 ], [ 110.503994687000045, -7.58840666499998 ], [ 110.503992249000078, -7.588503039999978 ], [ 110.504060124000034, -7.588587539999935 ], [ 110.504232124000055, -7.588665164999952 ], [ 110.504241249000074, -7.588669164999942 ], [ 110.504307937000078, -7.588698289999968 ], [ 110.504657062000035, -7.589150664999977 ], [ 110.504747437000049, -7.589229539999963 ], [ 110.504773687000068, -7.589253664999944 ], [ 110.504820874000075, -7.589349789999972 ], [ 110.504858374000037, -7.589390039999955 ], [ 110.50507037400007, -7.589601664999975 ], [ 110.505091624000045, -7.589649601999952 ], [ 110.505127749000053, -7.589734539999938 ], [ 110.505171874000041, -7.58981022699993 ], [ 110.505240374000039, -7.589869914999952 ], [ 110.505264749000048, -7.589884164999944 ], [ 110.505478999000047, -7.589987414999939 ] ] ] } },
{ "type": "Feature", "properties": { "fid": 130, "NAMOBJ": null, "FCODE": null, "REMARK": "Alur Sungai", "METADATA": null, "SRS_ID": null, "ADATGL": 0.0, "DMAX": 0.0, "FNGAIR": 0.0, "JNSSNG": 0.0, "KLSSNG": 0.0, "LTKSGI": 0.0, "NAMWS": null, "STATUS": null, "UKRSGI": 0.0, "WMAX": 0.0, "DBTMXS": 0.0, "NAMDAS": null, "SHAPE_Leng": 0.0014722628788 }, "geometry": { "type": "MultiLineString", "coordinates": [ [ [ 110.481157374000077, -7.558532039999932 ], [ 110.481228687000055, -7.558584664999955 ], [ 110.481537312000057, -7.55876272699993 ], [ 110.481780624000066, -7.558945101999939 ], [ 110.481846749000056, -7.559008414999937 ], [ 110.481872187000079, -7.559033351999972 ], [ 110.482009624000057, -7.559168039999975 ], [ 110.482090687000039, -7.559193039999968 ], [ 110.482343937000053, -7.559191164999959 ], [ 110.482409499000084, -7.559190789999946 ] ] ] } },
{ "type": "Feature", "properties": { "fid": 131, "NAMOBJ": null, "FCODE": null, "REMARK": "Alur Sungai", "METADATA": null, "SRS_ID": null, "ADATGL": 0.0, "DMAX": 0.0, "FNGAIR": 0.0, "JNSSNG": 0.0, "KLSSNG": 0.0, "LTKSGI": 0.0, "NAMWS": null, "STATUS": null, "UKRSGI": 0.0, "WMAX": 0.0, "DBTMXS": 0.0, "NAMDAS": null, "SHAPE_Leng": 0.0031610855733090002 }, "geometry": { "type": "MultiLineString", "coordinates": [ [ [ 110.477076749000048, -7.554086914999971 ], [ 110.477154874000064, -7.554111226999964 ], [ 110.477171812000051, -7.554114539999944 ], [ 110.477298124000072, -7.554134414999965 ], [ 110.477505937000046, -7.554176539999958 ], [ 110.477662687000077, -7.554190851999977 ], [ 110.477678937000064, -7.554189539999925 ], [ 110.477811187000043, -7.554171039999972 ], [ 110.477931312000067, -7.554172414999925 ], [ 110.477994437000063, -7.554191851999974 ], [ 110.478299124000046, -7.554301976999966 ], [ 110.478312374000041, -7.554306789999941 ], [ 110.478448499000081, -7.55432297699997 ], [ 110.478685812000037, -7.554372851999972 ], [ 110.478798062000067, -7.554456226999946 ], [ 110.478917999000089, -7.554515226999968 ], [ 110.479110374000072, -7.554521164999926 ], [ 110.479126749000045, -7.554521101999967 ], [ 110.479260937000049, -7.554502039999932 ], [ 110.479331187000071, -7.554492039999957 ], [ 110.47947324900008, -7.55448047699997 ], [ 110.479613999000037, -7.55455272699993 ], [ 110.479662187000088, -7.554571351999925 ], [ 110.479781062000086, -7.554607851999947 ], [ 110.479829312000049, -7.554610539999942 ], [ 110.479844062000041, -7.554609101999972 ], [ 110.479953374000047, -7.554598789999943 ], [ 110.480124749000083, -7.554618414999936 ] ] ] } },
{ "type": "Feature", "properties": { "fid": 132, "NAMOBJ": null, "FCODE": null, "REMARK": "Alur Sungai", "METADATA": null, "SRS_ID": null, "ADATGL": 0.0, "DMAX": 0.0, "FNGAIR": 0.0, "JNSSNG": 0.0, "KLSSNG": 0.0, "LTKSGI": 0.0, "NAMWS": null, "STATUS": null, "UKRSGI": 0.0, "WMAX": 0.0, "DBTMXS": 0.0, "NAMDAS": null, "SHAPE_Leng": 0.0059886850697060002 }, "geometry": { "type": "MultiLineString", "coordinates": [ [ [ 110.492628937000063, -7.56079972699996 ], [ 110.492648999000039, -7.560810789999948 ], [ 110.492659874000083, -7.560817414999974 ], [ 110.492754687000058, -7.560913851999942 ], [ 110.492847249000079, -7.561018039999965 ], [ 110.492877124000074, -7.561046351999948 ], [ 110.492918562000057, -7.561078476999967 ], [ 110.493054624000081, -7.561173664999956 ], [ 110.493274124000038, -7.561369726999942 ], [ 110.493389312000033, -7.561471789999928 ], [ 110.493582062000087, -7.561713476999955 ], [ 110.493891999000084, -7.56193322699994 ], [ 110.493907312000033, -7.561940414999981 ], [ 110.494263999000054, -7.562119664999955 ], [ 110.494343624000066, -7.562179789999959 ], [ 110.494595124000057, -7.562401164999926 ], [ 110.494664749000037, -7.562549789999935 ], [ 110.494783312000038, -7.562799789999929 ], [ 110.495045749000042, -7.563128164999966 ], [ 110.495180874000084, -7.563286226999935 ], [ 110.495181312000057, -7.563286726999934 ], [ 110.495584187000077, -7.563758101999952 ], [ 110.495675124000059, -7.563816539999948 ], [ 110.495893187000036, -7.56401597699994 ], [ 110.496007999000085, -7.564180289999967 ], [ 110.496067624000034, -7.564344164999966 ], [ 110.496106749000035, -7.564499289999958 ], [ 110.496172124000054, -7.564820726999926 ], [ 110.496202124000035, -7.564841976999958 ], [ 110.496293999000045, -7.564897414999962 ], [ 110.496338124000033, -7.564955101999942 ], [ 110.49638131200004, -7.565006976999939 ], [ 110.496510124000054, -7.565146726999956 ] ] ] } },
{ "type": "Feature", "properties": { "fid": 133, "NAMOBJ": null, "FCODE": null, "REMARK": "Alur Sungai", "METADATA": null, "SRS_ID": null, "ADATGL": 0.0, "DMAX": 0.0, "FNGAIR": 0.0, "JNSSNG": 0.0, "KLSSNG": 0.0, "LTKSGI": 0.0, "NAMWS": null, "STATUS": null, "UKRSGI": 0.0, "WMAX": 0.0, "DBTMXS": 0.0, "NAMDAS": null, "SHAPE_Leng": 0.0011189436105079999 }, "geometry": { "type": "MultiLineString", "coordinates": [ [ [ 110.480574437000087, -7.557634914999937 ], [ 110.480581749000066, -7.557634914999937 ], [ 110.480669187000046, -7.557729351999967 ], [ 110.480716812000082, -7.557811664999974 ], [ 110.480790374000037, -7.557874726999955 ], [ 110.480885249000039, -7.557996289999949 ], [ 110.481024749000085, -7.558151601999953 ], [ 110.481128624000064, -7.558276039999953 ], [ 110.481161187000055, -7.558324976999927 ], [ 110.481157374000077, -7.558532039999932 ] ] ] } },
{ "type": "Feature", "properties": { "fid": 134, "NAMOBJ": null, "FCODE": null, "REMARK": "Alur Sungai", "METADATA": null, "SRS_ID": null, "ADATGL": 0.0, "DMAX": 0.0, "FNGAIR": 0.0, "JNSSNG": 0.0, "KLSSNG": 0.0, "LTKSGI": 0.0, "NAMWS": null, "STATUS": null, "UKRSGI": 0.0, "WMAX": 0.0, "DBTMXS": 0.0, "NAMDAS": null, "SHAPE_Leng": 0.00039014149204399999 }, "geometry": { "type": "MultiLineString", "coordinates": [ [ [ 110.496799062000036, -7.559169414999928 ], [ 110.496847124000055, -7.559369414999935 ], [ 110.496852624000041, -7.559501914999942 ], [ 110.496853249000083, -7.55950428999995 ], [ 110.496899374000066, -7.559521914999948 ] ] ] } },
{ "type": "Feature", "properties": { "fid": 135, "NAMOBJ": null, "FCODE": null, "REMARK": "Alur Sungai", "METADATA": null, "SRS_ID": null, "ADATGL": 0.0, "DMAX": 0.0, "FNGAIR": 0.0, "JNSSNG": 0.0, "KLSSNG": 0.0, "LTKSGI": 0.0, "NAMWS": null, "STATUS": null, "UKRSGI": 0.0, "WMAX": 0.0, "DBTMXS": 0.0, "NAMDAS": null, "SHAPE_Leng": 0.0062260985968390003 }, "geometry": { "type": "MultiLineString", "coordinates": [ [ [ 110.48447199900005, -7.564086539999948 ], [ 110.484507687000075, -7.564113789999965 ], [ 110.48458706200006, -7.56422360199997 ], [ 110.484706187000086, -7.564435414999934 ], [ 110.48478768700005, -7.564580101999979 ], [ 110.484816687000034, -7.564615101999948 ], [ 110.485115624000059, -7.564979414999925 ], [ 110.485361999000077, -7.565213976999928 ], [ 110.485690124000087, -7.565458039999953 ], [ 110.48600699900004, -7.565654851999966 ], [ 110.486172687000078, -7.565788539999971 ], [ 110.486279749000062, -7.565871226999946 ], [ 110.486349437000058, -7.565883664999944 ], [ 110.486538874000075, -7.565937039999937 ], [ 110.486647249000043, -7.566032789999952 ], [ 110.486781874000087, -7.566234101999953 ], [ 110.486832187000061, -7.566292789999977 ], [ 110.486890874000039, -7.566361101999973 ], [ 110.48711981200006, -7.566594664999968 ], [ 110.487282687000061, -7.566881601999967 ], [ 110.487385374000041, -7.567182289999948 ], [ 110.487417687000061, -7.567281476999938 ], [ 110.487454874000036, -7.567486789999975 ], [ 110.487484062000078, -7.567750289999935 ], [ 110.487579999000047, -7.567996664999953 ], [ 110.487724687000082, -7.568383789999928 ], [ 110.487734187000058, -7.568415539999933 ], [ 110.487814499000081, -7.568634539999948 ], [ 110.487830062000057, -7.568883851999942 ], [ 110.487817187000076, -7.568963976999953 ] ] ] } },
{ "type": "Feature", "properties": { "fid": 136, "NAMOBJ": null, "FCODE": null, "REMARK": "Alur Sungai", "METADATA": null, "SRS_ID": null, "ADATGL": 0.0, "DMAX": 0.0, "FNGAIR": 0.0, "JNSSNG": 0.0, "KLSSNG": 0.0, "LTKSGI": 0.0, "NAMWS": null, "STATUS": null, "UKRSGI": 0.0, "WMAX": 0.0, "DBTMXS": 0.0, "NAMDAS": null, "SHAPE_Leng": 0.004958159052803 }, "geometry": { "type": "MultiLineString", "coordinates": [ [ [ 110.492749437000043, -7.556894726999928 ], [ 110.493162562000066, -7.557092101999956 ], [ 110.493284562000042, -7.557186476999959 ], [ 110.493389687000047, -7.557279789999939 ], [ 110.493807562000086, -7.557287851999945 ], [ 110.494004687000086, -7.557303351999963 ], [ 110.494357249000075, -7.557513976999928 ], [ 110.49448981200004, -7.557589351999979 ], [ 110.494642749000036, -7.557642664999946 ], [ 110.494880499000033, -7.557725726999934 ], [ 110.495025937000037, -7.557768601999953 ], [ 110.495131437000055, -7.557783226999959 ], [ 110.495184874000074, -7.557821414999978 ], [ 110.495506937000073, -7.558123101999968 ], [ 110.495655562000081, -7.558291289999943 ], [ 110.495747437000034, -7.558434039999952 ], [ 110.495903937000037, -7.55869447699996 ], [ 110.495988062000038, -7.558872476999966 ], [ 110.496036999000069, -7.558943789999944 ], [ 110.496167999000079, -7.558980976999976 ], [ 110.496224874000063, -7.55899941499996 ], [ 110.496360499000048, -7.559008226999936 ], [ 110.49654462400008, -7.559007476999966 ], [ 110.49664731200005, -7.559004914999946 ], [ 110.496663124000065, -7.559007226999938 ], [ 110.496666374000085, -7.559064164999938 ], [ 110.49666512400006, -7.559070726999948 ], [ 110.496744874000058, -7.559115539999937 ], [ 110.496799062000036, -7.559169414999928 ] ] ] } },
{ "type": "Feature", "properties": { "fid": 137, "NAMOBJ": null, "FCODE": null, "REMARK": "Alur Sungai", "METADATA": null, "SRS_ID": null, "ADATGL": 0.0, "DMAX": 0.0, "FNGAIR": 0.0, "JNSSNG": 0.0, "KLSSNG": 0.0, "LTKSGI": 0.0, "NAMWS": null, "STATUS": null, "UKRSGI": 0.0, "WMAX": 0.0, "DBTMXS": 0.0, "NAMDAS": null, "SHAPE_Leng": 0.0026128375973770001 }, "geometry": { "type": "MultiLineString", "coordinates": [ [ [ 110.497920062000048, -7.564065351999943 ], [ 110.497992624000062, -7.564071289999958 ], [ 110.498241187000076, -7.564162851999981 ], [ 110.498262749000048, -7.564171101999932 ], [ 110.498470687000065, -7.564263289999928 ], [ 110.498479062000058, -7.56426816499993 ], [ 110.498752374000048, -7.564497851999931 ], [ 110.498838499000044, -7.564649289999977 ], [ 110.498877749000087, -7.564876851999941 ], [ 110.499011187000065, -7.565191101999972 ], [ 110.499141124000062, -7.56536835199995 ], [ 110.499147124000046, -7.565371039999945 ], [ 110.499326624000048, -7.565542726999979 ], [ 110.499463749000085, -7.565653726999926 ], [ 110.49963056200005, -7.565758726999945 ], [ 110.499682499000073, -7.565794539999956 ] ] ] } },
{ "type": "Feature", "properties": { "fid": 138, "NAMOBJ": null, "FCODE": null, "REMARK": "Alur Sungai", "METADATA": null, "SRS_ID": null, "ADATGL": 0.0, "DMAX": 0.0, "FNGAIR": 0.0, "JNSSNG": 0.0, "KLSSNG": 0.0, "LTKSGI": 0.0, "NAMWS": null, "STATUS": null, "UKRSGI": 0.0, "WMAX": 0.0, "DBTMXS": 0.0, "NAMDAS": null, "SHAPE_Leng": 0.0024160620841419999 }, "geometry": { "type": "MultiLineString", "coordinates": [ [ [ 110.494655874000046, -7.563949414999968 ], [ 110.494736499000055, -7.564004226999941 ], [ 110.494943249000073, -7.564312289999975 ], [ 110.495107937000057, -7.564585164999926 ], [ 110.495182874000079, -7.564691726999968 ], [ 110.495486062000055, -7.564934914999981 ], [ 110.495497812000053, -7.564945726999952 ], [ 110.495769687000063, -7.565117726999972 ], [ 110.496018499000058, -7.565202789999944 ], [ 110.496197812000048, -7.565230164999946 ], [ 110.496285562000082, -7.565231726999968 ], [ 110.496510124000054, -7.565146726999956 ] ] ] } },
{ "type": "Feature", "properties": { "fid": 139, "NAMOBJ": null, "FCODE": null, "REMARK": "Alur Sungai", "METADATA": null, "SRS_ID": null, "ADATGL": 0.0, "DMAX": 0.0, "FNGAIR": 0.0, "JNSSNG": 0.0, "KLSSNG": 0.0, "LTKSGI": 0.0, "NAMWS": null, "STATUS": null, "UKRSGI": 0.0, "WMAX": 0.0, "DBTMXS": 0.0, "NAMDAS": null, "SHAPE_Leng": 0.0028112997884020001 }, "geometry": { "type": "MultiLineString", "coordinates": [ [ [ 110.49875068700004, -7.563375539999981 ], [ 110.498757812000065, -7.563406726999972 ], [ 110.498826499000074, -7.563443664999966 ], [ 110.498949374000063, -7.56356735199995 ], [ 110.49919974900007, -7.563876289999939 ], [ 110.499331374000064, -7.564293414999952 ], [ 110.499470937000069, -7.564376476999939 ], [ 110.499612687000081, -7.564480164999964 ], [ 110.499672687000043, -7.564573476999954 ], [ 110.499791187000085, -7.565081726999949 ], [ 110.499756124000044, -7.565315226999928 ], [ 110.499707749000038, -7.565620039999942 ], [ 110.499682499000073, -7.565794539999956 ] ] ] } },
{ "type": "Feature", "properties": { "fid": 140, "NAMOBJ": null, "FCODE": null, "REMARK": "Alur Sungai", "METADATA": null, "SRS_ID": null, "ADATGL": 0.0, "DMAX": 0.0, "FNGAIR": 0.0, "JNSSNG": 0.0, "KLSSNG": 0.0, "LTKSGI": 0.0, "NAMWS": null, "STATUS": null, "UKRSGI": 0.0, "WMAX": 0.0, "DBTMXS": 0.0, "NAMDAS": null, "SHAPE_Leng": 0.002129041279916 }, "geometry": { "type": "MultiLineString", "coordinates": [ [ [ 110.493999937000069, -7.554054164999968 ], [ 110.494135687000039, -7.554100851999976 ], [ 110.494173562000071, -7.554113789999974 ], [ 110.494409562000044, -7.554169164999962 ], [ 110.494422999000051, -7.554170664999958 ], [ 110.494703499000082, -7.554199289999929 ], [ 110.494847562000075, -7.55418753999993 ], [ 110.495096187000058, -7.554154601999926 ], [ 110.495185749000086, -7.55415378999993 ], [ 110.495325187000049, -7.554125726999928 ], [ 110.495534687000088, -7.554023226999959 ], [ 110.495653999000069, -7.553939851999928 ], [ 110.495748312000046, -7.553873976999967 ], [ 110.495856937000042, -7.553792476999945 ], [ 110.495873062000044, -7.553750039999954 ], [ 110.495896874000039, -7.553647351999928 ] ] ] } },
{ "type": "Feature", "properties": { "fid": 141, "NAMOBJ": null, "FCODE": null, "REMARK": "Alur Sungai", "METADATA": null, "SRS_ID": null, "ADATGL": 0.0, "DMAX": 0.0, "FNGAIR": 0.0, "JNSSNG": 0.0, "KLSSNG": 0.0, "LTKSGI": 0.0, "NAMWS": null, "STATUS": null, "UKRSGI": 0.0, "WMAX": 0.0, "DBTMXS": 0.0, "NAMDAS": null, "SHAPE_Leng": 0.0046127551688960001 }, "geometry": { "type": "MultiLineString", "coordinates": [ [ [ 110.495391999000049, -7.560522351999964 ], [ 110.495465562000049, -7.560587039999973 ], [ 110.495510437000064, -7.560600226999952 ], [ 110.495645249000063, -7.560655851999968 ], [ 110.495745249000038, -7.560692789999962 ], [ 110.496221312000046, -7.560867539999947 ], [ 110.496238187000074, -7.560882851999963 ], [ 110.496458937000057, -7.561044539999955 ], [ 110.496570187000088, -7.561069664999934 ], [ 110.496690499000067, -7.561103289999949 ], [ 110.496963437000034, -7.561329539999974 ], [ 110.496992499000044, -7.561360226999966 ], [ 110.49722624900005, -7.561665351999977 ], [ 110.49751737400004, -7.561918726999977 ], [ 110.497856124000066, -7.562196226999959 ], [ 110.497946687000081, -7.562247726999942 ], [ 110.498249687000055, -7.562389789999941 ], [ 110.498292937000087, -7.562421039999947 ], [ 110.498380874000077, -7.562511539999946 ], [ 110.49842699900006, -7.562558976999981 ], [ 110.498516624000047, -7.562692226999957 ], [ 110.498660812000082, -7.563077851999935 ], [ 110.498698312000045, -7.563180289999934 ], [ 110.49875068700004, -7.563375539999981 ] ] ] } },
{ "type": "Feature", "properties": { "fid": 142, "NAMOBJ": null, "FCODE": null, "REMARK": "Alur Sungai", "METADATA": null, "SRS_ID": null, "ADATGL": 0.0, "DMAX": 0.0, "FNGAIR": 0.0, "JNSSNG": 0.0, "KLSSNG": 0.0, "LTKSGI": 0.0, "NAMWS": null, "STATUS": null, "UKRSGI": 0.0, "WMAX": 0.0, "DBTMXS": 0.0, "NAMDAS": null, "SHAPE_Leng": 0.0042151585302380003 }, "geometry": { "type": "MultiLineString", "coordinates": [ [ [ 110.482330437000087, -7.560210414999972 ], [ 110.482357999000044, -7.560243539999931 ], [ 110.482449124000084, -7.560303914999963 ], [ 110.482631999000034, -7.560410351999963 ], [ 110.482776062000084, -7.560617914999966 ], [ 110.48290324900006, -7.560774476999939 ], [ 110.483038437000062, -7.560846539999943 ], [ 110.483120687000053, -7.561033164999969 ], [ 110.48321168700005, -7.561247226999967 ], [ 110.48330074900008, -7.561327164999966 ], [ 110.483675187000074, -7.561596476999966 ], [ 110.483686249000073, -7.561609539999949 ], [ 110.48385787400008, -7.561828789999936 ], [ 110.483935374000055, -7.561851664999949 ], [ 110.484159999000042, -7.561906976999978 ], [ 110.484360562000063, -7.562014476999934 ], [ 110.484498812000083, -7.562088539999934 ], [ 110.484510312000054, -7.562097539999968 ], [ 110.484602562000077, -7.562208914999928 ], [ 110.484701937000068, -7.562397476999934 ], [ 110.484709562000035, -7.562407226999937 ], [ 110.484848937000038, -7.562540414999944 ], [ 110.485045624000065, -7.562621914999966 ], [ 110.485300187000064, -7.562677164999968 ], [ 110.485476937000044, -7.562629226999945 ] ] ] } },
{ "type": "Feature", "properties": { "fid": 143, "NAMOBJ": null, "FCODE": null, "REMARK": "Alur Sungai", "METADATA": null, "SRS_ID": null, "ADATGL": 0.0, "DMAX": 0.0, "FNGAIR": 0.0, "JNSSNG": 0.0, "KLSSNG": 0.0, "LTKSGI": 0.0, "NAMWS": null, "STATUS": null, "UKRSGI": 0.0, "WMAX": 0.0, "DBTMXS": 0.0, "NAMDAS": null, "SHAPE_Leng": 0.0028581125810430001 }, "geometry": { "type": "MultiLineString", "coordinates": [ [ [ 110.487183624000068, -7.555725851999966 ], [ 110.487212062000083, -7.555784289999963 ], [ 110.487346499000068, -7.555875101999959 ], [ 110.487741312000082, -7.556015976999959 ], [ 110.487925874000041, -7.556054351999933 ], [ 110.488142749000076, -7.555994289999944 ], [ 110.488166187000047, -7.555975351999962 ], [ 110.488192999000034, -7.55599153999998 ], [ 110.48821087400006, -7.555997914999978 ], [ 110.488326874000052, -7.556166101999963 ], [ 110.488437249000071, -7.556308539999975 ], [ 110.488550562000057, -7.556417101999955 ], [ 110.488651499000071, -7.556545851999942 ], [ 110.488775437000072, -7.556689976999962 ], [ 110.488909812000088, -7.556867289999957 ], [ 110.488945812000054, -7.556991351999955 ], [ 110.48894662400005, -7.55699403999995 ], [ 110.488929312000039, -7.557120601999941 ], [ 110.488968624000051, -7.557218664999937 ], [ 110.488954124000088, -7.557275414999935 ], [ 110.48894518700007, -7.557327914999973 ], [ 110.488852249000047, -7.557408351999925 ] ] ] } },
{ "type": "Feature", "properties": { "fid": 144, "NAMOBJ": null, "FCODE": null, "REMARK": "Alur Sungai", "METADATA": null, "SRS_ID": null, "ADATGL": 0.0, "DMAX": 0.0, "FNGAIR": 0.0, "JNSSNG": 0.0, "KLSSNG": 0.0, "LTKSGI": 0.0, "NAMWS": null, "STATUS": null, "UKRSGI": 0.0, "WMAX": 0.0, "DBTMXS": 0.0, "NAMDAS": null, "SHAPE_Leng": 0.010070411497396001 }, "geometry": { "type": "MultiLineString", "coordinates": [ [ [ 110.490311687000087, -7.553763789999948 ], [ 110.490399999000033, -7.55381085199997 ], [ 110.490700687000071, -7.554040976999943 ], [ 110.491125874000033, -7.554185476999976 ], [ 110.491352187000075, -7.554219664999948 ], [ 110.491645812000058, -7.554285664999952 ], [ 110.491660312000079, -7.554293039999948 ], [ 110.491712374000087, -7.554361601999972 ], [ 110.491718312000046, -7.554469101999928 ], [ 110.491754624000066, -7.554838289999964 ], [ 110.49197743700006, -7.555082914999957 ], [ 110.492199812000081, -7.555164601999934 ], [ 110.492492437000067, -7.555242289999967 ], [ 110.493028499000047, -7.555325164999942 ], [ 110.493277374000058, -7.555341039999973 ], [ 110.493465374000039, -7.555361976999961 ], [ 110.49348406200005, -7.555373789999976 ], [ 110.493637374000059, -7.555470851999928 ], [ 110.493624312000065, -7.555485851999947 ], [ 110.493652562000079, -7.555540601999951 ], [ 110.493738249000046, -7.555579101999967 ], [ 110.493987749000041, -7.555683664999947 ], [ 110.494131687000049, -7.555727664999949 ], [ 110.494375437000087, -7.555748101999939 ], [ 110.494502562000037, -7.555778101999977 ], [ 110.494584374000056, -7.555852414999947 ], [ 110.494687312000053, -7.555918476999977 ], [ 110.494862999000077, -7.556013476999965 ], [ 110.494975499000077, -7.556140539999944 ], [ 110.495370437000076, -7.556420976999959 ], [ 110.495607187000076, -7.556610164999938 ], [ 110.495832437000047, -7.556961164999962 ], [ 110.495780374000049, -7.557275914999934 ], [ 110.495830249000051, -7.557392539999967 ], [ 110.495845812000084, -7.557401226999957 ], [ 110.495951312000045, -7.557414351999967 ], [ 110.496116624000081, -7.557375539999953 ], [ 110.496210874000042, -7.557298164999963 ], [ 110.496308812000052, -7.557230539999978 ], [ 110.496372874000087, -7.557250976999967 ], [ 110.496416812000064, -7.557328039999959 ], [ 110.496458249000057, -7.55745460199995 ], [ 110.496475187000044, -7.557599164999942 ], [ 110.496453999000039, -7.557831539999938 ], [ 110.496449999000049, -7.557875476999925 ], [ 110.49647199900005, -7.558112101999939 ], [ 110.496551312000065, -7.558221289999949 ], [ 110.496730312000068, -7.558387101999926 ], [ 110.496908687000087, -7.558539414999927 ], [ 110.496933062000039, -7.558708976999981 ], [ 110.496907499000088, -7.558895914999937 ], [ 110.496799062000036, -7.559169414999928 ] ] ] } },
{ "type": "Feature", "properties": { "fid": 145, "NAMOBJ": null, "FCODE": null, "REMARK": "Alur Sungai", "METADATA": null, "SRS_ID": null, "ADATGL": 0.0, "DMAX": 0.0, "FNGAIR": 0.0, "JNSSNG": 0.0, "KLSSNG": 0.0, "LTKSGI": 0.0, "NAMWS": null, "STATUS": null, "UKRSGI": 0.0, "WMAX": 0.0, "DBTMXS": 0.0, "NAMDAS": null, "SHAPE_Leng": 0.0045193646664830004 }, "geometry": { "type": "MultiLineString", "coordinates": [ [ [ 110.48313881200005, -7.553466101999959 ], [ 110.483196937000059, -7.553494476999958 ], [ 110.483285499000033, -7.553574726999955 ], [ 110.483329624000078, -7.553598726999951 ], [ 110.483421499000087, -7.553631351999968 ], [ 110.48352643700008, -7.553703914999971 ], [ 110.483610187000068, -7.553792476999945 ], [ 110.483636249000085, -7.553807664999965 ], [ 110.483717999000078, -7.553842101999976 ], [ 110.483886374000065, -7.553976976999934 ], [ 110.483949812000048, -7.554077914999937 ], [ 110.484004374000051, -7.554232164999974 ], [ 110.484096999000087, -7.554366726999945 ], [ 110.484126437000043, -7.554411164999976 ], [ 110.484235062000039, -7.554532601999938 ], [ 110.484337999000047, -7.55459841499993 ], [ 110.484345937000057, -7.554600851999965 ], [ 110.48449518700005, -7.554742789999978 ], [ 110.484576124000057, -7.554827414999977 ], [ 110.48469087400008, -7.554947664999929 ], [ 110.484722687000044, -7.554984101999935 ], [ 110.484953999000084, -7.555263914999955 ], [ 110.485127437000074, -7.555415039999957 ], [ 110.485432312000057, -7.55562378999997 ], [ 110.485741812000072, -7.55595597699994 ], [ 110.485860937000041, -7.556039726999927 ], [ 110.486017312000058, -7.556117226999959 ], [ 110.486201187000063, -7.556202664999944 ], [ 110.486378749000039, -7.556322289999969 ], [ 110.486483812000074, -7.556378601999938 ] ] ] } },
{ "type": "Feature", "properties": { "fid": 146, "NAMOBJ": null, "FCODE": null, "REMARK": "Alur Sungai", "METADATA": null, "SRS_ID": null, "ADATGL": 0.0, "DMAX": 0.0, "FNGAIR": 0.0, "JNSSNG": 0.0, "KLSSNG": 0.0, "LTKSGI": 0.0, "NAMWS": null, "STATUS": null, "UKRSGI": 0.0, "WMAX": 0.0, "DBTMXS": 0.0, "NAMDAS": null, "SHAPE_Leng": 0.0061586041502680001 }, "geometry": { "type": "MultiLineString", "coordinates": [ [ [ 110.47824999900007, -7.555322039999965 ], [ 110.478332374000047, -7.555370601999925 ], [ 110.478509749000068, -7.555507976999934 ], [ 110.478673437000054, -7.555622351999943 ], [ 110.478774187000056, -7.555744601999947 ], [ 110.478823562000059, -7.555850539999938 ], [ 110.478914312000086, -7.555928476999952 ], [ 110.479055062000043, -7.556010164999975 ], [ 110.479164999000034, -7.556038914999931 ], [ 110.479173187000072, -7.556039351999971 ], [ 110.479335937000087, -7.556039851999969 ], [ 110.479513437000037, -7.556053726999949 ], [ 110.479601312000057, -7.556090789999928 ], [ 110.479731187000084, -7.556194226999935 ], [ 110.479915499000072, -7.556372976999967 ], [ 110.480000312000072, -7.556423664999954 ], [ 110.480123937000087, -7.55652247699993 ], [ 110.480172937000077, -7.556583539999963 ], [ 110.480208624000056, -7.556686289999959 ], [ 110.480255062000083, -7.55679297699993 ], [ 110.480341749000047, -7.556852164999952 ], [ 110.480545062000033, -7.556923039999958 ], [ 110.480554062000067, -7.556925539999952 ], [ 110.480798187000062, -7.55702122699995 ], [ 110.480840687000068, -7.557035664999944 ], [ 110.48107174900008, -7.557083476999935 ], [ 110.481237499000088, -7.55713560199996 ], [ 110.481337312000051, -7.557219664999934 ], [ 110.481591062000064, -7.55754647699996 ], [ 110.481788499000061, -7.55771197699994 ], [ 110.481918937000046, -7.557821039999965 ], [ 110.481959999000082, -7.557929476999959 ], [ 110.482021124000084, -7.558166664999931 ], [ 110.482096249000051, -7.558229539999957 ], [ 110.48221324900004, -7.55833522699993 ], [ 110.482234249000044, -7.55844441499994 ], [ 110.482239187000062, -7.558617851999941 ], [ 110.482239374000073, -7.558625664999965 ], [ 110.482263249000084, -7.558719101999941 ], [ 110.482313812000086, -7.558864164999932 ], [ 110.482407937000062, -7.559003851999933 ], [ 110.482412249000049, -7.559007726999937 ], [ 110.48243212400007, -7.559067039999945 ], [ 110.482409499000084, -7.559190789999946 ] ] ] } },
{ "type": "Feature", "properties": { "fid": 147, "NAMOBJ": null, "FCODE": null, "REMARK": "Alur Sungai", "METADATA": null, "SRS_ID": null, "ADATGL": 0.0, "DMAX": 0.0, "FNGAIR": 0.0, "JNSSNG": 0.0, "KLSSNG": 0.0, "LTKSGI": 0.0, "NAMWS": null, "STATUS": null, "UKRSGI": 0.0, "WMAX": 0.0, "DBTMXS": 0.0, "NAMDAS": null, "SHAPE_Leng": 0.0078665042636550005 }, "geometry": { "type": "MultiLineString", "coordinates": [ [ [ 110.479943062000075, -7.559106851999957 ], [ 110.479972499000041, -7.559129851999955 ], [ 110.480050937000044, -7.559240164999949 ], [ 110.480227749000051, -7.559430601999964 ], [ 110.480459624000048, -7.559635601999958 ], [ 110.480667999000048, -7.559832664999931 ], [ 110.480823249000082, -7.559966476999932 ], [ 110.480862312000056, -7.560000226999932 ], [ 110.480938249000076, -7.560046726999929 ], [ 110.481170124000073, -7.560145101999979 ], [ 110.481190749000064, -7.560160226999926 ], [ 110.481324437000069, -7.560258351999948 ], [ 110.481334249000042, -7.560266351999928 ], [ 110.481539937000036, -7.560408539999969 ], [ 110.48156281200005, -7.560417414999961 ], [ 110.481616124000084, -7.560447414999942 ], [ 110.481746562000069, -7.56052053999997 ], [ 110.48186987400004, -7.560669601999962 ], [ 110.481979624000076, -7.560888789999979 ], [ 110.482069937000063, -7.561039851999965 ], [ 110.482176374000062, -7.561111351999955 ], [ 110.482341312000074, -7.561196289999941 ], [ 110.482385374000046, -7.561227914999961 ], [ 110.482520937000061, -7.561369664999972 ], [ 110.482608999000036, -7.561533476999955 ], [ 110.482734812000047, -7.561835851999945 ], [ 110.482804249000083, -7.56205672699997 ], [ 110.482892624000044, -7.562268601999961 ], [ 110.483011562000058, -7.562529414999972 ], [ 110.483050937000087, -7.56268203999997 ], [ 110.483123687000045, -7.562901289999957 ], [ 110.483254187000057, -7.563229726999964 ], [ 110.483263749000059, -7.563257414999953 ], [ 110.483294374000081, -7.563366601999974 ], [ 110.483326374000058, -7.563480664999929 ], [ 110.483410562000074, -7.563682039999946 ], [ 110.483454812000048, -7.563867789999961 ], [ 110.483467812000072, -7.56393135199994 ], [ 110.483462499000041, -7.564091101999963 ], [ 110.483421187000033, -7.56425810199994 ], [ 110.483376687000089, -7.564396664999947 ], [ 110.483367937000082, -7.564522976999967 ], [ 110.483346374000064, -7.56465116499993 ], [ 110.483320249000087, -7.564732601999935 ], [ 110.483305312000084, -7.564756539999962 ], [ 110.483241812000074, -7.564814226999943 ], [ 110.483180124000057, -7.564870789999929 ], [ 110.483146249000072, -7.564942539999947 ], [ 110.483102062000057, -7.565000601999941 ], [ 110.483060812000076, -7.565059289999965 ], [ 110.483024499000066, -7.565124476999927 ], [ 110.483000374000085, -7.565174164999974 ], [ 110.482989624000083, -7.565193726999951 ], [ 110.482916062000072, -7.565290101999949 ], [ 110.482862382003873, -7.565396086197425 ] ] ] } },
{ "type": "Feature", "properties": { "fid": 148, "NAMOBJ": null, "FCODE": null, "REMARK": "Alur Sungai", "METADATA": null, "SRS_ID": null, "ADATGL": 0.0, "DMAX": 0.0, "FNGAIR": 0.0, "JNSSNG": 0.0, "KLSSNG": 0.0, "LTKSGI": 0.0, "NAMWS": null, "STATUS": null, "UKRSGI": 0.0, "WMAX": 0.0, "DBTMXS": 0.0, "NAMDAS": null, "SHAPE_Leng": 0.011889939355749 }, "geometry": { "type": "MultiLineString", "coordinates": [ [ [ 110.488394874000051, -7.558919414999934 ], [ 110.488446062000037, -7.558921289999944 ], [ 110.488500687000055, -7.558932851999941 ], [ 110.48851393700005, -7.558942789999946 ], [ 110.488729687000045, -7.559023226999955 ], [ 110.488882124000042, -7.559116039999935 ], [ 110.488893499000085, -7.55912528999994 ], [ 110.489127812000049, -7.559271664999926 ], [ 110.489254312000071, -7.559363164999979 ], [ 110.489347437000049, -7.559474851999937 ], [ 110.489613624000071, -7.559695601999977 ], [ 110.489880687000039, -7.559881601999962 ], [ 110.490055312000038, -7.559965351999949 ], [ 110.490184437000039, -7.56001972699994 ], [ 110.490313874000037, -7.560136351999972 ], [ 110.49059524900008, -7.560368414999971 ], [ 110.490777499000046, -7.560524226999974 ], [ 110.49088118700007, -7.560612851999963 ], [ 110.49116506200005, -7.561056039999926 ], [ 110.491293437000081, -7.561337039999955 ], [ 110.491309437000041, -7.561382226999967 ], [ 110.491384999000047, -7.561615601999961 ], [ 110.491461624000067, -7.561824851999972 ], [ 110.491594187000032, -7.562025914999936 ], [ 110.491851562000079, -7.562353101999975 ], [ 110.491896249000035, -7.562405664999972 ], [ 110.492176749000066, -7.562536726999951 ], [ 110.492311999000037, -7.562613476999957 ], [ 110.492320687000074, -7.562620539999955 ], [ 110.492425624000077, -7.562911289999931 ], [ 110.492496499000083, -7.563080851999928 ], [ 110.49250481200005, -7.563094726999964 ], [ 110.492843999000058, -7.563384101999929 ], [ 110.492857187000084, -7.563395414999945 ], [ 110.492890937000084, -7.563436976999981 ], [ 110.492919499000038, -7.563472226999977 ], [ 110.492960624000034, -7.563595289999967 ], [ 110.493231999000045, -7.563957289999962 ], [ 110.493352999000081, -7.564072289999956 ], [ 110.493371812000078, -7.564092101999961 ], [ 110.49339149900004, -7.564100664999955 ], [ 110.493629562000081, -7.564226664999978 ], [ 110.493806499000073, -7.564374914999973 ], [ 110.493948874000068, -7.564547601999948 ], [ 110.494200062000061, -7.56486535199997 ], [ 110.494266999000047, -7.564993414999947 ], [ 110.494347749000042, -7.565144351999948 ], [ 110.494618062000086, -7.565460789999975 ], [ 110.494661062000034, -7.565548851999949 ], [ 110.49472068700004, -7.565739539999981 ], [ 110.494795499000077, -7.565926539999964 ], [ 110.494966999000042, -7.566216789999942 ], [ 110.495166249000079, -7.566342726999949 ], [ 110.495399499000087, -7.566495976999931 ], [ 110.495420749000061, -7.566568726999947 ], [ 110.495464624000078, -7.566727414999946 ], [ 110.495521499000063, -7.566946726999959 ], [ 110.495592937000083, -7.56725653999996 ], [ 110.495595562000062, -7.567306476999931 ], [ 110.495431437000036, -7.567643789999977 ] ] ] } },
{ "type": "Feature", "properties": { "fid": 149, "NAMOBJ": null, "FCODE": null, "REMARK": "Alur Sungai", "METADATA": null, "SRS_ID": null, "ADATGL": 0.0, "DMAX": 0.0, "FNGAIR": 0.0, "JNSSNG": 0.0, "KLSSNG": 0.0, "LTKSGI": 0.0, "NAMWS": null, "STATUS": null, "UKRSGI": 0.0, "WMAX": 0.0, "DBTMXS": 0.0, "NAMDAS": null, "SHAPE_Leng": 0.0049344827712790003 }, "geometry": { "type": "MultiLineString", "coordinates": [ [ [ 110.482409499000084, -7.559190789999946 ], [ 110.482459874000085, -7.559189351999976 ], [ 110.482661562000033, -7.559204539999939 ], [ 110.482846937000033, -7.559254726999939 ], [ 110.482938249000085, -7.559332601999927 ], [ 110.483097562000069, -7.559459101999948 ], [ 110.483287812000071, -7.559587726999951 ], [ 110.483455937000087, -7.559714226999972 ], [ 110.483674562000033, -7.55990247699998 ], [ 110.483801124000081, -7.560162476999949 ], [ 110.483934624000085, -7.560484414999962 ], [ 110.484015562000081, -7.560596539999949 ], [ 110.484086937000086, -7.560702226999979 ], [ 110.484171624000055, -7.560949164999954 ], [ 110.484247124000035, -7.561073539999938 ], [ 110.484284999000067, -7.561210476999975 ], [ 110.484521374000053, -7.561523664999982 ], [ 110.484530312000061, -7.561531539999976 ], [ 110.48460487400007, -7.561556414999927 ], [ 110.484704499000088, -7.561594914999944 ], [ 110.484746812000083, -7.561682101999963 ], [ 110.484821874000033, -7.561798351999926 ], [ 110.48491662400005, -7.561838289999969 ], [ 110.485051312000053, -7.561914539999975 ], [ 110.485253749000037, -7.562127726999961 ], [ 110.485256187000061, -7.56221491499997 ], [ 110.48526399900004, -7.562375476999932 ], [ 110.485340312000062, -7.562572289999935 ], [ 110.485381124000071, -7.56257753999995 ], [ 110.485476937000044, -7.562629226999945 ] ] ] } },
{ "type": "Feature", "properties": { "fid": 150, "NAMOBJ": null, "FCODE": null, "REMARK": "Alur Sungai", "METADATA": null, "SRS_ID": null, "ADATGL": 0.0, "DMAX": 0.0, "FNGAIR": 0.0, "JNSSNG": 0.0, "KLSSNG": 0.0, "LTKSGI": 0.0, "NAMWS": null, "STATUS": null, "UKRSGI": 0.0, "WMAX": 0.0, "DBTMXS": 0.0, "NAMDAS": null, "SHAPE_Leng": 0.012638848163866999 }, "geometry": { "type": "MultiLineString", "coordinates": [ [ [ 110.485841624000045, -7.558783976999962 ], [ 110.485871624000083, -7.558877601999939 ], [ 110.485940624000079, -7.558953101999975 ], [ 110.486098999000035, -7.55902735199993 ], [ 110.486206437000078, -7.55913766499998 ], [ 110.486379749000037, -7.559258726999929 ], [ 110.486544812000034, -7.559397351999962 ], [ 110.486650437000037, -7.55949516499993 ], [ 110.486867562000043, -7.559657289999961 ], [ 110.486978124000075, -7.55976022699997 ], [ 110.487142249000044, -7.559976226999936 ], [ 110.487293999000087, -7.560210101999928 ], [ 110.487467624000033, -7.560437539999953 ], [ 110.487766312000076, -7.560744476999957 ], [ 110.487993374000041, -7.56091878999996 ], [ 110.488003937000087, -7.560925164999958 ], [ 110.488238999000089, -7.561055476999968 ], [ 110.488363187000061, -7.561108476999948 ], [ 110.48869793700004, -7.561265289999938 ], [ 110.488761624000063, -7.561322851999932 ], [ 110.488858874000073, -7.561459726999942 ], [ 110.489057249000041, -7.561718914999972 ], [ 110.489266124000039, -7.561977601999956 ], [ 110.48938256200006, -7.562034039999958 ], [ 110.489467062000074, -7.562130539999941 ], [ 110.489597874000083, -7.562282101999926 ], [ 110.489753249000046, -7.562469664999981 ], [ 110.489820749000046, -7.562646039999947 ], [ 110.489931249000051, -7.562921976999974 ], [ 110.490079624000089, -7.563207726999963 ], [ 110.490088749000051, -7.56322066499996 ], [ 110.490242687000034, -7.563393539999936 ], [ 110.490414937000082, -7.563528101999964 ], [ 110.490519687000074, -7.56375391499995 ], [ 110.490523687000064, -7.563876351999966 ], [ 110.490548812000043, -7.564050789999953 ], [ 110.490622624000082, -7.564409101999956 ], [ 110.490654124000059, -7.564572289999944 ], [ 110.490732687000047, -7.564609289999964 ], [ 110.49084274900008, -7.564670976999935 ], [ 110.490901749000045, -7.564764289999971 ], [ 110.490960374000053, -7.56481122699995 ], [ 110.491411749000065, -7.564958664999949 ], [ 110.491422937000038, -7.564966039999945 ], [ 110.491526812000075, -7.565069976999951 ], [ 110.491566437000074, -7.565180726999927 ], [ 110.491597999000078, -7.565347539999948 ], [ 110.491607437000084, -7.565397976999975 ], [ 110.491608812000038, -7.565402601999949 ], [ 110.491650624000044, -7.56554291499998 ], [ 110.491744999000048, -7.565684789999978 ], [ 110.491797687000087, -7.56593935199993 ], [ 110.491838937000068, -7.56612447699996 ], [ 110.491931374000046, -7.56619522699998 ], [ 110.492154437000067, -7.566384789999972 ], [ 110.492168062000076, -7.566415664999965 ], [ 110.492168312000047, -7.566449789999979 ], [ 110.492201062000049, -7.566684539999926 ], [ 110.492351499000051, -7.566953976999969 ], [ 110.492420874000061, -7.567137414999934 ], [ 110.492406749000054, -7.567221539999935 ], [ 110.492395124000041, -7.567291351999927 ], [ 110.492376999000044, -7.567473789999951 ], [ 110.492405312000074, -7.567578976999926 ], [ 110.492503624000051, -7.567817289999937 ], [ 110.492628437000064, -7.567984789999969 ], [ 110.492687687000057, -7.568070039999952 ], [ 110.492677937000053, -7.568148164999968 ], [ 110.49261543700004, -7.56837803999997 ], [ 110.492623062000064, -7.56849172699998 ] ] ] } },
{ "type": "Feature", "properties": { "fid": 151, "NAMOBJ": null, "FCODE": null, "REMARK": "Alur Sungai", "METADATA": null, "SRS_ID": null, "ADATGL": 0.0, "DMAX": 0.0, "FNGAIR": 0.0, "JNSSNG": 0.0, "KLSSNG": 0.0, "LTKSGI": 0.0, "NAMWS": null, "STATUS": null, "UKRSGI": 0.0, "WMAX": 0.0, "DBTMXS": 0.0, "NAMDAS": null, "SHAPE_Leng": 0.0058418837426639997 }, "geometry": { "type": "MultiLineString", "coordinates": [ [ [ 110.493727437000075, -7.560953601999927 ], [ 110.493785562000085, -7.560956664999935 ], [ 110.493860062000067, -7.561044726999967 ], [ 110.494113999000035, -7.561072164999928 ], [ 110.494308124000042, -7.561277914999948 ], [ 110.494354874000067, -7.56142435199996 ], [ 110.49442487400006, -7.56158372699997 ], [ 110.494491499000048, -7.561640851999925 ], [ 110.494735562000074, -7.561750226999948 ], [ 110.494914062000078, -7.561855976999937 ], [ 110.495288249000055, -7.562088414999948 ], [ 110.495582624000065, -7.562162851999972 ], [ 110.49596312400007, -7.562162476999958 ], [ 110.496310749000088, -7.562182914999937 ], [ 110.496490124000047, -7.562218414999961 ], [ 110.496757187000071, -7.562341351999976 ], [ 110.497066437000058, -7.562586476999968 ], [ 110.497202562000041, -7.562694289999968 ], [ 110.497466999000039, -7.562884351999969 ], [ 110.49755437400006, -7.562933914999974 ], [ 110.497617249000086, -7.562969601999953 ], [ 110.497626187000037, -7.562972851999973 ], [ 110.497839437000039, -7.562986476999981 ], [ 110.49802337400007, -7.563094414999966 ], [ 110.498319624000032, -7.563254039999947 ], [ 110.498380749000034, -7.563279414999954 ], [ 110.498639374000049, -7.563363976999938 ], [ 110.49875068700004, -7.563375539999981 ] ] ] } },
{ "type": "Feature", "properties": { "fid": 152, "NAMOBJ": null, "FCODE": null, "REMARK": "Alur Sungai", "METADATA": null, "SRS_ID": null, "ADATGL": 0.0, "DMAX": 0.0, "FNGAIR": 0.0, "JNSSNG": 0.0, "KLSSNG": 0.0, "LTKSGI": 0.0, "NAMWS": null, "STATUS": null, "UKRSGI": 0.0, "WMAX": 0.0, "DBTMXS": 0.0, "NAMDAS": null, "SHAPE_Leng": 0.0025965198334889999 }, "geometry": { "type": "MultiLineString", "coordinates": [ [ [ 110.479120249000061, -7.557253726999932 ], [ 110.479220187000067, -7.557271476999972 ], [ 110.479374749000044, -7.557375414999967 ], [ 110.479470187000061, -7.557448414999953 ], [ 110.479622187000075, -7.557566101999953 ], [ 110.479746499000044, -7.55767703999993 ], [ 110.479882312000086, -7.557759039999951 ], [ 110.479938999000069, -7.557806726999956 ], [ 110.48001187400007, -7.557929226999931 ], [ 110.480053999000063, -7.558059851999928 ], [ 110.480095937000044, -7.558117226999968 ], [ 110.480280124000046, -7.558324539999944 ], [ 110.480467374000057, -7.558514351999975 ], [ 110.480594812000049, -7.558553851999932 ], [ 110.480604562000053, -7.558553851999932 ], [ 110.480796437000038, -7.558556601999953 ], [ 110.481061874000034, -7.558566539999958 ], [ 110.481157374000077, -7.558532039999932 ] ] ] } },
{ "type": "Feature", "properties": { "fid": 153, "NAMOBJ": null, "FCODE": null, "REMARK": "Alur Sungai", "METADATA": null, "SRS_ID": null, "ADATGL": 0.0, "DMAX": 0.0, "FNGAIR": 0.0, "JNSSNG": 0.0, "KLSSNG": 0.0, "LTKSGI": 0.0, "NAMWS": null, "STATUS": null, "UKRSGI": 0.0, "WMAX": 0.0, "DBTMXS": 0.0, "NAMDAS": null, "SHAPE_Leng": 0.0082577384830860006 }, "geometry": { "type": "MultiLineString", "coordinates": [ [ [ 110.486533749000046, -7.554211289999955 ], [ 110.486561249000033, -7.554240601999936 ], [ 110.486728624000079, -7.554354914999976 ], [ 110.486760624000055, -7.55436685199993 ], [ 110.486835062000068, -7.554430039999943 ], [ 110.486955812000076, -7.554521539999939 ], [ 110.486990812000045, -7.554537101999927 ], [ 110.487122499000066, -7.554638851999925 ], [ 110.487205937000056, -7.554703289999964 ], [ 110.487316374000045, -7.55478353999996 ], [ 110.487396249000085, -7.554803414999981 ], [ 110.487521749000052, -7.554743789999975 ], [ 110.487628124000082, -7.554695101999926 ], [ 110.487952249000045, -7.554670726999973 ], [ 110.488092937000033, -7.554683789999956 ], [ 110.488299562000066, -7.55476360199998 ], [ 110.488336624000056, -7.554783664999945 ], [ 110.488543874000072, -7.554888851999976 ], [ 110.488651624000056, -7.554957289999948 ], [ 110.488675562000083, -7.554986226999972 ], [ 110.488725499000054, -7.555117726999981 ], [ 110.489059437000037, -7.555430476999959 ], [ 110.489168062000033, -7.555457226999977 ], [ 110.489268437000078, -7.555505539999956 ], [ 110.489584749000073, -7.55558610199995 ], [ 110.489661187000081, -7.55560535199993 ], [ 110.489842062000037, -7.555766289999951 ], [ 110.490048624000053, -7.555959789999974 ], [ 110.490237937000074, -7.556162351999944 ], [ 110.49038431200006, -7.556364414999962 ], [ 110.490469874000041, -7.556508289999954 ], [ 110.490614937000089, -7.556737039999973 ], [ 110.490810124000063, -7.556883164999931 ], [ 110.49093818700004, -7.556960914999934 ], [ 110.491190999000082, -7.557193101999928 ], [ 110.491410249000069, -7.557377664999933 ], [ 110.491494687000056, -7.557453664999969 ], [ 110.491546124000081, -7.557496851999929 ], [ 110.491720499000053, -7.557618601999934 ], [ 110.491729937000059, -7.557624164999936 ], [ 110.491866187000085, -7.557680101999949 ], [ 110.491885187000037, -7.557683851999968 ], [ 110.492014999000048, -7.557729226999982 ], [ 110.492158187000086, -7.557818851999969 ], [ 110.492285062000064, -7.557865414999981 ], [ 110.492475624000065, -7.557906226999933 ], [ 110.49251349900004, -7.557920226999954 ], [ 110.492615062000084, -7.557996476999961 ], [ 110.492627374000051, -7.558005664999939 ], [ 110.492825062000065, -7.558154226999932 ], [ 110.492922374000045, -7.558294914999976 ], [ 110.492980187000057, -7.558448539999972 ], [ 110.493053499000041, -7.55852503999995 ] ] ] } },
{ "type": "Feature", "properties": { "fid": 154, "NAMOBJ": null, "FCODE": null, "REMARK": "Alur Sungai", "METADATA": null, "SRS_ID": null, "ADATGL": 0.0, "DMAX": 0.0, "FNGAIR": 0.0, "JNSSNG": 0.0, "KLSSNG": 0.0, "LTKSGI": 0.0, "NAMWS": null, "STATUS": null, "UKRSGI": 0.0, "WMAX": 0.0, "DBTMXS": 0.0, "NAMDAS": null, "SHAPE_Leng": 0.0073349866251500003 }, "geometry": { "type": "MultiLineString", "coordinates": [ [ [ 110.485476937000044, -7.562629226999945 ], [ 110.485757062000062, -7.562869976999934 ], [ 110.485765187000084, -7.562873476999926 ], [ 110.48596849900008, -7.56292816499996 ], [ 110.486066812000047, -7.562975164999955 ], [ 110.486153499000068, -7.56307985199993 ], [ 110.486230687000045, -7.563197726999931 ], [ 110.486315312000045, -7.563281289999964 ], [ 110.486426312000049, -7.563336039999967 ], [ 110.48662149900008, -7.563387101999979 ], [ 110.486730062000049, -7.563473851999959 ], [ 110.48682874900004, -7.563615664999929 ], [ 110.486992687000054, -7.563848914999937 ], [ 110.487175874000059, -7.56401591499997 ], [ 110.487291312000082, -7.564109164999934 ], [ 110.487386437000055, -7.564218289999928 ], [ 110.48751687400005, -7.564447289999976 ], [ 110.487597812000047, -7.564572289999944 ], [ 110.487891749000084, -7.564719039999943 ], [ 110.488068937000037, -7.564766976999977 ], [ 110.488227312000049, -7.564816976999964 ], [ 110.488283124000077, -7.564896789999977 ], [ 110.488498624000044, -7.565417726999954 ], [ 110.48861237400007, -7.565585789999943 ], [ 110.488955874000055, -7.56591753999993 ], [ 110.489044374000059, -7.565938789999962 ], [ 110.489046687000041, -7.565940851999926 ], [ 110.489227562000053, -7.566097851999928 ], [ 110.489327187000072, -7.566179414999965 ], [ 110.489349999000069, -7.566208914999947 ], [ 110.489654312000084, -7.566468226999973 ], [ 110.48980399900006, -7.566550414999938 ], [ 110.489909062000038, -7.566583351999952 ], [ 110.490262124000083, -7.566719164999938 ], [ 110.490392062000069, -7.56674178999998 ], [ 110.490490062000049, -7.566847289999941 ], [ 110.490625124000076, -7.566875976999938 ], [ 110.490694687000087, -7.566884726999945 ], [ 110.490782937000063, -7.566940101999933 ], [ 110.490967999000077, -7.566867039999977 ] ] ] } },
{ "type": "Feature", "properties": { "fid": 155, "NAMOBJ": null, "FCODE": null, "REMARK": "Alur Sungai", "METADATA": "2017; RBI KSP SK 24.4 2021", "SRS_ID": null, "ADATGL": 0.0, "DMAX": 0.0, "FNGAIR": 0.0, "JNSSNG": 0.0, "KLSSNG": 0.0, "LTKSGI": 0.0, "NAMWS": null, "STATUS": null, "UKRSGI": 0.0, "WMAX": 0.0, "DBTMXS": 0.0, "NAMDAS": null, "SHAPE_Leng": 0.017102523863751998 }, "geometry": { "type": "MultiLineString", "coordinates": [ [ [ 110.495431437000036, -7.567643789999977 ], [ 110.495706687000052, -7.567753539999956 ], [ 110.495860937000089, -7.567811289999952 ], [ 110.495980124000084, -7.56795385199996 ], [ 110.496070624000083, -7.568126164999967 ], [ 110.496163062000051, -7.568206351999947 ], [ 110.496286187000067, -7.568259289999958 ], [ 110.496370812000066, -7.568279664999977 ], [ 110.496409437000068, -7.568288914999926 ], [ 110.496439999000074, -7.568313289999935 ], [ 110.496545937000064, -7.568397789999949 ], [ 110.49667381200004, -7.568611726999961 ], [ 110.496827124000049, -7.568859164999935 ], [ 110.496949249000068, -7.569020664999925 ], [ 110.497096624000051, -7.569153539999945 ], [ 110.49735512400008, -7.56922022699996 ], [ 110.497452937000048, -7.569279476999952 ], [ 110.497514249000062, -7.569401101999972 ], [ 110.497716624000077, -7.569712789999926 ], [ 110.49780043700008, -7.569827289999978 ], [ 110.498003312000037, -7.56995991499997 ], [ 110.498023062000073, -7.569962789999977 ], [ 110.498192187000086, -7.569987289999972 ], [ 110.498226812000041, -7.569994539999925 ], [ 110.498448187000065, -7.570040914999936 ], [ 110.498585687000059, -7.570133101999943 ], [ 110.498771249000072, -7.57032578999997 ], [ 110.498992874000066, -7.57051703999997 ], [ 110.49915031200004, -7.570570664999934 ], [ 110.499299312000062, -7.570543664999946 ], [ 110.499519687000088, -7.570624914999939 ], [ 110.49962187400007, -7.570634101999929 ], [ 110.499744187000033, -7.570626476999962 ], [ 110.499837383000056, -7.570649595999953 ], [ 110.49984874900008, -7.570652414999927 ], [ 110.499868249000087, -7.570664726999951 ], [ 110.500000255000089, -7.570747878999953 ], [ 110.50000029000006, -7.570747900999947 ], [ 110.500000312000054, -7.57074791499997 ], [ 110.500036812000076, -7.570770976999938 ], [ 110.500072874000068, -7.57085972699997 ], [ 110.500227937000034, -7.571241789999931 ], [ 110.500292312000056, -7.571373101999939 ], [ 110.500303562000056, -7.571394414999929 ], [ 110.500380249000045, -7.571474851999938 ], [ 110.500728062000064, -7.571792164999977 ], [ 110.500883187000056, -7.571914101999937 ], [ 110.500890312000081, -7.571919664999939 ], [ 110.501092562000053, -7.57201435199994 ], [ 110.501244812000039, -7.57204478999995 ], [ 110.501415937000047, -7.572078976999933 ], [ 110.501504374000035, -7.572096664999947 ], [ 110.501666749000037, -7.572168914999963 ], [ 110.501912624000056, -7.572459539999954 ], [ 110.501976562000038, -7.572535101999961 ], [ 110.502039624000076, -7.572579976999975 ], [ 110.50208643700006, -7.572581164999974 ], [ 110.502259249000076, -7.572586039999976 ], [ 110.502369374000068, -7.57258672699993 ], [ 110.502557062000051, -7.572565601999941 ], [ 110.502628562000041, -7.572554914999955 ] ], [ [ 110.490904374000081, -7.561740976999943 ], [ 110.490911812000036, -7.561741039999959 ], [ 110.490957499000046, -7.561795039999936 ], [ 110.491047062000064, -7.562155539999935 ], [ 110.491103999000075, -7.562321851999968 ], [ 110.491186624000079, -7.562488039999948 ], [ 110.491192624000064, -7.562496726999939 ], [ 110.491305124000064, -7.562642726999968 ], [ 110.491347249000057, -7.562717226999951 ], [ 110.491415249000056, -7.56284360199993 ], [ 110.491482874000042, -7.562999351999963 ], [ 110.491587999000046, -7.563190789999965 ], [ 110.491757249000045, -7.563329664999969 ], [ 110.492006937000042, -7.563432851999949 ], [ 110.492220187000044, -7.56354160199993 ], [ 110.492283687000054, -7.563578789999951 ], [ 110.492421937000074, -7.563659601999973 ], [ 110.492510687000049, -7.563720101999934 ], [ 110.492652437000061, -7.563957414999948 ], [ 110.492859874000033, -7.564221351999947 ], [ 110.492897562000053, -7.564268851999941 ], [ 110.493067187000065, -7.564622226999973 ], [ 110.493191124000077, -7.56491435199996 ], [ 110.493231687000048, -7.564975476999962 ], [ 110.49330731200007, -7.565024101999938 ], [ 110.493431687000054, -7.56504935199996 ], [ 110.493514499000071, -7.565098726999963 ], [ 110.493606249000038, -7.565220414999942 ], [ 110.493834562000075, -7.56545622699997 ], [ 110.493970249000085, -7.565737976999969 ], [ 110.494119999000077, -7.566264726999975 ], [ 110.494220312000039, -7.56648847699995 ], [ 110.494244187000049, -7.566524289999961 ], [ 110.494403562000059, -7.566732601999945 ], [ 110.494568062000042, -7.566929539999933 ], [ 110.49475768700006, -7.567163476999951 ], [ 110.494914562000076, -7.567275289999941 ], [ 110.495039187000089, -7.567424539999934 ], [ 110.495152874000041, -7.567561851999926 ], [ 110.495378562000042, -7.567634039999973 ], [ 110.495431437000036, -7.567643789999977 ] ] ] } },
{ "type": "Feature", "properties": { "fid": 156, "NAMOBJ": null, "FCODE": null, "REMARK": "Alur Sungai", "METADATA": "2017; RBI KSP SK 24.4 2021", "SRS_ID": null, "ADATGL": 0.0, "DMAX": 0.0, "FNGAIR": 0.0, "JNSSNG": 0.0, "KLSSNG": 0.0, "LTKSGI": 0.0, "NAMWS": null, "STATUS": null, "UKRSGI": 0.0, "WMAX": 0.0, "DBTMXS": 0.0, "NAMDAS": null, "SHAPE_Leng": 0.0025272800120579998 }, "geometry": { "type": "MultiLineString", "coordinates": [ [ [ 110.501883499000087, -7.564855414999954 ], [ 110.501968374000057, -7.564863789999947 ], [ 110.502190437000081, -7.564934164999954 ], [ 110.502193437000074, -7.564934726999979 ], [ 110.502247999000076, -7.564998601999946 ], [ 110.502340687000071, -7.56518903999995 ], [ 110.502410249000036, -7.56529028999995 ], [ 110.502591562000077, -7.56544172699995 ], [ 110.502723624000055, -7.565528976999929 ], [ 110.50285518700008, -7.565619726999955 ], [ 110.503029312000081, -7.565880601999936 ], [ 110.503146749000052, -7.566020789999925 ], [ 110.503272937000077, -7.566279039999927 ], [ 110.503355187000068, -7.566468101999931 ], [ 110.503412062000052, -7.566621226999928 ], [ 110.503431687000045, -7.566698289999977 ] ] ] } },
{ "type": "Feature", "properties": { "fid": 157, "NAMOBJ": null, "FCODE": null, "REMARK": "Alur Sungai", "METADATA": "2017; RBI KSP SK 24.4 2021", "SRS_ID": null, "ADATGL": 0.0, "DMAX": 0.0, "FNGAIR": 0.0, "JNSSNG": 0.0, "KLSSNG": 0.0, "LTKSGI": 0.0, "NAMWS": null, "STATUS": null, "UKRSGI": 0.0, "WMAX": 0.0, "DBTMXS": 0.0, "NAMDAS": null, "SHAPE_Leng": 0.0010434428946540001 }, "geometry": { "type": "MultiLineString", "coordinates": [ [ [ 110.503958499000078, -7.561923726999964 ], [ 110.503963437000039, -7.561965414999975 ], [ 110.504003624000063, -7.562050226999929 ], [ 110.504015749000075, -7.562063226999953 ], [ 110.504123437000032, -7.562329789999978 ], [ 110.50413024900007, -7.562359476999973 ], [ 110.504149062000067, -7.562442101999977 ], [ 110.504154312000082, -7.56263778999994 ], [ 110.504154249000067, -7.562685101999932 ], [ 110.504197624000085, -7.562925289999953 ] ] ] } },
{ "type": "Feature", "properties": { "fid": 158, "NAMOBJ": null, "FCODE": null, "REMARK": "Alur Sungai", "METADATA": "2017; RBI KSP SK 24.4 2021", "SRS_ID": null, "ADATGL": 0.0, "DMAX": 0.0, "FNGAIR": 0.0, "JNSSNG": 0.0, "KLSSNG": 0.0, "LTKSGI": 0.0, "NAMWS": null, "STATUS": null, "UKRSGI": 0.0, "WMAX": 0.0, "DBTMXS": 0.0, "NAMDAS": null, "SHAPE_Leng": 0.0088699898391999994 }, "geometry": { "type": "MultiLineString", "coordinates": [ [ [ 110.495836249000035, -7.555488476999926 ], [ 110.496082999000066, -7.555575851999947 ], [ 110.496445062000078, -7.55571922699994 ], [ 110.496700187000044, -7.555820664999942 ], [ 110.496916187000068, -7.555913414999964 ], [ 110.497123999000053, -7.556022601999928 ], [ 110.497312312000076, -7.556134664999945 ], [ 110.497365812000055, -7.556166476999977 ], [ 110.497564812000064, -7.556289914999979 ], [ 110.49769849900008, -7.556319726999959 ], [ 110.498022687000059, -7.556333476999953 ], [ 110.498314187000062, -7.556398476999959 ], [ 110.498516312000049, -7.556460601999959 ], [ 110.498743624000042, -7.556448226999976 ], [ 110.498870687000078, -7.55643972699994 ], [ 110.498985749000042, -7.556492289999937 ], [ 110.499182937000057, -7.556613539999944 ], [ 110.499505437000039, -7.556749601999968 ], [ 110.499861187000079, -7.556871851999972 ], [ 110.5, -7.556885883999939 ], [ 110.500000251000074, -7.556885908999959 ], [ 110.500000293000085, -7.556885912999974 ], [ 110.500000319000037, -7.556885915999942 ], [ 110.50013987400007, -7.55690003999996 ], [ 110.500401249000049, -7.557016414999964 ], [ 110.500554124000075, -7.557065289999969 ], [ 110.500684249000074, -7.557090101999961 ], [ 110.500743624000052, -7.557101414999977 ], [ 110.501153062000071, -7.557124039999962 ], [ 110.501433124000073, -7.55713235199994 ], [ 110.501670437000087, -7.557139414999938 ], [ 110.502172562000055, -7.557260976999942 ], [ 110.502395624000087, -7.557326164999949 ], [ 110.502605874000039, -7.557382976999975 ], [ 110.502767374000086, -7.55740422699995 ], [ 110.502843062000068, -7.557407226999942 ], [ 110.503091124000036, -7.557379539999943 ], [ 110.503139499000042, -7.557374039999956 ], [ 110.503558312000052, -7.557352664999939 ], [ 110.503733062000038, -7.557347539999967 ], [ 110.503809874000069, -7.55734535199997 ], [ 110.503943562000075, -7.557310101999974 ], [ 110.504078437000089, -7.557274664999966 ], [ 110.504326187000061, -7.557257164999953 ] ] ] } },
{ "type": "Feature", "properties": { "fid": 159, "NAMOBJ": null, "FCODE": null, "REMARK": "Alur Sungai", "METADATA": "2017; RBI KSP SK 24.4 2021", "SRS_ID": null, "ADATGL": 0.0, "DMAX": 0.0, "FNGAIR": 0.0, "JNSSNG": 0.0, "KLSSNG": 0.0, "LTKSGI": 0.0, "NAMWS": null, "STATUS": null, "UKRSGI": 0.0, "WMAX": 0.0, "DBTMXS": 0.0, "NAMDAS": null, "SHAPE_Leng": 0.0065077555783899996 }, "geometry": { "type": "MultiLineString", "coordinates": [ [ [ 110.49746837400005, -7.557998789999942 ], [ 110.497675187000084, -7.558162164999942 ], [ 110.497981249000077, -7.558386476999942 ], [ 110.498254687000042, -7.558524164999938 ], [ 110.498269062000077, -7.558528664999926 ], [ 110.498527312000078, -7.558579976999965 ], [ 110.498728437000068, -7.558585851999965 ], [ 110.498734374000037, -7.558586039999966 ], [ 110.498857874000066, -7.558589664999943 ], [ 110.498936749000052, -7.558592414999964 ], [ 110.49919131200005, -7.558628101999943 ], [ 110.499442937000083, -7.558735289999959 ], [ 110.499807812000086, -7.558890726999948 ], [ 110.5, -7.558911193999961 ], [ 110.500000253000053, -7.55891122099996 ], [ 110.500000295000063, -7.558911224999974 ], [ 110.500000321000073, -7.558911227999943 ], [ 110.500031312000033, -7.558914539999932 ], [ 110.50026574900005, -7.558964414999934 ], [ 110.500307499000087, -7.558976351999945 ], [ 110.500499999000056, -7.559031226999934 ], [ 110.500631749000036, -7.559047539999938 ], [ 110.500923187000069, -7.559135726999955 ], [ 110.50111256200006, -7.559180601999969 ], [ 110.50140506200006, -7.559213664999959 ], [ 110.501430749000065, -7.559212851999973 ], [ 110.501444999000057, -7.559212976999959 ], [ 110.501562937000074, -7.55920735199993 ], [ 110.501960499000063, -7.559175976999938 ], [ 110.502329312000086, -7.559169351999969 ], [ 110.502600812000082, -7.559151351999958 ], [ 110.502687374000061, -7.559132851999948 ], [ 110.502976749000084, -7.55905310199995 ], [ 110.503126062000035, -7.559018539999954 ], [ 110.503209874000049, -7.558976476999931 ], [ 110.50339524900005, -7.558856164999952 ], [ 110.503547874000049, -7.558652289999941 ] ] ] } },
{ "type": "Feature", "properties": { "fid": 160, "NAMOBJ": null, "FCODE": null, "REMARK": "Alur Sungai", "METADATA": "2017; RBI KSP SK 24.4 2021", "SRS_ID": null, "ADATGL": 0.0, "DMAX": 0.0, "FNGAIR": 0.0, "JNSSNG": 0.0, "KLSSNG": 0.0, "LTKSGI": 0.0, "NAMWS": null, "STATUS": null, "UKRSGI": 0.0, "WMAX": 0.0, "DBTMXS": 0.0, "NAMDAS": null, "SHAPE_Leng": 0.0033495939466259999 }, "geometry": { "type": "MultiLineString", "coordinates": [ [ [ 110.500168124000083, -7.562523914999929 ], [ 110.500248312000053, -7.562621976999935 ], [ 110.500491687000078, -7.562739289999968 ], [ 110.50071549900008, -7.56286860199998 ], [ 110.500847062000048, -7.562966851999931 ], [ 110.501084062000075, -7.563102976999971 ], [ 110.501212999000074, -7.563216226999941 ], [ 110.501347562000035, -7.563318539999955 ], [ 110.501425999000048, -7.563326976999974 ], [ 110.501611374000049, -7.563346976999981 ], [ 110.501934937000044, -7.563376914999935 ], [ 110.501971062000052, -7.563383789999932 ], [ 110.502302437000083, -7.563571976999981 ], [ 110.502406937000046, -7.563631289999933 ], [ 110.502485124000088, -7.56366928999995 ], [ 110.502610937000043, -7.56365403999996 ], [ 110.502658312000051, -7.563639101999968 ], [ 110.502678937000042, -7.563594789999968 ], [ 110.502691374000051, -7.563551726999947 ], [ 110.502699499000073, -7.563523164999935 ], [ 110.502701874000081, -7.563515414999927 ], [ 110.50274737400008, -7.563509414999942 ], [ 110.502855437000051, -7.563509289999956 ], [ 110.502929499000061, -7.563510414999939 ], [ 110.502934312000036, -7.563510789999953 ], [ 110.503077374000043, -7.563582664999956 ] ] ] } },
{ "type": "Feature", "properties": { "fid": 161, "NAMOBJ": null, "FCODE": null, "REMARK": "Alur Sungai", "METADATA": "2017; RBI KSP SK 24.4 2021", "SRS_ID": null, "ADATGL": 0.0, "DMAX": 0.0, "FNGAIR": 0.0, "JNSSNG": 0.0, "KLSSNG": 0.0, "LTKSGI": 0.0, "NAMWS": null, "STATUS": null, "UKRSGI": 0.0, "WMAX": 0.0, "DBTMXS": 0.0, "NAMDAS": null, "SHAPE_Leng": 0.0060749101434559999 }, "geometry": { "type": "MultiLineString", "coordinates": [ [ [ 110.496510124000054, -7.565146726999956 ], [ 110.496628312000041, -7.56521997699997 ], [ 110.496840187000089, -7.56531541499993 ], [ 110.497023812000066, -7.565416976999927 ], [ 110.497168312000042, -7.565463289999968 ], [ 110.497361499000078, -7.565542351999966 ], [ 110.497466374000055, -7.565634039999964 ], [ 110.497703312000056, -7.565916351999931 ], [ 110.497711812000034, -7.56592003999998 ], [ 110.497806749000063, -7.565929726999968 ], [ 110.49809887400005, -7.565955039999949 ], [ 110.498249312000041, -7.566063226999972 ], [ 110.498489937000045, -7.566236601999947 ], [ 110.498692187000074, -7.566327976999958 ], [ 110.498797749000062, -7.566429226999958 ], [ 110.49886762400007, -7.566480789999957 ], [ 110.49904906200004, -7.566576851999969 ], [ 110.499243999000043, -7.566837101999965 ], [ 110.499568562000036, -7.567028164999954 ], [ 110.499680062000039, -7.567195226999957 ], [ 110.499776937000036, -7.567412414999978 ], [ 110.499877437000066, -7.567629539999928 ], [ 110.499970062000045, -7.567771726999979 ], [ 110.5, -7.567787252999949 ], [ 110.500000256000078, -7.567787385999964 ], [ 110.500000305000071, -7.567787409999937 ], [ 110.500057937000065, -7.567817414999979 ], [ 110.50011943700008, -7.56785353999993 ], [ 110.500230749000082, -7.567918664999979 ], [ 110.500287687000082, -7.568015539999976 ], [ 110.500376999000082, -7.568264039999974 ], [ 110.50046824900005, -7.568384414999969 ], [ 110.500671062000038, -7.568483664999974 ], [ 110.500806124000064, -7.568523414999959 ], [ 110.501135624000085, -7.568616351999935 ] ] ] } },
{ "type": "Feature", "properties": { "fid": 162, "NAMOBJ": null, "FCODE": null, "REMARK": "Sungai Satu Garis", "METADATA": "2017; RBI KSP SK 24.4 2021", "SRS_ID": null, "ADATGL": 0.0, "DMAX": 0.0, "FNGAIR": 0.0, "JNSSNG": 0.0, "KLSSNG": 0.0, "LTKSGI": 0.0, "NAMWS": null, "STATUS": null, "UKRSGI": 0.0, "WMAX": 0.0, "DBTMXS": 0.0, "NAMDAS": null, "SHAPE_Leng": 0.164222222112516 }, "geometry": { "type": "MultiLineString", "coordinates": [ [ [ 110.572880030513076, -7.537053891927972 ], [ 110.57288056200008, -7.537054664999971 ] ], [ [ 110.57288056200008, -7.537054664999971 ], [ 110.573078562000035, -7.537117289999969 ], [ 110.573460062000038, -7.537251476999927 ], [ 110.57402787400008, -7.537318164999931 ], [ 110.574493249000056, -7.537366039999938 ], [ 110.574912937000079, -7.537514101999932 ], [ 110.575585312000044, -7.537870789999943 ], [ 110.575663874000043, -7.537906976999977 ], [ 110.57609356200004, -7.538121789999934 ], [ 110.57648587400007, -7.53825735199996 ], [ 110.576820999000063, -7.538309289999972 ], [ 110.577104124000073, -7.538243226999953 ], [ 110.577366187000052, -7.538157664999972 ], [ 110.577538187000073, -7.538151726999956 ], [ 110.577741124000056, -7.538232851999965 ], [ 110.577982812000073, -7.538445226999954 ], [ 110.578144999000074, -7.538615414999981 ], [ 110.57834106200005, -7.538712789999977 ], [ 110.578706312000065, -7.538752726999974 ], [ 110.579126749000068, -7.538696414999947 ], [ 110.57953737400004, -7.538572914999975 ], [ 110.579965687000083, -7.538343726999926 ], [ 110.580250124000088, -7.538142164999954 ], [ 110.58045568700004, -7.537972164999928 ], [ 110.580664312000067, -7.53789285199997 ], [ 110.58127668700007, -7.538000851999925 ], [ 110.581737374000056, -7.538043289999962 ], [ 110.582367999000041, -7.537993664999931 ] ], [ [ 110.582367999000041, -7.537993664999931 ], [ 110.582646374000035, -7.537913351999975 ], [ 110.58283418700006, -7.537847351999972 ], [ 110.583040749000077, -7.537862289999964 ], [ 110.583275937000053, -7.537925164999933 ], [ 110.583302187000072, -7.537932851999926 ], [ 110.583337062000055, -7.53793716499996 ], [ 110.58382868700005, -7.537889726999936 ], [ 110.583929187000081, -7.537890914999934 ], [ 110.584120624000036, -7.538091539999925 ], [ 110.584247624000056, -7.538228351999976 ], [ 110.584442187000036, -7.538314414999945 ], [ 110.584689624000077, -7.538320539999972 ], [ 110.584987062000039, -7.538298789999942 ], [ 110.585569312000075, -7.538605476999976 ], [ 110.585907812000073, -7.538779039999952 ], [ 110.58612706200006, -7.53887285199994 ], [ 110.586257249000084, -7.538990414999944 ], [ 110.586430187000076, -7.539553289999958 ], [ 110.586565249000046, -7.539856226999973 ], [ 110.586776374000067, -7.54016547699996 ], [ 110.587076062000051, -7.540440101999934 ], [ 110.587157687000058, -7.540482101999942 ], [ 110.58740681200004, -7.540605101999972 ], [ 110.587642687000084, -7.540641164999954 ], [ 110.587880124000037, -7.540673789999971 ], [ 110.588025812000069, -7.540751601999943 ], [ 110.588304437000033, -7.541000101999941 ], [ 110.588452937000056, -7.541087101999949 ], [ 110.588603874000057, -7.54112366499993 ], [ 110.588712937000082, -7.541216976999976 ], [ 110.588757499000053, -7.541462601999967 ], [ 110.588773812000056, -7.541664289999972 ], [ 110.588834374000044, -7.541807664999965 ], [ 110.588997624000058, -7.541938539999933 ], [ 110.589284062000047, -7.541995851999957 ], [ 110.589676937000036, -7.541991226999926 ], [ 110.589860624000039, -7.541987414999937 ], [ 110.589894436192679, -7.54202745799995 ] ] ] } },
{ "type": "Feature", "properties": { "fid": 163, "NAMOBJ": null, "FCODE": null, "REMARK": "Sungai Satu Garis", "METADATA": "2017; RBI KSP SK 24.4 2021", "SRS_ID": null, "ADATGL": 0.0, "DMAX": 0.0, "FNGAIR": 0.0, "JNSSNG": 0.0, "KLSSNG": 0.0, "LTKSGI": 0.0, "NAMWS": null, "STATUS": null, "UKRSGI": 0.0, "WMAX": 0.0, "DBTMXS": 0.0, "NAMDAS": null, "SHAPE_Leng": 0.072788587560981999 }, "geometry": { "type": "MultiLineString", "coordinates": [ [ [ 110.543744166238497, -7.527283972335401 ], [ 110.54472843700006, -7.527946914999973 ], [ 110.545082312000034, -7.527935289999959 ], [ 110.545177374000048, -7.527935414999945 ], [ 110.545328062000067, -7.527926289999925 ], [ 110.545786687000088, -7.527906539999947 ], [ 110.546094999000047, -7.527893914999936 ], [ 110.546388749000073, -7.52795522699995 ], [ 110.54673056200005, -7.528108851999946 ], [ 110.547210312000061, -7.528402289999974 ], [ 110.547625249000077, -7.52870222699994 ], [ 110.547921312000085, -7.52876360199997 ], [ 110.548206687000061, -7.528878414999951 ], [ 110.548508624000078, -7.529084914999942 ], [ 110.549074749000056, -7.529518226999926 ], [ 110.549821437000048, -7.530113851999943 ], [ 110.550165187000061, -7.530455601999961 ], [ 110.550807187000089, -7.531231414999979 ], [ 110.551079562000041, -7.53156053999993 ], [ 110.551345937000065, -7.531694164999976 ], [ 110.551618437000059, -7.531761164999978 ], [ 110.551721999000051, -7.531789414999935 ], [ 110.552435937000041, -7.531997789999934 ], [ 110.552840937000042, -7.532198914999981 ], [ 110.553281374000051, -7.532378039999969 ], [ 110.553818874000058, -7.532539914999973 ], [ 110.554556999000056, -7.532710226999939 ], [ 110.554921124000089, -7.532862164999926 ], [ 110.555292937000047, -7.533107539999946 ], [ 110.555630937000046, -7.533329101999925 ], [ 110.555965312000069, -7.53341378999994 ], [ 110.556497062000062, -7.533540664999975 ], [ 110.556887499000084, -7.533672414999955 ], [ 110.557215812000038, -7.533783289999974 ], [ 110.557754937000084, -7.533972726999934 ], [ 110.559077874000081, -7.534207351999953 ], [ 110.559697249000067, -7.534358226999927 ], [ 110.560331187000088, -7.534581164999963 ], [ 110.560519312000054, -7.534647351999979 ], [ 110.560713187000033, -7.53472166499995 ], [ 110.560986249000052, -7.534837664999941 ], [ 110.562648187000036, -7.535552851999967 ], [ 110.562690874000054, -7.535566539999934 ], [ 110.563078999000084, -7.535649601999978 ], [ 110.563966874000073, -7.535799851999968 ], [ 110.56417812400008, -7.535842664999961 ], [ 110.564484937000088, -7.535904851999931 ], [ 110.565406999000061, -7.535935101999939 ], [ 110.565725687000054, -7.535974164999971 ], [ 110.56612212400006, -7.536010039999951 ], [ 110.566473749000068, -7.536024601999941 ], [ 110.566941937000081, -7.536058976999925 ], [ 110.567487062000055, -7.536182289999942 ], [ 110.568612374000054, -7.536564601999942 ], [ 110.569167749000087, -7.536810664999962 ], [ 110.569424874000049, -7.537003289999973 ], [ 110.569779624000034, -7.537360476999936 ], [ 110.569967312000074, -7.537495289999981 ], [ 110.570137812000041, -7.537538726999969 ], [ 110.570446624000056, -7.537528101999953 ], [ 110.571271812000077, -7.537461289999953 ], [ 110.572583749000046, -7.537223101999928 ], [ 110.572855687000072, -7.537077039999929 ], [ 110.57288056200008, -7.537054664999971 ] ] ] } },
{ "type": "Feature", "properties": { "fid": 164, "NAMOBJ": null, "FCODE": null, "REMARK": "Sungai Satu Garis", "METADATA": "2017; RBI KSP SK 24.4 2021", "SRS_ID": null, "ADATGL": 0.0, "DMAX": 0.0, "FNGAIR": 0.0, "JNSSNG": 0.0, "KLSSNG": 0.0, "LTKSGI": 0.0, "NAMWS": null, "STATUS": null, "UKRSGI": 0.0, "WMAX": 0.0, "DBTMXS": 0.0, "NAMDAS": null, "SHAPE_Leng": 0.21503383143639901 }, "geometry": { "type": "MultiLineString", "coordinates": [ [ [ 110.714107666957503, -7.601892306516065 ], [ 110.714285437000058, -7.601916789999962 ], [ 110.714712187000089, -7.601889351999944 ], [ 110.715020437000078, -7.601905726999973 ], [ 110.715151124000045, -7.601968726999928 ], [ 110.715191179636449, -7.602071870465595 ] ], [ [ 110.715118897646946, -7.603584374007575 ], [ 110.715133437000077, -7.603719414999944 ], [ 110.715208937000057, -7.603807351999933 ], [ 110.715491249000081, -7.603966851999928 ], [ 110.715793374000043, -7.604168289999961 ], [ 110.71583324900007, -7.604263914999933 ], [ 110.715841687000079, -7.604301914999951 ], [ 110.715896937000082, -7.60451222699993 ], [ 110.715982808001911, -7.604733542329818 ] ], [ [ 110.716501361001292, -7.60495221223948 ], [ 110.716536374000043, -7.604948476999937 ], [ 110.716757850332698, -7.604894447416719 ] ], [ [ 110.71960150455034, -7.605520791655085 ], [ 110.719737374000033, -7.605544914999939 ], [ 110.719853749000038, -7.605644789999928 ], [ 110.719888661428797, -7.60570448977551 ] ], [ [ 110.720048777980281, -7.605970924285286 ], [ 110.720189562000087, -7.606199726999932 ], [ 110.720264562000068, -7.606278164999935 ], [ 110.720341562000044, -7.606446726999934 ], [ 110.720384187000036, -7.606513226999937 ], [ 110.720384624000076, -7.606513914999937 ], [ 110.720401483067889, -7.606540242776821 ] ], [ [ 110.722366522398602, -7.60620687587156 ], [ 110.722409437000067, -7.606149101999961 ], [ 110.722455687000036, -7.606112664999955 ], [ 110.722511187000066, -7.606101726999952 ], [ 110.722601229339716, -7.606099091495458 ] ], [ [ 110.722762450991411, -7.606094372599999 ], [ 110.722825062000084, -7.606092539999963 ], [ 110.723329928616693, -7.606116618145661 ] ], [ [ 110.724316542779121, -7.6061317754936 ], [ 110.724647312000059, -7.606119289999981 ], [ 110.724823874000037, -7.606224476999955 ], [ 110.726144874000056, -7.607211351999979 ], [ 110.726878187000068, -7.608107851999932 ], [ 110.727092196126307, -7.608309224779606 ] ], [ [ 110.727401080972626, -7.608369403270646 ], [ 110.727502374000039, -7.60833453999993 ], [ 110.727781499000059, -7.608220226999947 ], [ 110.728483187000052, -7.607798851999974 ], [ 110.728747687000066, -7.607705601999953 ], [ 110.728848437000067, -7.607722601999967 ], [ 110.729063312000051, -7.607820414999935 ], [ 110.72919737400008, -7.607995539999933 ], [ 110.729403062000074, -7.608451851999973 ], [ 110.730014973211709, -7.609748925864705 ] ] ] } },
{ "type": "Feature", "properties": { "fid": 165, "NAMOBJ": "Kali Bayudono", "FCODE": null, "REMARK": "Sungai Satu Garis", "METADATA": "2017; RBI KSP SK 24.4 2021", "SRS_ID": null, "ADATGL": 0.0, "DMAX": 0.0, "FNGAIR": 0.0, "JNSSNG": 0.0, "KLSSNG": 0.0, "LTKSGI": 0.0, "NAMWS": null, "STATUS": null, "UKRSGI": 0.0, "WMAX": 0.0, "DBTMXS": 0.0, "NAMDAS": null, "SHAPE_Leng": 0.080850358821132007 }, "geometry": { "type": "MultiLineString", "coordinates": [ [ [ 110.575381798795831, -7.533718450658704 ], [ 110.57546231200007, -7.533724664999966 ], [ 110.575915124000062, -7.53365310199996 ], [ 110.576767499000084, -7.533539476999977 ], [ 110.577887624000084, -7.533466164999936 ], [ 110.579005374000076, -7.533391539999968 ], [ 110.579354562000049, -7.53345385199998 ], [ 110.579571687000055, -7.533565101999955 ], [ 110.580073749000064, -7.533846414999971 ], [ 110.580366999000034, -7.533880039999929 ], [ 110.581214092281257, -7.533865346281134 ] ], [ [ 110.582371702777223, -7.533493495389616 ], [ 110.582805687000075, -7.533255914999927 ], [ 110.583233567937754, -7.533143314601563 ] ], [ [ 110.584505520234586, -7.532808589862243 ], [ 110.584588124000049, -7.532786851999958 ], [ 110.585041767790713, -7.532720266584056 ] ], [ [ 110.58685388354958, -7.532741908037834 ], [ 110.587124374000041, -7.532747976999929 ], [ 110.587380437000036, -7.532788039999957 ], [ 110.587830187000066, -7.532916414999931 ], [ 110.588618437000036, -7.533220664999931 ], [ 110.589076312000088, -7.533500914999934 ], [ 110.589637999000047, -7.533858414999941 ], [ 110.590116124000076, -7.534162914999968 ], [ 110.590167999000073, -7.53417135199993 ], [ 110.590440249000039, -7.53426247699997 ], [ 110.591003499000067, -7.534472539999967 ], [ 110.591099624000037, -7.534505164999928 ], [ 110.591101765930574, -7.534505897314748 ] ] ] } },
{ "type": "Feature", "properties": { "fid": 166, "NAMOBJ": null, "FCODE": null, "REMARK": "Sungai Satu Garis", "METADATA": "2017; RBI KSP SK 24.4 2021", "SRS_ID": null, "ADATGL": 0.0, "DMAX": 0.0, "FNGAIR": 0.0, "JNSSNG": 0.0, "KLSSNG": 0.0, "LTKSGI": 0.0, "NAMWS": null, "STATUS": null, "UKRSGI": 0.0, "WMAX": 0.0, "DBTMXS": 0.0, "NAMDAS": null, "SHAPE_Leng": 0.015422000997608 }, "geometry": { "type": "MultiLineString", "coordinates": [ [ [ 110.574577874486536, -7.534613073036809 ], [ 110.574693970847719, -7.534750133543691 ] ], [ [ 110.57525793031347, -7.535166355286473 ], [ 110.575278937000064, -7.535165664999965 ], [ 110.575488374000088, -7.535187039999926 ], [ 110.576455312000064, -7.535455851999927 ], [ 110.577002687000061, -7.535579851999955 ], [ 110.57787462400006, -7.535888351999972 ], [ 110.578441812000051, -7.536167851999949 ], [ 110.578839187000085, -7.536439101999974 ], [ 110.578948499000035, -7.536585351999975 ], [ 110.579170437000073, -7.536933914999963 ], [ 110.579543687000069, -7.537153664999948 ], [ 110.579704312000047, -7.537182101999974 ], [ 110.579964437000058, -7.537147476999962 ], [ 110.580359374000068, -7.537105289999943 ], [ 110.580617874000041, -7.537155414999972 ], [ 110.580911874000037, -7.537293414999965 ], [ 110.581455124000058, -7.537550101999955 ], [ 110.582367999000041, -7.537993664999931 ] ] ] } },
{ "type": "Feature", "properties": { "fid": 167, "NAMOBJ": null, "FCODE": null, "REMARK": "Alur Sungai", "METADATA": null, "SRS_ID": null, "ADATGL": 0.0, "DMAX": 0.0, "FNGAIR": 0.0, "JNSSNG": 0.0, "KLSSNG": 0.0, "LTKSGI": 0.0, "NAMWS": null, "STATUS": null, "UKRSGI": 0.0, "WMAX": 0.0, "DBTMXS": 0.0, "NAMDAS": null, "SHAPE_Leng": 0.0079612607618059997 }, "geometry": { "type": "MultiLineString", "coordinates": [ [ [ 110.492437062000079, -7.573971726999957 ], [ 110.492507249000084, -7.57400916499995 ], [ 110.492573499000059, -7.574075289999939 ], [ 110.492781249000075, -7.574306726999964 ], [ 110.492920062000053, -7.574449351999931 ], [ 110.493018062000033, -7.574550039999963 ], [ 110.493213499000035, -7.574773851999964 ], [ 110.49347724900008, -7.574998039999969 ], [ 110.493835312000044, -7.57516116499994 ], [ 110.494005624000067, -7.575247039999965 ], [ 110.494101812000054, -7.575313976999951 ], [ 110.494348937000041, -7.575634476999937 ], [ 110.494421187000057, -7.575809851999963 ], [ 110.494475687000033, -7.576039914999967 ], [ 110.494484937000038, -7.57607197699997 ], [ 110.49462599900005, -7.57617322699997 ], [ 110.494782499000053, -7.576376226999969 ], [ 110.494842749000043, -7.576525851999975 ], [ 110.494924562000051, -7.576885226999934 ], [ 110.494993499000088, -7.577431726999976 ], [ 110.495043124000063, -7.57777710199997 ], [ 110.495203874000083, -7.578204289999974 ], [ 110.495186124000043, -7.578343414999949 ], [ 110.49517843700005, -7.578403664999939 ], [ 110.495176187000084, -7.578421664999951 ], [ 110.495148749000066, -7.578658726999947 ], [ 110.495158749000041, -7.578847414999927 ], [ 110.495222374000036, -7.579138101999945 ], [ 110.495285937000062, -7.579272539999977 ], [ 110.495310187000086, -7.579305414999965 ], [ 110.495579812000074, -7.579747164999958 ], [ 110.495703624000043, -7.580089226999974 ], [ 110.495762374000037, -7.580214664999971 ], [ 110.495804062000047, -7.580257976999974 ], [ 110.496198312000047, -7.580318664999936 ] ] ] } },
{ "type": "Feature", "properties": { "fid": 168, "NAMOBJ": null, "FCODE": null, "REMARK": "Alur Sungai", "METADATA": null, "SRS_ID": null, "ADATGL": 0.0, "DMAX": 0.0, "FNGAIR": 0.0, "JNSSNG": 0.0, "KLSSNG": 0.0, "LTKSGI": 0.0, "NAMWS": null, "STATUS": null, "UKRSGI": 0.0, "WMAX": 0.0, "DBTMXS": 0.0, "NAMDAS": null, "SHAPE_Leng": 0.001690014349061 }, "geometry": { "type": "MultiLineString", "coordinates": [ [ [ 110.487164874000086, -7.567502039999965 ], [ 110.487175687000047, -7.567566664999958 ], [ 110.487201187000039, -7.567722039999978 ], [ 110.487170999000057, -7.56787903999998 ], [ 110.487181624000073, -7.568034976999968 ], [ 110.487236749000033, -7.568109101999937 ], [ 110.487463812000044, -7.568343414999958 ], [ 110.487603312000033, -7.568481601999963 ], [ 110.487633937000055, -7.56856978999997 ], [ 110.487656937000054, -7.568710726999939 ], [ 110.487817187000076, -7.568963976999953 ] ] ] } },
{ "type": "Feature", "properties": { "fid": 169, "NAMOBJ": null, "FCODE": null, "REMARK": "Alur Sungai", "METADATA": null, "SRS_ID": null, "ADATGL": 0.0, "DMAX": 0.0, "FNGAIR": 0.0, "JNSSNG": 0.0, "KLSSNG": 0.0, "LTKSGI": 0.0, "NAMWS": null, "STATUS": null, "UKRSGI": 0.0, "WMAX": 0.0, "DBTMXS": 0.0, "NAMDAS": null, "SHAPE_Leng": 0.0011624687193230001 }, "geometry": { "type": "MultiLineString", "coordinates": [ [ [ 110.491659999000035, -7.57077910199996 ], [ 110.491700437000077, -7.570897851999973 ], [ 110.491729124000074, -7.570977976999927 ], [ 110.49159562400007, -7.571397476999948 ], [ 110.491567437000072, -7.571488289999934 ], [ 110.491566749000071, -7.571490351999955 ], [ 110.491451249000079, -7.571579851999957 ], [ 110.491260312000065, -7.571768351999935 ] ] ] } },
{ "type": "Feature", "properties": { "fid": 170, "NAMOBJ": null, "FCODE": null, "REMARK": "Alur Sungai", "METADATA": null, "SRS_ID": null, "ADATGL": 0.0, "DMAX": 0.0, "FNGAIR": 0.0, "JNSSNG": 0.0, "KLSSNG": 0.0, "LTKSGI": 0.0, "NAMWS": null, "STATUS": null, "UKRSGI": 0.0, "WMAX": 0.0, "DBTMXS": 0.0, "NAMDAS": null, "SHAPE_Leng": 0.0048366537808780001 }, "geometry": { "type": "MultiLineString", "coordinates": [ [ [ 110.496198312000047, -7.580318664999936 ], [ 110.496198499000059, -7.580337164999946 ], [ 110.496224062000067, -7.580942601999936 ], [ 110.496229499000037, -7.581072476999964 ], [ 110.496234874000038, -7.581199351999942 ], [ 110.496271749000073, -7.581426976999978 ], [ 110.496224187000053, -7.581568476999962 ], [ 110.496126999000069, -7.581818601999942 ], [ 110.496162687000037, -7.58196391499996 ], [ 110.496249874000057, -7.582107914999938 ], [ 110.496618249000051, -7.582651664999958 ], [ 110.496767937000072, -7.583106664999946 ], [ 110.496821499000077, -7.583406414999956 ], [ 110.496851124000045, -7.583571476999964 ], [ 110.496951562000049, -7.583733851999966 ], [ 110.497071437000045, -7.583829039999955 ], [ 110.49719831200008, -7.583959289999939 ], [ 110.497293312000068, -7.584155039999928 ], [ 110.497296062000089, -7.584168101999978 ], [ 110.497328124000035, -7.584318226999926 ], [ 110.497301499000059, -7.584472476999963 ], [ 110.497228187000076, -7.584526851999954 ], [ 110.497048312000061, -7.584658601999934 ] ] ] } },
{ "type": "Feature", "properties": { "fid": 171, "NAMOBJ": null, "FCODE": null, "REMARK": "Alur Sungai", "METADATA": null, "SRS_ID": null, "ADATGL": 0.0, "DMAX": 0.0, "FNGAIR": 0.0, "JNSSNG": 0.0, "KLSSNG": 0.0, "LTKSGI": 0.0, "NAMWS": null, "STATUS": null, "UKRSGI": 0.0, "WMAX": 0.0, "DBTMXS": 0.0, "NAMDAS": null, "SHAPE_Leng": 0.003448896773696 }, "geometry": { "type": "MultiLineString", "coordinates": [ [ [ 110.498241999000072, -7.567671351999934 ], [ 110.49834024900008, -7.567807414999947 ], [ 110.49849918700005, -7.568123226999944 ], [ 110.498537874000078, -7.568285726999932 ], [ 110.498561812000048, -7.568416914999943 ], [ 110.498725749000073, -7.568673414999978 ], [ 110.498844437000059, -7.568933601999959 ], [ 110.498976187000039, -7.569124601999931 ], [ 110.499068937000061, -7.569296789999953 ], [ 110.499176499000043, -7.569477289999952 ], [ 110.499287624000033, -7.569626476999929 ], [ 110.49935724900007, -7.569740226999954 ], [ 110.499395812000046, -7.569785164999928 ], [ 110.49957362400005, -7.569960351999953 ], [ 110.499755062000077, -7.570198351999977 ], [ 110.499822312000049, -7.570325851999939 ], [ 110.499852499000042, -7.57047928999998 ], [ 110.499837749000051, -7.570645476999971 ], [ 110.499837383000056, -7.570649595999953 ] ] ] } },
{ "type": "Feature", "properties": { "fid": 172, "NAMOBJ": null, "FCODE": null, "REMARK": "Alur Sungai", "METADATA": null, "SRS_ID": null, "ADATGL": 0.0, "DMAX": 0.0, "FNGAIR": 0.0, "JNSSNG": 0.0, "KLSSNG": 0.0, "LTKSGI": 0.0, "NAMWS": null, "STATUS": null, "UKRSGI": 0.0, "WMAX": 0.0, "DBTMXS": 0.0, "NAMDAS": null, "SHAPE_Leng": 0.014318298218515 }, "geometry": { "type": "MultiLineString", "coordinates": [ [ [ 110.487817187000076, -7.568963976999953 ], [ 110.487821499000063, -7.569096539999975 ], [ 110.487902687000087, -7.569205789999955 ], [ 110.488220999000077, -7.569533039999953 ], [ 110.488351562000048, -7.569648039999947 ], [ 110.488392124000086, -7.569747476999964 ], [ 110.488450624000052, -7.569878664999976 ], [ 110.488566562000074, -7.569986976999928 ], [ 110.48882543700006, -7.570216039999934 ], [ 110.488845187000038, -7.570299164999938 ], [ 110.488816437000082, -7.570580289999953 ], [ 110.488830249000046, -7.570717226999932 ], [ 110.488867749000065, -7.570984476999968 ], [ 110.488929624000036, -7.571213476999958 ], [ 110.489033187000075, -7.571363476999977 ], [ 110.489167624000061, -7.571541414999956 ], [ 110.48915899900004, -7.571946414999957 ], [ 110.489215624000053, -7.572139289999939 ], [ 110.489285499000061, -7.572228726999981 ], [ 110.489289187000054, -7.572233476999941 ], [ 110.489675749000071, -7.572728226999971 ], [ 110.489727499000082, -7.572766539999975 ], [ 110.489865437000049, -7.572879101999945 ], [ 110.489870562000078, -7.572883226999977 ], [ 110.489899999000045, -7.572907226999973 ], [ 110.490061624000077, -7.573038914999927 ], [ 110.490517437000051, -7.573277226999949 ], [ 110.490722124000058, -7.573464914999931 ], [ 110.490713562000053, -7.573645789999944 ], [ 110.490674249000051, -7.573824164999962 ], [ 110.490683499000056, -7.573858726999958 ], [ 110.490689687000042, -7.573869726999931 ], [ 110.490767749000042, -7.573943289999931 ], [ 110.491052437000064, -7.574155851999933 ], [ 110.491196749000039, -7.574159289999955 ], [ 110.491316874000063, -7.574187351999967 ], [ 110.491434749000064, -7.57427378999995 ], [ 110.491526374000046, -7.574405289999959 ], [ 110.491561312000044, -7.574537476999978 ], [ 110.491611062000061, -7.574856789999956 ], [ 110.49169099900007, -7.575032476999979 ], [ 110.491835249000076, -7.57534235199995 ], [ 110.491809062000073, -7.575569164999933 ], [ 110.49181149900005, -7.575610851999954 ], [ 110.491798624000069, -7.575721726999973 ], [ 110.491682062000052, -7.575879164999947 ], [ 110.491649062000079, -7.576005476999967 ], [ 110.491685749000055, -7.576178476999928 ], [ 110.491809499000055, -7.576642039999967 ], [ 110.491789624000035, -7.576877226999954 ], [ 110.491669874000081, -7.577341976999946 ], [ 110.491691249000041, -7.577654539999969 ], [ 110.491935062000039, -7.577966851999975 ], [ 110.491946312000039, -7.577987289999953 ], [ 110.492104749000077, -7.578253976999974 ], [ 110.492113812000071, -7.578269226999964 ], [ 110.49213306200005, -7.578301664999969 ], [ 110.492282499000055, -7.578528539999979 ], [ 110.492376937000074, -7.578578101999938 ], [ 110.492515562000051, -7.578665289999947 ], [ 110.492786499000033, -7.578861539999934 ], [ 110.492998249000038, -7.579010976999939 ], [ 110.493147562000047, -7.579091914999935 ], [ 110.493468312000061, -7.579212101999929 ], [ 110.493839312000034, -7.579348914999969 ], [ 110.494019749000074, -7.579493789999958 ], [ 110.494055562000085, -7.579571539999961 ], [ 110.494100062000086, -7.579669101999968 ], [ 110.494201749000069, -7.579726351999966 ], [ 110.494293062000054, -7.579721914999936 ], [ 110.494586687000037, -7.579807726999945 ] ] ] } },
{ "type": "Feature", "properties": { "fid": 173, "NAMOBJ": null, "FCODE": null, "REMARK": "Alur Sungai", "METADATA": null, "SRS_ID": null, "ADATGL": 0.0, "DMAX": 0.0, "FNGAIR": 0.0, "JNSSNG": 0.0, "KLSSNG": 0.0, "LTKSGI": 0.0, "NAMWS": null, "STATUS": null, "UKRSGI": 0.0, "WMAX": 0.0, "DBTMXS": 0.0, "NAMDAS": null, "SHAPE_Leng": 0.0055544001416550004 }, "geometry": { "type": "MultiLineString", "coordinates": [ [ [ 110.485014062000062, -7.565545039999961 ], [ 110.485043937000057, -7.56560722699993 ], [ 110.485138624000058, -7.565759664999973 ], [ 110.485292499000082, -7.565969914999926 ], [ 110.48538368700008, -7.56608885199995 ], [ 110.485602374000052, -7.566504601999952 ], [ 110.48588062400006, -7.566903164999928 ], [ 110.485918312000081, -7.567046226999935 ], [ 110.485965687000089, -7.567343164999954 ], [ 110.486012937000055, -7.567411851999964 ], [ 110.48605712400007, -7.567484164999939 ], [ 110.486193624000066, -7.567819289999932 ], [ 110.486216499000079, -7.567833039999925 ], [ 110.486262562000036, -7.567900976999965 ], [ 110.486250187000053, -7.568015039999977 ], [ 110.486233249000065, -7.568260351999982 ], [ 110.486286374000088, -7.568397226999934 ], [ 110.486465312000064, -7.568719164999948 ], [ 110.486594624000077, -7.569080289999931 ], [ 110.486590999000043, -7.569104101999926 ], [ 110.486542937000081, -7.569188851999968 ], [ 110.486446562000083, -7.569252914999936 ], [ 110.486258999000086, -7.569315914999947 ], [ 110.486186499000041, -7.569378601999972 ], [ 110.486091999000053, -7.569440789999931 ], [ 110.485930062000079, -7.569410851999976 ], [ 110.485915312000088, -7.569388039999978 ], [ 110.485896499000035, -7.569414164999955 ], [ 110.485889062000069, -7.569460914999979 ], [ 110.485882124000057, -7.569478789999948 ], [ 110.485852249000061, -7.569512414999963 ], [ 110.485849874000053, -7.569515101999968 ], [ 110.485825187000046, -7.569564789999959 ], [ 110.485813562000033, -7.569600101999981 ], [ 110.485781624000083, -7.569713601999979 ], [ 110.485732062000068, -7.56974028999997 ], [ 110.485651312000073, -7.569783101999974 ], [ 110.485605062000047, -7.569870289999926 ], [ 110.485522374000084, -7.569888914999979 ], [ 110.485465687000044, -7.569851226999958 ] ] ] } },
{ "type": "Feature", "properties": { "fid": 174, "NAMOBJ": null, "FCODE": null, "REMARK": "Alur Sungai", "METADATA": null, "SRS_ID": null, "ADATGL": 0.0, "DMAX": 0.0, "FNGAIR": 0.0, "JNSSNG": 0.0, "KLSSNG": 0.0, "LTKSGI": 0.0, "NAMWS": null, "STATUS": null, "UKRSGI": 0.0, "WMAX": 0.0, "DBTMXS": 0.0, "NAMDAS": null, "SHAPE_Leng": 0.0049828445031419996 }, "geometry": { "type": "MultiLineString", "coordinates": [ [ [ 110.496089624000035, -7.56994072699996 ], [ 110.496135812000034, -7.570035351999934 ], [ 110.496140624000077, -7.570037289999959 ], [ 110.496159187000046, -7.570044289999942 ], [ 110.496254999000087, -7.570114414999978 ], [ 110.496378062000076, -7.570198101999949 ], [ 110.496421874000077, -7.570220914999936 ], [ 110.496737062000079, -7.570427539999969 ], [ 110.496857812000087, -7.570622164999975 ], [ 110.497061249000069, -7.570991226999979 ], [ 110.497067812000068, -7.57100460199996 ], [ 110.497125937000078, -7.571194414999979 ], [ 110.49718193700005, -7.571421726999972 ], [ 110.497235249000084, -7.571661476999964 ], [ 110.497246937000057, -7.571713664999947 ], [ 110.497255249000034, -7.571788414999958 ], [ 110.497298374000081, -7.57217578999996 ], [ 110.49734462400005, -7.572367476999943 ], [ 110.497409749000042, -7.57248547699993 ], [ 110.497522999000068, -7.572586914999931 ], [ 110.497829812000077, -7.572829851999927 ], [ 110.497837312000058, -7.572845851999944 ], [ 110.497893937000072, -7.573034789999951 ], [ 110.497968062000041, -7.573592914999949 ], [ 110.497971874000086, -7.573694726999975 ], [ 110.49800156200007, -7.573905289999971 ], [ 110.498004499000047, -7.573961851999968 ], [ 110.498016499000073, -7.574192976999939 ], [ 110.498017312000059, -7.574233726999978 ] ] ] } },
{ "type": "Feature", "properties": { "fid": 175, "NAMOBJ": null, "FCODE": null, "REMARK": "Alur Sungai", "METADATA": null, "SRS_ID": null, "ADATGL": 0.0, "DMAX": 0.0, "FNGAIR": 0.0, "JNSSNG": 0.0, "KLSSNG": 0.0, "LTKSGI": 0.0, "NAMWS": null, "STATUS": null, "UKRSGI": 0.0, "WMAX": 0.0, "DBTMXS": 0.0, "NAMDAS": null, "SHAPE_Leng": 0.0045606636829199996 }, "geometry": { "type": "MultiLineString", "coordinates": [ [ [ 110.493669374000035, -7.575823101999958 ], [ 110.493697437000037, -7.575870101999953 ], [ 110.493810874000076, -7.576018164999937 ], [ 110.494095874000038, -7.576307539999959 ], [ 110.494112437000069, -7.576329664999946 ], [ 110.49422631200008, -7.576519101999963 ], [ 110.494191062000084, -7.576671289999979 ], [ 110.494187687000078, -7.576681164999968 ], [ 110.494144749000043, -7.57685485199994 ], [ 110.494109187000049, -7.576964789999977 ], [ 110.494101499000067, -7.577020226999934 ], [ 110.494056312000055, -7.577348226999959 ], [ 110.493944874000078, -7.577463351999938 ], [ 110.493860812000037, -7.577580226999942 ], [ 110.493838874000062, -7.57780691499994 ], [ 110.493835749000084, -7.577838539999959 ], [ 110.493835812000043, -7.577970664999953 ], [ 110.493836249000083, -7.578343476999976 ], [ 110.493872374000034, -7.578496851999944 ], [ 110.493976062000058, -7.578666601999942 ], [ 110.494182499000033, -7.578969539999946 ], [ 110.494227499000033, -7.579306914999961 ], [ 110.494372937000037, -7.579418539999949 ], [ 110.494611187000089, -7.57962103999995 ], [ 110.494586687000037, -7.579807726999945 ] ] ] } },
{ "type": "Feature", "properties": { "fid": 176, "NAMOBJ": null, "FCODE": null, "REMARK": "Alur Sungai", "METADATA": null, "SRS_ID": null, "ADATGL": 0.0, "DMAX": 0.0, "FNGAIR": 0.0, "JNSSNG": 0.0, "KLSSNG": 0.0, "LTKSGI": 0.0, "NAMWS": null, "STATUS": null, "UKRSGI": 0.0, "WMAX": 0.0, "DBTMXS": 0.0, "NAMDAS": null, "SHAPE_Leng": 0.0030411174593259998 }, "geometry": { "type": "MultiLineString", "coordinates": [ [ [ 110.494586687000037, -7.579807726999945 ], [ 110.494631624000078, -7.57986997699993 ], [ 110.494795999000075, -7.579956226999968 ], [ 110.494957812000052, -7.580072539999946 ], [ 110.495005437000088, -7.580161539999949 ], [ 110.495051124000042, -7.580469351999966 ], [ 110.495126937000066, -7.580510664999963 ], [ 110.495292624000058, -7.580513976999953 ], [ 110.495409374000076, -7.580544914999962 ], [ 110.495500312000047, -7.580623789999947 ], [ 110.495553749000067, -7.580734164999967 ], [ 110.495694124000067, -7.581326226999977 ], [ 110.495628937000049, -7.581413476999955 ], [ 110.495505999000045, -7.58159591499998 ], [ 110.49539218700005, -7.58197303999998 ], [ 110.495405312000059, -7.582060789999957 ], [ 110.495409749000089, -7.582142976999933 ], [ 110.495376874000044, -7.582179476999954 ] ] ] } },
{ "type": "Feature", "properties": { "fid": 177, "NAMOBJ": null, "FCODE": null, "REMARK": "Alur Sungai", "METADATA": null, "SRS_ID": null, "ADATGL": 0.0, "DMAX": 0.0, "FNGAIR": 0.0, "JNSSNG": 0.0, "KLSSNG": 0.0, "LTKSGI": 0.0, "NAMWS": null, "STATUS": null, "UKRSGI": 0.0, "WMAX": 0.0, "DBTMXS": 0.0, "NAMDAS": null, "SHAPE_Leng": 0.0073505407308789997 }, "geometry": { "type": "MultiLineString", "coordinates": [ [ [ 110.488003249000087, -7.566155789999925 ], [ 110.487984187000052, -7.566311601999928 ], [ 110.487961749000078, -7.566621226999928 ], [ 110.487962312000036, -7.566636789999961 ], [ 110.487999187000071, -7.566890976999957 ], [ 110.488053624000088, -7.567047726999931 ], [ 110.488070624000045, -7.567190351999955 ], [ 110.488113499000065, -7.567356664999977 ], [ 110.48821999900008, -7.567517101999954 ], [ 110.488386749000085, -7.567655914999932 ], [ 110.488616187000048, -7.567760351999937 ], [ 110.48882687400004, -7.56789316499993 ], [ 110.489060749000089, -7.568085664999955 ], [ 110.48927799900008, -7.568172414999935 ], [ 110.489439062000088, -7.568283664999967 ], [ 110.489525687000082, -7.568396039999925 ], [ 110.489668937000033, -7.568554726999935 ], [ 110.489675937000072, -7.568605851999962 ], [ 110.48967624900007, -7.568607976999942 ], [ 110.489718562000064, -7.568753664999974 ], [ 110.489797874000033, -7.569033914999977 ], [ 110.489743187000045, -7.569302414999981 ], [ 110.489693687000056, -7.569413164999958 ], [ 110.489582374000065, -7.569624789999978 ], [ 110.489615249000053, -7.569801789999929 ], [ 110.489719937000075, -7.570031164999932 ], [ 110.489872124000044, -7.570319476999941 ], [ 110.489891499000066, -7.57042303999998 ], [ 110.489840812000068, -7.570505351999941 ], [ 110.489773874000036, -7.570628976999956 ], [ 110.489808812000035, -7.570709101999967 ], [ 110.489884249000056, -7.57077116499994 ], [ 110.490070187000072, -7.570910601999969 ], [ 110.490129124000077, -7.570986226999935 ], [ 110.490149374000055, -7.571012226999926 ], [ 110.490175499000088, -7.57102735199993 ], [ 110.490432312000053, -7.571176039999955 ], [ 110.49069793700005, -7.57132285199998 ], [ 110.49117962400004, -7.571666039999968 ], [ 110.491260312000065, -7.571768351999935 ] ] ] } },
{ "type": "Feature", "properties": { "fid": 178, "NAMOBJ": null, "FCODE": null, "REMARK": "Alur Sungai", "METADATA": null, "SRS_ID": null, "ADATGL": 0.0, "DMAX": 0.0, "FNGAIR": 0.0, "JNSSNG": 0.0, "KLSSNG": 0.0, "LTKSGI": 0.0, "NAMWS": null, "STATUS": null, "UKRSGI": 0.0, "WMAX": 0.0, "DBTMXS": 0.0, "NAMDAS": null, "SHAPE_Leng": 0.0045665818996860003 }, "geometry": { "type": "MultiLineString", "coordinates": [ [ [ 110.490947062000089, -7.568648664999955 ], [ 110.490974937000033, -7.568678851999948 ], [ 110.491122937000057, -7.568829726999979 ], [ 110.491355812000052, -7.568916289999947 ], [ 110.491512937000039, -7.569026476999966 ], [ 110.491643499000077, -7.569108726999957 ], [ 110.491993624000088, -7.569275976999961 ], [ 110.492024749000052, -7.569366789999947 ], [ 110.492084624000086, -7.569473289999962 ], [ 110.492319062000036, -7.569700851999926 ], [ 110.49268412400005, -7.570086476999961 ], [ 110.492818687000067, -7.570307414999945 ], [ 110.492895812000086, -7.570607164999956 ], [ 110.492944999000088, -7.570931726999959 ], [ 110.493034062000049, -7.571261164999953 ], [ 110.493137749000084, -7.57137328999994 ], [ 110.49333849900006, -7.57157622699998 ], [ 110.493526562000056, -7.571858664999979 ], [ 110.493574124000077, -7.571887789999948 ], [ 110.49362093700006, -7.571904601999961 ], [ 110.493638437000072, -7.571908476999965 ], [ 110.493645312000069, -7.571911101999945 ], [ 110.493752999000037, -7.571931101999951 ] ] ] } },
{ "type": "Feature", "properties": { "fid": 179, "NAMOBJ": null, "FCODE": null, "REMARK": "Alur Sungai", "METADATA": null, "SRS_ID": null, "ADATGL": 0.0, "DMAX": 0.0, "FNGAIR": 0.0, "JNSSNG": 0.0, "KLSSNG": 0.0, "LTKSGI": 0.0, "NAMWS": null, "STATUS": null, "UKRSGI": 0.0, "WMAX": 0.0, "DBTMXS": 0.0, "NAMDAS": null, "SHAPE_Leng": 0.011314046258615 }, "geometry": { "type": "MultiLineString", "coordinates": [ [ [ 110.491260312000065, -7.571768351999935 ], [ 110.491260812000064, -7.571772664999969 ], [ 110.491293124000038, -7.571814601999961 ], [ 110.491507624000064, -7.571994351999933 ], [ 110.491770812000084, -7.572164851999958 ], [ 110.491979312000069, -7.572377726999946 ], [ 110.492007687000068, -7.572424789999957 ], [ 110.492008812000051, -7.572428226999932 ], [ 110.492067687000088, -7.57247741499998 ], [ 110.492514562000054, -7.572607226999935 ], [ 110.492614624000055, -7.572714726999948 ], [ 110.492748562000088, -7.572827226999948 ], [ 110.492776062000075, -7.57284191499997 ], [ 110.492807312000082, -7.572860164999952 ], [ 110.493148937000058, -7.572984851999934 ], [ 110.493295562000071, -7.573061851999967 ], [ 110.493634999000051, -7.573275914999954 ], [ 110.493663812000079, -7.573290039999961 ], [ 110.493797124000082, -7.57338666499993 ], [ 110.494055124000056, -7.573576601999946 ], [ 110.494507999000064, -7.573858726999958 ], [ 110.494576312000049, -7.57398591499998 ], [ 110.494588562000047, -7.574137726999936 ], [ 110.494621749000089, -7.574263414999962 ], [ 110.494696624000085, -7.574320851999971 ], [ 110.49470143700006, -7.57432278999994 ], [ 110.494717749000074, -7.574337789999959 ], [ 110.494765874000052, -7.574382164999975 ], [ 110.49478931200008, -7.57444041499997 ], [ 110.494827437000083, -7.574535351999941 ], [ 110.494914312000049, -7.574675414999945 ], [ 110.495068937000042, -7.57475472699997 ], [ 110.495309499000086, -7.574920601999963 ], [ 110.49539218700005, -7.57505922699994 ], [ 110.495503124000038, -7.575201851999964 ], [ 110.495619124000086, -7.575324851999937 ], [ 110.495842812000035, -7.575737539999977 ], [ 110.496147749000045, -7.576174476999938 ], [ 110.496265187000063, -7.576347726999927 ], [ 110.496336499000051, -7.576488539999957 ], [ 110.49638131200004, -7.576576914999976 ], [ 110.496415312000067, -7.576644226999974 ], [ 110.496701562000055, -7.577268414999935 ], [ 110.496648687000061, -7.577403789999948 ], [ 110.49659106200005, -7.577597289999972 ], [ 110.496599999000068, -7.577750914999967 ], [ 110.49660087400008, -7.577765976999956 ], [ 110.496609062000061, -7.577907164999942 ], [ 110.496646062000082, -7.578353726999978 ], [ 110.49665243700008, -7.57845191499996 ], [ 110.496760624000046, -7.578832476999935 ], [ 110.496787749000077, -7.579020789999959 ], [ 110.496737187000065, -7.579139164999958 ], [ 110.496639249000054, -7.579373226999962 ], [ 110.496583874000066, -7.579621164999935 ], [ 110.496455124000079, -7.579962101999968 ], [ 110.496281749000048, -7.580112726999971 ], [ 110.496198312000047, -7.580318664999936 ] ] ] } },
{ "type": "Feature", "properties": { "fid": 180, "NAMOBJ": null, "FCODE": null, "REMARK": "Alur Sungai", "METADATA": null, "SRS_ID": null, "ADATGL": 0.0, "DMAX": 0.0, "FNGAIR": 0.0, "JNSSNG": 0.0, "KLSSNG": 0.0, "LTKSGI": 0.0, "NAMWS": null, "STATUS": null, "UKRSGI": 0.0, "WMAX": 0.0, "DBTMXS": 0.0, "NAMDAS": null, "SHAPE_Leng": 0.00042880881524100001 }, "geometry": { "type": "MultiLineString", "coordinates": [ [ [ 110.497048312000061, -7.584658601999934 ], [ 110.497047937000048, -7.584681539999963 ], [ 110.497042499000088, -7.584982976999981 ], [ 110.497073799969542, -7.585068332195203 ] ] ] } },
{ "type": "Feature", "properties": { "fid": 181, "NAMOBJ": null, "FCODE": null, "REMARK": "Alur Sungai", "METADATA": null, "SRS_ID": null, "ADATGL": 0.0, "DMAX": 0.0, "FNGAIR": 0.0, "JNSSNG": 0.0, "KLSSNG": 0.0, "LTKSGI": 0.0, "NAMWS": null, "STATUS": null, "UKRSGI": 0.0, "WMAX": 0.0, "DBTMXS": 0.0, "NAMDAS": null, "SHAPE_Leng": 0.0030536520354709999 }, "geometry": { "type": "MultiLineString", "coordinates": [ [ [ 110.495376874000044, -7.582179476999954 ], [ 110.495362062000083, -7.582299601999978 ], [ 110.49542193700006, -7.582371164999927 ], [ 110.495531749000065, -7.582530476999978 ], [ 110.495597062000058, -7.582630851999966 ], [ 110.495736187000034, -7.58281078999994 ], [ 110.496118374000048, -7.58352653999998 ], [ 110.496294374000058, -7.583731601999943 ], [ 110.496484062000036, -7.584048914999926 ], [ 110.496575312000061, -7.584163476999947 ], [ 110.496712187000071, -7.584250226999927 ], [ 110.496851499000059, -7.584345101999929 ], [ 110.496913937000045, -7.584451164999962 ], [ 110.497048312000061, -7.584658601999934 ] ] ] } },
{ "type": "Feature", "properties": { "fid": 182, "NAMOBJ": null, "FCODE": null, "REMARK": "Alur Sungai", "METADATA": null, "SRS_ID": null, "ADATGL": 0.0, "DMAX": 0.0, "FNGAIR": 0.0, "JNSSNG": 0.0, "KLSSNG": 0.0, "LTKSGI": 0.0, "NAMWS": null, "STATUS": null, "UKRSGI": 0.0, "WMAX": 0.0, "DBTMXS": 0.0, "NAMDAS": null, "SHAPE_Leng": 0.0036001269893619998 }, "geometry": { "type": "MultiLineString", "coordinates": [ [ [ 110.488473310588873, -7.576146227519541 ], [ 110.488473312000053, -7.576146226999981 ] ] ] } },
{ "type": "Feature", "properties": { "fid": 183, "NAMOBJ": null, "FCODE": null, "REMARK": "Alur Sungai", "METADATA": null, "SRS_ID": null, "ADATGL": 0.0, "DMAX": 0.0, "FNGAIR": 0.0, "JNSSNG": 0.0, "KLSSNG": 0.0, "LTKSGI": 0.0, "NAMWS": null, "STATUS": null, "UKRSGI": 0.0, "WMAX": 0.0, "DBTMXS": 0.0, "NAMDAS": null, "SHAPE_Leng": 0.0040966783589309998 }, "geometry": { "type": "MultiLineString", "coordinates": [ [ [ 110.492416062000075, -7.579727414999979 ], [ 110.492395812000041, -7.579730351999956 ], [ 110.492763999000033, -7.579922726999939 ], [ 110.492857499000081, -7.579973726999981 ], [ 110.492898999000033, -7.580000101999929 ], [ 110.493074874000058, -7.580040226999927 ], [ 110.493081999000083, -7.580041851999965 ], [ 110.493107687000077, -7.58005297699998 ], [ 110.493280937000065, -7.580128039999977 ], [ 110.493417499000088, -7.580236789999958 ], [ 110.493551187000037, -7.580389351999941 ], [ 110.493681749000075, -7.580472039999961 ], [ 110.494055812000056, -7.580656476999934 ], [ 110.494291312000087, -7.58075566499997 ], [ 110.494416562000083, -7.580788914999971 ], [ 110.494468124000036, -7.580802664999965 ], [ 110.494677749000061, -7.581029789999945 ], [ 110.494722312000079, -7.581098226999927 ], [ 110.494818749000046, -7.581510164999941 ], [ 110.494880499000033, -7.581697289999966 ], [ 110.495043812000063, -7.581930851999971 ], [ 110.495236749000071, -7.582097164999936 ], [ 110.495376874000044, -7.582179476999954 ] ] ] } },
{ "type": "Feature", "properties": { "fid": 184, "NAMOBJ": null, "FCODE": null, "REMARK": "Alur Sungai", "METADATA": "2017; RBI KSP SK 24.4 2021", "SRS_ID": null, "ADATGL": 0.0, "DMAX": 0.0, "FNGAIR": 0.0, "JNSSNG": 0.0, "KLSSNG": 0.0, "LTKSGI": 0.0, "NAMWS": null, "STATUS": null, "UKRSGI": 0.0, "WMAX": 0.0, "DBTMXS": 0.0, "NAMDAS": null, "SHAPE_Leng": 0.007654686206216 }, "geometry": { "type": "MultiLineString", "coordinates": [ [ [ 110.501135624000085, -7.568616351999935 ], [ 110.501128249000033, -7.568662851999932 ], [ 110.501170749000039, -7.56876972699996 ], [ 110.501242499000057, -7.568823476999967 ], [ 110.501368187000082, -7.568922726999972 ], [ 110.501421187000062, -7.56896241499993 ], [ 110.501447499000051, -7.568986664999954 ], [ 110.501526937000051, -7.569050664999963 ], [ 110.50162612400004, -7.569156476999979 ], [ 110.501641562000088, -7.56917847699998 ], [ 110.501726687000087, -7.56932947699994 ], [ 110.501861812000072, -7.569638976999954 ], [ 110.502045499000076, -7.570048601999929 ], [ 110.502254249000089, -7.570516664999957 ], [ 110.502306562000058, -7.570733289999964 ], [ 110.502437499000052, -7.571437601999946 ], [ 110.502475187000073, -7.571619476999956 ], [ 110.502584624000065, -7.572140851999961 ], [ 110.502584812000066, -7.572162289999937 ], [ 110.502603437000062, -7.572386414999926 ], [ 110.502628562000041, -7.572554914999955 ] ], [ [ 110.499682499000073, -7.565794539999956 ], [ 110.49967812400007, -7.565825851999932 ], [ 110.499708062000082, -7.566088539999953 ], [ 110.499732624000046, -7.566273039999942 ], [ 110.499751624000055, -7.566444976999946 ], [ 110.499763624000082, -7.566463976999955 ], [ 110.49987124900008, -7.566542351999942 ], [ 110.5, -7.566643170999953 ], [ 110.500000261000082, -7.566643374999956 ], [ 110.500000294000074, -7.566643400999965 ], [ 110.500000315000079, -7.566643416999966 ], [ 110.500157812000054, -7.566766789999974 ], [ 110.500175812000066, -7.566844289999949 ], [ 110.500201249000042, -7.566954101999954 ], [ 110.500280812000085, -7.567003289999946 ], [ 110.500336312000059, -7.567037601999971 ], [ 110.500381124000057, -7.567097101999934 ], [ 110.500421499000083, -7.567216414999962 ], [ 110.500498624000045, -7.567443914999956 ], [ 110.500533374000042, -7.567525914999976 ], [ 110.500614624000036, -7.567628039999931 ], [ 110.500701187000061, -7.567731601999981 ], [ 110.500712687000089, -7.567743914999937 ], [ 110.500824062000049, -7.567871039999943 ], [ 110.500893374000043, -7.567963101999965 ], [ 110.501058749000038, -7.568352164999965 ], [ 110.501135624000085, -7.568616351999935 ] ] ] } },
{ "type": "Feature", "properties": { "fid": 185, "NAMOBJ": null, "FCODE": null, "REMARK": "Sungai Satu Garis", "METADATA": "2022; digitasi; rekti SPOT Jateng 2020", "SRS_ID": null, "ADATGL": 0.0, "DMAX": 0.0, "FNGAIR": 0.0, "JNSSNG": 0.0, "KLSSNG": 0.0, "LTKSGI": 0.0, "NAMWS": null, "STATUS": null, "UKRSGI": 0.0, "WMAX": 0.0, "DBTMXS": 0.0, "NAMDAS": null, "SHAPE_Leng": 0.016175991146992998 }, "geometry": { "type": "MultiLineString", "coordinates": [ [ [ 110.636169079882023, -7.352681245771202 ], [ 110.635868874000039, -7.352772351999931 ] ] ] } },
{ "type": "Feature", "properties": { "fid": 186, "NAMOBJ": null, "FCODE": null, "REMARK": "Sungai Satu Garis", "METADATA": "2017; RBI KSP SK 24.4 2021", "SRS_ID": null, "ADATGL": 0.0, "DMAX": 0.0, "FNGAIR": 0.0, "JNSSNG": 0.0, "KLSSNG": 0.0, "LTKSGI": 0.0, "NAMWS": null, "STATUS": null, "UKRSGI": 0.0, "WMAX": 0.0, "DBTMXS": 0.0, "NAMDAS": null, "SHAPE_Leng": 0.014230197149121 }, "geometry": { "type": "MultiLineString", "coordinates": [ [ [ 110.609521140138469, -7.363474792358732 ], [ 110.609546062000049, -7.363482101999978 ], [ 110.609746437000069, -7.363595664999934 ], [ 110.609833687000048, -7.363718539999979 ], [ 110.609895687000062, -7.363932851999948 ], [ 110.610098187000062, -7.364478101999964 ], [ 110.610246812000071, -7.364636851999933 ], [ 110.610694999000089, -7.364832726999964 ], [ 110.611034562000043, -7.364894039999967 ], [ 110.611160927019654, -7.364910124774929 ] ] ] } },
{ "type": "Feature", "properties": { "fid": 187, "NAMOBJ": "Kali Nyambung", "FCODE": null, "REMARK": "Sungai Satu Garis", "METADATA": "2017; RBI KSP SK 24.4 2021", "SRS_ID": null, "ADATGL": 0.0, "DMAX": 0.0, "FNGAIR": 0.0, "JNSSNG": 0.0, "KLSSNG": 0.0, "LTKSGI": 0.0, "NAMWS": null, "STATUS": null, "UKRSGI": 0.0, "WMAX": 0.0, "DBTMXS": 0.0, "NAMDAS": null, "SHAPE_Leng": 0.083555245908907005 }, "geometry": { "type": "MultiLineString", "coordinates": [ [ [ 110.607844657689057, -7.356766589151333 ], [ 110.608385749000036, -7.356971476999945 ], [ 110.608403429262623, -7.356975336988779 ] ], [ [ 110.608907265753132, -7.356770488744723 ], [ 110.609019647331323, -7.356570018946578 ] ], [ [ 110.610494463134032, -7.356136434779813 ], [ 110.610787249000055, -7.355955226999981 ], [ 110.611092562000067, -7.355935101999933 ], [ 110.611439499000085, -7.355920351999941 ], [ 110.611754249000057, -7.355812664999974 ], [ 110.611858497810388, -7.355733558669119 ] ], [ [ 110.611930132273756, -7.355679200834816 ], [ 110.61195974900005, -7.355656726999939 ], [ 110.612040312287874, -7.355598893517846 ] ], [ [ 110.612422766811193, -7.355381553225207 ], [ 110.612886643441485, -7.355218447778142 ] ], [ [ 110.613667072766532, -7.355030693388926 ], [ 110.61383806200007, -7.355023789999962 ], [ 110.613841489312804, -7.355021525455243 ] ], [ [ 110.614674137883185, -7.353998363618889 ], [ 110.614678249000065, -7.35399210199995 ], [ 110.614688213400342, -7.353990778095801 ] ], [ [ 110.614900036144434, -7.353986175872766 ], [ 110.615079062000063, -7.354022726999972 ], [ 110.615367124000045, -7.354065039999966 ], [ 110.615565562000086, -7.354082539999979 ], [ 110.61569212087818, -7.354136570431612 ] ], [ [ 110.615722943299687, -7.354154550207478 ], [ 110.61599556200008, -7.354349664999972 ], [ 110.616295249000075, -7.354535539999972 ], [ 110.61650587400004, -7.354629976999945 ], [ 110.616659749000064, -7.354621914999939 ], [ 110.616762249000033, -7.354597789999957 ], [ 110.617196124000088, -7.354435351999939 ], [ 110.617797999000061, -7.354265164999958 ], [ 110.617962749000071, -7.354187976999981 ], [ 110.618156630474104, -7.354138407346543 ] ], [ [ 110.618290368871811, -7.354104214466285 ], [ 110.618538687000068, -7.354040726999926 ], [ 110.618903749000083, -7.354048601999978 ], [ 110.619428749000065, -7.354121539999937 ], [ 110.619471687000043, -7.35408678999994 ], [ 110.619693124000037, -7.353823164999937 ], [ 110.619874312000036, -7.353653164999969 ], [ 110.620141749000084, -7.353360664999968 ], [ 110.620344937000084, -7.353023601999951 ], [ 110.620624374000045, -7.35237972699997 ], [ 110.620814298965172, -7.352007047200541 ] ], [ [ 110.621142761728535, -7.351770180232816 ], [ 110.621629749000078, -7.351801101999968 ], [ 110.62171737400007, -7.351760726999942 ], [ 110.622103937000077, -7.351480851999952 ], [ 110.62213510738016, -7.35145246589527 ] ], [ [ 110.622286014177917, -7.351315038756209 ], [ 110.622928874000081, -7.350729601999944 ], [ 110.623565374000066, -7.350279601999944 ], [ 110.623666229872669, -7.350239076276592 ] ], [ [ 110.624805725382018, -7.349999642082439 ], [ 110.62489443700008, -7.349905351999951 ], [ 110.625000124000053, -7.349744664999946 ], [ 110.625000143000079, -7.349744635999969 ], [ 110.625000166000063, -7.349744600999941 ], [ 110.625140312000042, -7.34953153999993 ], [ 110.625310520429764, -7.349293566203834 ] ], [ [ 110.625352332014842, -7.349265691636299 ], [ 110.625507749000064, -7.349198601999944 ], [ 110.625792062000073, -7.349173851999979 ], [ 110.626071874000047, -7.349233476999927 ], [ 110.626368124000066, -7.34925491499996 ], [ 110.626404044444499, -7.349251347767607 ] ], [ [ 110.626472502434126, -7.349244472854065 ], [ 110.626797999000075, -7.349211726999954 ], [ 110.627188687000057, -7.349127664999969 ], [ 110.627712687000042, -7.349278976999926 ], [ 110.627738398904782, -7.349244277853333 ] ], [ [ 110.627774106983722, -7.348807753084413 ], [ 110.627770749000035, -7.348341539999979 ], [ 110.627895937000062, -7.348254289999943 ], [ 110.627899624000065, -7.34825391499993 ], [ 110.628074312000081, -7.34823722699997 ], [ 110.628204171436792, -7.348254194436674 ] ], [ [ 110.628931418181452, -7.348240538898827 ], [ 110.629016874000058, -7.348223039999937 ], [ 110.62926668700004, -7.347956039999929 ], [ 110.629308999000045, -7.347787914999969 ], [ 110.629299687000071, -7.347574164999969 ], [ 110.629315374000043, -7.347285413999941 ], [ 110.629344437000043, -7.34716753899994 ], [ 110.62948231200005, -7.346608226999933 ], [ 110.629817449696034, -7.345863314530423 ] ], [ [ 110.629912798514624, -7.34565138216717 ], [ 110.629986062000057, -7.345488538999973 ], [ 110.630151187000081, -7.345085476999941 ], [ 110.630395374000045, -7.344535538999935 ], [ 110.630395400740284, -7.344535345278214 ] ] ] } },
{ "type": "Feature", "properties": { "fid": 188, "NAMOBJ": "Kali Serang", "FCODE": null, "REMARK": "Sungai", "METADATA": "2017; RBI KSP SK 24.4 2021", "SRS_ID": null, "ADATGL": 0.0, "DMAX": 0.0, "FNGAIR": 0.0, "JNSSNG": 0.0, "KLSSNG": 0.0, "LTKSGI": 0.0, "NAMWS": null, "STATUS": null, "UKRSGI": 0.0, "WMAX": 0.0, "DBTMXS": 0.0, "NAMDAS": null, "SHAPE_Leng": 0.105001547059244 }, "geometry": { "type": "MultiLineString", "coordinates": [ [ [ 110.634709941008168, -7.362795002628125 ], [ 110.634884249000038, -7.362621039999965 ], [ 110.635884562000058, -7.361654476999945 ], [ 110.636041062000061, -7.361362289999931 ], [ 110.636007437000046, -7.360742226999946 ], [ 110.635607812000046, -7.35938247699994 ], [ 110.635592812000084, -7.359061226999927 ], [ 110.635709562000045, -7.358778851999944 ], [ 110.636332521000043, -7.357958291999978 ], [ 110.636445546000061, -7.35773224299993 ], [ 110.636612108000065, -7.357143325999971 ], [ 110.63663590200008, -7.356494922999957 ], [ 110.636470271000064, -7.355956344999981 ], [ 110.636146225000061, -7.354054264999945 ], [ 110.63590937400005, -7.353129476999925 ], [ 110.635698562000073, -7.352732414999934 ], [ 110.635124687000086, -7.351464851999935 ], [ 110.634899374000042, -7.350812914999949 ], [ 110.634550187000059, -7.350050101999955 ], [ 110.634153187000038, -7.349255914999958 ], [ 110.633603999000059, -7.348402851999936 ], [ 110.633490374000075, -7.348039726999957 ], [ 110.633511249000037, -7.347805789999938 ], [ 110.633693999000059, -7.347730164999973 ], [ 110.633910092323049, -7.347723868552889 ] ], [ [ 110.635265928260964, -7.347590009218266 ], [ 110.635554687000081, -7.347417289999953 ], [ 110.635751437000067, -7.347149101999946 ], [ 110.635845312000072, -7.346900726999934 ], [ 110.635883124000088, -7.346624976999976 ], [ 110.635894187000076, -7.346212163999951 ], [ 110.635804499000074, -7.345842288999961 ], [ 110.635722874000066, -7.345638038999937 ], [ 110.635566749000077, -7.345426226999962 ], [ 110.635181374000069, -7.345192913999938 ], [ 110.634730999000055, -7.344711788999973 ], [ 110.63453962400007, -7.344401913999945 ], [ 110.63446693700007, -7.344186351999952 ], [ 110.634389437000038, -7.343649788999926 ], [ 110.634437437000088, -7.343144226999925 ], [ 110.633886187000087, -7.341952913999933 ], [ 110.633786682395936, -7.341731258725009 ] ] ] } },
{ "type": "Feature", "properties": { "fid": 189, "NAMOBJ": null, "FCODE": null, "REMARK": "Sungai Satu Garis", "METADATA": "2017; RBI KSP SK 24.4 2021", "SRS_ID": null, "ADATGL": 0.0, "DMAX": 0.0, "FNGAIR": 0.0, "JNSSNG": 0.0, "KLSSNG": 0.0, "LTKSGI": 0.0, "NAMWS": null, "STATUS": null, "UKRSGI": 0.0, "WMAX": 0.0, "DBTMXS": 0.0, "NAMDAS": null, "SHAPE_Leng": 0.100948228124701 }, "geometry": { "type": "MultiLineString", "coordinates": [ [ [ 110.629852124000081, -7.358189664999941 ], [ 110.629860687000075, -7.358181289999948 ], [ 110.629870249000078, -7.358171851999941 ], [ 110.630026374000067, -7.358017851999932 ], [ 110.63016906200005, -7.357760164999945 ], [ 110.630378999000072, -7.356946789999938 ], [ 110.630429312000047, -7.356765914999926 ], [ 110.630741562000082, -7.356316039999967 ], [ 110.631125687000065, -7.355903351999928 ], [ 110.631420687000059, -7.35564028999994 ], [ 110.631633687000033, -7.355356601999972 ], [ 110.631907499000079, -7.354872164999961 ], [ 110.63288581200004, -7.353108414999951 ], [ 110.633005749000063, -7.352887664999969 ], [ 110.633225437000078, -7.352668476999952 ], [ 110.63341437400004, -7.352592664999975 ], [ 110.633941562000075, -7.352650101999927 ], [ 110.634209062000082, -7.352643539999974 ], [ 110.634362499000076, -7.352595601999951 ], [ 110.634532624000087, -7.352442726999925 ], [ 110.63491674900007, -7.351702664999948 ], [ 110.634942562000049, -7.351641789999974 ] ], [ [ 110.612299232696273, -7.364043584664127 ], [ 110.612305874000072, -7.364025476999927 ], [ 110.612315020207873, -7.364014640769986 ] ], [ [ 110.612799004741376, -7.363986587315717 ], [ 110.612913437000088, -7.364094289999969 ], [ 110.613449499000069, -7.364572976999966 ], [ 110.613676812000051, -7.364652289999981 ], [ 110.613889999000037, -7.364643601999944 ], [ 110.614059624000049, -7.364566976999981 ], [ 110.614285187000064, -7.364439351999977 ], [ 110.614472062000061, -7.364305226999932 ], [ 110.61448932392193, -7.364289283271934 ] ], [ [ 110.614868366532747, -7.36393918596931 ], [ 110.61490993700005, -7.363900789999946 ], [ 110.615041264565988, -7.363778070128181 ] ], [ [ 110.615550060419494, -7.363258489438877 ], [ 110.615825249000068, -7.36290503999993 ], [ 110.616094735501221, -7.362528164644933 ] ], [ [ 110.618598202574347, -7.361035245913487 ], [ 110.61911381200008, -7.360946039999931 ], [ 110.619278249000047, -7.360892476999936 ], [ 110.619699687000036, -7.360479851999969 ], [ 110.619933874000083, -7.360267601999965 ], [ 110.619970249000062, -7.360248976999969 ], [ 110.620476499000063, -7.360413664999953 ], [ 110.620642562000057, -7.360450726999943 ], [ 110.620798687000047, -7.360415476999947 ], [ 110.62118274900007, -7.359986976999949 ], [ 110.621320937000064, -7.359758289999945 ], [ 110.621362437000073, -7.359610664999934 ], [ 110.621357624000041, -7.359416476999968 ], [ 110.621443749000036, -7.359173601999942 ], [ 110.621694749000085, -7.358777414999963 ], [ 110.621969874000058, -7.358616414999972 ], [ 110.622341562000088, -7.358478289999937 ], [ 110.622651249000057, -7.358433289999937 ], [ 110.623192499000083, -7.358414039999957 ], [ 110.623504812000078, -7.358290289999957 ], [ 110.623675312000046, -7.358201539999925 ], [ 110.623811312000043, -7.358194601999969 ], [ 110.623958812000069, -7.358263726999951 ], [ 110.624195374000067, -7.358504351999954 ], [ 110.624457062000033, -7.359061476999955 ], [ 110.62452062400007, -7.359140039999943 ], [ 110.624799062000079, -7.359190789999957 ], [ 110.625000056000033, -7.359190601999956 ], [ 110.625000098000044, -7.359190601999956 ], [ 110.625000124000053, -7.359190601999956 ], [ 110.625097937000078, -7.359190539999929 ], [ 110.625218749000055, -7.359163726999952 ], [ 110.625286874000039, -7.359075226999948 ], [ 110.625000124000053, -7.358490164999978 ], [ 110.625000102000058, -7.358490118999953 ], [ 110.624771062000036, -7.35802278999995 ], [ 110.624686499000063, -7.357863601999952 ], [ 110.624669187000052, -7.357685914999934 ], [ 110.625000081000053, -7.357294465999928 ], [ 110.625000108000052, -7.357294433999925 ], [ 110.625000125000042, -7.357294413999966 ], [ 110.625200249000045, -7.357057664999957 ], [ 110.625321687000053, -7.35696616499996 ], [ 110.625473874000079, -7.356951039999956 ], [ 110.625610749000089, -7.356999664999933 ], [ 110.625800874000049, -7.357282851999969 ], [ 110.625988874000086, -7.357619976999956 ], [ 110.626205687000038, -7.357849476999945 ], [ 110.626485312000057, -7.35797991499993 ], [ 110.62669949900004, -7.35801597699998 ], [ 110.626878187000045, -7.357972789999963 ], [ 110.62708787400004, -7.357816101999958 ], [ 110.627383062000035, -7.357555789999935 ], [ 110.627592374000074, -7.357443601999933 ], [ 110.627807562000044, -7.357420164999951 ], [ 110.628032187000088, -7.357463414999927 ], [ 110.628664874000037, -7.357953976999966 ], [ 110.629114062000042, -7.358263601999965 ], [ 110.629346874000078, -7.35830078999993 ], [ 110.629424874000051, -7.358314976999964 ] ], [ [ 110.629424874000051, -7.358314976999964 ], [ 110.62966349900006, -7.358287039999936 ], [ 110.629852124000081, -7.358189664999941 ] ] ] } },
{ "type": "Feature", "properties": { "fid": 190, "NAMOBJ": null, "FCODE": null, "REMARK": "Alur Sungai", "METADATA": "2017; RBI KSP SK 24.4 2021", "SRS_ID": null, "ADATGL": 0.0, "DMAX": 0.0, "FNGAIR": 0.0, "JNSSNG": 0.0, "KLSSNG": 0.0, "LTKSGI": 0.0, "NAMWS": null, "STATUS": null, "UKRSGI": 0.0, "WMAX": 0.0, "DBTMXS": 0.0, "NAMDAS": null, "SHAPE_Leng": 0.059053981983852998 }, "geometry": { "type": "MultiLineString", "coordinates": [ [ [ 110.631905235914559, -7.361664792645057 ], [ 110.631887374000087, -7.361582976999955 ], [ 110.631820062000088, -7.36120853999995 ], [ 110.631589937000058, -7.361032039999941 ], [ 110.631386124000073, -7.360791851999977 ], [ 110.631233499000075, -7.360495539999931 ], [ 110.630985624000061, -7.359915851999972 ], [ 110.630805874000089, -7.35967285199996 ], [ 110.630796562000057, -7.359573664999971 ], [ 110.630789812000046, -7.359501414999954 ], [ 110.630825999000081, -7.359249039999952 ], [ 110.630848624000066, -7.358986039999934 ], [ 110.630761624000058, -7.358707351999954 ], [ 110.630626562000089, -7.35858435199998 ], [ 110.630196124000065, -7.358358476999967 ], [ 110.629877374000046, -7.358202039999981 ], [ 110.629864374000078, -7.358195664999926 ], [ 110.629852124000081, -7.358189664999941 ] ] ] } },
{ "type": "Feature", "properties": { "fid": 191, "NAMOBJ": null, "FCODE": null, "REMARK": "Alur Sungai", "METADATA": "2017; RBI KSP SK 24.4 2021", "SRS_ID": null, "ADATGL": 0.0, "DMAX": 0.0, "FNGAIR": 0.0, "JNSSNG": 0.0, "KLSSNG": 0.0, "LTKSGI": 0.0, "NAMWS": null, "STATUS": null, "UKRSGI": 0.0, "WMAX": 0.0, "DBTMXS": 0.0, "NAMDAS": null, "SHAPE_Leng": 0.011402335183636 }, "geometry": { "type": "MultiLineString", "coordinates": [ [ [ 110.629163721936735, -7.360747690589247 ], [ 110.629168124000046, -7.360664351999958 ], [ 110.629168374000074, -7.360659351999971 ], [ 110.629175062000058, -7.360531851999951 ], [ 110.629117249000046, -7.360381039999936 ], [ 110.628847999000072, -7.359707664999974 ], [ 110.628954687000089, -7.359283164999965 ], [ 110.629173749000074, -7.358937164999929 ], [ 110.629424874000051, -7.358314976999964 ] ] ] } },
{ "type": "Feature", "properties": { "fid": 192, "NAMOBJ": null, "FCODE": null, "REMARK": "Alur Sungai", "METADATA": "2017; RBI KSP SK 24.4 2021", "SRS_ID": null, "ADATGL": 0.0, "DMAX": 0.0, "FNGAIR": 0.0, "JNSSNG": 0.0, "KLSSNG": 0.0, "LTKSGI": 0.0, "NAMWS": null, "STATUS": null, "UKRSGI": 0.0, "WMAX": 0.0, "DBTMXS": 0.0, "NAMDAS": null, "SHAPE_Leng": 0.0022014009801309999 }, "geometry": { "type": "MultiLineString", "coordinates": [ [ [ 110.501246624000089, -7.585906914999953 ], [ 110.501290874000063, -7.585916164999958 ], [ 110.501399999000057, -7.58595410199996 ], [ 110.501505499000075, -7.585990789999926 ], [ 110.501846749000038, -7.586205476999965 ], [ 110.501991249000071, -7.586341601999948 ], [ 110.502188687000057, -7.586544101999948 ], [ 110.502511062000053, -7.586849101999974 ], [ 110.50258799900007, -7.586912914999971 ], [ 110.502871624000079, -7.586986851999939 ], [ 110.50300687400005, -7.586969164999971 ], [ 110.503077374000043, -7.586959164999939 ] ] ] } },
{ "type": "Feature", "properties": { "fid": 193, "NAMOBJ": null, "FCODE": null, "REMARK": "Sungai Satu Garis", "METADATA": "2022; digitasi; rekti SPOT Jateng 2020", "SRS_ID": null, "ADATGL": 0.0, "DMAX": 0.0, "FNGAIR": 0.0, "JNSSNG": 0.0, "KLSSNG": 0.0, "LTKSGI": 0.0, "NAMWS": null, "STATUS": null, "UKRSGI": 0.0, "WMAX": 0.0, "DBTMXS": 0.0, "NAMDAS": null, "SHAPE_Leng": 0.201861093782918 }, "geometry": { "type": "MultiLineString", "coordinates": [ [ [ 110.787908528819599, -7.169480932914891 ], [ 110.78787991300004, -7.169448369999941 ], [ 110.787741904000086, -7.169215181999959 ], [ 110.787418622204115, -7.16871178723894 ] ], [ [ 110.787105798840145, -7.168615557999942 ], [ 110.786994753000045, -7.168615557999942 ], [ 110.786871021000081, -7.168658387999926 ], [ 110.786675905000038, -7.168710736999969 ], [ 110.786542656000051, -7.168848744999934 ], [ 110.786338022000052, -7.169343672999958 ], [ 110.786109594000038, -7.169676797999955 ], [ 110.785757434000061, -7.170014680999941 ], [ 110.785552800000062, -7.170290698999963 ], [ 110.785486175000074, -7.170481055999971 ], [ 110.785548041000084, -7.170685688999981 ], [ 110.785671773000047, -7.170880804999967 ], [ 110.786264997000046, -7.171224554999981 ], [ 110.786666496000066, -7.171352275999936 ], [ 110.787089932000072, -7.171746928999937 ], [ 110.787170833000062, -7.171832588999962 ], [ 110.787194628000066, -7.171965838999938 ], [ 110.787170833000062, -7.172041981999939 ], [ 110.786989994000066, -7.17211812499994 ], [ 110.786533138000038, -7.172308481999949 ], [ 110.786395129000084, -7.172394141999973 ], [ 110.78630946800007, -7.172513114999958 ], [ 110.786271397000064, -7.172679677999952 ], [ 110.786242844000071, -7.17280816799996 ], [ 110.786157183000057, -7.172893828999975 ], [ 110.78598110300004, -7.172908105999966 ], [ 110.785676532000082, -7.172922382999957 ], [ 110.785405273000038, -7.172936658999959 ], [ 110.785023368000054, -7.172909429999947 ], [ 110.784683974000075, -7.172692607999977 ], [ 110.784396382000068, -7.172527391999949 ], [ 110.784148918000085, -7.172489320999944 ], [ 110.783596883000087, -7.172456007999926 ], [ 110.782630822000044, -7.172603534999951 ], [ 110.781436332000055, -7.172717748999958 ], [ 110.780356057000063, -7.173236470999939 ], [ 110.779261905240205, -7.173609548669996 ] ] ] } },
{ "type": "Feature", "properties": { "fid": 194, "NAMOBJ": null, "FCODE": null, "REMARK": "Alur Sungai", "METADATA": null, "SRS_ID": null, "ADATGL": 0.0, "DMAX": 0.0, "FNGAIR": 0.0, "JNSSNG": 0.0, "KLSSNG": 0.0, "LTKSGI": 0.0, "NAMWS": null, "STATUS": null, "UKRSGI": 0.0, "WMAX": 0.0, "DBTMXS": 0.0, "NAMDAS": null, "SHAPE_Leng": 0.019832969670223001 }, "geometry": { "type": "MultiLineString", "coordinates": [ [ [ 110.77258968700005, -7.152445288999957 ], [ 110.772310687000072, -7.152370288999975 ], [ 110.772223562000079, -7.152324413999963 ], [ 110.772111562000077, -7.152142976999926 ], [ 110.771812874000034, -7.151674913999955 ], [ 110.771806204678768, -7.151669919996711 ] ], [ [ 110.772969562000071, -7.152700163999953 ], [ 110.77285499900006, -7.152582976999952 ], [ 110.77258968700005, -7.152445288999957 ] ], [ [ 110.773873374000061, -7.154878351999969 ], [ 110.773851937000074, -7.154698851999967 ], [ 110.77384224900004, -7.15396753899995 ], [ 110.773691812000038, -7.153636851999977 ], [ 110.773493312000085, -7.15341910199993 ], [ 110.77326587400006, -7.153247851999936 ], [ 110.773072374000037, -7.153082726999969 ], [ 110.773033437000038, -7.152925288999938 ], [ 110.772969562000071, -7.152700163999953 ] ], [ [ 110.774444312000071, -7.155457788999968 ], [ 110.77419474900006, -7.15530116399998 ], [ 110.774010124000085, -7.155113788999927 ], [ 110.773873374000061, -7.154878351999969 ] ], [ [ 110.77520118700005, -7.155867351999973 ], [ 110.774880437000036, -7.155632663999938 ], [ 110.774444312000071, -7.155457788999968 ] ], [ [ 110.775965437000082, -7.156513476999976 ], [ 110.775696874000062, -7.156230101999938 ], [ 110.77520118700005, -7.155867351999973 ] ], [ [ 110.77730387400004, -7.158343976999959 ], [ 110.777142062000053, -7.158070726999938 ], [ 110.77713368700006, -7.15804910199995 ], [ 110.777037374000088, -7.157797976999973 ], [ 110.776831124000068, -7.157244226999978 ], [ 110.776699437000048, -7.157133976999944 ], [ 110.776197437000064, -7.156761538999945 ], [ 110.775965437000082, -7.156513476999976 ] ] ] } },
{ "type": "Feature", "properties": { "fid": 195, "NAMOBJ": null, "FCODE": null, "REMARK": "Alur Sungai", "METADATA": null, "SRS_ID": null, "ADATGL": 0.0, "DMAX": 0.0, "FNGAIR": 0.0, "JNSSNG": 0.0, "KLSSNG": 0.0, "LTKSGI": 0.0, "NAMWS": null, "STATUS": null, "UKRSGI": 0.0, "WMAX": 0.0, "DBTMXS": 0.0, "NAMDAS": null, "SHAPE_Leng": 0.0029205718942600001 }, "geometry": { "type": "MultiLineString", "coordinates": [ [ [ 110.786168812000085, -7.152157663999958 ], [ 110.786784874000034, -7.151710163999951 ], [ 110.787061624000046, -7.15157635199995 ], [ 110.787477374000048, -7.151509226999963 ], [ 110.788384499000074, -7.151598663999948 ], [ 110.788615187000062, -7.151684726999974 ], [ 110.788848749000067, -7.151825788999929 ] ] ] } },
{ "type": "Feature", "properties": { "fid": 196, "NAMOBJ": null, "FCODE": null, "REMARK": "Alur Sungai", "METADATA": null, "SRS_ID": null, "ADATGL": 0.0, "DMAX": 0.0, "FNGAIR": 0.0, "JNSSNG": 0.0, "KLSSNG": 0.0, "LTKSGI": 0.0, "NAMWS": null, "STATUS": null, "UKRSGI": 0.0, "WMAX": 0.0, "DBTMXS": 0.0, "NAMDAS": null, "SHAPE_Leng": 0.0053156245303619997 }, "geometry": { "type": "MultiLineString", "coordinates": [ [ [ 110.780677812000079, -7.156698788999961 ], [ 110.78075749900006, -7.157000413999981 ], [ 110.780753249000043, -7.15724372699998 ], [ 110.780779249000034, -7.157445851999967 ], [ 110.780868249000036, -7.157727351999938 ], [ 110.780953937000049, -7.158048663999978 ], [ 110.780942687000049, -7.158264476999932 ], [ 110.780910062000089, -7.158549538999978 ], [ 110.780959812000049, -7.15866178899995 ], [ 110.78110018700005, -7.158797538999977 ], [ 110.781262749000064, -7.158856226999944 ], [ 110.781381624000062, -7.158915976999936 ], [ 110.781439937000073, -7.159007913999972 ], [ 110.78142643700005, -7.15915210199995 ], [ 110.781422312000075, -7.159578413999952 ], [ 110.781487249000065, -7.159704538999961 ], [ 110.781626749000054, -7.159732288999976 ], [ 110.782204312000033, -7.159764976999952 ], [ 110.782629624000037, -7.159816663999948 ], [ 110.783366999000066, -7.159837663999951 ], [ 110.783402687000034, -7.159751726999957 ] ] ] } },
{ "type": "Feature", "properties": { "fid": 197, "NAMOBJ": null, "FCODE": null, "REMARK": "Alur Sungai", "METADATA": null, "SRS_ID": null, "ADATGL": 0.0, "DMAX": 0.0, "FNGAIR": 0.0, "JNSSNG": 0.0, "KLSSNG": 0.0, "LTKSGI": 0.0, "NAMWS": null, "STATUS": null, "UKRSGI": 0.0, "WMAX": 0.0, "DBTMXS": 0.0, "NAMDAS": null, "SHAPE_Leng": 0.0028034101425120001 }, "geometry": { "type": "MultiLineString", "coordinates": [ [ [ 110.782901374000062, -7.156339663999972 ], [ 110.782900624000035, -7.156391163999956 ], [ 110.782937312000058, -7.157238788999962 ], [ 110.782983624000053, -7.157639601999961 ], [ 110.782912249000049, -7.157823476999965 ], [ 110.782844499000078, -7.157987351999964 ], [ 110.78278868700005, -7.158357726999952 ], [ 110.782799124000064, -7.158693226999958 ], [ 110.782798312000068, -7.158998163999968 ], [ 110.782709499000077, -7.159063538999931 ] ] ] } },
{ "type": "Feature", "properties": { "fid": 198, "NAMOBJ": null, "FCODE": null, "REMARK": "Alur Sungai", "METADATA": null, "SRS_ID": null, "ADATGL": 0.0, "DMAX": 0.0, "FNGAIR": 0.0, "JNSSNG": 0.0, "KLSSNG": 0.0, "LTKSGI": 0.0, "NAMWS": null, "STATUS": null, "UKRSGI": 0.0, "WMAX": 0.0, "DBTMXS": 0.0, "NAMDAS": null, "SHAPE_Leng": 0.0020444530483009998 }, "geometry": { "type": "MultiLineString", "coordinates": [ [ [ 110.783598374000064, -7.155108288999941 ], [ 110.783827874000053, -7.155048226999952 ], [ 110.784214562000045, -7.155022538999958 ], [ 110.785225062000052, -7.155061976999946 ], [ 110.785632562000046, -7.155089288999932 ] ] ] } },
{ "type": "Feature", "properties": { "fid": 199, "NAMOBJ": null, "FCODE": null, "REMARK": "Alur Sungai", "METADATA": null, "SRS_ID": null, "ADATGL": 0.0, "DMAX": 0.0, "FNGAIR": 0.0, "JNSSNG": 0.0, "KLSSNG": 0.0, "LTKSGI": 0.0, "NAMWS": null, "STATUS": null, "UKRSGI": 0.0, "WMAX": 0.0, "DBTMXS": 0.0, "NAMDAS": null, "SHAPE_Leng": 0.012340663029573 }, "geometry": { "type": "MultiLineString", "coordinates": [ [ [ 110.783837249000044, -7.151964101999965 ], [ 110.783794999000065, -7.152002163999953 ], [ 110.78336031200007, -7.152362101999927 ], [ 110.783015312000089, -7.152639351999937 ], [ 110.782608437000079, -7.153117726999938 ], [ 110.782437562000041, -7.153296413999954 ], [ 110.78219706200008, -7.153543913999954 ], [ 110.781989312000064, -7.153719351999939 ], [ 110.781817937000085, -7.153777163999962 ] ], [ [ 110.775551874000087, -7.15238897699993 ], [ 110.775476749000063, -7.152391976999979 ], [ 110.775284249000038, -7.152335476999951 ], [ 110.775081812000053, -7.15218060199993 ], [ 110.774720374000083, -7.152012788999969 ], [ 110.774360312000056, -7.152038226999935 ], [ 110.774117249000085, -7.15213203899998 ], [ 110.774039687000084, -7.152182163999953 ], [ 110.773886999000069, -7.152291476999949 ], [ 110.77362774900007, -7.15245972699995 ], [ 110.773607624000078, -7.152470413999936 ], [ 110.77312243700004, -7.15266528899997 ], [ 110.772969562000071, -7.152700163999953 ] ], [ [ 110.778520749000052, -7.152467163999972 ], [ 110.778338562000044, -7.152494038999976 ], [ 110.778154312000083, -7.152502163999941 ], [ 110.777988374000074, -7.152460663999932 ], [ 110.777957937000053, -7.152438226999948 ], [ 110.777466749000041, -7.152173351999977 ], [ 110.77739499900008, -7.152147226999944 ], [ 110.777113624000037, -7.152094976999933 ], [ 110.776838062000081, -7.152090726999973 ], [ 110.776670124000077, -7.152113038999971 ], [ 110.776457999000058, -7.152189851999935 ] ], [ [ 110.776457999000058, -7.152189851999935 ], [ 110.776413312000045, -7.15221010199997 ], [ 110.776280187000054, -7.152304476999973 ], [ 110.776074937000033, -7.152400851999971 ], [ 110.775913312000057, -7.152415538999946 ], [ 110.775887312000066, -7.152416788999972 ], [ 110.775623124000049, -7.15239222699995 ], [ 110.775551874000087, -7.15238897699993 ] ], [ [ 110.779385124000044, -7.152503101999969 ], [ 110.779361062000078, -7.15249466399996 ], [ 110.779146937000064, -7.152459163999936 ], [ 110.778520749000052, -7.152467163999972 ] ], [ [ 110.77996224900005, -7.152865538999947 ], [ 110.779580624000062, -7.152610476999939 ], [ 110.779385124000044, -7.152503101999969 ] ], [ [ 110.781817937000085, -7.153777163999962 ], [ 110.781662249000078, -7.153757163999956 ], [ 110.781431437000037, -7.153662663999967 ], [ 110.781109687000082, -7.153486788999942 ], [ 110.78005412400006, -7.152917726999931 ], [ 110.77996224900005, -7.152865538999947 ] ] ] } },
{ "type": "Feature", "properties": { "fid": 200, "NAMOBJ": null, "FCODE": null, "REMARK": "Alur Sungai", "METADATA": null, "SRS_ID": null, "ADATGL": 0.0, "DMAX": 0.0, "FNGAIR": 0.0, "JNSSNG": 0.0, "KLSSNG": 0.0, "LTKSGI": 0.0, "NAMWS": null, "STATUS": null, "UKRSGI": 0.0, "WMAX": 0.0, "DBTMXS": 0.0, "NAMDAS": null, "SHAPE_Leng": 0.002186557475831 }, "geometry": { "type": "MultiLineString", "coordinates": [ [ [ 110.772997187000044, -7.148732038999981 ], [ 110.772955437000064, -7.148734726999976 ], [ 110.77255124900006, -7.148714788999939 ], [ 110.771948517800624, -7.148629680869982 ] ] ] } },
{ "type": "Feature", "properties": { "fid": 201, "NAMOBJ": null, "FCODE": null, "REMARK": "Alur Sungai", "METADATA": null, "SRS_ID": null, "ADATGL": 0.0, "DMAX": 0.0, "FNGAIR": 0.0, "JNSSNG": 0.0, "KLSSNG": 0.0, "LTKSGI": 0.0, "NAMWS": null, "STATUS": null, "UKRSGI": 0.0, "WMAX": 0.0, "DBTMXS": 0.0, "NAMDAS": null, "SHAPE_Leng": 0.0014965533343359999 }, "geometry": { "type": "MultiLineString", "coordinates": [ [ [ 110.783089397461524, -7.144697155679766 ], [ 110.783089562000043, -7.144697851999979 ] ] ] } },
{ "type": "Feature", "properties": { "fid": 202, "NAMOBJ": null, "FCODE": null, "REMARK": "Alur Sungai", "METADATA": null, "SRS_ID": null, "ADATGL": 0.0, "DMAX": 0.0, "FNGAIR": 0.0, "JNSSNG": 0.0, "KLSSNG": 0.0, "LTKSGI": 0.0, "NAMWS": null, "STATUS": null, "UKRSGI": 0.0, "WMAX": 0.0, "DBTMXS": 0.0, "NAMDAS": null, "SHAPE_Leng": 0.002457222423812 }, "geometry": { "type": "MultiLineString", "coordinates": [ [ [ 110.783745937000049, -7.153697601999966 ], [ 110.783689937000076, -7.153726413999948 ], [ 110.783364374000087, -7.153840038999931 ], [ 110.783133562000046, -7.15384703899997 ], [ 110.782707249000055, -7.153884226999935 ], [ 110.782094812000082, -7.154057413999965 ], [ 110.782073562000051, -7.154151601999956 ] ], [ [ 110.782073562000051, -7.154151601999956 ], [ 110.782094374000053, -7.154235101999973 ], [ 110.78179418700006, -7.153884601999948 ], [ 110.781817937000085, -7.153777163999962 ] ] ] } },
{ "type": "Feature", "properties": { "fid": 203, "NAMOBJ": null, "FCODE": null, "REMARK": "Alur Sungai", "METADATA": "2022; digitasi; rekti SPOT Jateng 2020", "SRS_ID": null, "ADATGL": 0.0, "DMAX": 0.0, "FNGAIR": 0.0, "JNSSNG": 0.0, "KLSSNG": 0.0, "LTKSGI": 0.0, "NAMWS": null, "STATUS": null, "UKRSGI": 0.0, "WMAX": 0.0, "DBTMXS": 0.0, "NAMDAS": null, "SHAPE_Leng": 0.0058616685240989999 }, "geometry": { "type": "MultiLineString", "coordinates": [ [ [ 110.781481749000079, -7.147513476999961 ], [ 110.781320312000048, -7.147727351999947 ], [ 110.781079812000087, -7.147996101999979 ], [ 110.780911062000087, -7.148211476999961 ], [ 110.780797624000058, -7.148416538999925 ], [ 110.780560499000046, -7.14873935199995 ], [ 110.779934812000079, -7.149460038999962 ] ], [ [ 110.779934812000079, -7.149460038999962 ], [ 110.779875374000085, -7.149565601999939 ], [ 110.779705874000058, -7.149818726999968 ], [ 110.779579874000035, -7.150076726999941 ], [ 110.779443249000053, -7.150326976999963 ], [ 110.779323312000088, -7.150597288999961 ], [ 110.779089624000051, -7.15144597699998 ], [ 110.779011499000035, -7.151595601999929 ], [ 110.778774374000079, -7.151836726999932 ], [ 110.778655499000081, -7.152003538999963 ], [ 110.77853506200006, -7.152361163999956 ], [ 110.778520749000052, -7.152467163999972 ] ] ] } },
{ "type": "Feature", "properties": { "fid": 204, "NAMOBJ": "Kali Kedungploso", "FCODE": null, "REMARK": "Alur Sungai", "METADATA": null, "SRS_ID": null, "ADATGL": 0.0, "DMAX": 0.0, "FNGAIR": 0.0, "JNSSNG": 0.0, "KLSSNG": 0.0, "LTKSGI": 0.0, "NAMWS": null, "STATUS": null, "UKRSGI": 0.0, "WMAX": 0.0, "DBTMXS": 0.0, "NAMDAS": null, "SHAPE_Leng": 0.014924564373864999 }, "geometry": { "type": "MultiLineString", "coordinates": [ [ [ 110.788429874000087, -7.156358413999953 ], [ 110.788631562000035, -7.156487976999927 ], [ 110.789027374000057, -7.156795163999959 ], [ 110.789358249000088, -7.156998038999973 ], [ 110.789456187000042, -7.157140101999971 ], [ 110.789491499000064, -7.157346288999975 ], [ 110.789583562000075, -7.158190226999977 ], [ 110.78961393700007, -7.158464726999966 ], [ 110.789531999000076, -7.159017851999977 ] ], [ [ 110.789531999000076, -7.159017851999977 ], [ 110.789508062000039, -7.159171538999942 ], [ 110.78944543700004, -7.159264226999937 ], [ 110.789074124000081, -7.15960660199994 ], [ 110.789002874000062, -7.159749788999932 ] ], [ [ 110.789002874000062, -7.159749788999932 ], [ 110.788961749000066, -7.159892101999958 ], [ 110.78893256200007, -7.160041351999951 ], [ 110.788970187000075, -7.160161101999961 ], [ 110.789191499000083, -7.160817788999964 ], [ 110.789203562000068, -7.160869788999946 ], [ 110.789183499000046, -7.160943851999946 ], [ 110.789157562000071, -7.161229788999947 ], [ 110.789049187000046, -7.162027351999939 ] ], [ [ 110.789049187000046, -7.162027351999939 ], [ 110.789004999000042, -7.162089101999925 ], [ 110.788890124000034, -7.162345788999971 ], [ 110.788771437000037, -7.162534601999937 ], [ 110.788558124000076, -7.162704851999933 ], [ 110.788325874000066, -7.162933976999966 ], [ 110.788317540760715, -7.162948451643753 ] ] ] } },
{ "type": "Feature", "properties": { "fid": 205, "NAMOBJ": null, "FCODE": null, "REMARK": "Alur Sungai", "METADATA": null, "SRS_ID": null, "ADATGL": 0.0, "DMAX": 0.0, "FNGAIR": 0.0, "JNSSNG": 0.0, "KLSSNG": 0.0, "LTKSGI": 0.0, "NAMWS": null, "STATUS": null, "UKRSGI": 0.0, "WMAX": 0.0, "DBTMXS": 0.0, "NAMDAS": null, "SHAPE_Leng": 0.0039530228075080002 }, "geometry": { "type": "MultiLineString", "coordinates": [ [ [ 110.782869874000085, -7.150893101999941 ], [ 110.782828124000048, -7.150918726999976 ], [ 110.782376874000079, -7.151185788999953 ], [ 110.782024749000072, -7.151370038999971 ], [ 110.781635874000074, -7.15161147699996 ], [ 110.781459062000067, -7.151687601999981 ], [ 110.781053437000082, -7.151782788999981 ], [ 110.780751374000033, -7.151784851999935 ], [ 110.780367812000065, -7.151781601999971 ], [ 110.780159624000078, -7.151868726999965 ], [ 110.779875812000057, -7.152063163999969 ], [ 110.779550437000069, -7.152377538999929 ], [ 110.779385124000044, -7.152503101999969 ] ] ] } },
{ "type": "Feature", "properties": { "fid": 206, "NAMOBJ": null, "FCODE": null, "REMARK": "Alur Sungai", "METADATA": null, "SRS_ID": null, "ADATGL": 0.0, "DMAX": 0.0, "FNGAIR": 0.0, "JNSSNG": 0.0, "KLSSNG": 0.0, "LTKSGI": 0.0, "NAMWS": null, "STATUS": null, "UKRSGI": 0.0, "WMAX": 0.0, "DBTMXS": 0.0, "NAMDAS": null, "SHAPE_Leng": 0.0019526288715510001 }, "geometry": { "type": "MultiLineString", "coordinates": [ [ [ 110.787688187000072, -7.155338226999959 ], [ 110.787262812000051, -7.155469288999939 ], [ 110.787054812000065, -7.155629913999974 ], [ 110.786397624000074, -7.15622953899998 ], [ 110.786306812000078, -7.156289476999973 ], [ 110.786063124000066, -7.156253851999963 ] ] ] } },
{ "type": "Feature", "properties": { "fid": 207, "NAMOBJ": null, "FCODE": null, "REMARK": "Alur Sungai", "METADATA": null, "SRS_ID": null, "ADATGL": 0.0, "DMAX": 0.0, "FNGAIR": 0.0, "JNSSNG": 0.0, "KLSSNG": 0.0, "LTKSGI": 0.0, "NAMWS": null, "STATUS": null, "UKRSGI": 0.0, "WMAX": 0.0, "DBTMXS": 0.0, "NAMDAS": null, "SHAPE_Leng": 0.015215649812429 }, "geometry": { "type": "MultiLineString", "coordinates": [ [ [ 110.784138562000066, -7.150822726999934 ], [ 110.784207937000076, -7.15074403899996 ], [ 110.784640874000047, -7.150313663999952 ], [ 110.784946749000085, -7.149995226999977 ], [ 110.784987999000066, -7.149838788999944 ], [ 110.785004874000037, -7.14960797699996 ], [ 110.78490187400007, -7.148757101999934 ], [ 110.784839999000042, -7.148490851999952 ], [ 110.784865187000037, -7.14836735199998 ], [ 110.784908874000052, -7.148121601999947 ] ], [ [ 110.784908874000052, -7.148121601999947 ], [ 110.784949812000036, -7.147687351999934 ] ], [ [ 110.784949812000036, -7.147687351999934 ], [ 110.784844499000087, -7.147167913999965 ], [ 110.784761437000043, -7.146689601999981 ], [ 110.784790999000052, -7.146441788999937 ] ], [ [ 110.784790999000052, -7.146441788999937 ], [ 110.784799124000074, -7.146425726999951 ], [ 110.784940937000044, -7.146164788999954 ], [ 110.785097687000075, -7.145875351999962 ], [ 110.785224437000068, -7.14564147699997 ], [ 110.785232749000045, -7.145603413999936 ], [ 110.785274562000041, -7.145501976999981 ] ], [ [ 110.785274562000041, -7.145501976999981 ], [ 110.785275123558307, -7.145501066225666 ] ] ] } },
{ "type": "Feature", "properties": { "fid": 208, "NAMOBJ": null, "FCODE": null, "REMARK": "Alur Sungai", "METADATA": null, "SRS_ID": null, "ADATGL": 0.0, "DMAX": 0.0, "FNGAIR": 0.0, "JNSSNG": 0.0, "KLSSNG": 0.0, "LTKSGI": 0.0, "NAMWS": null, "STATUS": null, "UKRSGI": 0.0, "WMAX": 0.0, "DBTMXS": 0.0, "NAMDAS": null, "SHAPE_Leng": 0.007260630100036 }, "geometry": { "type": "MultiLineString", "coordinates": [ [ [ 110.777853624000045, -7.145981351999978 ], [ 110.777863624000076, -7.146035788999939 ], [ 110.778002499000081, -7.146646476999933 ], [ 110.778160312000068, -7.147324351999941 ], [ 110.778104499000051, -7.147614226999963 ], [ 110.777838437000071, -7.147972851999953 ], [ 110.777492187000064, -7.148373663999962 ] ], [ [ 110.777492187000064, -7.148373663999962 ], [ 110.777446749000035, -7.148606226999959 ], [ 110.777388187000042, -7.148960913999929 ], [ 110.777299687000038, -7.14920322699993 ], [ 110.777057374000037, -7.149470538999935 ], [ 110.776773749000085, -7.149782101999961 ], [ 110.776680687000066, -7.150009788999967 ], [ 110.776487499000041, -7.150702413999966 ], [ 110.776163937000035, -7.151240601999973 ], [ 110.775873562000072, -7.151627226999949 ], [ 110.775693312000044, -7.151790413999947 ], [ 110.775528062000035, -7.152005788999929 ], [ 110.775551874000087, -7.15238897699993 ] ] ] } },
{ "type": "Feature", "properties": { "fid": 209, "NAMOBJ": null, "FCODE": null, "REMARK": "Alur Sungai", "METADATA": null, "SRS_ID": null, "ADATGL": 0.0, "DMAX": 0.0, "FNGAIR": 0.0, "JNSSNG": 0.0, "KLSSNG": 0.0, "LTKSGI": 0.0, "NAMWS": null, "STATUS": null, "UKRSGI": 0.0, "WMAX": 0.0, "DBTMXS": 0.0, "NAMDAS": null, "SHAPE_Leng": 0.003302192560545 }, "geometry": { "type": "MultiLineString", "coordinates": [ [ [ 110.779024249000088, -7.156868476999932 ], [ 110.778968312000075, -7.156886226999973 ], [ 110.778735999000048, -7.156921163999925 ], [ 110.778437874000076, -7.15688841399998 ], [ 110.778255624000053, -7.156811038999933 ], [ 110.777871062000088, -7.156664788999933 ], [ 110.777546937000068, -7.156587976999958 ], [ 110.777310687000067, -7.156589976999953 ], [ 110.77689812400007, -7.15661253899998 ], [ 110.776758374000053, -7.156577226999957 ], [ 110.776708062000068, -7.156564476999961 ], [ 110.776218312000083, -7.15629241399995 ], [ 110.776088624000067, -7.156322476999947 ], [ 110.775965437000082, -7.156513476999976 ] ] ] } },
{ "type": "Feature", "properties": { "fid": 210, "NAMOBJ": null, "FCODE": null, "REMARK": "Alur Sungai", "METADATA": null, "SRS_ID": null, "ADATGL": 0.0, "DMAX": 0.0, "FNGAIR": 0.0, "JNSSNG": 0.0, "KLSSNG": 0.0, "LTKSGI": 0.0, "NAMWS": null, "STATUS": null, "UKRSGI": 0.0, "WMAX": 0.0, "DBTMXS": 0.0, "NAMDAS": null, "SHAPE_Leng": 0.00092015648241799996 }, "geometry": { "type": "MultiLineString", "coordinates": [ [ [ 110.786714999000083, -7.150372101999949 ], [ 110.786745624000048, -7.150328351999974 ], [ 110.786844312000085, -7.150091538999959 ], [ 110.786940374000039, -7.149710351999943 ], [ 110.787005999000087, -7.14950341399998 ] ] ] } },
{ "type": "Feature", "properties": { "fid": 211, "NAMOBJ": null, "FCODE": null, "REMARK": "Alur Sungai", "METADATA": null, "SRS_ID": null, "ADATGL": 0.0, "DMAX": 0.0, "FNGAIR": 0.0, "JNSSNG": 0.0, "KLSSNG": 0.0, "LTKSGI": 0.0, "NAMWS": null, "STATUS": null, "UKRSGI": 0.0, "WMAX": 0.0, "DBTMXS": 0.0, "NAMDAS": null, "SHAPE_Leng": 0.0044043908872600001 }, "geometry": { "type": "MultiLineString", "coordinates": [ [ [ 110.774685124000086, -7.148721351999939 ], [ 110.774636999000052, -7.148740601999975 ], [ 110.774472499000069, -7.148848538999971 ], [ 110.774241999000083, -7.149085476999971 ], [ 110.774103749000062, -7.149350913999967 ], [ 110.773885999000072, -7.149893976999977 ], [ 110.773723499000084, -7.150186851999933 ], [ 110.773603187000049, -7.15030622699993 ], [ 110.773456749000047, -7.150467288999948 ], [ 110.772932562000051, -7.151187038999979 ], [ 110.772768874000064, -7.151737476999926 ], [ 110.772777562000044, -7.151954726999975 ], [ 110.772752624000077, -7.152170601999956 ], [ 110.77258968700005, -7.152445288999957 ] ] ] } },
{ "type": "Feature", "properties": { "fid": 212, "NAMOBJ": null, "FCODE": null, "REMARK": "Alur Sungai", "METADATA": null, "SRS_ID": null, "ADATGL": 0.0, "DMAX": 0.0, "FNGAIR": 0.0, "JNSSNG": 0.0, "KLSSNG": 0.0, "LTKSGI": 0.0, "NAMWS": null, "STATUS": null, "UKRSGI": 0.0, "WMAX": 0.0, "DBTMXS": 0.0, "NAMDAS": null, "SHAPE_Leng": 0.0011013175021470001 }, "geometry": { "type": "MultiLineString", "coordinates": [ [ [ 110.783746187000077, -7.146750976999954 ], [ 110.783834187000082, -7.146754476999945 ], [ 110.784051749000071, -7.146728226999926 ], [ 110.784313874000077, -7.146603163999941 ], [ 110.784530249000056, -7.146529726999972 ], [ 110.784790999000052, -7.146441788999937 ] ] ] } },
{ "type": "Feature", "properties": { "fid": 213, "NAMOBJ": null, "FCODE": null, "REMARK": "Alur Sungai", "METADATA": null, "SRS_ID": null, "ADATGL": 0.0, "DMAX": 0.0, "FNGAIR": 0.0, "JNSSNG": 0.0, "KLSSNG": 0.0, "LTKSGI": 0.0, "NAMWS": null, "STATUS": null, "UKRSGI": 0.0, "WMAX": 0.0, "DBTMXS": 0.0, "NAMDAS": null, "SHAPE_Leng": 0.0063456535764230002 }, "geometry": { "type": "MultiLineString", "coordinates": [ [ [ 110.783089562000043, -7.144697851999979 ], [ 110.783106812000085, -7.144720413999949 ], [ 110.78328343700008, -7.144888163999951 ], [ 110.783369999000058, -7.144875413999955 ], [ 110.783570312000052, -7.144835788999956 ] ], [ [ 110.781623999000033, -7.145090413999981 ], [ 110.781790999000066, -7.145026788999928 ], [ 110.782377312000051, -7.14479135199997 ], [ 110.782881124000085, -7.144752351999955 ], [ 110.783089562000043, -7.144697851999979 ] ], [ [ 110.783570312000052, -7.144835788999956 ], [ 110.783711999000047, -7.144840226999975 ], [ 110.783930187000067, -7.144889976999934 ], [ 110.784461874000044, -7.145099101999961 ], [ 110.784896687000071, -7.145334601999934 ], [ 110.785274562000041, -7.145501976999981 ] ], [ [ 110.779997249000075, -7.146733413999925 ], [ 110.780285562000074, -7.146628788999976 ], [ 110.780475999000089, -7.146505101999935 ], [ 110.780878562000055, -7.146168788999944 ], [ 110.780985312000041, -7.145994663999943 ], [ 110.781257499000048, -7.145376476999957 ], [ 110.781385374000081, -7.145243601999937 ], [ 110.781623999000033, -7.145090413999981 ] ] ] } },
{ "type": "Feature", "properties": { "fid": 214, "NAMOBJ": null, "FCODE": null, "REMARK": "Alur Sungai", "METADATA": null, "SRS_ID": null, "ADATGL": 0.0, "DMAX": 0.0, "FNGAIR": 0.0, "JNSSNG": 0.0, "KLSSNG": 0.0, "LTKSGI": 0.0, "NAMWS": null, "STATUS": null, "UKRSGI": 0.0, "WMAX": 0.0, "DBTMXS": 0.0, "NAMDAS": null, "SHAPE_Leng": 0.0012842765887520001 }, "geometry": { "type": "MultiLineString", "coordinates": [ [ [ 110.785903562000044, -7.148437163999972 ], [ 110.78587318700005, -7.148385288999975 ], [ 110.785679999000081, -7.148124163999967 ], [ 110.785416062000081, -7.147857476999945 ], [ 110.785157437000066, -7.147675601999936 ], [ 110.784949812000036, -7.147687351999934 ] ] ] } },
{ "type": "Feature", "properties": { "fid": 215, "NAMOBJ": null, "FCODE": null, "REMARK": "Alur Sungai", "METADATA": null, "SRS_ID": null, "ADATGL": 0.0, "DMAX": 0.0, "FNGAIR": 0.0, "JNSSNG": 0.0, "KLSSNG": 0.0, "LTKSGI": 0.0, "NAMWS": null, "STATUS": null, "UKRSGI": 0.0, "WMAX": 0.0, "DBTMXS": 0.0, "NAMDAS": null, "SHAPE_Leng": 0.011947860168246 }, "geometry": { "type": "MultiLineString", "coordinates": [ [ [ 110.784282874000041, -7.156250851999971 ], [ 110.784337937000089, -7.156285851999939 ], [ 110.784416874000044, -7.156413538999971 ], [ 110.784536124000056, -7.156745601999944 ], [ 110.784607187000063, -7.157321476999925 ], [ 110.784569249000072, -7.157495538999967 ], [ 110.784350937000056, -7.157926913999972 ], [ 110.784145999000089, -7.158160351999925 ], [ 110.78386849900005, -7.158478351999975 ], [ 110.783801374000063, -7.158673288999978 ], [ 110.783717437000064, -7.158833976999972 ], [ 110.783513062000054, -7.15904403899998 ], [ 110.783346687000062, -7.159218538999937 ], [ 110.783308499000043, -7.159299351999948 ] ], [ [ 110.783308499000043, -7.159299351999948 ], [ 110.783290624000074, -7.159449601999938 ], [ 110.78332662400004, -7.159632851999959 ], [ 110.783402687000034, -7.159751726999957 ] ], [ [ 110.783402687000034, -7.159751726999957 ], [ 110.783558562000053, -7.159859788999938 ], [ 110.78387249900004, -7.16002728899997 ], [ 110.784102812000071, -7.16019347699995 ], [ 110.78423693700006, -7.160358663999943 ], [ 110.784291374000077, -7.160521476999975 ], [ 110.784283937000055, -7.160734726999976 ], [ 110.784275062000063, -7.160779601999934 ], [ 110.784247187000062, -7.161234413999978 ], [ 110.78433418700007, -7.161383726999929 ], [ 110.784424562000083, -7.161464163999938 ], [ 110.784478749000073, -7.161484726999959 ], [ 110.784725937000076, -7.161602726999945 ], [ 110.784813124000038, -7.161723351999967 ], [ 110.784824187000083, -7.161872288999973 ], [ 110.784739999000067, -7.162370288999966 ], [ 110.784788562000074, -7.162453476999929 ], [ 110.784871062000036, -7.162697976999937 ], [ 110.784859499000049, -7.16300935199996 ], [ 110.784881874000064, -7.163148351999951 ], [ 110.784959187000084, -7.163143351999963 ], [ 110.785207937000052, -7.163033913999925 ], [ 110.785395312000048, -7.162864101999958 ], [ 110.785508062000076, -7.162802976999956 ], [ 110.785606124000083, -7.162739226999975 ], [ 110.785637999000073, -7.162707663999981 ], [ 110.785753749000037, -7.162535913999932 ], [ 110.785854562000054, -7.162459663999925 ], [ 110.785976812000058, -7.162453976999927 ], [ 110.786154499000077, -7.16249797699993 ] ], [ [ 110.786154499000077, -7.16249797699993 ], [ 110.786820437000074, -7.162633851999942 ], [ 110.787080687000071, -7.162690226999928 ], [ 110.787376812000048, -7.162801601999945 ], [ 110.787851624000041, -7.162991413999976 ] ], [ [ 110.787851624000041, -7.162991413999976 ], [ 110.787878874000057, -7.163013101999979 ], [ 110.787953111437261, -7.163038610899093 ] ] ] } },
{ "type": "Feature", "properties": { "fid": 216, "NAMOBJ": null, "FCODE": null, "REMARK": "Alur Sungai", "METADATA": null, "SRS_ID": null, "ADATGL": 0.0, "DMAX": 0.0, "FNGAIR": 0.0, "JNSSNG": 0.0, "KLSSNG": 0.0, "LTKSGI": 0.0, "NAMWS": null, "STATUS": null, "UKRSGI": 0.0, "WMAX": 0.0, "DBTMXS": 0.0, "NAMDAS": null, "SHAPE_Leng": 0.0012348846584170001 }, "geometry": { "type": "MultiLineString", "coordinates": [ [ [ 110.786300437000079, -7.147978788999978 ], [ 110.786321624000038, -7.14791685199998 ], [ 110.786413999000047, -7.147774788999925 ], [ 110.786664312000084, -7.147537788999955 ], [ 110.786804812000071, -7.147410351999952 ], [ 110.787080437000043, -7.147140788999934 ], [ 110.787131062000071, -7.147202788999948 ] ] ] } },
{ "type": "Feature", "properties": { "fid": 217, "NAMOBJ": null, "FCODE": null, "REMARK": "Alur Sungai", "METADATA": null, "SRS_ID": null, "ADATGL": 0.0, "DMAX": 0.0, "FNGAIR": 0.0, "JNSSNG": 0.0, "KLSSNG": 0.0, "LTKSGI": 0.0, "NAMWS": null, "STATUS": null, "UKRSGI": 0.0, "WMAX": 0.0, "DBTMXS": 0.0, "NAMDAS": null, "SHAPE_Leng": 0.001655492462611 }, "geometry": { "type": "MultiLineString", "coordinates": [ [ [ 110.781537312000069, -7.149853663999977 ], [ 110.781499499000063, -7.149849601999961 ], [ 110.780778999000063, -7.149734038999952 ], [ 110.780183687000033, -7.149550163999947 ], [ 110.779934812000079, -7.149460038999962 ] ] ] } },
{ "type": "Feature", "properties": { "fid": 218, "NAMOBJ": null, "FCODE": null, "REMARK": "Alur Sungai", "METADATA": null, "SRS_ID": null, "ADATGL": 0.0, "DMAX": 0.0, "FNGAIR": 0.0, "JNSSNG": 0.0, "KLSSNG": 0.0, "LTKSGI": 0.0, "NAMWS": null, "STATUS": null, "UKRSGI": 0.0, "WMAX": 0.0, "DBTMXS": 0.0, "NAMDAS": null, "SHAPE_Leng": 0.0040664529543739999 }, "geometry": { "type": "MultiLineString", "coordinates": [ [ [ 110.787131062000071, -7.147202788999948 ], [ 110.787084562000075, -7.146919413999967 ], [ 110.78707137400005, -7.146751351999967 ], [ 110.787061312000048, -7.146622413999978 ], [ 110.78701525189139, -7.14642680141452 ] ], [ [ 110.787316687000043, -7.147596163999935 ], [ 110.787237562000087, -7.147441976999971 ], [ 110.787169999000071, -7.147321601999977 ], [ 110.787131062000071, -7.147202788999948 ] ], [ [ 110.786875937000048, -7.148445101999926 ], [ 110.786913687000037, -7.14841453899993 ], [ 110.787068999000041, -7.148242663999952 ], [ 110.787220624000042, -7.148009101999946 ], [ 110.787324812000065, -7.147773351999945 ], [ 110.787316687000043, -7.147596163999935 ] ] ] } },
{ "type": "Feature", "properties": { "fid": 219, "NAMOBJ": null, "FCODE": null, "REMARK": "Alur Sungai", "METADATA": null, "SRS_ID": null, "ADATGL": 0.0, "DMAX": 0.0, "FNGAIR": 0.0, "JNSSNG": 0.0, "KLSSNG": 0.0, "LTKSGI": 0.0, "NAMWS": null, "STATUS": null, "UKRSGI": 0.0, "WMAX": 0.0, "DBTMXS": 0.0, "NAMDAS": null, "SHAPE_Leng": 0.003147487959432 }, "geometry": { "type": "MultiLineString", "coordinates": [ [ [ 110.784388999000043, -7.147912976999976 ], [ 110.784750812000084, -7.147977038999954 ], [ 110.784908874000052, -7.148121601999947 ] ], [ [ 110.783611312000062, -7.148343851999925 ], [ 110.783756249000078, -7.148292351999942 ], [ 110.783862687000067, -7.148221476999936 ], [ 110.784234062000053, -7.147912976999976 ], [ 110.784388999000043, -7.147912976999976 ] ], [ [ 110.781979999000043, -7.148525413999948 ], [ 110.782401437000033, -7.148421538999969 ], [ 110.782780249000041, -7.148398913999927 ], [ 110.783611312000062, -7.148343851999925 ] ] ] } },
{ "type": "Feature", "properties": { "fid": 220, "NAMOBJ": null, "FCODE": null, "REMARK": "Alur Sungai", "METADATA": null, "SRS_ID": null, "ADATGL": 0.0, "DMAX": 0.0, "FNGAIR": 0.0, "JNSSNG": 0.0, "KLSSNG": 0.0, "LTKSGI": 0.0, "NAMWS": null, "STATUS": null, "UKRSGI": 0.0, "WMAX": 0.0, "DBTMXS": 0.0, "NAMDAS": null, "SHAPE_Leng": 0.001412570739627 }, "geometry": { "type": "MultiLineString", "coordinates": [ [ [ 110.783152499000039, -7.147312351999972 ], [ 110.783212062000075, -7.147318976999941 ], [ 110.783466312000087, -7.147400976999961 ], [ 110.784021062000079, -7.147584663999965 ], [ 110.784181874000069, -7.147679976999939 ], [ 110.784356624000054, -7.147852351999973 ], [ 110.784388999000043, -7.147912976999976 ] ] ] } },
{ "type": "Feature", "properties": { "fid": 221, "NAMOBJ": null, "FCODE": null, "REMARK": "Alur Sungai", "METADATA": null, "SRS_ID": null, "ADATGL": 0.0, "DMAX": 0.0, "FNGAIR": 0.0, "JNSSNG": 0.0, "KLSSNG": 0.0, "LTKSGI": 0.0, "NAMWS": null, "STATUS": null, "UKRSGI": 0.0, "WMAX": 0.0, "DBTMXS": 0.0, "NAMDAS": null, "SHAPE_Leng": 0.002859730291361 }, "geometry": { "type": "MultiLineString", "coordinates": [ [ [ 110.780113312000083, -7.155443726999977 ], [ 110.780094187000088, -7.155350538999926 ], [ 110.780109562000064, -7.155254413999955 ], [ 110.780321874000037, -7.154817288999936 ], [ 110.780425937000075, -7.154513601999952 ], [ 110.780447249000076, -7.154131476999964 ], [ 110.780484624000053, -7.153892601999928 ], [ 110.780495874000053, -7.153660038999931 ], [ 110.780437562000088, -7.153459476999956 ], [ 110.780417749000037, -7.153439476999949 ], [ 110.780320937000056, -7.153365788999963 ], [ 110.780168312000058, -7.153259851999962 ], [ 110.780027812000071, -7.153109788999927 ], [ 110.77996224900005, -7.152865538999947 ] ] ] } },
{ "type": "Feature", "properties": { "fid": 222, "NAMOBJ": null, "FCODE": null, "REMARK": "Alur Sungai", "METADATA": null, "SRS_ID": null, "ADATGL": 0.0, "DMAX": 0.0, "FNGAIR": 0.0, "JNSSNG": 0.0, "KLSSNG": 0.0, "LTKSGI": 0.0, "NAMWS": null, "STATUS": null, "UKRSGI": 0.0, "WMAX": 0.0, "DBTMXS": 0.0, "NAMDAS": null, "SHAPE_Leng": 0.0069221304957259996 }, "geometry": { "type": "MultiLineString", "coordinates": [ [ [ 110.787005999000087, -7.14950341399998 ], [ 110.787472062000063, -7.149347476999935 ], [ 110.787622624000051, -7.149340038999981 ], [ 110.78817624900006, -7.149359101999949 ] ], [ [ 110.78817624900006, -7.149359101999949 ], [ 110.788318812000057, -7.149383476999958 ], [ 110.788506187000053, -7.149454038999977 ], [ 110.788543749000041, -7.149468226999943 ] ], [ [ 110.788543749000041, -7.149468226999943 ], [ 110.788790812000059, -7.149600351999936 ], [ 110.789037437000047, -7.149743351999973 ], [ 110.789350999000078, -7.149981663999938 ], [ 110.789685999000085, -7.150231476999977 ], [ 110.789927812000087, -7.150429288999931 ], [ 110.789931124000077, -7.150518351999949 ] ], [ [ 110.785051062000036, -7.152256726999951 ], [ 110.785094374000039, -7.152113413999928 ], [ 110.785130937000076, -7.15183441399995 ], [ 110.785184812000068, -7.151628163999931 ], [ 110.785355749000075, -7.151195538999957 ], [ 110.785427687000038, -7.150959163999971 ], [ 110.785435937000045, -7.150921601999926 ], [ 110.785506999000063, -7.15076185199996 ], [ 110.785923249000064, -7.150239726999928 ], [ 110.785992499000088, -7.150178351999955 ], [ 110.786602624000068, -7.149673101999952 ], [ 110.786643187000038, -7.149639476999937 ], [ 110.787005999000087, -7.14950341399998 ] ] ] } },
{ "type": "Feature", "properties": { "fid": 223, "NAMOBJ": null, "FCODE": null, "REMARK": "Alur Sungai", "METADATA": null, "SRS_ID": null, "ADATGL": 0.0, "DMAX": 0.0, "FNGAIR": 0.0, "JNSSNG": 0.0, "KLSSNG": 0.0, "LTKSGI": 0.0, "NAMWS": null, "STATUS": null, "UKRSGI": 0.0, "WMAX": 0.0, "DBTMXS": 0.0, "NAMDAS": null, "SHAPE_Leng": 0.001715072477502 }, "geometry": { "type": "MultiLineString", "coordinates": [ [ [ 110.783101062000071, -7.149912038999958 ], [ 110.78313462400007, -7.149860476999947 ], [ 110.78329281200007, -7.149542976999953 ], [ 110.78337743700007, -7.149356913999952 ], [ 110.783691374000057, -7.148683851999976 ], [ 110.783664499000054, -7.148480663999976 ], [ 110.783611312000062, -7.148343851999925 ] ] ] } },
{ "type": "Feature", "properties": { "fid": 224, "NAMOBJ": null, "FCODE": null, "REMARK": "Alur Sungai", "METADATA": null, "SRS_ID": null, "ADATGL": 0.0, "DMAX": 0.0, "FNGAIR": 0.0, "JNSSNG": 0.0, "KLSSNG": 0.0, "LTKSGI": 0.0, "NAMWS": null, "STATUS": null, "UKRSGI": 0.0, "WMAX": 0.0, "DBTMXS": 0.0, "NAMDAS": null, "SHAPE_Leng": 0.0029150518676719999 }, "geometry": { "type": "MultiLineString", "coordinates": [ [ [ 110.77254724900007, -7.15728803899998 ], [ 110.772627312000054, -7.15727235199995 ], [ 110.772829687000069, -7.15718166399995 ], [ 110.772976499000038, -7.157034913999951 ], [ 110.773084499000049, -7.156820038999967 ], [ 110.773145999000064, -7.156281913999976 ], [ 110.773181999000087, -7.156097976999945 ], [ 110.773521499000083, -7.155230163999931 ], [ 110.773737749000077, -7.154966663999971 ], [ 110.773873374000061, -7.154878351999969 ] ] ] } },
{ "type": "Feature", "properties": { "fid": 225, "NAMOBJ": null, "FCODE": null, "REMARK": "Alur Sungai", "METADATA": null, "SRS_ID": null, "ADATGL": 0.0, "DMAX": 0.0, "FNGAIR": 0.0, "JNSSNG": 0.0, "KLSSNG": 0.0, "LTKSGI": 0.0, "NAMWS": null, "STATUS": null, "UKRSGI": 0.0, "WMAX": 0.0, "DBTMXS": 0.0, "NAMDAS": null, "SHAPE_Leng": 0.0017076853772559999 }, "geometry": { "type": "MultiLineString", "coordinates": [ [ [ 110.776636437000036, -7.146903788999964 ], [ 110.77665787400008, -7.146969976999969 ], [ 110.776886624000042, -7.147474663999958 ], [ 110.777072187000044, -7.147760601999948 ], [ 110.777492187000064, -7.148373663999962 ] ] ] } },
{ "type": "Feature", "properties": { "fid": 226, "NAMOBJ": null, "FCODE": null, "REMARK": "Alur Sungai", "METADATA": null, "SRS_ID": null, "ADATGL": 0.0, "DMAX": 0.0, "FNGAIR": 0.0, "JNSSNG": 0.0, "KLSSNG": 0.0, "LTKSGI": 0.0, "NAMWS": null, "STATUS": null, "UKRSGI": 0.0, "WMAX": 0.0, "DBTMXS": 0.0, "NAMDAS": null, "SHAPE_Leng": 0.010641258756721001 }, "geometry": { "type": "MultiLineString", "coordinates": [ [ [ 110.785467124000036, -7.153167851999967 ], [ 110.78548549900006, -7.153221663999943 ], [ 110.785608687000035, -7.153689413999928 ], [ 110.785617562000084, -7.153895413999976 ], [ 110.785609749000059, -7.15438497699995 ] ], [ [ 110.785609749000059, -7.15438497699995 ], [ 110.785602124000036, -7.154464538999946 ], [ 110.785626062000063, -7.154734538999946 ], [ 110.785632562000046, -7.155089288999932 ] ], [ [ 110.785632562000046, -7.155089288999932 ], [ 110.785613624000064, -7.155180663999943 ], [ 110.785611999000082, -7.155374976999951 ], [ 110.785687499000062, -7.15552616399998 ], [ 110.785896937000075, -7.155844976999958 ], [ 110.785929999000075, -7.155929601999958 ], [ 110.786049749000085, -7.156220101999963 ], [ 110.786063124000066, -7.156253851999963 ] ], [ [ 110.786063124000066, -7.156253851999963 ], [ 110.786198687000081, -7.156691913999964 ], [ 110.786242249000054, -7.15703822699993 ], [ 110.78631781200005, -7.157345163999935 ], [ 110.78632037400007, -7.15735297699996 ], [ 110.786286999000083, -7.157390913999961 ] ], [ [ 110.786286999000083, -7.157390913999961 ], [ 110.786125499000036, -7.15753297699996 ], [ 110.786067562000085, -7.157710351999981 ], [ 110.786121187000049, -7.157843351999929 ], [ 110.786348249000071, -7.158297038999933 ], [ 110.786403874000086, -7.158456413999943 ], [ 110.786483437000072, -7.158841476999953 ], [ 110.786559999000076, -7.158940976999929 ], [ 110.786845499000037, -7.159210351999945 ], [ 110.786915749000059, -7.159295288999942 ], [ 110.787054437000052, -7.159485351999933 ], [ 110.787210062000042, -7.159683288999929 ], [ 110.787256249000052, -7.159734288999971 ], [ 110.787424562000069, -7.159978476999981 ], [ 110.787558937000085, -7.160336976999929 ], [ 110.787559874000067, -7.160358913999971 ], [ 110.787531562000083, -7.160526163999975 ], [ 110.787433374000045, -7.160787851999942 ], [ 110.787430062000055, -7.160994851999931 ], [ 110.787482562000037, -7.161168851999946 ], [ 110.787593187000084, -7.161317788999952 ], [ 110.787668374000077, -7.161417226999959 ], [ 110.787680062000049, -7.161437288999934 ], [ 110.787710062000087, -7.161560476999966 ], [ 110.787743937000073, -7.162141038999948 ], [ 110.787757999000064, -7.162336851999953 ], [ 110.787851624000041, -7.162991413999976 ] ] ] } },
{ "type": "Feature", "properties": { "fid": 227, "NAMOBJ": null, "FCODE": null, "REMARK": "Alur Sungai", "METADATA": null, "SRS_ID": null, "ADATGL": 0.0, "DMAX": 0.0, "FNGAIR": 0.0, "JNSSNG": 0.0, "KLSSNG": 0.0, "LTKSGI": 0.0, "NAMWS": null, "STATUS": null, "UKRSGI": 0.0, "WMAX": 0.0, "DBTMXS": 0.0, "NAMDAS": null, "SHAPE_Leng": 0.0039774799234039999 }, "geometry": { "type": "MultiLineString", "coordinates": [ [ [ 110.782036749000042, -7.15639835199994 ], [ 110.782054312000071, -7.156452351999974 ], [ 110.782113687000049, -7.156733413999973 ], [ 110.782078937000051, -7.156924726999932 ], [ 110.781948562000082, -7.15715185199997 ], [ 110.781553812000084, -7.157727851999937 ], [ 110.781571374000066, -7.157897038999977 ], [ 110.781688187000043, -7.158147726999971 ], [ 110.78185906200008, -7.158369351999966 ], [ 110.782259374000034, -7.158730288999948 ], [ 110.782709499000077, -7.159063538999931 ] ], [ [ 110.782709499000077, -7.159063538999931 ], [ 110.783000749000053, -7.159144726999955 ], [ 110.783243374000051, -7.159295476999944 ], [ 110.783308499000043, -7.159299351999948 ] ] ] } },
{ "type": "Feature", "properties": { "fid": 228, "NAMOBJ": null, "FCODE": null, "REMARK": "Alur Sungai", "METADATA": null, "SRS_ID": null, "ADATGL": 0.0, "DMAX": 0.0, "FNGAIR": 0.0, "JNSSNG": 0.0, "KLSSNG": 0.0, "LTKSGI": 0.0, "NAMWS": null, "STATUS": null, "UKRSGI": 0.0, "WMAX": 0.0, "DBTMXS": 0.0, "NAMDAS": null, "SHAPE_Leng": 0.002499190079869 }, "geometry": { "type": "MultiLineString", "coordinates": [ [ [ 110.782070249000071, -7.146729351999966 ], [ 110.782120124000073, -7.146723601999952 ], [ 110.782272937000073, -7.146657663999974 ], [ 110.782567687000039, -7.146448101999965 ], [ 110.782830062000073, -7.146151663999945 ], [ 110.782990124000037, -7.145866413999954 ], [ 110.783170749000078, -7.145542163999949 ], [ 110.783397937000075, -7.145141038999952 ], [ 110.783479687000067, -7.144910601999925 ], [ 110.783537499000033, -7.144845538999959 ], [ 110.783570312000052, -7.144835788999956 ] ] ] } },
{ "type": "Feature", "properties": { "fid": 229, "NAMOBJ": null, "FCODE": null, "REMARK": "Alur Sungai", "METADATA": null, "SRS_ID": null, "ADATGL": 0.0, "DMAX": 0.0, "FNGAIR": 0.0, "JNSSNG": 0.0, "KLSSNG": 0.0, "LTKSGI": 0.0, "NAMWS": null, "STATUS": null, "UKRSGI": 0.0, "WMAX": 0.0, "DBTMXS": 0.0, "NAMDAS": null, "SHAPE_Leng": 0.001268793104722 }, "geometry": { "type": "MultiLineString", "coordinates": [ [ [ 110.786884624000038, -7.154897413999947 ], [ 110.786726749000081, -7.154910351999945 ], [ 110.786046999000064, -7.15499366399996 ], [ 110.785663874000079, -7.155085788999941 ], [ 110.785632562000046, -7.155089288999932 ] ] ] } },
{ "type": "Feature", "properties": { "fid": 230, "NAMOBJ": null, "FCODE": null, "REMARK": "Alur Sungai", "METADATA": null, "SRS_ID": null, "ADATGL": 0.0, "DMAX": 0.0, "FNGAIR": 0.0, "JNSSNG": 0.0, "KLSSNG": 0.0, "LTKSGI": 0.0, "NAMWS": null, "STATUS": null, "UKRSGI": 0.0, "WMAX": 0.0, "DBTMXS": 0.0, "NAMDAS": null, "SHAPE_Leng": 0.0017786261682929999 }, "geometry": { "type": "MultiLineString", "coordinates": [ [ [ 110.777261624000062, -7.153765351999937 ], [ 110.777249999000048, -7.153720226999951 ], [ 110.777156562000073, -7.153501913999946 ], [ 110.776863687000059, -7.152977663999934 ], [ 110.776706562000072, -7.152553851999926 ], [ 110.776593249000086, -7.152358163999963 ], [ 110.776457999000058, -7.152189851999935 ] ] ] } },
{ "type": "Feature", "properties": { "fid": 231, "NAMOBJ": null, "FCODE": null, "REMARK": "Alur Sungai", "METADATA": null, "SRS_ID": null, "ADATGL": 0.0, "DMAX": 0.0, "FNGAIR": 0.0, "JNSSNG": 0.0, "KLSSNG": 0.0, "LTKSGI": 0.0, "NAMWS": null, "STATUS": null, "UKRSGI": 0.0, "WMAX": 0.0, "DBTMXS": 0.0, "NAMDAS": null, "SHAPE_Leng": 0.0012271716332049999 }, "geometry": { "type": "MultiLineString", "coordinates": [ [ [ 110.784654437000086, -7.153654163999931 ], [ 110.784729937000066, -7.15370872699998 ], [ 110.785063624000088, -7.153929038999934 ], [ 110.785504624000055, -7.154192663999936 ], [ 110.785580374000062, -7.154308038999943 ], [ 110.785609749000059, -7.15438497699995 ] ] ] } },
{ "type": "Feature", "properties": { "fid": 232, "NAMOBJ": null, "FCODE": null, "REMARK": "Alur Sungai", "METADATA": null, "SRS_ID": null, "ADATGL": 0.0, "DMAX": 0.0, "FNGAIR": 0.0, "JNSSNG": 0.0, "KLSSNG": 0.0, "LTKSGI": 0.0, "NAMWS": null, "STATUS": null, "UKRSGI": 0.0, "WMAX": 0.0, "DBTMXS": 0.0, "NAMDAS": null, "SHAPE_Leng": 0.0014093797189590001 }, "geometry": { "type": "MultiLineString", "coordinates": [ [ [ 110.779418624000073, -7.145864476999975 ], [ 110.779610124000044, -7.145785788999945 ], [ 110.779908687000045, -7.145601288999956 ], [ 110.780181437000067, -7.145328538999934 ], [ 110.780196124000042, -7.145304476999968 ], [ 110.780405874000053, -7.145076788999972 ], [ 110.780532812000047, -7.145061288999955 ] ] ] } },
{ "type": "Feature", "properties": { "fid": 233, "NAMOBJ": null, "FCODE": null, "REMARK": "Alur Sungai", "METADATA": null, "SRS_ID": null, "ADATGL": 0.0, "DMAX": 0.0, "FNGAIR": 0.0, "JNSSNG": 0.0, "KLSSNG": 0.0, "LTKSGI": 0.0, "NAMWS": null, "STATUS": null, "UKRSGI": 0.0, "WMAX": 0.0, "DBTMXS": 0.0, "NAMDAS": null, "SHAPE_Leng": 0.0047666169262479997 }, "geometry": { "type": "MultiLineString", "coordinates": [ [ [ 110.775274999000032, -7.159959476999973 ], [ 110.775266312000042, -7.159915288999969 ], [ 110.775152312000046, -7.15954447699994 ], [ 110.775083249000033, -7.159328663999929 ], [ 110.775035812000056, -7.159107976999962 ], [ 110.774943374000088, -7.158880351999926 ], [ 110.774464312000077, -7.158115226999939 ], [ 110.774477624000042, -7.15800735199997 ], [ 110.774583062000033, -7.157752726999945 ], [ 110.774621124000078, -7.157561913999928 ], [ 110.774684999000044, -7.157219476999956 ], [ 110.774650187000077, -7.157123351999928 ], [ 110.774616687000048, -7.156901163999976 ], [ 110.774540499000068, -7.155993163999938 ], [ 110.774536687000079, -7.15572285199994 ], [ 110.774499499000058, -7.155495413999972 ], [ 110.774444312000071, -7.155457788999968 ] ] ] } },
{ "type": "Feature", "properties": { "fid": 234, "NAMOBJ": null, "FCODE": null, "REMARK": "Alur Sungai", "METADATA": null, "SRS_ID": null, "ADATGL": 0.0, "DMAX": 0.0, "FNGAIR": 0.0, "JNSSNG": 0.0, "KLSSNG": 0.0, "LTKSGI": 0.0, "NAMWS": null, "STATUS": null, "UKRSGI": 0.0, "WMAX": 0.0, "DBTMXS": 0.0, "NAMDAS": null, "SHAPE_Leng": 0.0040680257244360002 }, "geometry": { "type": "MultiLineString", "coordinates": [ [ [ 110.779045499000063, -7.155222538999965 ], [ 110.778983124000035, -7.15519691399993 ], [ 110.778156874000047, -7.154908038999963 ], [ 110.777825437000047, -7.154922976999956 ], [ 110.77758043700004, -7.154984351999929 ], [ 110.77566224900005, -7.15564222699993 ], [ 110.77520118700005, -7.155867351999973 ] ] ] } },
{ "type": "Feature", "properties": { "fid": 235, "NAMOBJ": null, "FCODE": null, "REMARK": "Alur Sungai", "METADATA": null, "SRS_ID": null, "ADATGL": 0.0, "DMAX": 0.0, "FNGAIR": 0.0, "JNSSNG": 0.0, "KLSSNG": 0.0, "LTKSGI": 0.0, "NAMWS": null, "STATUS": null, "UKRSGI": 0.0, "WMAX": 0.0, "DBTMXS": 0.0, "NAMDAS": null, "SHAPE_Leng": 0.0014794781554150001 }, "geometry": { "type": "MultiLineString", "coordinates": [ [ [ 110.782762312000045, -7.155446538999968 ], [ 110.782689124000058, -7.155385601999967 ], [ 110.78260937400006, -7.155262538999978 ], [ 110.782230062000053, -7.154378663999978 ], [ 110.782073562000051, -7.154151601999956 ] ] ] } }
]
}
